   0.0000000    0.3101384
   0.0001000    0.2719064
   0.0002000    0.2631044
   0.0003000    0.2891986
   0.0004000    0.2752082
   0.0005000    0.3611510
   0.0006000    0.3361642
   0.0007000    0.3761355
   0.0008000    0.3750471
   0.0009000    0.3131669
   0.0010000    0.3475013
   0.0011000    0.4777167
   0.0012000    0.3613094
   0.0013000    0.3687274
   0.0014000    0.3446321
   0.0015000    0.3977891
   0.0016000    0.3269450
   0.0017000    0.3095964
   0.0018000    0.2897891
   0.0019000    0.2427305
   0.0020000    0.2632949
   0.0021000    0.3424365
   0.0022000    0.2848862
   0.0023000    0.3189246
   0.0024000    0.2908669
   0.0025000    0.3775950
   0.0026000    0.3393634
   0.0027000    0.3520707
   0.0028000    0.3429582
   0.0029000    0.4034711
   0.0030000    0.3724100
   0.0031000    0.4094813
   0.0032000    0.3803192
   0.0033000    0.3968123
   0.0034000    0.3002983
   0.0035000    0.3162109
   0.0036000    0.2649045
   0.0037000    0.2813693
   0.0038000    0.2803306
   0.0039000    0.2446213
   0.0040000    0.3063453
   0.0041000    0.2839181
   0.0042000    0.3009391
   0.0043000    0.3022951
   0.0044000    0.3934841
   0.0045000    0.3834949
   0.0046000    0.3172695
   0.0047000    0.2966863
   0.0048000    0.2750465
   0.0049000    0.4338527
   0.0050000    0.3673880
   0.0051000    0.3378017
   0.0052000    0.3461974
   0.0053000    0.2624990
   0.0054000    0.2600445
   0.0055000    0.2831958
   0.0056000    0.3826495
   0.0057000    0.3555233
   0.0058000    0.3393753
   0.0059000    0.2803960
   0.0060000    0.2793977
   0.0061000    0.3643509
   0.0062000    0.4079449
   0.0063000    0.3678913
   0.0064000    0.3566323
   0.0065000    0.4291801
   0.0066000    0.5001844
   0.0067000    0.4489260
   0.0068000    0.5160679
   0.0069000    0.4305208
   0.0070000    0.4008930
   0.0071000    0.3953557
   0.0072000    0.4768457
   0.0073000    0.4478981
   0.0074000    0.5499570
   0.0075000    0.5500398
   0.0076000    0.4978305
   0.0077000    0.4720532
   0.0078000    0.4109569
   0.0079000    0.5036889
   0.0080000    0.4561357
   0.0081000    0.4317533
   0.0082000    0.4249098
   0.0083000    0.6059607
   0.0084000    0.4443455
   0.0085000    0.4179495
   0.0086000    0.4172395
   0.0087000    0.4167091
   0.0088000    0.4323631
   0.0089000    0.4612658
   0.0090000    0.4656490
   0.0091000    0.4695311
   0.0092000    0.4370677
   0.0093000    0.4302142
   0.0094000    0.4387878
   0.0095000    0.4305713
   0.0096000    0.4390301
   0.0097000    0.4094622
   0.0098000    0.4395449
   0.0099000    0.4340323
   0.0100000    0.4393432
   0.0101000    0.4633395
   0.0102000    0.4470754
   0.0103000    0.3911085
   0.0104000    0.3882471
   0.0105000    0.3954223
   0.0106000    0.4782391
   0.0107000    0.4501225
   0.0108000    0.4265725
   0.0109000    0.4775664
   0.0110000    0.4807629
   0.0111000    0.4688310
   0.0112000    0.4344217
   0.0113000    0.3886004
   0.0114000    0.4727346
   0.0115000    0.5288900
   0.0116000    0.4343719
   0.0117000    0.4031231
   0.0118000    0.3822004
   0.0119000    0.3209338
   0.0120000    0.2988527
   0.0121000    0.3036901
   0.0122000    0.3337816
   0.0123000    0.2869765
   0.0124000    0.2821491
   0.0125000    0.2983413
   0.0126000    0.3453193
   0.0127000    0.3324557
   0.0128000    0.3240701
   0.0129000    0.3193100
   0.0130000    0.3431377
   0.0131000    0.3255509
   0.0132000    0.3537365
   0.0133000    0.3459421
   0.0134000    0.3969226
   0.0135000    0.3304076
   0.0136000    0.3267013
   0.0137000    0.3249073
   0.0138000    0.2785786
   0.0139000    0.3060135
   0.0140000    0.3225301
   0.0141000    0.2738100
   0.0142000    0.2771085
   0.0143000    0.2810802
   0.0144000    0.2977098
   0.0145000    0.2733526
   0.0146000    0.2741288
   0.0147000    0.3198256
   0.0148000    0.2945120
   0.0149000    0.3174416
   0.0150000    0.3026556
   0.0151000    0.3435002
   0.0152000    0.3721405
   0.0153000    0.4342795
   0.0154000    0.4203877
   0.0155000    0.4244948
   0.0156000    0.3868492
   0.0157000    0.3970901
   0.0158000    0.3278018
   0.0159000    0.4016685
   0.0160000    0.3996149
   0.0161000    0.3651372
   0.0162000    0.3785218
   0.0163000    0.3571237
   0.0164000    0.3833710
   0.0165000    0.3844559
   0.0166000    0.3589595
   0.0167000    0.2839908
   0.0168000    0.3196489
   0.0169000    0.3627543
   0.0170000    0.3325138
   0.0171000    0.3500595
   0.0172000    0.3395574
   0.0173000    0.3953185
   0.0174000    0.3513176
   0.0175000    0.3082640
   0.0176000    0.3144482
   0.0177000    0.3271439
   0.0178000    0.3376731
   0.0179000    0.3391766
   0.0180000    0.3439570
   0.0181000    0.3326989
   0.0182000    0.3208765
   0.0183000    0.3206664
   0.0184000    0.3505549
   0.0185000    0.3400581
   0.0186000    0.3651466
   0.0187000    0.3510689
   0.0188000    0.3441155
   0.0189000    0.3123405
   0.0190000    0.3285231
   0.0191000    0.3349775
   0.0192000    0.3689019
   0.0193000    0.3706741
   0.0194000    0.3333177
   0.0195000    0.3264657
   0.0196000    0.3668202
   0.0197000    0.3450176
   0.0198000    0.3294534
   0.0199000    0.3775902
   0.0200000    0.3430296
   0.0201000    0.3562308
   0.0202000    0.3489085
   0.0203000    0.3205723
   0.0204000    0.3435394
   0.0205000    0.3395194
   0.0206000    0.3897388
   0.0207000    0.4344886
   0.0208000    0.3417838
   0.0209000    0.3913318
   0.0210000    0.4506123
   0.0211000    0.3953016
   0.0212000    0.4340413
   0.0213000    0.4028738
   0.0214000    0.4666044
   0.0215000    0.4629070
   0.0216000    0.4520921
   0.0217000    0.4535819
   0.0218000    0.4708899
   0.0219000    0.4885485
   0.0220000    0.4059017
   0.0221000    0.4807933
   0.0222000    0.4482982
   0.0223000    0.4193301
   0.0224000    0.4010071
   0.0225000    0.4202974
   0.0226000    0.4187953
   0.0227000    0.4406610
   0.0228000    0.4363310
   0.0229000    0.3982584
   0.0230000    0.4176027
   0.0231000    0.4403580
   0.0232000    0.4622473
   0.0233000    0.4086442
   0.0234000    0.4197460
   0.0235000    0.4335368
   0.0236000    0.4262820
   0.0237000    0.3972232
   0.0238000    0.3976662
   0.0239000    0.4626615
   0.0240000    0.4344166
   0.0241000    0.4106378
   0.0242000    0.3831153
   0.0243000    0.4028946
   0.0244000    0.4127239
   0.0245000    0.4256651
   0.0246000    0.4070334
   0.0247000    0.4195516
   0.0248000    0.3585860
   0.0249000    0.4095069
   0.0250000    0.4004645
   0.0251000    0.4324815
   0.0252000    0.3499967
   0.0253000    0.4086733
   0.0254000    0.4644310
   0.0255000    0.3984955
   0.0256000    0.3922882
   0.0257000    0.4294922
   0.0258000    0.3630928
   0.0259000    0.3694370
   0.0260000    0.4230536
   0.0261000    0.4846515
   0.0262000    0.4905272
   0.0263000    0.3966894
   0.0264000    0.4357519
   0.0265000    0.4385133
   0.0266000    0.4225341
   0.0267000    0.4235115
   0.0268000    0.4910541
   0.0269000    0.4451516
   0.0270000    0.4637074
   0.0271000    0.4097406
   0.0272000    0.4432759
   0.0273000    0.4150542
   0.0274000    0.4970606
   0.0275000    0.4712256
   0.0276000    0.4699709
   0.0277000    0.4645014
   0.0278000    0.4786991
   0.0279000    0.4748422
   0.0280000    0.4212826
   0.0281000    0.4120232
   0.0282000    0.4558208
   0.0283000    0.3404580
   0.0284000    0.3851452
   0.0285000    0.3741901
   0.0286000    0.4311642
   0.0287000    0.4459357
   0.0288000    0.4141699
   0.0289000    0.4608751
   0.0290000    0.4632167
   0.0291000    0.4726328
   0.0292000    0.4139743
   0.0293000    0.4066876
   0.0294000    0.4044838
   0.0295000    0.4352493
   0.0296000    0.4144979
   0.0297000    0.3918027
   0.0298000    0.4595416
   0.0299000    0.4585628
   0.0300000    0.3939212
   0.0301000    0.3922670
   0.0302000    0.4473650
   0.0303000    0.4272015
   0.0304000    0.4258501
   0.0305000    0.4663503
   0.0306000    0.4516761
   0.0307000    0.4217042
   0.0308000    0.4830649
   0.0309000    0.5041068
   0.0310000    0.4782860
   0.0311000    0.4689521
   0.0312000    0.3988478
   0.0313000    0.4211676
   0.0314000    0.4230714
   0.0315000    0.4134712
   0.0316000    0.4218246
   0.0317000    0.3938383
   0.0318000    0.4322992
   0.0319000    0.4120975
   0.0320000    0.3632849
   0.0321000    0.3958936
   0.0322000    0.4020182
   0.0323000    0.4468701
   0.0324000    0.4244529
   0.0325000    0.4059626
   0.0326000    0.3895799
   0.0327000    0.4071173
   0.0328000    0.4188808
   0.0329000    0.3669403
   0.0330000    0.3371310
   0.0331000    0.3615836
   0.0332000    0.3317502
   0.0333000    0.3862548
   0.0334000    0.3467651
   0.0335000    0.3602663
   0.0336000    0.3620238
   0.0337000    0.3642779
   0.0338000    0.4023387
   0.0339000    0.3670450
   0.0340000    0.3541254
   0.0341000    0.3955511
   0.0342000    0.3463823
   0.0343000    0.3608721
   0.0344000    0.3796265
   0.0345000    0.4036581
   0.0346000    0.3552457
   0.0347000    0.3555938
   0.0348000    0.3649462
   0.0349000    0.3494979
   0.0350000    0.3807721
   0.0351000    0.3991772
   0.0352000    0.4156122
   0.0353000    0.3616268
   0.0354000    0.3888011
   0.0355000    0.3663864
   0.0356000    0.3588151
   0.0357000    0.3349443
   0.0358000    0.3968631
   0.0359000    0.3478764
   0.0360000    0.3605922
   0.0361000    0.3420473
   0.0362000    0.3566486
   0.0363000    0.3739326
   0.0364000    0.3680137
   0.0365000    0.3593061
   0.0366000    0.3520171
   0.0367000    0.3494508
   0.0368000    0.3410054
   0.0369000    0.3359707
   0.0370000    0.4004872
   0.0371000    0.3914340
   0.0372000    0.3964284
   0.0373000    0.3508044
   0.0374000    0.3571044
   0.0375000    0.3906430
   0.0376000    0.3622673
   0.0377000    0.3438554
   0.0378000    0.3711596
   0.0379000    0.3614619
   0.0380000    0.3451470
   0.0381000    0.3700190
   0.0382000    0.3793038
   0.0383000    0.3931232
   0.0384000    0.4022087
   0.0385000    0.3295441
   0.0386000    0.3935559
   0.0387000    0.3536804
   0.0388000    0.4110024
   0.0389000    0.4184621
   0.0390000    0.3655484
   0.0391000    0.4292086
   0.0392000    0.4125083
   0.0393000    0.4239623
   0.0394000    0.4698270
   0.0395000    0.4478403
   0.0396000    0.4284792
   0.0397000    0.4425646
   0.0398000    0.4270810
   0.0399000    0.4084886
   0.0400000    0.3754905
   0.0401000    0.4005482
   0.0402000    0.3575104
   0.0403000    0.3761654
   0.0404000    0.3350568
   0.0405000    0.4372659
   0.0406000    0.4065787
   0.0407000    0.4019223
   0.0408000    0.4428678
   0.0409000    0.4133716
   0.0410000    0.3827126
   0.0411000    0.4254787
   0.0412000    0.3892620
   0.0413000    0.4043922
   0.0414000    0.3867589
   0.0415000    0.3040680
   0.0416000    0.3759385
   0.0417000    0.3789316
   0.0418000    0.3638233
   0.0419000    0.3896654
   0.0420000    0.3750204
   0.0421000    0.3307720
   0.0422000    0.3436808
   0.0423000    0.3089079
   0.0424000    0.3491822
   0.0425000    0.3105966
   0.0426000    0.2892430
   0.0427000    0.3222482
   0.0428000    0.3272771
   0.0429000    0.3673921
   0.0430000    0.3035068
   0.0431000    0.3385063
   0.0432000    0.3713066
   0.0433000    0.4304152
   0.0434000    0.4024446
   0.0435000    0.3651029
   0.0436000    0.3841103
   0.0437000    0.3259735
   0.0438000    0.3310835
   0.0439000    0.3076701
   0.0440000    0.3438185
   0.0441000    0.3221990
   0.0442000    0.3302003
   0.0443000    0.3257511
   0.0444000    0.4076561
   0.0445000    0.3631694
   0.0446000    0.3600565
   0.0447000    0.3775616
   0.0448000    0.3405472
   0.0449000    0.3043312
   0.0450000    0.3041094
   0.0451000    0.3390929
   0.0452000    0.3467787
   0.0453000    0.2739617
   0.0454000    0.2727771
   0.0455000    0.2765227
   0.0456000    0.3111635
   0.0457000    0.2955011
   0.0458000    0.3265810
   0.0459000    0.3216799
   0.0460000    0.3223912
   0.0461000    0.3338637
   0.0462000    0.3239630
   0.0463000    0.3607728
   0.0464000    0.3435342
   0.0465000    0.3375922
   0.0466000    0.3274361
   0.0467000    0.3028400
   0.0468000    0.3640175
   0.0469000    0.3506563
   0.0470000    0.3313093
   0.0471000    0.3307919
   0.0472000    0.3561829
   0.0473000    0.3595025
   0.0474000    0.3423049
   0.0475000    0.3232083
   0.0476000    0.3503120
   0.0477000    0.3261747
   0.0478000    0.3350231
   0.0479000    0.3658032
   0.0480000    0.3292189
   0.0481000    0.3206643
   0.0482000    0.3623116
   0.0483000    0.3631428
   0.0484000    0.3667603
   0.0485000    0.3385353
   0.0486000    0.3390788
   0.0487000    0.3312847
   0.0488000    0.3184161
   0.0489000    0.3133658
   0.0490000    0.4044742
   0.0491000    0.3322597
   0.0492000    0.3910658
   0.0493000    0.3252575
   0.0494000    0.3412533
   0.0495000    0.3436261
   0.0496000    0.3690037
   0.0497000    0.3181653
   0.0498000    0.3771895
   0.0499000    0.3768037
   0.0500000    0.3667804
   0.0501000    0.3878174
   0.0502000    0.3878468
   0.0503000    0.3697151
   0.0504000    0.3600737
   0.0505000    0.3662983
   0.0506000    0.3894427
   0.0507000    0.3962295
   0.0508000    0.3800776
   0.0509000    0.3914334
   0.0510000    0.3862121
   0.0511000    0.3897402
   0.0512000    0.3884727
   0.0513000    0.3619047
   0.0514000    0.3973941
   0.0515000    0.3884269
   0.0516000    0.3763862
   0.0517000    0.3852971
   0.0518000    0.3626135
   0.0519000    0.3523807
   0.0520000    0.3832741
   0.0521000    0.3737653
   0.0522000    0.3605727
   0.0523000    0.3673553
   0.0524000    0.3488200
   0.0525000    0.3915093
   0.0526000    0.3916897
   0.0527000    0.3752497
   0.0528000    0.3871721
   0.0529000    0.3418376
   0.0530000    0.4109734
   0.0531000    0.4061149
   0.0532000    0.4137105
   0.0533000    0.4311141
   0.0534000    0.3732730
   0.0535000    0.3611334
   0.0536000    0.3959817
   0.0537000    0.3664340
   0.0538000    0.3861194
   0.0539000    0.4256623
   0.0540000    0.4352093
   0.0541000    0.4429236
   0.0542000    0.4518969
   0.0543000    0.4278600
   0.0544000    0.4429639
   0.0545000    0.3709347
   0.0546000    0.4102703
   0.0547000    0.4246811
   0.0548000    0.3800656
   0.0549000    0.4271044
   0.0550000    0.4240291
   0.0551000    0.4179198
   0.0552000    0.4346429
   0.0553000    0.4517547
   0.0554000    0.4532697
   0.0555000    0.4053116
   0.0556000    0.4391677
   0.0557000    0.4006407
   0.0558000    0.4287617
   0.0559000    0.4272780
   0.0560000    0.3906762
   0.0561000    0.3708335
   0.0562000    0.3761277
   0.0563000    0.3521394
   0.0564000    0.3797771
   0.0565000    0.3516978
   0.0566000    0.3498727
   0.0567000    0.3699259
   0.0568000    0.3155494
   0.0569000    0.3879628
   0.0570000    0.4010486
   0.0571000    0.3637538
   0.0572000    0.3916658
   0.0573000    0.3915990
   0.0574000    0.3944705
   0.0575000    0.3778768
   0.0576000    0.3625228
   0.0577000    0.3412450
   0.0578000    0.3386221
   0.0579000    0.3834200
   0.0580000    0.3680798
   0.0581000    0.4012374
   0.0582000    0.3869966
   0.0583000    0.4359249
   0.0584000    0.3937331
   0.0585000    0.3981345
   0.0586000    0.4086901
   0.0587000    0.3788218
   0.0588000    0.4477221
   0.0589000    0.4222246
   0.0590000    0.4098953
   0.0591000    0.4100670
   0.0592000    0.4511592
   0.0593000    0.4278952
   0.0594000    0.4433917
   0.0595000    0.4118288
   0.0596000    0.4072736
   0.0597000    0.3692041
   0.0598000    0.4042172
   0.0599000    0.4011504
   0.0600000    0.4121638
   0.0601000    0.4207822
   0.0602000    0.3731630
   0.0603000    0.4220066
   0.0604000    0.4405834
   0.0605000    0.4106238
   0.0606000    0.4232153
   0.0607000    0.4040571
   0.0608000    0.4293059
   0.0609000    0.4011838
   0.0610000    0.4005495
   0.0611000    0.3847435
   0.0612000    0.4399350
   0.0613000    0.4097179
   0.0614000    0.4003220
   0.0615000    0.4472372
   0.0616000    0.4515045
   0.0617000    0.3619302
   0.0618000    0.3846062
   0.0619000    0.3740746
   0.0620000    0.3579157
   0.0621000    0.3226194
   0.0622000    0.3368139
   0.0623000    0.3671230
   0.0624000    0.3562417
   0.0625000    0.3654129
   0.0626000    0.3003169
   0.0627000    0.3435766
   0.0628000    0.3697904
   0.0629000    0.4104418
   0.0630000    0.3589534
   0.0631000    0.3471647
   0.0632000    0.4092790
   0.0633000    0.4310096
   0.0634000    0.3886823
   0.0635000    0.3788644
   0.0636000    0.3809016
   0.0637000    0.3505679
   0.0638000    0.3482508
   0.0639000    0.3464952
   0.0640000    0.3887753
   0.0641000    0.3698702
   0.0642000    0.3174053
   0.0643000    0.3544450
   0.0644000    0.3171466
   0.0645000    0.3713890
   0.0646000    0.3760022
   0.0647000    0.3567466
   0.0648000    0.3231466
   0.0649000    0.3574102
   0.0650000    0.3317340
   0.0651000    0.3411770
   0.0652000    0.3556677
   0.0653000    0.3702224
   0.0654000    0.3491998
   0.0655000    0.3060611
   0.0656000    0.3319392
   0.0657000    0.3783578
   0.0658000    0.3211507
   0.0659000    0.3644485
   0.0660000    0.3567896
   0.0661000    0.3599780
   0.0662000    0.3484162
   0.0663000    0.3358464
   0.0664000    0.3524213
   0.0665000    0.3018064
   0.0666000    0.3395788
   0.0667000    0.3459407
   0.0668000    0.3424365
   0.0669000    0.3306768
   0.0670000    0.3517523
   0.0671000    0.3602160
   0.0672000    0.3169371
   0.0673000    0.3252229
   0.0674000    0.3440241
   0.0675000    0.3453947
   0.0676000    0.3514472
   0.0677000    0.3433475
   0.0678000    0.3358938
   0.0679000    0.3418999
   0.0680000    0.3377057
   0.0681000    0.3484459
   0.0682000    0.3279905
   0.0683000    0.3488542
   0.0684000    0.3472218
   0.0685000    0.3199809
   0.0686000    0.3444897
   0.0687000    0.3422250
   0.0688000    0.3743905
   0.0689000    0.3233106
   0.0690000    0.3577297
   0.0691000    0.3201439
   0.0692000    0.3462373
   0.0693000    0.3227648
   0.0694000    0.3190814
   0.0695000    0.3413615
   0.0696000    0.3482386
   0.0697000    0.3501251
   0.0698000    0.3702438
   0.0699000    0.3229509
   0.0700000    0.3941001
   0.0701000    0.3387025
   0.0702000    0.3191549
   0.0703000    0.3736407
   0.0704000    0.3296100
   0.0705000    0.3419170
   0.0706000    0.3630278
   0.0707000    0.3516456
   0.0708000    0.3184794
   0.0709000    0.3542877
   0.0710000    0.3256092
   0.0711000    0.3420309
   0.0712000    0.3700413
   0.0713000    0.3413643
   0.0714000    0.3313839
   0.0715000    0.3062142
   0.0716000    0.3363612
   0.0717000    0.3380651
   0.0718000    0.3361778
   0.0719000    0.3164319
   0.0720000    0.3326409
   0.0721000    0.2982848
   0.0722000    0.3331452
   0.0723000    0.3202237
   0.0724000    0.3231603
   0.0725000    0.3097848
   0.0726000    0.3434725
   0.0727000    0.3368114
   0.0728000    0.3259094
   0.0729000    0.3400155
   0.0730000    0.3283955
   0.0731000    0.3090425
   0.0732000    0.3572326
   0.0733000    0.3612683
   0.0734000    0.3745863
   0.0735000    0.3372143
   0.0736000    0.3351038
   0.0737000    0.3231027
   0.0738000    0.3415035
   0.0739000    0.2932593
   0.0740000    0.3771565
   0.0741000    0.3404992
   0.0742000    0.3402356
   0.0743000    0.3538344
   0.0744000    0.3165412
   0.0745000    0.3518837
   0.0746000    0.3439306
   0.0747000    0.3234002
   0.0748000    0.3143241
   0.0749000    0.3228323
   0.0750000    0.3247434
   0.0751000    0.3219987
   0.0752000    0.3532810
   0.0753000    0.3754988
   0.0754000    0.3428906
   0.0755000    0.3367088
   0.0756000    0.3658842
   0.0757000    0.4273753
   0.0758000    0.4045709
   0.0759000    0.4200483
   0.0760000    0.3996118
   0.0761000    0.3921665
   0.0762000    0.3584611
   0.0763000    0.3293620
   0.0764000    0.3179273
   0.0765000    0.3488422
   0.0766000    0.3557740
   0.0767000    0.3294939
   0.0768000    0.3381024
   0.0769000    0.3276888
   0.0770000    0.3635995
   0.0771000    0.3249132
   0.0772000    0.3374869
   0.0773000    0.3490092
   0.0774000    0.3465394
   0.0775000    0.3200189
   0.0776000    0.3246605
   0.0777000    0.3325234
   0.0778000    0.3420288
   0.0779000    0.3691531
   0.0780000    0.3112922
   0.0781000    0.3403686
   0.0782000    0.3567794
   0.0783000    0.3974959
   0.0784000    0.3574375
   0.0785000    0.3861105
   0.0786000    0.4045776
   0.0787000    0.3610646
   0.0788000    0.3772654
   0.0789000    0.4033544
   0.0790000    0.3437780
   0.0791000    0.3589771
   0.0792000    0.3850654
   0.0793000    0.3222821
   0.0794000    0.3414006
   0.0795000    0.3313332
   0.0796000    0.3590327
   0.0797000    0.3546849
   0.0798000    0.3878434
   0.0799000    0.3902451
   0.0800000    0.4213947
   0.0801000    0.3645415
   0.0802000    0.3378793
   0.0803000    0.3187538
   0.0804000    0.3504817
   0.0805000    0.3173351
   0.0806000    0.3268536
   0.0807000    0.3433167
   0.0808000    0.3239043
   0.0809000    0.3252824
   0.0810000    0.3110581
   0.0811000    0.3366077
   0.0812000    0.3301533
   0.0813000    0.3107960
   0.0814000    0.2938807
   0.0815000    0.3474272
   0.0816000    0.3472241
   0.0817000    0.3454516
   0.0818000    0.3175698
   0.0819000    0.3466426
   0.0820000    0.3675980
   0.0821000    0.3652579
   0.0822000    0.2919751
   0.0823000    0.3013836
   0.0824000    0.3544160
   0.0825000    0.3679628
   0.0826000    0.3331424
   0.0827000    0.3622315
   0.0828000    0.3330606
   0.0829000    0.3300289
   0.0830000    0.3460059
   0.0831000    0.3486936
   0.0832000    0.3773931
   0.0833000    0.3548942
   0.0834000    0.3238207
   0.0835000    0.3661415
   0.0836000    0.3749588
   0.0837000    0.3116343
   0.0838000    0.3425973
   0.0839000    0.3321379
   0.0840000    0.3371989
   0.0841000    0.3533587
   0.0842000    0.3494686
   0.0843000    0.3368954
   0.0844000    0.3445885
   0.0845000    0.3514168
   0.0846000    0.3256079
   0.0847000    0.3164653
   0.0848000    0.3161763
   0.0849000    0.3686242
   0.0850000    0.3737298
   0.0851000    0.3335566
   0.0852000    0.4045627
   0.0853000    0.3383359
   0.0854000    0.3476251
   0.0855000    0.3753282
   0.0856000    0.3201099
   0.0857000    0.3732678
   0.0858000    0.3450285
   0.0859000    0.4002970
   0.0860000    0.3969509
   0.0861000    0.3535273
   0.0862000    0.4059507
   0.0863000    0.3720521
   0.0864000    0.3611766
   0.0865000    0.3942090
   0.0866000    0.3549421
   0.0867000    0.3853831
   0.0868000    0.3829881
   0.0869000    0.4197959
   0.0870000    0.3779413
   0.0871000    0.3721504
   0.0872000    0.3870663
   0.0873000    0.3897826
   0.0874000    0.3325168
   0.0875000    0.4343476
   0.0876000    0.3807428
   0.0877000    0.4023013
   0.0878000    0.3682853
   0.0879000    0.3829061
   0.0880000    0.4033391
   0.0881000    0.3968053
   0.0882000    0.4190679
   0.0883000    0.4005366
   0.0884000    0.4566150
   0.0885000    0.3921787
   0.0886000    0.3920687
   0.0887000    0.3914300
   0.0888000    0.3788297
   0.0889000    0.3773111
   0.0890000    0.3647135
   0.0891000    0.3695332
   0.0892000    0.3722995
   0.0893000    0.4065762
   0.0894000    0.3815001
   0.0895000    0.4118708
   0.0896000    0.3814248
   0.0897000    0.3816106
   0.0898000    0.3607043
   0.0899000    0.3707571
   0.0900000    0.3708474
   0.0901000    0.3492319
   0.0902000    0.3995164
   0.0903000    0.4349443
   0.0904000    0.4058841
   0.0905000    0.3720014
   0.0906000    0.3691871
   0.0907000    0.3542118
   0.0908000    0.3397518
   0.0909000    0.3566956
   0.0910000    0.3705806
   0.0911000    0.3786462
   0.0912000    0.3687614
   0.0913000    0.3499713
   0.0914000    0.3704166
   0.0915000    0.3576320
   0.0916000    0.3581510
   0.0917000    0.3863259
   0.0918000    0.3551740
   0.0919000    0.3746172
   0.0920000    0.3942874
   0.0921000    0.3658614
   0.0922000    0.3603020
   0.0923000    0.3724481
   0.0924000    0.3800142
   0.0925000    0.3757511
   0.0926000    0.4010358
   0.0927000    0.4068928
   0.0928000    0.4113972
   0.0929000    0.4217158
   0.0930000    0.4306045
   0.0931000    0.4580276
   0.0932000    0.4632726
   0.0933000    0.4655807
   0.0934000    0.4468635
   0.0935000    0.4237556
   0.0936000    0.3841561
   0.0937000    0.4229653
   0.0938000    0.4758194
   0.0939000    0.3821628
   0.0940000    0.4098873
   0.0941000    0.4072083
   0.0942000    0.3659240
   0.0943000    0.3808829
   0.0944000    0.3930387
   0.0945000    0.3681486
   0.0946000    0.3683187
   0.0947000    0.3749307
   0.0948000    0.3877845
   0.0949000    0.4047881
   0.0950000    0.3842957
   0.0951000    0.3847449
   0.0952000    0.4055768
   0.0953000    0.3930902
   0.0954000    0.3929524
   0.0955000    0.3836747
   0.0956000    0.3775568
   0.0957000    0.3653271
   0.0958000    0.3891844
   0.0959000    0.4647141
   0.0960000    0.3858363
   0.0961000    0.3868793
   0.0962000    0.4123451
   0.0963000    0.4183909
   0.0964000    0.4381706
   0.0965000    0.4050724
   0.0966000    0.3906015
   0.0967000    0.4234062
   0.0968000    0.4053293
   0.0969000    0.4029641
   0.0970000    0.4403385
   0.0971000    0.4048937
   0.0972000    0.4001636
   0.0973000    0.4065035
   0.0974000    0.4026267
   0.0975000    0.4102398
   0.0976000    0.4155151
   0.0977000    0.4084347
   0.0978000    0.3891164
   0.0979000    0.3996708
   0.0980000    0.3977128
   0.0981000    0.3845118
   0.0982000    0.4147695
   0.0983000    0.3960236
   0.0984000    0.3871443
   0.0985000    0.4013953
   0.0986000    0.4410470
   0.0987000    0.4067395
   0.0988000    0.4819662
   0.0989000    0.4372548
   0.0990000    0.4176922
   0.0991000    0.4546728
   0.0992000    0.4082105
   0.0993000    0.3872125
   0.0994000    0.3948233
   0.0995000    0.4197923
   0.0996000    0.3827297
   0.0997000    0.4469251
   0.0998000    0.4194414
   0.0999000    0.4405051
   0.1000000    0.3972120
   0.1001000    0.3881018
   0.1002000    0.4153152
   0.1003000    0.4184206
   0.1004000    0.3648563
   0.1005000    0.3640157
   0.1006000    0.3770325
   0.1007000    0.3858148
   0.1008000    0.4123289
   0.1009000    0.3775938
   0.1010000    0.3806351
   0.1011000    0.3983859
   0.1012000    0.3597186
   0.1013000    0.3471795
   0.1014000    0.3704623
   0.1015000    0.4011355
   0.1016000    0.3944223
   0.1017000    0.4256796
   0.1018000    0.3820200
   0.1019000    0.3596112
   0.1020000    0.3937016
   0.1021000    0.4161351
   0.1022000    0.4227998
   0.1023000    0.4764866
   0.1024000    0.4948404
   0.1025000    0.5771998
   0.1026000    0.4719296
   0.1027000    0.4379201
   0.1028000    0.4616969
   0.1029000    0.5979791
   0.1030000    0.5418841
   0.1031000    0.5272977
   0.1032000    0.5121536
   0.1033000    0.4455574
   0.1034000    0.3783263
   0.1035000    0.4340408
   0.1036000    0.4090310
   0.1037000    0.4269470
   0.1038000    0.4441749
   0.1039000    0.4730071
   0.1040000    0.5050887
   0.1041000    0.4203951
   0.1042000    0.3782777
   0.1043000    0.4256860
   0.1044000    0.3868400
   0.1045000    0.3463337
   0.1046000    0.3388516
   0.1047000    0.3483358
   0.1048000    0.3682728
   0.1049000    0.3710578
   0.1050000    0.3904029
   0.1051000    0.3896836
   0.1052000    0.3809954
   0.1053000    0.3589979
   0.1054000    0.4187931
   0.1055000    0.4305644
   0.1056000    0.4348147
   0.1057000    0.3593704
   0.1058000    0.4100712
   0.1059000    0.3880244
   0.1060000    0.3900786
   0.1061000    0.3896789
   0.1062000    0.4367056
   0.1063000    0.4535296
   0.1064000    0.4061813
   0.1065000    0.4557492
   0.1066000    0.3959256
   0.1067000    0.3811715
   0.1068000    0.3971566
   0.1069000    0.4257221
   0.1070000    0.4056197
   0.1071000    0.4183693
   0.1072000    0.4218191
   0.1073000    0.4504295
   0.1074000    0.4095030
   0.1075000    0.3959087
   0.1076000    0.4103800
   0.1077000    0.4055369
   0.1078000    0.4362812
   0.1079000    0.3989460
   0.1080000    0.4164760
   0.1081000    0.4259263
   0.1082000    0.4051891
   0.1083000    0.4019502
   0.1084000    0.4552723
   0.1085000    0.4207996
   0.1086000    0.4017395
   0.1087000    0.3809262
   0.1088000    0.4321249
   0.1089000    0.4020750
   0.1090000    0.4003235
   0.1091000    0.4036647
   0.1092000    0.4139844
   0.1093000    0.3520843
   0.1094000    0.3637252
   0.1095000    0.3983411
   0.1096000    0.4321466
   0.1097000    0.4024430
   0.1098000    0.4066378
   0.1099000    0.4318083
   0.1100000    0.4006067
   0.1101000    0.4747357
   0.1102000    0.4301421
   0.1103000    0.4166410
   0.1104000    0.4285349
   0.1105000    0.4348233
   0.1106000    0.4110359
   0.1107000    0.4543411
   0.1108000    0.4330382
   0.1109000    0.4087072
   0.1110000    0.4286386
   0.1111000    0.3968024
   0.1112000    0.4283173
   0.1113000    0.4243766
   0.1114000    0.4726389
   0.1115000    0.4436958
   0.1116000    0.4238378
   0.1117000    0.4509573
   0.1118000    0.4096679
   0.1119000    0.4421917
   0.1120000    0.4302934
   0.1121000    0.4095930
   0.1122000    0.3874541
   0.1123000    0.4098974
   0.1124000    0.4197876
   0.1125000    0.4451768
   0.1126000    0.4356893
   0.1127000    0.4599413
   0.1128000    0.4290285
   0.1129000    0.4074575
   0.1130000    0.3992378
   0.1131000    0.4192530
   0.1132000    0.4462225
   0.1133000    0.4383742
   0.1134000    0.4388174
   0.1135000    0.4476228
   0.1136000    0.4250132
   0.1137000    0.4794143
   0.1138000    0.4607474
   0.1139000    0.4462990
   0.1140000    0.4565110
   0.1141000    0.4200884
   0.1142000    0.4370724
   0.1143000    0.4320123
   0.1144000    0.4133681
   0.1145000    0.4744046
   0.1146000    0.4155409
   0.1147000    0.4115428
   0.1148000    0.4023930
   0.1149000    0.4092342
   0.1150000    0.4193619
   0.1151000    0.4052933
   0.1152000    0.4246646
   0.1153000    0.4407724
   0.1154000    0.4222420
   0.1155000    0.4023480
   0.1156000    0.4481312
   0.1157000    0.4162094
   0.1158000    0.3875757
   0.1159000    0.4441913
   0.1160000    0.4160271
   0.1161000    0.3957118
   0.1162000    0.4266631
   0.1163000    0.4103823
   0.1164000    0.4119567
   0.1165000    0.4271327
   0.1166000    0.4111015
   0.1167000    0.3919861
   0.1168000    0.4176351
   0.1169000    0.4682391
   0.1170000    0.3980316
   0.1171000    0.4321713
   0.1172000    0.4494170
   0.1173000    0.4116731
   0.1174000    0.4684963
   0.1175000    0.4429270
   0.1176000    0.4396600
   0.1177000    0.4147359
   0.1178000    0.4026844
   0.1179000    0.3727004
   0.1180000    0.4366209
   0.1181000    0.3825035
   0.1182000    0.3938440
   0.1183000    0.4436929
   0.1184000    0.4284389
   0.1185000    0.4376695
   0.1186000    0.4354821
   0.1187000    0.3763760
   0.1188000    0.3949783
   0.1189000    0.4062070
   0.1190000    0.4226892
   0.1191000    0.4095881
   0.1192000    0.4542083
   0.1193000    0.4057784
   0.1194000    0.3860612
   0.1195000    0.4369598
   0.1196000    0.4585823
   0.1197000    0.4429001
   0.1198000    0.4230566
   0.1199000    0.4276811
   0.1200000    0.3857415
   0.1201000    0.3672210
   0.1202000    0.3784555
   0.1203000    0.4298483
   0.1204000    0.4100185
   0.1205000    0.3952814
   0.1206000    0.4059738
   0.1207000    0.4115357
   0.1208000    0.4285339
   0.1209000    0.4383358
   0.1210000    0.4276250
   0.1211000    0.4272877
   0.1212000    0.3997184
   0.1213000    0.4446369
   0.1214000    0.4168833
   0.1215000    0.4092070
   0.1216000    0.4268478
   0.1217000    0.4068857
   0.1218000    0.4847500
   0.1219000    0.4224298
   0.1220000    0.4070861
   0.1221000    0.4127505
   0.1222000    0.4448698
   0.1223000    0.4352184
   0.1224000    0.4395161
   0.1225000    0.4598531
   0.1226000    0.4300473
   0.1227000    0.4404025
   0.1228000    0.4965056
   0.1229000    0.4272790
   0.1230000    0.4067615
   0.1231000    0.4151929
   0.1232000    0.4000490
   0.1233000    0.3999911
   0.1234000    0.4192412
   0.1235000    0.4233246
   0.1236000    0.4376077
   0.1237000    0.4649702
   0.1238000    0.4795543
   0.1239000    0.5117222
   0.1240000    0.4866795
   0.1241000    0.4316274
   0.1242000    0.4255289
   0.1243000    0.4599721
   0.1244000    0.4645351
   0.1245000    0.4258740
   0.1246000    0.4599169
   0.1247000    0.4673821
   0.1248000    0.4543491
   0.1249000    0.4577743
   0.1250000    0.4280722
   0.1251000    0.4360189
   0.1252000    0.4332997
   0.1253000    0.4459944
   0.1254000    0.4353534
   0.1255000    0.4363257
   0.1256000    0.4256831
   0.1257000    0.4566561
   0.1258000    0.4982997
   0.1259000    0.4904724
   0.1260000    0.4555115
   0.1261000    0.4410752
   0.1262000    0.4566968
   0.1263000    0.4237667
   0.1264000    0.4091750
   0.1265000    0.4163437
   0.1266000    0.4142036
   0.1267000    0.3848045
   0.1268000    0.4119400
   0.1269000    0.4229638
   0.1270000    0.4210028
   0.1271000    0.4198103
   0.1272000    0.3970566
   0.1273000    0.4135992
   0.1274000    0.4370009
   0.1275000    0.4305590
   0.1276000    0.4206777
   0.1277000    0.4207064
   0.1278000    0.4013374
   0.1279000    0.4441634
   0.1280000    0.4423682
   0.1281000    0.3996942
   0.1282000    0.4088897
   0.1283000    0.4337080
   0.1284000    0.4286902
   0.1285000    0.4235238
   0.1286000    0.3863828
   0.1287000    0.3808800
   0.1288000    0.4169725
   0.1289000    0.4606647
   0.1290000    0.4555755
   0.1291000    0.4278951
   0.1292000    0.4025421
   0.1293000    0.4120959
   0.1294000    0.4305696
   0.1295000    0.3973069
   0.1296000    0.4087648
   0.1297000    0.3918173
   0.1298000    0.4322289
   0.1299000    0.4008598
   0.1300000    0.3945403
   0.1301000    0.4056876
   0.1302000    0.4283358
   0.1303000    0.4658422
   0.1304000    0.3850964
   0.1305000    0.4384299
   0.1306000    0.4450558
   0.1307000    0.4101341
   0.1308000    0.4194647
   0.1309000    0.4219003
   0.1310000    0.4471063
   0.1311000    0.4278911
   0.1312000    0.4213707
   0.1313000    0.4073470
   0.1314000    0.4095356
   0.1315000    0.4923616
   0.1316000    0.4436721
   0.1317000    0.4209471
   0.1318000    0.3853446
   0.1319000    0.4072793
   0.1320000    0.3931388
   0.1321000    0.3885665
   0.1322000    0.4164876
   0.1323000    0.4395987
   0.1324000    0.4888033
   0.1325000    0.4406356
   0.1326000    0.4777977
   0.1327000    0.4880021
   0.1328000    0.4434576
   0.1329000    0.4279821
   0.1330000    0.4132973
   0.1331000    0.4735773
   0.1332000    0.4211912
   0.1333000    0.4229736
   0.1334000    0.4258694
   0.1335000    0.4395832
   0.1336000    0.4137450
   0.1337000    0.4158224
   0.1338000    0.4310082
   0.1339000    0.4076231
   0.1340000    0.4422082
   0.1341000    0.4019955
   0.1342000    0.4300542
   0.1343000    0.4237650
   0.1344000    0.3839391
   0.1345000    0.4368877
   0.1346000    0.4551790
   0.1347000    0.4410183
   0.1348000    0.4537745
   0.1349000    0.4582343
   0.1350000    0.4172402
   0.1351000    0.4194719
   0.1352000    0.3995131
   0.1353000    0.4051794
   0.1354000    0.3801087
   0.1355000    0.4327650
   0.1356000    0.4339512
   0.1357000    0.4482402
   0.1358000    0.4396773
   0.1359000    0.3961590
   0.1360000    0.4377832
   0.1361000    0.4318590
   0.1362000    0.4222169
   0.1363000    0.3898187
   0.1364000    0.4293066
   0.1365000    0.4372602
   0.1366000    0.3998850
   0.1367000    0.4534207
   0.1368000    0.4198275
   0.1369000    0.4294434
   0.1370000    0.4548744
   0.1371000    0.4466447
   0.1372000    0.4570262
   0.1373000    0.4308344
   0.1374000    0.4358873
   0.1375000    0.3942569
   0.1376000    0.4659033
   0.1377000    0.4968361
   0.1378000    0.4343067
   0.1379000    0.4205627
   0.1380000    0.4644217
   0.1381000    0.4317877
   0.1382000    0.4512934
   0.1383000    0.4345978
   0.1384000    0.3919458
   0.1385000    0.4438054
   0.1386000    0.4269001
   0.1387000    0.4808386
   0.1388000    0.4640652
   0.1389000    0.4339601
   0.1390000    0.4451428
   0.1391000    0.4387144
   0.1392000    0.4297070
   0.1393000    0.4362686
   0.1394000    0.4597021
   0.1395000    0.4312934
   0.1396000    0.4691591
   0.1397000    0.4681495
   0.1398000    0.4478457
   0.1399000    0.4256769
   0.1400000    0.4206971
   0.1401000    0.4885266
   0.1402000    0.4609657
   0.1403000    0.4856513
   0.1404000    0.4731257
   0.1405000    0.4134302
   0.1406000    0.4430498
   0.1407000    0.4445911
   0.1408000    0.3818999
   0.1409000    0.3802524
   0.1410000    0.4222803
   0.1411000    0.4260992
   0.1412000    0.4128648
   0.1413000    0.4295624
   0.1414000    0.4105605
   0.1415000    0.4393739
   0.1416000    0.4142573
   0.1417000    0.4059484
   0.1418000    0.3888534
   0.1419000    0.4232017
   0.1420000    0.4099903
   0.1421000    0.4310877
   0.1422000    0.3947579
   0.1423000    0.4512344
   0.1424000    0.4288444
   0.1425000    0.4119235
   0.1426000    0.4254807
   0.1427000    0.4199775
   0.1428000    0.4215951
   0.1429000    0.4490618
   0.1430000    0.4434387
   0.1431000    0.4205152
   0.1432000    0.4300263
   0.1433000    0.4177163
   0.1434000    0.4023701
   0.1435000    0.4151263
   0.1436000    0.4050126
   0.1437000    0.4459464
   0.1438000    0.3914638
   0.1439000    0.4025213
   0.1440000    0.4144048
   0.1441000    0.4013469
   0.1442000    0.3961936
   0.1443000    0.3740185
   0.1444000    0.4186129
   0.1445000    0.3881780
   0.1446000    0.4142562
   0.1447000    0.4222988
   0.1448000    0.4108771
   0.1449000    0.3736357
   0.1450000    0.3916582
   0.1451000    0.4055170
   0.1452000    0.4113042
   0.1453000    0.4181811
   0.1454000    0.3728724
   0.1455000    0.4290801
   0.1456000    0.4439851
   0.1457000    0.3732224
   0.1458000    0.4364015
   0.1459000    0.4302088
   0.1460000    0.3900895
   0.1461000    0.3861707
   0.1462000    0.4151129
   0.1463000    0.3736214
   0.1464000    0.4056310
   0.1465000    0.3630783
   0.1466000    0.3946504
   0.1467000    0.3667684
   0.1468000    0.4062950
   0.1469000    0.3913133
   0.1470000    0.4111065
   0.1471000    0.4022239
   0.1472000    0.4222068
   0.1473000    0.4221038
   0.1474000    0.3857315
   0.1475000    0.3957233
   0.1476000    0.4091679
   0.1477000    0.3921940
   0.1478000    0.4208573
   0.1479000    0.4367349
   0.1480000    0.4243907
   0.1481000    0.4004015
   0.1482000    0.4138249
   0.1483000    0.3688121
   0.1484000    0.4354261
   0.1485000    0.4031315
   0.1486000    0.4159738
   0.1487000    0.4461279
   0.1488000    0.4762765
   0.1489000    0.4627521
   0.1490000    0.4552035
   0.1491000    0.4425845
   0.1492000    0.4286599
   0.1493000    0.4296150
   0.1494000    0.4256794
   0.1495000    0.4209839
   0.1496000    0.3975292
   0.1497000    0.3659977
   0.1498000    0.3716189
   0.1499000    0.3875793
   0.1500000    0.4316143
   0.1501000    0.4395941
   0.1502000    0.4343655
   0.1503000    0.3961044
   0.1504000    0.4176792
   0.1505000    0.4232883
   0.1506000    0.3807794
   0.1507000    0.4337989
   0.1508000    0.4127284
   0.1509000    0.3987616
   0.1510000    0.4219962
   0.1511000    0.4416207
   0.1512000    0.4310588
   0.1513000    0.4149401
   0.1514000    0.4326845
   0.1515000    0.4517184
   0.1516000    0.4812539
   0.1517000    0.4290333
   0.1518000    0.4352397
   0.1519000    0.4459393
   0.1520000    0.4248593
   0.1521000    0.4172238
   0.1522000    0.4099366
   0.1523000    0.4173510
   0.1524000    0.4002362
   0.1525000    0.4304084
   0.1526000    0.4224322
   0.1527000    0.4364617
   0.1528000    0.4203513
   0.1529000    0.3927639
   0.1530000    0.3992805
   0.1531000    0.3991033
   0.1532000    0.4223439
   0.1533000    0.4519542
   0.1534000    0.4387979
   0.1535000    0.4164011
   0.1536000    0.3986567
   0.1537000    0.4356879
   0.1538000    0.4145802
   0.1539000    0.3886411
   0.1540000    0.4015853
   0.1541000    0.4258948
   0.1542000    0.4109920
   0.1543000    0.4506008
   0.1544000    0.4379979
   0.1545000    0.4238726
   0.1546000    0.4410216
   0.1547000    0.4291307
   0.1548000    0.4467053
   0.1549000    0.4068606
   0.1550000    0.4055882
   0.1551000    0.4072268
   0.1552000    0.4190657
   0.1553000    0.4689250
   0.1554000    0.4362926
   0.1555000    0.4027857
   0.1556000    0.4046444
   0.1557000    0.4432509
   0.1558000    0.4973519
   0.1559000    0.4712853
   0.1560000    0.4447221
   0.1561000    0.4315512
   0.1562000    0.4536930
   0.1563000    0.4911622
   0.1564000    0.4857970
   0.1565000    0.4954198
   0.1566000    0.4663953
   0.1567000    0.4792752
   0.1568000    0.4545327
   0.1569000    0.4252339
   0.1570000    0.4472201
   0.1571000    0.4483295
   0.1572000    0.3876577
   0.1573000    0.4360518
   0.1574000    0.4378834
   0.1575000    0.4106395
   0.1576000    0.4156519
   0.1577000    0.4421624
   0.1578000    0.4847123
   0.1579000    0.4448794
   0.1580000    0.4344937
   0.1581000    0.4376423
   0.1582000    0.4287477
   0.1583000    0.4257575
   0.1584000    0.4213849
   0.1585000    0.4556283
   0.1586000    0.4652102
   0.1587000    0.4635415
   0.1588000    0.4412188
   0.1589000    0.4200411
   0.1590000    0.4530625
   0.1591000    0.4275163
   0.1592000    0.4787599
   0.1593000    0.4465025
   0.1594000    0.4686503
   0.1595000    0.4417117
   0.1596000    0.4491790
   0.1597000    0.4059349
   0.1598000    0.4816451
   0.1599000    0.4792612
   0.1600000    0.4441670
   0.1601000    0.4898385
   0.1602000    0.4415275
   0.1603000    0.4670320
   0.1604000    0.4669794
   0.1605000    0.4645527
   0.1606000    0.4588137
   0.1607000    0.4259956
   0.1608000    0.4867582
   0.1609000    0.4275450
   0.1610000    0.4479737
   0.1611000    0.4328810
   0.1612000    0.4286407
   0.1613000    0.4505570
   0.1614000    0.4402539
   0.1615000    0.4830818
   0.1616000    0.4412967
   0.1617000    0.4318153
   0.1618000    0.4469168
   0.1619000    0.4779811
   0.1620000    0.4132796
   0.1621000    0.4297892
   0.1622000    0.4518978
   0.1623000    0.4153701
   0.1624000    0.4550222
   0.1625000    0.5252243
   0.1626000    0.4804948
   0.1627000    0.4940129
   0.1628000    0.4787288
   0.1629000    0.4645060
   0.1630000    0.4138673
   0.1631000    0.4156131
   0.1632000    0.4501028
   0.1633000    0.4601481
   0.1634000    0.4195983
   0.1635000    0.4290317
   0.1636000    0.4338937
   0.1637000    0.3948278
   0.1638000    0.3955378
   0.1639000    0.3895743
   0.1640000    0.4056496
   0.1641000    0.4135117
   0.1642000    0.4290930
   0.1643000    0.4120959
   0.1644000    0.4349731
   0.1645000    0.4158051
   0.1646000    0.4342465
   0.1647000    0.4416880
   0.1648000    0.4096140
   0.1649000    0.4147148
   0.1650000    0.4247129
   0.1651000    0.4235293
   0.1652000    0.4588795
   0.1653000    0.4487021
   0.1654000    0.4742320
   0.1655000    0.4594204
   0.1656000    0.4537809
   0.1657000    0.4379794
   0.1658000    0.4561798
   0.1659000    0.3999611
   0.1660000    0.4375123
   0.1661000    0.4599626
   0.1662000    0.4125823
   0.1663000    0.4033314
   0.1664000    0.4178057
   0.1665000    0.3940769
   0.1666000    0.4564587
   0.1667000    0.4600818
   0.1668000    0.4523009
   0.1669000    0.4235078
   0.1670000    0.4917103
   0.1671000    0.4344557
   0.1672000    0.4390611
   0.1673000    0.4809072
   0.1674000    0.4158109
   0.1675000    0.4650068
   0.1676000    0.4786620
   0.1677000    0.4146178
   0.1678000    0.4201309
   0.1679000    0.4447568
   0.1680000    0.4184531
   0.1681000    0.4401011
   0.1682000    0.3997883
   0.1683000    0.4141501
   0.1684000    0.4660743
   0.1685000    0.4408554
   0.1686000    0.4434239
   0.1687000    0.4628972
   0.1688000    0.4822415
   0.1689000    0.4214555
   0.1690000    0.4555612
   0.1691000    0.4662414
   0.1692000    0.4637820
   0.1693000    0.4348578
   0.1694000    0.4327446
   0.1695000    0.4373842
   0.1696000    0.4313681
   0.1697000    0.4212807
   0.1698000    0.4613181
   0.1699000    0.4472143
   0.1700000    0.4520501
   0.1701000    0.4874480
   0.1702000    0.4347285
   0.1703000    0.4215872
   0.1704000    0.4220439
   0.1705000    0.4431268
   0.1706000    0.3749740
   0.1707000    0.4153621
   0.1708000    0.4200520
   0.1709000    0.4337307
   0.1710000    0.5061224
   0.1711000    0.4373019
   0.1712000    0.4703895
   0.1713000    0.4627836
   0.1714000    0.4961563
   0.1715000    0.4647173
   0.1716000    0.4522211
   0.1717000    0.4618702
   0.1718000    0.4536519
   0.1719000    0.4907075
   0.1720000    0.4445007
   0.1721000    0.4540582
   0.1722000    0.4818050
   0.1723000    0.4226734
   0.1724000    0.4081750
   0.1725000    0.4744423
   0.1726000    0.4304716
   0.1727000    0.4311748
   0.1728000    0.4445921
   0.1729000    0.4305893
   0.1730000    0.4170323
   0.1731000    0.4532818
   0.1732000    0.4143443
   0.1733000    0.4387223
   0.1734000    0.4338437
   0.1735000    0.3890033
   0.1736000    0.4179838
   0.1737000    0.3864480
   0.1738000    0.4224452
   0.1739000    0.4033510
   0.1740000    0.4650675
   0.1741000    0.4433256
   0.1742000    0.4507000
   0.1743000    0.4943990
   0.1744000    0.4798880
   0.1745000    0.4530472
   0.1746000    0.4684603
   0.1747000    0.4278067
   0.1748000    0.4291519
   0.1749000    0.4803823
   0.1750000    0.4722356
   0.1751000    0.4813509
   0.1752000    0.4661383
   0.1753000    0.4753193
   0.1754000    0.4025740
   0.1755000    0.4433007
   0.1756000    0.4845123
   0.1757000    0.4222737
   0.1758000    0.4569882
   0.1759000    0.4595821
   0.1760000    0.4526852
   0.1761000    0.4512507
   0.1762000    0.4723670
   0.1763000    0.4699685
   0.1764000    0.4287281
   0.1765000    0.4756052
   0.1766000    0.4688509
   0.1767000    0.4454634
   0.1768000    0.4993092
   0.1769000    0.4769239
   0.1770000    0.4783400
   0.1771000    0.4698228
   0.1772000    0.4674459
   0.1773000    0.4779394
   0.1774000    0.4690751
   0.1775000    0.4936864
   0.1776000    0.4524779
   0.1777000    0.5248061
   0.1778000    0.5034583
   0.1779000    0.5134895
   0.1780000    0.4577128
   0.1781000    0.4721933
   0.1782000    0.4091970
   0.1783000    0.5068907
   0.1784000    0.4626833
   0.1785000    0.5270061
   0.1786000    0.4181257
   0.1787000    0.4843440
   0.1788000    0.4204071
   0.1789000    0.4812610
   0.1790000    0.4675703
   0.1791000    0.4786423
   0.1792000    0.4398420
   0.1793000    0.4072032
   0.1794000    0.4910293
   0.1795000    0.4883040
   0.1796000    0.4764234
   0.1797000    0.4743562
   0.1798000    0.4553683
   0.1799000    0.4341622
   0.1800000    0.4217472
   0.1801000    0.4350234
   0.1802000    0.4557816
   0.1803000    0.4499689
   0.1804000    0.4652918
   0.1805000    0.4357167
   0.1806000    0.4427798
   0.1807000    0.5290050
   0.1808000    0.4532576
   0.1809000    0.4529016
   0.1810000    0.4728866
   0.1811000    0.4897548
   0.1812000    0.4954513
   0.1813000    0.4603454
   0.1814000    0.4469517
   0.1815000    0.4349551
   0.1816000    0.4518631
   0.1817000    0.4347705
   0.1818000    0.4304137
   0.1819000    0.4523634
   0.1820000    0.4568740
   0.1821000    0.4342644
   0.1822000    0.4565372
   0.1823000    0.4163743
   0.1824000    0.4330005
   0.1825000    0.4195852
   0.1826000    0.4738164
   0.1827000    0.4496419
   0.1828000    0.4583871
   0.1829000    0.4609408
   0.1830000    0.4439239
   0.1831000    0.4707805
   0.1832000    0.4488822
   0.1833000    0.5197805
   0.1834000    0.4263551
   0.1835000    0.4496806
   0.1836000    0.4367506
   0.1837000    0.4043886
   0.1838000    0.4713192
   0.1839000    0.4545313
   0.1840000    0.4759947
   0.1841000    0.4535181
   0.1842000    0.4255842
   0.1843000    0.5366502
   0.1844000    0.4574134
   0.1845000    0.4673078
   0.1846000    0.4255606
   0.1847000    0.4558372
   0.1848000    0.4285413
   0.1849000    0.4527768
   0.1850000    0.4357176
   0.1851000    0.4138316
   0.1852000    0.4729602
   0.1853000    0.4724150
   0.1854000    0.4574764
   0.1855000    0.4259745
   0.1856000    0.4578288
   0.1857000    0.4235286
   0.1858000    0.4753039
   0.1859000    0.4385585
   0.1860000    0.4128903
   0.1861000    0.4114532
   0.1862000    0.4193608
   0.1863000    0.4246498
   0.1864000    0.4591492
   0.1865000    0.4142066
   0.1866000    0.4133084
   0.1867000    0.4780714
   0.1868000    0.4526225
   0.1869000    0.4734267
   0.1870000    0.4863052
   0.1871000    0.5021393
   0.1872000    0.4534012
   0.1873000    0.4863297
   0.1874000    0.4729452
   0.1875000    0.4219881
   0.1876000    0.4473726
   0.1877000    0.4193201
   0.1878000    0.4365591
   0.1879000    0.4477620
   0.1880000    0.4531356
   0.1881000    0.4819422
   0.1882000    0.4864373
   0.1883000    0.4592293
   0.1884000    0.4619163
   0.1885000    0.4715980
   0.1886000    0.5156778
   0.1887000    0.4848729
   0.1888000    0.4407398
   0.1889000    0.4564680
   0.1890000    0.4256053
   0.1891000    0.4288317
   0.1892000    0.4815113
   0.1893000    0.4409551
   0.1894000    0.4125013
   0.1895000    0.4100453
   0.1896000    0.4023734
   0.1897000    0.4405649
   0.1898000    0.4107639
   0.1899000    0.4558893
   0.1900000    0.4256555
   0.1901000    0.4105449
   0.1902000    0.4145233
   0.1903000    0.4209598
   0.1904000    0.4212856
   0.1905000    0.4433921
   0.1906000    0.4237881
   0.1907000    0.4047074
   0.1908000    0.4414836
   0.1909000    0.4396381
   0.1910000    0.4206859
   0.1911000    0.3935979
   0.1912000    0.4211790
   0.1913000    0.4265014
   0.1914000    0.4004537
   0.1915000    0.4799455
   0.1916000    0.4331509
   0.1917000    0.4250977
   0.1918000    0.4570085
   0.1919000    0.4359334
   0.1920000    0.4408399
   0.1921000    0.4641207
   0.1922000    0.4402395
   0.1923000    0.4211976
   0.1924000    0.4123899
   0.1925000    0.4103796
   0.1926000    0.4502516
   0.1927000    0.4579509
   0.1928000    0.4372225
   0.1929000    0.4757284
   0.1930000    0.4328619
   0.1931000    0.4415574
   0.1932000    0.4784225
   0.1933000    0.4450265
   0.1934000    0.4881589
   0.1935000    0.4581807
   0.1936000    0.4939325
   0.1937000    0.4868858
   0.1938000    0.4827445
   0.1939000    0.4720713
   0.1940000    0.4866746
   0.1941000    0.4990372
   0.1942000    0.4741439
   0.1943000    0.4476648
   0.1944000    0.4549079
   0.1945000    0.4480726
   0.1946000    0.4354957
   0.1947000    0.4689217
   0.1948000    0.4427144
   0.1949000    0.4520010
   0.1950000    0.5039799
   0.1951000    0.5142112
   0.1952000    0.4340016
   0.1953000    0.4735687
   0.1954000    0.4998728
   0.1955000    0.5601972
   0.1956000    0.5407004
   0.1957000    0.4907721
   0.1958000    0.5943016
   0.1959000    0.5576299
   0.1960000    0.6125583
   0.1961000    0.5600050
   0.1962000    0.5424443
   0.1963000    0.5317230
   0.1964000    0.5098653
   0.1965000    0.5098783
   0.1966000    0.5552864
   0.1967000    0.5165915
   0.1968000    0.5135204
   0.1969000    0.5686516
   0.1970000    0.5730812
   0.1971000    0.6155578
   0.1972000    0.6098318
   0.1973000    0.5605562
   0.1974000    0.4634936
   0.1975000    0.5011814
   0.1976000    0.5182001
   0.1977000    0.5171292
   0.1978000    0.4918735
   0.1979000    0.5306271
   0.1980000    0.5331737
   0.1981000    0.5399750
   0.1982000    0.5763131
   0.1983000    0.5284965
   0.1984000    0.5731513
   0.1985000    0.6037412
   0.1986000    0.5809848
   0.1987000    0.5570547
   0.1988000    0.5620003
   0.1989000    0.5716343
   0.1990000    0.5643368
   0.1991000    0.5747538
   0.1992000    0.5837785
   0.1993000    0.5427070
   0.1994000    0.5707121
   0.1995000    0.5597688
   0.1996000    0.5535616
   0.1997000    0.5507715
   0.1998000    0.5506229
   0.1999000    0.5923164
   0.2000000    0.5803302
   0.2001000    0.5903273
   0.2002000    0.6081680
   0.2003000    0.5977945
   0.2004000    0.5698164
   0.2005000    0.5949056
   0.2006000    0.5791324
   0.2007000    0.5590015
   0.2008000    0.5387471
   0.2009000    0.5740888
   0.2010000    0.5855117
   0.2011000    0.5363653
   0.2012000    0.5529180
   0.2013000    0.5610501
   0.2014000    0.5620311
   0.2015000    0.5284289
   0.2016000    0.4982320
   0.2017000    0.5602094
   0.2018000    0.5166971
   0.2019000    0.5202168
   0.2020000    0.4817499
   0.2021000    0.4751616
   0.2022000    0.4849791
   0.2023000    0.4786559
   0.2024000    0.4530558
   0.2025000    0.4446548
   0.2026000    0.4069777
   0.2027000    0.4379038
   0.2028000    0.4067639
   0.2029000    0.4143067
   0.2030000    0.4971352
   0.2031000    0.5127894
   0.2032000    0.4594241
   0.2033000    0.4689664
   0.2034000    0.4476373
   0.2035000    0.4524646
   0.2036000    0.4744936
   0.2037000    0.4517756
   0.2038000    0.4830119
   0.2039000    0.5055571
   0.2040000    0.4872466
   0.2041000    0.4643879
   0.2042000    0.4581831
   0.2043000    0.4419064
   0.2044000    0.4428505
   0.2045000    0.4710751
   0.2046000    0.4575763
   0.2047000    0.4944327
   0.2048000    0.5348462
   0.2049000    0.4587946
   0.2050000    0.4536227
   0.2051000    0.4415659
   0.2052000    0.4805959
   0.2053000    0.5158294
   0.2054000    0.4618086
   0.2055000    0.4911048
   0.2056000    0.4811841
   0.2057000    0.4725975
   0.2058000    0.4723603
   0.2059000    0.4350103
   0.2060000    0.3987648
   0.2061000    0.4762417
   0.2062000    0.4201658
   0.2063000    0.4187478
   0.2064000    0.4672088
   0.2065000    0.4734108
   0.2066000    0.4363186
   0.2067000    0.4554350
   0.2068000    0.4795989
   0.2069000    0.4243093
   0.2070000    0.4789796
   0.2071000    0.4558632
   0.2072000    0.5101228
   0.2073000    0.4516404
   0.2074000    0.4716508
   0.2075000    0.4382520
   0.2076000    0.4395994
   0.2077000    0.4294190
   0.2078000    0.4582005
   0.2079000    0.4645644
   0.2080000    0.4184831
   0.2081000    0.4032132
   0.2082000    0.4200302
   0.2083000    0.4427609
   0.2084000    0.4657914
   0.2085000    0.4437296
   0.2086000    0.4358387
   0.2087000    0.4191507
   0.2088000    0.4201087
   0.2089000    0.4475755
   0.2090000    0.4298616
   0.2091000    0.4514878
   0.2092000    0.4067973
   0.2093000    0.4234984
   0.2094000    0.4305434
   0.2095000    0.4370864
   0.2096000    0.4197280
   0.2097000    0.4499609
   0.2098000    0.4157405
   0.2099000    0.4212245
   0.2100000    0.4169422
   0.2101000    0.4267695
   0.2102000    0.4363846
   0.2103000    0.4376443
   0.2104000    0.3902394
   0.2105000    0.4429423
   0.2106000    0.4565784
   0.2107000    0.4457500
   0.2108000    0.4827701
   0.2109000    0.4843156
   0.2110000    0.4544284
   0.2111000    0.4428690
   0.2112000    0.4379945
   0.2113000    0.4339398
   0.2114000    0.4768555
   0.2115000    0.4257194
   0.2116000    0.4366707
   0.2117000    0.4841589
   0.2118000    0.3759705
   0.2119000    0.3790914
   0.2120000    0.4138622
   0.2121000    0.3807644
   0.2122000    0.4188599
   0.2123000    0.4563723
   0.2124000    0.4125001
   0.2125000    0.4581330
   0.2126000    0.4935940
   0.2127000    0.4444010
   0.2128000    0.4413946
   0.2129000    0.4637619
   0.2130000    0.4382947
   0.2131000    0.4574603
   0.2132000    0.4290971
   0.2133000    0.4356423
   0.2134000    0.4478427
   0.2135000    0.4376579
   0.2136000    0.4285296
   0.2137000    0.4209150
   0.2138000    0.4461164
   0.2139000    0.4246819
   0.2140000    0.3995352
   0.2141000    0.4789771
   0.2142000    0.4577025
   0.2143000    0.4283403
   0.2144000    0.4354529
   0.2145000    0.4433696
   0.2146000    0.4416609
   0.2147000    0.4473850
   0.2148000    0.4627909
   0.2149000    0.4587268
   0.2150000    0.4614060
   0.2151000    0.4761139
   0.2152000    0.4329460
   0.2153000    0.4218065
   0.2154000    0.4455305
   0.2155000    0.4329467
   0.2156000    0.4654668
   0.2157000    0.4651316
   0.2158000    0.4563927
   0.2159000    0.4539636
   0.2160000    0.4796398
   0.2161000    0.4874918
   0.2162000    0.4891347
   0.2163000    0.4458089
   0.2164000    0.4807776
   0.2165000    0.4918087
   0.2166000    0.4074255
   0.2167000    0.4046789
   0.2168000    0.4278210
   0.2169000    0.3737828
   0.2170000    0.4587553
   0.2171000    0.3774277
   0.2172000    0.4055454
   0.2173000    0.4518929
   0.2174000    0.4409160
   0.2175000    0.5013747
   0.2176000    0.4372908
   0.2177000    0.4839789
   0.2178000    0.4749311
   0.2179000    0.5000219
   0.2180000    0.4777359
   0.2181000    0.4692730
   0.2182000    0.4817058
   0.2183000    0.4546367
   0.2184000    0.4254125
   0.2185000    0.4829008
   0.2186000    0.5029261
   0.2187000    0.5042269
   0.2188000    0.5046045
   0.2189000    0.4818307
   0.2190000    0.5178813
   0.2191000    0.4118481
   0.2192000    0.4781547
   0.2193000    0.4891763
   0.2194000    0.4379307
   0.2195000    0.4494750
   0.2196000    0.4955957
   0.2197000    0.4655402
   0.2198000    0.4486836
   0.2199000    0.5008761
   0.2200000    0.4672796
   0.2201000    0.4514140
   0.2202000    0.4853363
   0.2203000    0.4820272
   0.2204000    0.4447496
   0.2205000    0.4870130
   0.2206000    0.4328171
   0.2207000    0.4637741
   0.2208000    0.4964312
   0.2209000    0.4581365
   0.2210000    0.4559951
   0.2211000    0.4322273
   0.2212000    0.4131218
   0.2213000    0.4377021
   0.2214000    0.4276210
   0.2215000    0.4672472
   0.2216000    0.4758050
   0.2217000    0.4479574
   0.2218000    0.4549915
   0.2219000    0.4260173
   0.2220000    0.4458295
   0.2221000    0.4379902
   0.2222000    0.4462450
   0.2223000    0.4609364
   0.2224000    0.4244350
   0.2225000    0.4570611
   0.2226000    0.4990701
   0.2227000    0.4191457
   0.2228000    0.4504020
   0.2229000    0.4553737
   0.2230000    0.4278293
   0.2231000    0.4170661
   0.2232000    0.4523126
   0.2233000    0.4341421
   0.2234000    0.5085502
   0.2235000    0.5480963
   0.2236000    0.4907143
   0.2237000    0.5043540
   0.2238000    0.4786322
   0.2239000    0.4745793
   0.2240000    0.4724069
   0.2241000    0.5058109
   0.2242000    0.4921699
   0.2243000    0.4866923
   0.2244000    0.4700137
   0.2245000    0.5125356
   0.2246000    0.4940853
   0.2247000    0.5149376
   0.2248000    0.4671737
   0.2249000    0.4819450
   0.2250000    0.5166968
   0.2251000    0.5162959
   0.2252000    0.5175450
   0.2253000    0.4853719
   0.2254000    0.4862410
   0.2255000    0.5223269
   0.2256000    0.4614405
   0.2257000    0.4813619
   0.2258000    0.4766337
   0.2259000    0.5306358
   0.2260000    0.5161055
   0.2261000    0.5001721
   0.2262000    0.5046694
   0.2263000    0.5339873
   0.2264000    0.4829225
   0.2265000    0.4712805
   0.2266000    0.4584145
   0.2267000    0.4574779
   0.2268000    0.4576739
   0.2269000    0.4900525
   0.2270000    0.5222282
   0.2271000    0.5402001
   0.2272000    0.5432729
   0.2273000    0.4456319
   0.2274000    0.4603963
   0.2275000    0.4733057
   0.2276000    0.4387233
   0.2277000    0.4505818
   0.2278000    0.4679692
   0.2279000    0.4690035
   0.2280000    0.4514494
   0.2281000    0.4548726
   0.2282000    0.4724205
   0.2283000    0.4827605
   0.2284000    0.4556822
   0.2285000    0.4268464
   0.2286000    0.4684571
   0.2287000    0.4504426
   0.2288000    0.4420470
   0.2289000    0.3857199
   0.2290000    0.4471662
   0.2291000    0.4948946
   0.2292000    0.4801967
   0.2293000    0.4281943
   0.2294000    0.4364793
   0.2295000    0.4139060
   0.2296000    0.4625229
   0.2297000    0.4309912
   0.2298000    0.4546863
   0.2299000    0.4757065
   0.2300000    0.4876002
   0.2301000    0.4660566
   0.2302000    0.4674304
   0.2303000    0.4354162
   0.2304000    0.4961492
   0.2305000    0.4605785
   0.2306000    0.4249451
   0.2307000    0.4717665
   0.2308000    0.4747990
   0.2309000    0.4713944
   0.2310000    0.4788483
   0.2311000    0.5316255
   0.2312000    0.5077296
   0.2313000    0.4726921
   0.2314000    0.5028448
   0.2315000    0.4838733
   0.2316000    0.4801224
   0.2317000    0.4872395
   0.2318000    0.4797926
   0.2319000    0.4914016
   0.2320000    0.4853101
   0.2321000    0.5177604
   0.2322000    0.5257142
   0.2323000    0.4723789
   0.2324000    0.5256876
   0.2325000    0.4929076
   0.2326000    0.4631065
   0.2327000    0.4633352
   0.2328000    0.4891027
   0.2329000    0.5050053
   0.2330000    0.4988606
   0.2331000    0.4916140
   0.2332000    0.5060450
   0.2333000    0.4773783
   0.2334000    0.4686249
   0.2335000    0.4482826
   0.2336000    0.4614242
   0.2337000    0.5175774
   0.2338000    0.4803677
   0.2339000    0.5089194
   0.2340000    0.5020707
   0.2341000    0.4751905
   0.2342000    0.5077140
   0.2343000    0.4898797
   0.2344000    0.5117667
   0.2345000    0.5293633
   0.2346000    0.5001400
   0.2347000    0.4743981
   0.2348000    0.5057510
   0.2349000    0.5002500
   0.2350000    0.5324008
   0.2351000    0.4811477
   0.2352000    0.5428774
   0.2353000    0.5039639
   0.2354000    0.5197948
   0.2355000    0.5469702
   0.2356000    0.5509719
   0.2357000    0.5127055
   0.2358000    0.5032126
   0.2359000    0.5167454
   0.2360000    0.5269967
   0.2361000    0.5858329
   0.2362000    0.5789604
   0.2363000    0.5571462
   0.2364000    0.5476497
   0.2365000    0.5393435
   0.2366000    0.5586093
   0.2367000    0.5434598
   0.2368000    0.5501680
   0.2369000    0.4961682
   0.2370000    0.5508355
   0.2371000    0.5076094
   0.2372000    0.5167847
   0.2373000    0.5369982
   0.2374000    0.5328655
   0.2375000    0.5269577
   0.2376000    0.5586987
   0.2377000    0.5479399
   0.2378000    0.4925478
   0.2379000    0.5325275
   0.2380000    0.5129812
   0.2381000    0.4846618
   0.2382000    0.4970883
   0.2383000    0.5213543
   0.2384000    0.5037137
   0.2385000    0.5152255
   0.2386000    0.5323775
   0.2387000    0.5254171
   0.2388000    0.5177563
   0.2389000    0.5596101
   0.2390000    0.5413110
   0.2391000    0.5619920
   0.2392000    0.5365601
   0.2393000    0.5426947
   0.2394000    0.5591253
   0.2395000    0.5810121
   0.2396000    0.5243161
   0.2397000    0.5267966
   0.2398000    0.5231831
   0.2399000    0.5278145
   0.2400000    0.4854921
   0.2401000    0.4385394
   0.2402000    0.4574005
   0.2403000    0.4301933
   0.2404000    0.4668111
   0.2405000    0.4902409
   0.2406000    0.4629778
   0.2407000    0.4749055
   0.2408000    0.4774255
   0.2409000    0.4985112
   0.2410000    0.5175115
   0.2411000    0.4953330
   0.2412000    0.4779284
   0.2413000    0.5013501
   0.2414000    0.5146539
   0.2415000    0.5403405
   0.2416000    0.5186965
   0.2417000    0.4954003
   0.2418000    0.5228713
   0.2419000    0.5443316
   0.2420000    0.4982327
   0.2421000    0.5123990
   0.2422000    0.5136881
   0.2423000    0.5241920
   0.2424000    0.4985782
   0.2425000    0.5382551
   0.2426000    0.5190485
   0.2427000    0.5130728
   0.2428000    0.5030805
   0.2429000    0.5436153
   0.2430000    0.5034410
   0.2431000    0.5174246
   0.2432000    0.5004433
   0.2433000    0.5146240
   0.2434000    0.5005425
   0.2435000    0.5275629
   0.2436000    0.4904310
   0.2437000    0.5169126
   0.2438000    0.5300085
   0.2439000    0.4997696
   0.2440000    0.5138778
   0.2441000    0.5251891
   0.2442000    0.5425488
   0.2443000    0.5243230
   0.2444000    0.5280387
   0.2445000    0.5337728
   0.2446000    0.5458940
   0.2447000    0.5571342
   0.2448000    0.5196465
   0.2449000    0.5009353
   0.2450000    0.4963981
   0.2451000    0.4651030
   0.2452000    0.4736504
   0.2453000    0.4455037
   0.2454000    0.4579015
   0.2455000    0.4369608
   0.2456000    0.5040194
   0.2457000    0.4864161
   0.2458000    0.4931748
   0.2459000    0.4503396
   0.2460000    0.4426714
   0.2461000    0.4612059
   0.2462000    0.4295570
   0.2463000    0.4365107
   0.2464000    0.4136733
   0.2465000    0.4312486
   0.2466000    0.4206987
   0.2467000    0.4726422
   0.2468000    0.4615946
   0.2469000    0.4716193
   0.2470000    0.4677816
   0.2471000    0.4422014
   0.2472000    0.4766453
   0.2473000    0.4654558
   0.2474000    0.4324362
   0.2475000    0.4189756
   0.2476000    0.4527013
   0.2477000    0.4430550
   0.2478000    0.4416534
   0.2479000    0.4197319
   0.2480000    0.4608523
   0.2481000    0.5302970
   0.2482000    0.4533796
   0.2483000    0.4736694
   0.2484000    0.4577717
   0.2485000    0.4902990
   0.2486000    0.4702093
   0.2487000    0.4466361
   0.2488000    0.4127355
   0.2489000    0.4866603
   0.2490000    0.4609449
   0.2491000    0.4763623
   0.2492000    0.4899272
   0.2493000    0.4485216
   0.2494000    0.4852162
   0.2495000    0.5011961
   0.2496000    0.4425116
   0.2497000    0.4574788
   0.2498000    0.4346398
   0.2499000    0.4936702
   0.2500000    0.4601332
   0.2501000    0.4338805
   0.2502000    0.4354147
   0.2503000    0.4163511
   0.2504000    0.4588057
   0.2505000    0.4284124
   0.2506000    0.4823362
   0.2507000    0.5695884
   0.2508000    0.5830981
   0.2509000    0.5208356
   0.2510000    0.5672938
   0.2511000    0.5180223
   0.2512000    0.5471569
   0.2513000    0.4979676
   0.2514000    0.4868367
   0.2515000    0.5783967
   0.2516000    0.5099856
   0.2517000    0.4511008
   0.2518000    0.5408874
   0.2519000    0.5329680
   0.2520000    0.4669867
   0.2521000    0.4860637
   0.2522000    0.4873712
   0.2523000    0.4965676
   0.2524000    0.5271949
   0.2525000    0.5374839
   0.2526000    0.5365714
   0.2527000    0.4935472
   0.2528000    0.5143735
   0.2529000    0.5012612
   0.2530000    0.5179309
   0.2531000    0.5023410
   0.2532000    0.5013529
   0.2533000    0.5165057
   0.2534000    0.5401528
   0.2535000    0.5012410
   0.2536000    0.5517990
   0.2537000    0.5688776
   0.2538000    0.5693149
   0.2539000    0.5855927
   0.2540000    0.5455834
   0.2541000    0.5682446
   0.2542000    0.5597734
   0.2543000    0.5695854
   0.2544000    0.5633223
   0.2545000    0.5704423
   0.2546000    0.5760561
   0.2547000    0.5673984
   0.2548000    0.5909774
   0.2549000    0.5905597
   0.2550000    0.5795303
   0.2551000    0.5629565
   0.2552000    0.5982912
   0.2553000    0.5701920
   0.2554000    0.6010344
   0.2555000    0.6004015
   0.2556000    0.5835512
   0.2557000    0.5783972
   0.2558000    0.5841781
   0.2559000    0.5980150
   0.2560000    0.6125746
   0.2561000    0.5977288
   0.2562000    0.6114555
   0.2563000    0.6087471
   0.2564000    0.5986268
   0.2565000    0.6143077
   0.2566000    0.6321957
   0.2567000    0.6339709
   0.2568000    0.6136476
   0.2569000    0.6172253
   0.2570000    0.6057830
   0.2571000    0.6186962
   0.2572000    0.6047691
   0.2573000    0.6112202
   0.2574000    0.6006207
   0.2575000    0.6317450
   0.2576000    0.5959365
   0.2577000    0.5945631
   0.2578000    0.5957515
   0.2579000    0.6160302
   0.2580000    0.6040547
   0.2581000    0.6169450
   0.2582000    0.6009108
   0.2583000    0.6075650
   0.2584000    0.6120868
   0.2585000    0.6042061
   0.2586000    0.6325327
   0.2587000    0.6240307
   0.2588000    0.6133670
   0.2589000    0.6038888
   0.2590000    0.5939184
   0.2591000    0.5891281
   0.2592000    0.5919672
   0.2593000    0.5840924
   0.2594000    0.5963466
   0.2595000    0.6179487
   0.2596000    0.5964437
   0.2597000    0.5988803
   0.2598000    0.6270184
   0.2599000    0.6041633
   0.2600000    0.6049022
   0.2601000    0.6125159
   0.2602000    0.6111311
   0.2603000    0.6122183
   0.2604000    0.6390694
   0.2605000    0.6135301
   0.2606000    0.6164804
   0.2607000    0.5974166
   0.2608000    0.6302941
   0.2609000    0.6008440
   0.2610000    0.6019110
   0.2611000    0.5909584
   0.2612000    0.5886822
   0.2613000    0.5770628
   0.2614000    0.6055670
   0.2615000    0.5830505
   0.2616000    0.6123693
   0.2617000    0.5956454
   0.2618000    0.6081342
   0.2619000    0.5933384
   0.2620000    0.6007667
   0.2621000    0.5988192
   0.2622000    0.6059313
   0.2623000    0.5764525
   0.2624000    0.5990531
   0.2625000    0.5743002
   0.2626000    0.5895658
   0.2627000    0.5888076
   0.2628000    0.5729950
   0.2629000    0.5991508
   0.2630000    0.6187129
   0.2631000    0.5948217
   0.2632000    0.5911440
   0.2633000    0.6038758
   0.2634000    0.5934797
   0.2635000    0.6160653
   0.2636000    0.6065894
   0.2637000    0.6210452
   0.2638000    0.6267333
   0.2639000    0.6002804
   0.2640000    0.6108335
   0.2641000    0.6203081
   0.2642000    0.6310416
   0.2643000    0.6090518
   0.2644000    0.6029281
   0.2645000    0.6103354
   0.2646000    0.6115658
   0.2647000    0.6086552
   0.2648000    0.6263165
   0.2649000    0.5873786
   0.2650000    0.5908298
   0.2651000    0.6117453
   0.2652000    0.5737758
   0.2653000    0.5663600
   0.2654000    0.5819016
   0.2655000    0.6225657
   0.2656000    0.6100456
   0.2657000    0.5763998
   0.2658000    0.5981994
   0.2659000    0.6332327
   0.2660000    0.6065565
   0.2661000    0.5969254
   0.2662000    0.5950165
   0.2663000    0.5806984
   0.2664000    0.5752774
   0.2665000    0.5847629
   0.2666000    0.5978602
   0.2667000    0.5911634
   0.2668000    0.6135534
   0.2669000    0.6067481
   0.2670000    0.5990788
   0.2671000    0.5720478
   0.2672000    0.5669720
   0.2673000    0.6009848
   0.2674000    0.5888917
   0.2675000    0.6082755
   0.2676000    0.5939955
   0.2677000    0.5875349
   0.2678000    0.5900012
   0.2679000    0.5963072
   0.2680000    0.5795543
   0.2681000    0.5561977
   0.2682000    0.5738397
   0.2683000    0.5652727
   0.2684000    0.5925940
   0.2685000    0.5925932
   0.2686000    0.5861409
   0.2687000    0.5961530
   0.2688000    0.5786804
   0.2689000    0.5837637
   0.2690000    0.5845778
   0.2691000    0.5823969
   0.2692000    0.5517693
   0.2693000    0.5885013
   0.2694000    0.6040925
   0.2695000    0.5915151
   0.2696000    0.6063199
   0.2697000    0.6167610
   0.2698000    0.6046135
   0.2699000    0.6114041
   0.2700000    0.6186309
   0.2701000    0.5960358
   0.2702000    0.6185480
   0.2703000    0.5859057
   0.2704000    0.6202379
   0.2705000    0.5754912
   0.2706000    0.5729246
   0.2707000    0.5622374
   0.2708000    0.5693241
   0.2709000    0.5866542
   0.2710000    0.5846761
   0.2711000    0.5633877
   0.2712000    0.5811477
   0.2713000    0.5683821
   0.2714000    0.6021070
   0.2715000    0.5949007
   0.2716000    0.6088446
   0.2717000    0.6293578
   0.2718000    0.6008543
   0.2719000    0.6143051
   0.2720000    0.5902324
   0.2721000    0.6191983
   0.2722000    0.5867351
   0.2723000    0.5979591
   0.2724000    0.6015627
   0.2725000    0.5814693
   0.2726000    0.6167861
   0.2727000    0.6311060
   0.2728000    0.6094615
   0.2729000    0.6145662
   0.2730000    0.6063133
   0.2731000    0.6062807
   0.2732000    0.6017310
   0.2733000    0.6082636
   0.2734000    0.5938790
   0.2735000    0.5885720
   0.2736000    0.6000345
   0.2737000    0.6140643
   0.2738000    0.6239475
   0.2739000    0.6205199
   0.2740000    0.6333532
   0.2741000    0.6346207
   0.2742000    0.5745417
   0.2743000    0.5853540
   0.2744000    0.5942689
   0.2745000    0.6136526
   0.2746000    0.5807928
   0.2747000    0.6005235
   0.2748000    0.6137627
   0.2749000    0.5443938
   0.2750000    0.5696112
   0.2751000    0.6015519
   0.2752000    0.6287423
   0.2753000    0.6230518
   0.2754000    0.5931387
   0.2755000    0.6242635
   0.2756000    0.6261216
   0.2757000    0.6292983
   0.2758000    0.6230042
   0.2759000    0.6360421
   0.2760000    0.6109665
   0.2761000    0.6338738
   0.2762000    0.6374708
   0.2763000    0.6341754
   0.2764000    0.6021299
   0.2765000    0.5890721
   0.2766000    0.6207185
   0.2767000    0.5749905
   0.2768000    0.5981684
   0.2769000    0.6219441
   0.2770000    0.6189238
   0.2771000    0.6079385
   0.2772000    0.5894893
   0.2773000    0.5767721
   0.2774000    0.5865163
   0.2775000    0.5962313
   0.2776000    0.5985020
   0.2777000    0.5948477
   0.2778000    0.5832729
   0.2779000    0.5911156
   0.2780000    0.5843431
   0.2781000    0.5789857
   0.2782000    0.6019035
   0.2783000    0.5962653
   0.2784000    0.5406395
   0.2785000    0.5686951
   0.2786000    0.6458244
   0.2787000    0.6229167
   0.2788000    0.6573412
   0.2789000    0.6339430
   0.2790000    0.6404653
   0.2791000    0.6412226
   0.2792000    0.6235400
   0.2793000    0.6428055
   0.2794000    0.6312657
   0.2795000    0.6358235
   0.2796000    0.6212917
   0.2797000    0.6379097
   0.2798000    0.6600534
   0.2799000    0.6109827
   0.2800000    0.6285169
   0.2801000    0.6377968
   0.2802000    0.6456599
   0.2803000    0.6148130
   0.2804000    0.6244323
   0.2805000    0.6164495
   0.2806000    0.6275668
   0.2807000    0.6132193
   0.2808000    0.6013761
   0.2809000    0.5811659
   0.2810000    0.5682302
   0.2811000    0.5808920
   0.2812000    0.6027264
   0.2813000    0.6052002
   0.2814000    0.6022881
   0.2815000    0.5826579
   0.2816000    0.5903235
   0.2817000    0.6032912
   0.2818000    0.5880204
   0.2819000    0.6584639
   0.2820000    0.6418188
   0.2821000    0.6266246
   0.2822000    0.6356445
   0.2823000    0.6173509
   0.2824000    0.6224160
   0.2825000    0.6180220
   0.2826000    0.6251038
   0.2827000    0.6269165
   0.2828000    0.5949466
   0.2829000    0.6395404
   0.2830000    0.6506122
   0.2831000    0.6180809
   0.2832000    0.6330402
   0.2833000    0.6005430
   0.2834000    0.6115295
   0.2835000    0.6212494
   0.2836000    0.6373792
   0.2837000    0.5984173
   0.2838000    0.5834090
   0.2839000    0.6118655
   0.2840000    0.5865904
   0.2841000    0.5933169
   0.2842000    0.6069465
   0.2843000    0.6005997
   0.2844000    0.5856402
   0.2845000    0.5859953
   0.2846000    0.6062855
   0.2847000    0.6130093
   0.2848000    0.6225018
   0.2849000    0.6213102
   0.2850000    0.6166682
   0.2851000    0.5925727
   0.2852000    0.5957431
   0.2853000    0.5999419
   0.2854000    0.6198107
   0.2855000    0.5909581
   0.2856000    0.6116086
   0.2857000    0.5940129
   0.2858000    0.5858082
   0.2859000    0.5761072
   0.2860000    0.5988277
   0.2861000    0.5984530
   0.2862000    0.6037332
   0.2863000    0.5954025
   0.2864000    0.6025652
   0.2865000    0.6082636
   0.2866000    0.6137457
   0.2867000    0.5878354
   0.2868000    0.5959087
   0.2869000    0.5989482
   0.2870000    0.5966507
   0.2871000    0.6056408
   0.2872000    0.6452832
   0.2873000    0.5905123
   0.2874000    0.6152955
   0.2875000    0.6294039
   0.2876000    0.5965025
   0.2877000    0.5960589
   0.2878000    0.6044849
   0.2879000    0.5944001
   0.2880000    0.5697765
   0.2881000    0.5877428
   0.2882000    0.6000233
   0.2883000    0.6028969
   0.2884000    0.5757903
   0.2885000    0.5615276
   0.2886000    0.5768701
   0.2887000    0.5880165
   0.2888000    0.5824815
   0.2889000    0.5753396
   0.2890000    0.5827073
   0.2891000    0.5887362
   0.2892000    0.6075121
   0.2893000    0.5960364
   0.2894000    0.5967062
   0.2895000    0.5928270
   0.2896000    0.6073565
   0.2897000    0.5874488
   0.2898000    0.5963368
   0.2899000    0.6034405
   0.2900000    0.6347812
   0.2901000    0.5805464
   0.2902000    0.5849282
   0.2903000    0.5999399
   0.2904000    0.5807578
   0.2905000    0.5913365
   0.2906000    0.5969992
   0.2907000    0.5978730
   0.2908000    0.6048480
   0.2909000    0.5929341
   0.2910000    0.5759666
   0.2911000    0.5911124
   0.2912000    0.5863715
   0.2913000    0.5769962
   0.2914000    0.5784071
   0.2915000    0.5977604
   0.2916000    0.5981134
   0.2917000    0.5667634
   0.2918000    0.5903838
   0.2919000    0.5841520
   0.2920000    0.5894370
   0.2921000    0.6015549
   0.2922000    0.5910319
   0.2923000    0.5649834
   0.2924000    0.5792587
   0.2925000    0.5929842
   0.2926000    0.6222386
   0.2927000    0.6001734
   0.2928000    0.5812071
   0.2929000    0.6019209
   0.2930000    0.5921392
   0.2931000    0.5946702
   0.2932000    0.5864416
   0.2933000    0.5648309
   0.2934000    0.5683734
   0.2935000    0.5680602
   0.2936000    0.5792881
   0.2937000    0.6079397
   0.2938000    0.5900808
   0.2939000    0.6044232
   0.2940000    0.5782358
   0.2941000    0.5921640
   0.2942000    0.5770798
   0.2943000    0.5891312
   0.2944000    0.5668259
   0.2945000    0.5757591
   0.2946000    0.5826493
   0.2947000    0.6026042
   0.2948000    0.5765600
   0.2949000    0.5635527
   0.2950000    0.5651867
   0.2951000    0.5847567
   0.2952000    0.5888145
   0.2953000    0.5821458
   0.2954000    0.5819530
   0.2955000    0.5639015
   0.2956000    0.5547761
   0.2957000    0.5680954
   0.2958000    0.5714050
   0.2959000    0.5753427
   0.2960000    0.5332910
   0.2961000    0.5522687
   0.2962000    0.5713206
   0.2963000    0.5560443
   0.2964000    0.5805239
   0.2965000    0.5574290
   0.2966000    0.5723470
   0.2967000    0.5763219
   0.2968000    0.5675242
   0.2969000    0.5739325
   0.2970000    0.5908866
   0.2971000    0.5943232
   0.2972000    0.5581453
   0.2973000    0.5821738
   0.2974000    0.5909171
   0.2975000    0.5692342
   0.2976000    0.5790259
   0.2977000    0.5911402
   0.2978000    0.5882704
   0.2979000    0.5801041
   0.2980000    0.5911464
   0.2981000    0.5787837
   0.2982000    0.5421596
   0.2983000    0.5736501
   0.2984000    0.5816251
   0.2985000    0.5719422
   0.2986000    0.5686669
   0.2987000    0.5958592
   0.2988000    0.5781130
   0.2989000    0.5891916
   0.2990000    0.5462168
   0.2991000    0.5694972
   0.2992000    0.5784934
   0.2993000    0.5817584
   0.2994000    0.6093313
   0.2995000    0.5923554
   0.2996000    0.5839572
   0.2997000    0.5903394
   0.2998000    0.5867661
   0.2999000    0.5494514
   0.3000000    0.5950198
   0.3001000    0.5941568
   0.3002000    0.5964834
   0.3003000    0.5945600
   0.3004000    0.5889560
   0.3005000    0.5800403
   0.3006000    0.6299291
   0.3007000    0.5892562
   0.3008000    0.5844829
   0.3009000    0.5686277
   0.3010000    0.5497577
   0.3011000    0.5589539
   0.3012000    0.5725570
   0.3013000    0.5829807
   0.3014000    0.5969489
   0.3015000    0.5883179
   0.3016000    0.5680435
   0.3017000    0.5908776
   0.3018000    0.5781344
   0.3019000    0.5858757
   0.3020000    0.6092748
   0.3021000    0.6455185
   0.3022000    0.6339827
   0.3023000    0.6002250
   0.3024000    0.6055914
   0.3025000    0.5687744
   0.3026000    0.5546046
   0.3027000    0.5903839
   0.3028000    0.5918636
   0.3029000    0.5848214
   0.3030000    0.5852659
   0.3031000    0.5845636
   0.3032000    0.6073254
   0.3033000    0.6044329
   0.3034000    0.5817295
   0.3035000    0.6069626
   0.3036000    0.5918298
   0.3037000    0.5732057
   0.3038000    0.5864360
   0.3039000    0.6344592
   0.3040000    0.6185971
   0.3041000    0.6080531
   0.3042000    0.5833359
   0.3043000    0.5855834
   0.3044000    0.5836349
   0.3045000    0.6014344
   0.3046000    0.6032540
   0.3047000    0.6345086
   0.3048000    0.6009719
   0.3049000    0.6199571
   0.3050000    0.5862200
   0.3051000    0.5959320
   0.3052000    0.6176903
   0.3053000    0.5967049
   0.3054000    0.6197197
   0.3055000    0.5884669
   0.3056000    0.6117332
   0.3057000    0.5928186
   0.3058000    0.5867423
   0.3059000    0.5883505
   0.3060000    0.5895205
   0.3061000    0.6150027
   0.3062000    0.5723205
   0.3063000    0.5672932
   0.3064000    0.5626100
   0.3065000    0.5768784
   0.3066000    0.5986127
   0.3067000    0.5998286
   0.3068000    0.6045741
   0.3069000    0.5911353
   0.3070000    0.5995314
   0.3071000    0.5857726
   0.3072000    0.5786580
   0.3073000    0.5808043
   0.3074000    0.6004486
   0.3075000    0.5524665
   0.3076000    0.5933419
   0.3077000    0.5870444
   0.3078000    0.6136420
   0.3079000    0.5890549
   0.3080000    0.5889270
   0.3081000    0.6136884
   0.3082000    0.5836986
   0.3083000    0.5993643
   0.3084000    0.5985931
   0.3085000    0.5728771
   0.3086000    0.5676619
   0.3087000    0.5938043
   0.3088000    0.5942442
   0.3089000    0.5993059
   0.3090000    0.5973068
   0.3091000    0.6058433
   0.3092000    0.6204038
   0.3093000    0.5757160
   0.3094000    0.5930794
   0.3095000    0.6378710
   0.3096000    0.6315636
   0.3097000    0.5848903
   0.3098000    0.6219252
   0.3099000    0.5982273
   0.3100000    0.6043878
   0.3101000    0.6031678
   0.3102000    0.6200499
   0.3103000    0.6061367
   0.3104000    0.6193661
   0.3105000    0.6120844
   0.3106000    0.6116149
   0.3107000    0.6047737
   0.3108000    0.5905210
   0.3109000    0.6138228
   0.3110000    0.6250458
   0.3111000    0.6329846
   0.3112000    0.6048155
   0.3113000    0.6194725
   0.3114000    0.6255851
   0.3115000    0.6029602
   0.3116000    0.6037921
   0.3117000    0.6106754
   0.3118000    0.5968342
   0.3119000    0.6157492
   0.3120000    0.6308265
   0.3121000    0.6239204
   0.3122000    0.5952205
   0.3123000    0.6165978
   0.3124000    0.6287202
   0.3125000    0.6207840
   0.3126000    0.5876682
   0.3127000    0.5988836
   0.3128000    0.5879903
   0.3129000    0.5908313
   0.3130000    0.5820630
   0.3131000    0.6055544
   0.3132000    0.6001282
   0.3133000    0.5947549
   0.3134000    0.5833485
   0.3135000    0.6187400
   0.3136000    0.6071232
   0.3137000    0.6021643
   0.3138000    0.6051016
   0.3139000    0.6153354
   0.3140000    0.6154504
   0.3141000    0.6145641
   0.3142000    0.6167768
   0.3143000    0.6034719
   0.3144000    0.6074335
   0.3145000    0.5901235
   0.3146000    0.5916287
   0.3147000    0.6051854
   0.3148000    0.5983181
   0.3149000    0.5915592
   0.3150000    0.6008809
   0.3151000    0.5616153
   0.3152000    0.5782371
   0.3153000    0.5895047
   0.3154000    0.5766868
   0.3155000    0.5864834
   0.3156000    0.5725011
   0.3157000    0.5560802
   0.3158000    0.5728650
   0.3159000    0.5660086
   0.3160000    0.5484312
   0.3161000    0.6144783
   0.3162000    0.5964525
   0.3163000    0.6097321
   0.3164000    0.5668603
   0.3165000    0.5732687
   0.3166000    0.5939823
   0.3167000    0.6239183
   0.3168000    0.6458970
   0.3169000    0.6031114
   0.3170000    0.6106384
   0.3171000    0.6234601
   0.3172000    0.6433502
   0.3173000    0.6278737
   0.3174000    0.6504481
   0.3175000    0.6239403
   0.3176000    0.6278632
   0.3177000    0.6179569
   0.3178000    0.6044619
   0.3179000    0.6066294
   0.3180000    0.6145878
   0.3181000    0.5738711
   0.3182000    0.5759085
   0.3183000    0.6078354
   0.3184000    0.6172857
   0.3185000    0.6028225
   0.3186000    0.5841722
   0.3187000    0.5852908
   0.3188000    0.6265740
   0.3189000    0.6165633
   0.3190000    0.5842698
   0.3191000    0.5957844
   0.3192000    0.6228471
   0.3193000    0.5887361
   0.3194000    0.6075549
   0.3195000    0.6010940
   0.3196000    0.5926304
   0.3197000    0.6237457
   0.3198000    0.6334723
   0.3199000    0.5979666
   0.3200000    0.5997048
   0.3201000    0.6228428
   0.3202000    0.5735136
   0.3203000    0.5957608
   0.3204000    0.6055949
   0.3205000    0.6201310
   0.3206000    0.6031835
   0.3207000    0.6144819
   0.3208000    0.6106078
   0.3209000    0.6337589
   0.3210000    0.6093462
   0.3211000    0.6101277
   0.3212000    0.6040122
   0.3213000    0.5652457
   0.3214000    0.5793356
   0.3215000    0.6016266
   0.3216000    0.5775363
   0.3217000    0.5943184
   0.3218000    0.6314946
   0.3219000    0.6223447
   0.3220000    0.6091623
   0.3221000    0.6173053
   0.3222000    0.6545167
   0.3223000    0.6507580
   0.3224000    0.6590481
   0.3225000    0.6200816
   0.3226000    0.6508036
   0.3227000    0.6378618
   0.3228000    0.6317942
   0.3229000    0.6503035
   0.3230000    0.6603605
   0.3231000    0.6944615
   0.3232000    0.6686899
   0.3233000    0.6793767
   0.3234000    0.6696863
   0.3235000    0.6756619
   0.3236000    0.6308865
   0.3237000    0.6271281
   0.3238000    0.6956934
   0.3239000    0.6491922
   0.3240000    0.6736844
   0.3241000    0.6532302
   0.3242000    0.6455359
   0.3243000    0.6484528
   0.3244000    0.6337625
   0.3245000    0.6334386
   0.3246000    0.6042985
   0.3247000    0.6074269
   0.3248000    0.6101967
   0.3249000    0.6045609
   0.3250000    0.6191932
   0.3251000    0.6245748
   0.3252000    0.6112029
   0.3253000    0.6232950
   0.3254000    0.6231690
   0.3255000    0.6031123
   0.3256000    0.6148842
   0.3257000    0.6251063
   0.3258000    0.6100886
   0.3259000    0.6000247
   0.3260000    0.6114715
   0.3261000    0.6268089
   0.3262000    0.6073397
   0.3263000    0.6343910
   0.3264000    0.6020586
   0.3265000    0.6214458
   0.3266000    0.6109462
   0.3267000    0.6257997
   0.3268000    0.6052386
   0.3269000    0.6001522
   0.3270000    0.6074344
   0.3271000    0.6020447
   0.3272000    0.5898125
   0.3273000    0.5790030
   0.3274000    0.5798267
   0.3275000    0.6021829
   0.3276000    0.6149996
   0.3277000    0.6183968
   0.3278000    0.6081260
   0.3279000    0.6214629
   0.3280000    0.6183870
   0.3281000    0.6195756
   0.3282000    0.6176820
   0.3283000    0.5697895
   0.3284000    0.5915723
   0.3285000    0.6140006
   0.3286000    0.6267085
   0.3287000    0.6144122
   0.3288000    0.6156633
   0.3289000    0.6207582
   0.3290000    0.6013777
   0.3291000    0.5833802
   0.3292000    0.6039540
   0.3293000    0.5537102
   0.3294000    0.5706515
   0.3295000    0.5725480
   0.3296000    0.5786375
   0.3297000    0.6095647
   0.3298000    0.6147454
   0.3299000    0.6119053
   0.3300000    0.6057076
   0.3301000    0.6297405
   0.3302000    0.6196626
   0.3303000    0.5885305
   0.3304000    0.6150880
   0.3305000    0.6004986
   0.3306000    0.6180862
   0.3307000    0.6151233
   0.3308000    0.5952519
   0.3309000    0.5810349
   0.3310000    0.5883431
   0.3311000    0.5674657
   0.3312000    0.5690266
   0.3313000    0.5709628
   0.3314000    0.6211561
   0.3315000    0.6158668
   0.3316000    0.6305890
   0.3317000    0.6183140
   0.3318000    0.6216590
   0.3319000    0.6049958
   0.3320000    0.6077006
   0.3321000    0.6389473
   0.3322000    0.5831990
   0.3323000    0.6132249
   0.3324000    0.6134828
   0.3325000    0.6065800
   0.3326000    0.6498585
   0.3327000    0.6113604
   0.3328000    0.6291600
   0.3329000    0.6283247
   0.3330000    0.6433510
   0.3331000    0.6231986
   0.3332000    0.6079454
   0.3333000    0.6133551
   0.3334000    0.6140378
   0.3335000    0.6002178
   0.3336000    0.6304284
   0.3337000    0.6426104
   0.3338000    0.6214448
   0.3339000    0.6239480
   0.3340000    0.5972992
   0.3341000    0.5993757
   0.3342000    0.6060631
   0.3343000    0.6165283
   0.3344000    0.6178886
   0.3345000    0.6199820
   0.3346000    0.6189013
   0.3347000    0.5998499
   0.3348000    0.6015793
   0.3349000    0.5993731
   0.3350000    0.6393951
   0.3351000    0.6283236
   0.3352000    0.6336781
   0.3353000    0.6260833
   0.3354000    0.5982688
   0.3355000    0.6166674
   0.3356000    0.6052136
   0.3357000    0.5914207
   0.3358000    0.5989321
   0.3359000    0.5950989
   0.3360000    0.5632263
   0.3361000    0.5716446
   0.3362000    0.5603485
   0.3363000    0.5386645
   0.3364000    0.5358430
   0.3365000    0.5425831
   0.3366000    0.5370588
   0.3367000    0.5503393
   0.3368000    0.5654486
   0.3369000    0.5534676
   0.3370000    0.5328265
   0.3371000    0.5393930
   0.3372000    0.5418593
   0.3373000    0.5483128
   0.3374000    0.5602566
   0.3375000    0.5455834
   0.3376000    0.5479712
   0.3377000    0.5549174
   0.3378000    0.5604751
   0.3379000    0.5594739
   0.3380000    0.5482216
   0.3381000    0.5469071
   0.3382000    0.5766199
   0.3383000    0.5501125
   0.3384000    0.5863627
   0.3385000    0.5994002
   0.3386000    0.5614802
   0.3387000    0.5734332
   0.3388000    0.5781596
   0.3389000    0.5889305
   0.3390000    0.6134955
   0.3391000    0.6115945
   0.3392000    0.6020867
   0.3393000    0.5785999
   0.3394000    0.6113978
   0.3395000    0.5888778
   0.3396000    0.5907192
   0.3397000    0.5896283
   0.3398000    0.6298165
   0.3399000    0.5888503
   0.3400000    0.5932922
   0.3401000    0.5687044
   0.3402000    0.6153310
   0.3403000    0.5940162
   0.3404000    0.5662021
   0.3405000    0.5890195
   0.3406000    0.5884480
   0.3407000    0.6114801
   0.3408000    0.6214535
   0.3409000    0.5914128
   0.3410000    0.6202393
   0.3411000    0.6224501
   0.3412000    0.5867486
   0.3413000    0.5978644
   0.3414000    0.5726578
   0.3415000    0.5852515
   0.3416000    0.5772699
   0.3417000    0.5689010
   0.3418000    0.5851833
   0.3419000    0.5662695
   0.3420000    0.5714977
   0.3421000    0.5534850
   0.3422000    0.5508612
   0.3423000    0.5682147
   0.3424000    0.5770943
   0.3425000    0.5614737
   0.3426000    0.5769014
   0.3427000    0.5779545
   0.3428000    0.5697731
   0.3429000    0.5580236
   0.3430000    0.5769823
   0.3431000    0.5686631
   0.3432000    0.5754652
   0.3433000    0.5661728
   0.3434000    0.5723402
   0.3435000    0.5749120
   0.3436000    0.6164194
   0.3437000    0.6045582
   0.3438000    0.5989004
   0.3439000    0.6437380
   0.3440000    0.6355420
   0.3441000    0.6428210
   0.3442000    0.6513233
   0.3443000    0.6178275
   0.3444000    0.6216949
   0.3445000    0.6472253
   0.3446000    0.6397710
   0.3447000    0.6325884
   0.3448000    0.6223810
   0.3449000    0.6145039
   0.3450000    0.6218286
   0.3451000    0.6166025
   0.3452000    0.5999251
   0.3453000    0.6208810
   0.3454000    0.6136758
   0.3455000    0.5989750
   0.3456000    0.6130852
   0.3457000    0.6115913
   0.3458000    0.6318741
   0.3459000    0.6048976
   0.3460000    0.6017957
   0.3461000    0.5939010
   0.3462000    0.6080474
   0.3463000    0.5987369
   0.3464000    0.6044943
   0.3465000    0.5953971
   0.3466000    0.6077070
   0.3467000    0.6007835
   0.3468000    0.5979759
   0.3469000    0.5935659
   0.3470000    0.5782104
   0.3471000    0.6040405
   0.3472000    0.6209710
   0.3473000    0.6256118
   0.3474000    0.6479747
   0.3475000    0.6231918
   0.3476000    0.6188201
   0.3477000    0.6027911
   0.3478000    0.6280612
   0.3479000    0.6315194
   0.3480000    0.6354083
   0.3481000    0.6073962
   0.3482000    0.6309242
   0.3483000    0.6323732
   0.3484000    0.6329106
   0.3485000    0.6466593
   0.3486000    0.5903598
   0.3487000    0.5850581
   0.3488000    0.5417915
   0.3489000    0.6023176
   0.3490000    0.5991471
   0.3491000    0.5790579
   0.3492000    0.5659443
   0.3493000    0.5829704
   0.3494000    0.6252300
   0.3495000    0.5795416
   0.3496000    0.6435726
   0.3497000    0.6613356
   0.3498000    0.6481049
   0.3499000    0.6425593
   0.3500000    0.6290485
   0.3501000    0.6343228
   0.3502000    0.6217608
   0.3503000    0.6294413
   0.3504000    0.6154081
   0.3505000    0.6365677
   0.3506000    0.6135051
   0.3507000    0.6159412
   0.3508000    0.5995305
   0.3509000    0.5897610
   0.3510000    0.6099139
   0.3511000    0.6060577
   0.3512000    0.6061291
   0.3513000    0.6033038
   0.3514000    0.6022903
   0.3515000    0.6163661
   0.3516000    0.6228383
   0.3517000    0.5913746
   0.3518000    0.6166837
   0.3519000    0.6201150
   0.3520000    0.6158319
   0.3521000    0.6081933
   0.3522000    0.6074111
   0.3523000    0.6140542
   0.3524000    0.5843568
   0.3525000    0.5889682
   0.3526000    0.6055803
   0.3527000    0.6183053
   0.3528000    0.6428320
   0.3529000    0.5892859
   0.3530000    0.6237408
   0.3531000    0.6088303
   0.3532000    0.6037048
   0.3533000    0.6130041
   0.3534000    0.6291757
   0.3535000    0.6130478
   0.3536000    0.6160698
   0.3537000    0.6081675
   0.3538000    0.6239266
   0.3539000    0.5991837
   0.3540000    0.6174970
   0.3541000    0.6255918
   0.3542000    0.6116937
   0.3543000    0.5936272
   0.3544000    0.5839838
   0.3545000    0.6019961
   0.3546000    0.5858278
   0.3547000    0.6118193
   0.3548000    0.6252486
   0.3549000    0.6150752
   0.3550000    0.6475582
   0.3551000    0.5923929
   0.3552000    0.6424261
   0.3553000    0.6448336
   0.3554000    0.6589772
   0.3555000    0.6139256
   0.3556000    0.6289023
   0.3557000    0.6401274
   0.3558000    0.6531472
   0.3559000    0.6299052
   0.3560000    0.6325750
   0.3561000    0.6120878
   0.3562000    0.6215963
   0.3563000    0.6177298
   0.3564000    0.6008162
   0.3565000    0.5918091
   0.3566000    0.6128454
   0.3567000    0.6052829
   0.3568000    0.5934957
   0.3569000    0.5852818
   0.3570000    0.5999092
   0.3571000    0.6010198
   0.3572000    0.5794048
   0.3573000    0.5809374
   0.3574000    0.5837672
   0.3575000    0.5847313
   0.3576000    0.5860474
   0.3577000    0.5898987
   0.3578000    0.6052165
   0.3579000    0.5972649
   0.3580000    0.5840232
   0.3581000    0.6116929
   0.3582000    0.6133565
   0.3583000    0.6103983
   0.3584000    0.6148359
   0.3585000    0.5928089
   0.3586000    0.6280024
   0.3587000    0.6063090
   0.3588000    0.6083414
   0.3589000    0.6075645
   0.3590000    0.6250670
   0.3591000    0.6011987
   0.3592000    0.6102980
   0.3593000    0.6052043
   0.3594000    0.5888711
   0.3595000    0.6176718
   0.3596000    0.5974697
   0.3597000    0.5654957
   0.3598000    0.5968087
   0.3599000    0.6023661
   0.3600000    0.6066583
   0.3601000    0.5950843
   0.3602000    0.6160048
   0.3603000    0.6321743
   0.3604000    0.6165195
   0.3605000    0.5999286
   0.3606000    0.5856478
   0.3607000    0.5758629
   0.3608000    0.6027790
   0.3609000    0.6109416
   0.3610000    0.6139776
   0.3611000    0.6014329
   0.3612000    0.6227986
   0.3613000    0.6165019
   0.3614000    0.6492355
   0.3615000    0.6244804
   0.3616000    0.6176481
   0.3617000    0.6326223
   0.3618000    0.6714948
   0.3619000    0.6574484
   0.3620000    0.6263976
   0.3621000    0.6556221
   0.3622000    0.6610704
   0.3623000    0.6678177
   0.3624000    0.6339169
   0.3625000    0.5997188
   0.3626000    0.6310469
   0.3627000    0.6723853
   0.3628000    0.6155733
   0.3629000    0.6028127
   0.3630000    0.6042812
   0.3631000    0.6380628
   0.3632000    0.6312664
   0.3633000    0.6127224
   0.3634000    0.6372513
   0.3635000    0.6290097
   0.3636000    0.6773013
   0.3637000    0.6498910
   0.3638000    0.6309770
   0.3639000    0.6551082
   0.3640000    0.6781714
   0.3641000    0.6457403
   0.3642000    0.6275203
   0.3643000    0.6853838
   0.3644000    0.6696713
   0.3645000    0.6673811
   0.3646000    0.6890371
   0.3647000    0.6665703
   0.3648000    0.6632060
   0.3649000    0.6388673
   0.3650000    0.6966632
   0.3651000    0.7004967
   0.3652000    0.6615508
   0.3653000    0.6535567
   0.3654000    0.6429642
   0.3655000    0.7029828
   0.3656000    0.6661660
   0.3657000    0.6646985
   0.3658000    0.6754139
   0.3659000    0.6782162
   0.3660000    0.6622975
   0.3661000    0.6936895
   0.3662000    0.6342434
   0.3663000    0.6984280
   0.3664000    0.6574512
   0.3665000    0.6636305
   0.3666000    0.6290628
   0.3667000    0.6426036
   0.3668000    0.6190221
   0.3669000    0.6512715
   0.3670000    0.6420984
   0.3671000    0.6361638
   0.3672000    0.6492696
   0.3673000    0.6845580
   0.3674000    0.6555751
   0.3675000    0.6246532
   0.3676000    0.6383361
   0.3677000    0.6558040
   0.3678000    0.6679602
   0.3679000    0.6362356
   0.3680000    0.6291240
   0.3681000    0.6426737
   0.3682000    0.6622028
   0.3683000    0.6897681
   0.3684000    0.6919854
   0.3685000    0.6778783
   0.3686000    0.6741715
   0.3687000    0.6712078
   0.3688000    0.6871483
   0.3689000    0.6799375
   0.3690000    0.6529370
   0.3691000    0.6487188
   0.3692000    0.6625457
   0.3693000    0.6821024
   0.3694000    0.7025360
   0.3695000    0.6437940
   0.3696000    0.6226630
   0.3697000    0.6090414
   0.3698000    0.5895398
   0.3699000    0.6100296
   0.3700000    0.6390967
   0.3701000    0.6255893
   0.3702000    0.6636013
   0.3703000    0.6284864
   0.3704000    0.6655842
   0.3705000    0.6601731
   0.3706000    0.6283252
   0.3707000    0.6556054
   0.3708000    0.6516027
   0.3709000    0.6513409
   0.3710000    0.6370001
   0.3711000    0.6413714
   0.3712000    0.6512302
   0.3713000    0.6549367
   0.3714000    0.6270912
   0.3715000    0.6378505
   0.3716000    0.6386954
   0.3717000    0.6311276
   0.3718000    0.6105631
   0.3719000    0.6375078
   0.3720000    0.6880671
   0.3721000    0.6681337
   0.3722000    0.6257887
   0.3723000    0.6311842
   0.3724000    0.7112898
   0.3725000    0.6867856
   0.3726000    0.6954026
   0.3727000    0.6618294
   0.3728000    0.6754864
   0.3729000    0.6383219
   0.3730000    0.6611282
   0.3731000    0.6481880
   0.3732000    0.6652248
   0.3733000    0.6865105
   0.3734000    0.6483379
   0.3735000    0.6620272
   0.3736000    0.7001968
   0.3737000    0.6493903
   0.3738000    0.6616316
   0.3739000    0.6839765
   0.3740000    0.6525571
   0.3741000    0.6447438
   0.3742000    0.6168420
   0.3743000    0.6632127
   0.3744000    0.6542214
   0.3745000    0.6425110
   0.3746000    0.6370606
   0.3747000    0.6536776
   0.3748000    0.6392091
   0.3749000    0.6711991
   0.3750000    0.6625059
   0.3751000    0.6659170
   0.3752000    0.7049173
   0.3753000    0.6946963
   0.3754000    0.6814208
   0.3755000    0.7022620
   0.3756000    0.7228911
   0.3757000    0.7201184
   0.3758000    0.7065685
   0.3759000    0.7067955
   0.3760000    0.7365345
   0.3761000    0.7350782
   0.3762000    0.6662016
   0.3763000    0.6639610
   0.3764000    0.6921628
   0.3765000    0.6827505
   0.3766000    0.7024612
   0.3767000    0.6820229
   0.3768000    0.7193819
   0.3769000    0.6477776
   0.3770000    0.6223117
   0.3771000    0.6464312
   0.3772000    0.6512322
   0.3773000    0.6348957
   0.3774000    0.6286217
   0.3775000    0.6139343
   0.3776000    0.6161711
   0.3777000    0.6216555
   0.3778000    0.6830457
   0.3779000    0.6791542
   0.3780000    0.7058303
   0.3781000    0.7486584
   0.3782000    0.7159237
   0.3783000    0.6747636
   0.3784000    0.6927722
   0.3785000    0.6775984
   0.3786000    0.6789211
   0.3787000    0.6865929
   0.3788000    0.6503004
   0.3789000    0.6303477
   0.3790000    0.6267067
   0.3791000    0.6083586
   0.3792000    0.6218251
   0.3793000    0.5941190
   0.3794000    0.6090366
   0.3795000    0.6226929
   0.3796000    0.6542689
   0.3797000    0.6340376
   0.3798000    0.6280735
   0.3799000    0.6476158
   0.3800000    0.6371580
   0.3801000    0.5790598
   0.3802000    0.6384596
   0.3803000    0.6645404
   0.3804000    0.6585624
   0.3805000    0.6449311
   0.3806000    0.6373956
   0.3807000    0.6212328
   0.3808000    0.6454114
   0.3809000    0.6150812
   0.3810000    0.6263363
   0.3811000    0.6174334
   0.3812000    0.6042733
   0.3813000    0.6234089
   0.3814000    0.5901921
   0.3815000    0.6123353
   0.3816000    0.6298337
   0.3817000    0.5947056
   0.3818000    0.6170600
   0.3819000    0.5982015
   0.3820000    0.5985542
   0.3821000    0.6193112
   0.3822000    0.5971799
   0.3823000    0.6047235
   0.3824000    0.6218542
   0.3825000    0.6412640
   0.3826000    0.6308573
   0.3827000    0.6242471
   0.3828000    0.6255394
   0.3829000    0.6560631
   0.3830000    0.6215436
   0.3831000    0.5950468
   0.3832000    0.5958726
   0.3833000    0.5987116
   0.3834000    0.5929585
   0.3835000    0.6179508
   0.3836000    0.5988735
   0.3837000    0.6395605
   0.3838000    0.6236002
   0.3839000    0.6197335
   0.3840000    0.6298164
   0.3841000    0.5872127
   0.3842000    0.5706703
   0.3843000    0.6121709
   0.3844000    0.6350189
   0.3845000    0.6240048
   0.3846000    0.6263180
   0.3847000    0.6303268
   0.3848000    0.6382421
   0.3849000    0.6382372
   0.3850000    0.6322685
   0.3851000    0.6267450
   0.3852000    0.5805165
   0.3853000    0.5932475
   0.3854000    0.6062632
   0.3855000    0.6241826
   0.3856000    0.6078901
   0.3857000    0.5888447
   0.3858000    0.5926289
   0.3859000    0.6441880
   0.3860000    0.5922229
   0.3861000    0.6092725
   0.3862000    0.6252983
   0.3863000    0.6302598
   0.3864000    0.6177793
   0.3865000    0.6244657
   0.3866000    0.6144432
   0.3867000    0.6555067
   0.3868000    0.6301674
   0.3869000    0.6350769
   0.3870000    0.6458305
   0.3871000    0.6826854
   0.3872000    0.7187410
   0.3873000    0.6743189
   0.3874000    0.6536269
   0.3875000    0.6857697
   0.3876000    0.6599689
   0.3877000    0.6388368
   0.3878000    0.6345838
   0.3879000    0.6556285
   0.3880000    0.6566814
   0.3881000    0.6483032
   0.3882000    0.6744604
   0.3883000    0.6996979
   0.3884000    0.6428781
   0.3885000    0.6112096
   0.3886000    0.6458701
   0.3887000    0.6523869
   0.3888000    0.6433282
   0.3889000    0.6080335
   0.3890000    0.6204001
   0.3891000    0.6139108
   0.3892000    0.6514927
   0.3893000    0.6723867
   0.3894000    0.6617553
   0.3895000    0.6547999
   0.3896000    0.6783298
   0.3897000    0.6882533
   0.3898000    0.6931257
   0.3899000    0.7101218
   0.3900000    0.6959367
   0.3901000    0.7037895
   0.3902000    0.6914189
   0.3903000    0.6742148
   0.3904000    0.6781621
   0.3905000    0.6589224
   0.3906000    0.6400372
   0.3907000    0.6997449
   0.3908000    0.7008913
   0.3909000    0.6856307
   0.3910000    0.6885605
   0.3911000    0.6774279
   0.3912000    0.6868448
   0.3913000    0.6760312
   0.3914000    0.6865723
   0.3915000    0.6665044
   0.3916000    0.6615924
   0.3917000    0.6704594
   0.3918000    0.6812013
   0.3919000    0.6453965
   0.3920000    0.6517451
   0.3921000    0.6222850
   0.3922000    0.6005358
   0.3923000    0.6460137
   0.3924000    0.6414673
   0.3925000    0.6338474
   0.3926000    0.6376643
   0.3927000    0.6419311
   0.3928000    0.6309158
   0.3929000    0.6388677
   0.3930000    0.6256091
   0.3931000    0.6415772
   0.3932000    0.6340712
   0.3933000    0.6393874
   0.3934000    0.6108158
   0.3935000    0.6168034
   0.3936000    0.6231351
   0.3937000    0.6539649
   0.3938000    0.6883076
   0.3939000    0.6254011
   0.3940000    0.6097173
   0.3941000    0.6287227
   0.3942000    0.6282474
   0.3943000    0.6196747
   0.3944000    0.6213202
   0.3945000    0.6344154
   0.3946000    0.6359903
   0.3947000    0.6371293
   0.3948000    0.6477847
   0.3949000    0.6660112
   0.3950000    0.6578886
   0.3951000    0.6649538
   0.3952000    0.6886723
   0.3953000    0.6607094
   0.3954000    0.6427004
   0.3955000    0.6518404
   0.3956000    0.6571277
   0.3957000    0.6506575
   0.3958000    0.6491916
   0.3959000    0.6503431
   0.3960000    0.6453836
   0.3961000    0.6448770
   0.3962000    0.6322997
   0.3963000    0.6154457
   0.3964000    0.6428216
   0.3965000    0.6537281
   0.3966000    0.6332556
   0.3967000    0.6683298
   0.3968000    0.6433163
   0.3969000    0.6542457
   0.3970000    0.6632998
   0.3971000    0.6414455
   0.3972000    0.6807085
   0.3973000    0.6817217
   0.3974000    0.6523702
   0.3975000    0.6611826
   0.3976000    0.6540248
   0.3977000    0.6779251
   0.3978000    0.6844950
   0.3979000    0.6564596
   0.3980000    0.6599174
   0.3981000    0.6748092
   0.3982000    0.6652409
   0.3983000    0.6707881
   0.3984000    0.6805390
   0.3985000    0.6774905
   0.3986000    0.6642235
   0.3987000    0.6521346
   0.3988000    0.6467255
   0.3989000    0.6327124
   0.3990000    0.6506435
   0.3991000    0.6443530
   0.3992000    0.6451359
   0.3993000    0.6358130
   0.3994000    0.6418719
   0.3995000    0.6566527
   0.3996000    0.6407324
   0.3997000    0.6507836
