   0.0000000    0.3655645
   0.0001000    0.3672287
   0.0002000    0.3394837
   0.0003000    0.4208528
   0.0004000    0.4757793
   0.0005000    0.3807113
   0.0006000    0.3690141
   0.0007000    0.4466475
   0.0008000    0.4337561
   0.0009000    0.3890895
   0.0010000    0.4760410
   0.0011000    0.5666812
   0.0012000    0.6066357
   0.0013000    0.5682326
   0.0014000    0.5432405
   0.0015000    0.6180286
   0.0016000    0.6439061
   0.0017000    0.6557427
   0.0018000    0.6770863
   0.0019000    0.6864946
   0.0020000    0.6246886
   0.0021000    0.6068943
   0.0022000    0.5560082
   0.0023000    0.5998303
   0.0024000    0.7463243
   0.0025000    0.7302417
   0.0026000    0.6392512
   0.0027000    0.6177779
   0.0028000    0.6878248
   0.0029000    0.7748933
   0.0030000    0.6989260
   0.0031000    0.7092988
   0.0032000    0.8102672
   0.0033000    0.6971115
   0.0034000    0.7704758
   0.0035000    0.7719740
   0.0036000    0.6999642
   0.0037000    0.6512423
   0.0038000    0.6869883
   0.0039000    0.6578343
   0.0040000    0.7191276
   0.0041000    0.6985227
   0.0042000    0.7987999
   0.0043000    0.8402313
   0.0044000    0.8741146
   0.0045000    0.8474137
   0.0046000    0.7930875
   0.0047000    0.7291202
   0.0048000    0.7824686
   0.0049000    0.7423496
   0.0050000    0.7420920
   0.0051000    0.7051978
   0.0052000    0.6210592
   0.0053000    0.5953920
   0.0054000    0.6414136
   0.0055000    0.6553264
   0.0056000    0.6266457
   0.0057000    0.6911783
   0.0058000    0.6694832
   0.0059000    0.6351165
   0.0060000    0.5140521
   0.0061000    0.6265614
   0.0062000    0.4543683
   0.0063000    0.4588535
   0.0064000    0.4939128
   0.0065000    0.3871542
   0.0066000    0.3970481
   0.0067000    0.4597495
   0.0068000    0.6781947
   0.0069000    0.5119408
   0.0070000    0.4802958
   0.0071000    0.6338757
   0.0072000    0.5782315
   0.0073000    0.5447942
   0.0074000    0.6669733
   0.0075000    0.6649080
   0.0076000    0.6061395
   0.0077000    0.5901043
   0.0078000    0.5568290
   0.0079000    0.4939431
   0.0080000    0.4587551
   0.0081000    0.3886817
   0.0082000    0.4656381
   0.0083000    0.4552952
   0.0084000    0.5042886
   0.0085000    0.5095330
   0.0086000    0.5709454
   0.0087000    0.4875376
   0.0088000    0.5050105
   0.0089000    0.5393480
   0.0090000    0.4566995
   0.0091000    0.5888788
   0.0092000    0.5188419
   0.0093000    0.5098010
   0.0094000    0.4813740
   0.0095000    0.4751257
   0.0096000    0.5172037
   0.0097000    0.5447932
   0.0098000    0.6657895
   0.0099000    0.6203774
   0.0100000    0.4401837
   0.0101000    0.6078057
   0.0102000    0.5391006
   0.0103000    0.5232637
   0.0104000    0.4969075
   0.0105000    0.5044103
   0.0106000    0.5371258
   0.0107000    0.6001498
   0.0108000    0.6005614
   0.0109000    0.4848733
   0.0110000    0.5641518
   0.0111000    0.5546480
   0.0112000    0.5773100
   0.0113000    0.5303615
   0.0114000    0.6124645
   0.0115000    0.5650275
   0.0116000    0.6658489
   0.0117000    0.6908921
   0.0118000    0.6637001
   0.0119000    0.6289939
   0.0120000    0.5897589
   0.0121000    0.6219590
   0.0122000    0.6670660
   0.0123000    0.6100637
   0.0124000    0.6651080
   0.0125000    0.6066824
   0.0126000    0.6324184
   0.0127000    0.5938134
   0.0128000    0.5028562
   0.0129000    0.5519398
   0.0130000    0.5387263
   0.0131000    0.4899040
   0.0132000    0.4872752
   0.0133000    0.5242649
   0.0134000    0.5463751
   0.0135000    0.5678557
   0.0136000    0.5625486
   0.0137000    0.5227175
   0.0138000    0.5072611
   0.0139000    0.4822634
   0.0140000    0.5597177
   0.0141000    0.6088284
   0.0142000    0.5494722
   0.0143000    0.4687603
   0.0144000    0.5563843
   0.0145000    0.5918381
   0.0146000    0.6415253
   0.0147000    0.5651002
   0.0148000    0.5405208
   0.0149000    0.4973996
   0.0150000    0.5695911
   0.0151000    0.5782118
   0.0152000    0.5765409
   0.0153000    0.5072379
   0.0154000    0.5607266
   0.0155000    0.4873409
   0.0156000    0.5755318
   0.0157000    0.5712566
   0.0158000    0.5704545
   0.0159000    0.6158098
   0.0160000    0.6235422
   0.0161000    0.6518282
   0.0162000    0.6011695
   0.0163000    0.6855860
   0.0164000    0.6665038
   0.0165000    0.7247775
   0.0166000    0.6549883
   0.0167000    0.6328446
   0.0168000    0.6786754
   0.0169000    0.7297933
   0.0170000    0.6674700
   0.0171000    0.7673724
   0.0172000    0.7947440
   0.0173000    0.7804471
   0.0174000    0.8403069
   0.0175000    0.8428084
   0.0176000    0.8437188
   0.0177000    0.7999629
   0.0178000    0.7098123
   0.0179000    0.7652852
   0.0180000    0.7796872
   0.0181000    0.8289326
   0.0182000    0.8714933
   0.0183000    0.7285522
   0.0184000    0.6892850
   0.0185000    0.6950795
   0.0186000    0.6605568
   0.0187000    0.6242085
   0.0188000    0.7028217
   0.0189000    0.6428092
   0.0190000    0.6816840
   0.0191000    0.6613140
   0.0192000    0.6569374
   0.0193000    0.6254600
   0.0194000    0.6631209
   0.0195000    0.6320295
   0.0196000    0.6068165
   0.0197000    0.6858177
   0.0198000    0.6877912
   0.0199000    0.6741186
   0.0200000    0.7326273
   0.0201000    0.7189715
   0.0202000    0.6880060
   0.0203000    0.7031302
   0.0204000    0.7211071
   0.0205000    0.7353852
   0.0206000    0.7264640
   0.0207000    0.7581560
   0.0208000    0.6057734
   0.0209000    0.6571320
   0.0210000    0.6999695
   0.0211000    0.6923245
   0.0212000    0.7000526
   0.0213000    0.6725245
   0.0214000    0.6425259
   0.0215000    0.6459289
   0.0216000    0.6389979
   0.0217000    0.6481039
   0.0218000    0.6543496
   0.0219000    0.6863186
   0.0220000    0.6692859
   0.0221000    0.6871850
   0.0222000    0.6786599
   0.0223000    0.6760156
   0.0224000    0.6169041
   0.0225000    0.6464036
   0.0226000    0.6918626
   0.0227000    0.6992635
   0.0228000    0.7239377
   0.0229000    0.6774822
   0.0230000    0.7088587
   0.0231000    0.6662391
   0.0232000    0.6709753
   0.0233000    0.6852283
   0.0234000    0.6853075
   0.0235000    0.6787049
   0.0236000    0.6543005
   0.0237000    0.6002656
   0.0238000    0.6585442
   0.0239000    0.6406239
   0.0240000    0.6991738
   0.0241000    0.7016917
   0.0242000    0.6766172
   0.0243000    0.6519840
   0.0244000    0.6566274
   0.0245000    0.6322103
   0.0246000    0.6742429
   0.0247000    0.6659360
   0.0248000    0.6294187
   0.0249000    0.5546120
   0.0250000    0.5906107
   0.0251000    0.6427190
   0.0252000    0.6260336
   0.0253000    0.6986434
   0.0254000    0.7237996
   0.0255000    0.6962245
   0.0256000    0.6425490
   0.0257000    0.6457176
   0.0258000    0.7620410
   0.0259000    0.6609947
   0.0260000    0.6981516
   0.0261000    0.6995398
   0.0262000    0.7496060
   0.0263000    0.7197966
   0.0264000    0.5865647
   0.0265000    0.5942295
   0.0266000    0.6453420
   0.0267000    0.5897135
   0.0268000    0.6768623
   0.0269000    0.6372330
   0.0270000    0.6161866
   0.0271000    0.6272644
   0.0272000    0.6735656
   0.0273000    0.6478423
   0.0274000    0.6489614
   0.0275000    0.6516964
   0.0276000    0.6868079
   0.0277000    0.6807253
   0.0278000    0.6024168
   0.0279000    0.5851240
   0.0280000    0.6378296
   0.0281000    0.6958283
   0.0282000    0.6922358
   0.0283000    0.7033706
   0.0284000    0.6160449
   0.0285000    0.6534047
   0.0286000    0.6433692
   0.0287000    0.7416664
   0.0288000    0.6713604
   0.0289000    0.6265326
   0.0290000    0.6253593
   0.0291000    0.6473280
   0.0292000    0.6098170
   0.0293000    0.6321357
   0.0294000    0.6335455
   0.0295000    0.6419146
   0.0296000    0.6245354
   0.0297000    0.6167072
   0.0298000    0.6123951
   0.0299000    0.5430155
   0.0300000    0.6235882
   0.0301000    0.5885133
   0.0302000    0.6485933
   0.0303000    0.6159703
   0.0304000    0.5986044
   0.0305000    0.6037931
   0.0306000    0.6713529
   0.0307000    0.6189315
   0.0308000    0.6295973
   0.0309000    0.5915998
   0.0310000    0.6460536
   0.0311000    0.6722953
   0.0312000    0.5877170
   0.0313000    0.6113871
   0.0314000    0.6810907
   0.0315000    0.6522384
   0.0316000    0.6658607
   0.0317000    0.6091756
   0.0318000    0.6124291
   0.0319000    0.5848986
   0.0320000    0.6259741
   0.0321000    0.6639142
   0.0322000    0.6050342
   0.0323000    0.7060055
   0.0324000    0.6741905
   0.0325000    0.6468425
   0.0326000    0.6898254
   0.0327000    0.5783829
   0.0328000    0.5128286
   0.0329000    0.4372701
   0.0330000    0.4145961
   0.0331000    0.5260240
   0.0332000    0.5076309
   0.0333000    0.5447800
   0.0334000    0.4986610
   0.0335000    0.5409359
   0.0336000    0.5915829
   0.0337000    0.6131198
   0.0338000    0.6323020
   0.0339000    0.6192378
   0.0340000    0.6219115
   0.0341000    0.6642755
   0.0342000    0.6001400
   0.0343000    0.6486897
   0.0344000    0.6475933
   0.0345000    0.6405960
   0.0346000    0.6000790
   0.0347000    0.6194013
   0.0348000    0.6549953
   0.0349000    0.6465741
   0.0350000    0.6639721
   0.0351000    0.6550122
   0.0352000    0.6624146
   0.0353000    0.6457263
   0.0354000    0.6934511
   0.0355000    0.6466604
   0.0356000    0.6511570
   0.0357000    0.5908481
   0.0358000    0.5073215
   0.0359000    0.4972743
   0.0360000    0.5533600
   0.0361000    0.5439931
   0.0362000    0.5647831
   0.0363000    0.6206178
   0.0364000    0.5454042
   0.0365000    0.5299416
   0.0366000    0.5666609
   0.0367000    0.5739691
   0.0368000    0.5330011
   0.0369000    0.5463982
   0.0370000    0.5969741
   0.0371000    0.5858782
   0.0372000    0.5791258
   0.0373000    0.5985726
   0.0374000    0.5290105
   0.0375000    0.6049914
   0.0376000    0.5855433
   0.0377000    0.7001566
   0.0378000    0.6568906
   0.0379000    0.5844576
   0.0380000    0.6139719
   0.0381000    0.6559603
   0.0382000    0.6714270
   0.0383000    0.6739277
   0.0384000    0.7022939
   0.0385000    0.6699983
   0.0386000    0.6804810
   0.0387000    0.7020462
   0.0388000    0.6490636
   0.0389000    0.7145802
   0.0390000    0.6131425
   0.0391000    0.6799250
   0.0392000    0.6352599
   0.0393000    0.6481551
   0.0394000    0.6331754
   0.0395000    0.7111187
   0.0396000    0.6626229
   0.0397000    0.7172203
   0.0398000    0.6586438
   0.0399000    0.6585338
   0.0400000    0.6642910
   0.0401000    0.6619406
   0.0402000    0.6512909
   0.0403000    0.5894619
   0.0404000    0.5947407
   0.0405000    0.6341402
   0.0406000    0.6289972
   0.0407000    0.6760852
   0.0408000    0.6603798
   0.0409000    0.6411632
   0.0410000    0.6094861
   0.0411000    0.5293492
   0.0412000    0.6089327
   0.0413000    0.6138390
   0.0414000    0.6711892
   0.0415000    0.6304631
   0.0416000    0.6441504
   0.0417000    0.6308783
   0.0418000    0.6343656
   0.0419000    0.6336317
   0.0420000    0.6188461
   0.0421000    0.5767042
   0.0422000    0.6423050
   0.0423000    0.6044017
   0.0424000    0.6178108
   0.0425000    0.6433820
   0.0426000    0.5934983
   0.0427000    0.6876189
   0.0428000    0.6701669
   0.0429000    0.6383038
   0.0430000    0.6366591
   0.0431000    0.5008888
   0.0432000    0.6291681
   0.0433000    0.6148745
   0.0434000    0.6677283
   0.0435000    0.5800995
   0.0436000    0.6376587
   0.0437000    0.6772655
   0.0438000    0.6610701
   0.0439000    0.6745847
   0.0440000    0.5723852
   0.0441000    0.5549669
   0.0442000    0.5798964
   0.0443000    0.5816056
   0.0444000    0.6140887
   0.0445000    0.6792238
   0.0446000    0.5781513
   0.0447000    0.6342694
   0.0448000    0.6229324
   0.0449000    0.5422190
   0.0450000    0.6303215
   0.0451000    0.6093427
   0.0452000    0.5909122
   0.0453000    0.5863203
   0.0454000    0.5901060
   0.0455000    0.6926303
   0.0456000    0.6635011
   0.0457000    0.6300798
   0.0458000    0.6251972
   0.0459000    0.6535964
   0.0460000    0.6461421
   0.0461000    0.6427119
   0.0462000    0.6391219
   0.0463000    0.6493179
   0.0464000    0.6691533
   0.0465000    0.6374754
   0.0466000    0.5944785
   0.0467000    0.6640511
   0.0468000    0.6102468
   0.0469000    0.6667330
   0.0470000    0.7056685
   0.0471000    0.6271936
   0.0472000    0.5970865
   0.0473000    0.5828388
   0.0474000    0.6363575
   0.0475000    0.6494206
   0.0476000    0.6617500
   0.0477000    0.6881613
   0.0478000    0.6134738
   0.0479000    0.6342766
   0.0480000    0.6163044
   0.0481000    0.6494163
   0.0482000    0.7000832
   0.0483000    0.6016378
   0.0484000    0.6149648
   0.0485000    0.5896192
   0.0486000    0.5999091
   0.0487000    0.6087816
   0.0488000    0.6066543
   0.0489000    0.6077675
   0.0490000    0.6446604
   0.0491000    0.6474913
   0.0492000    0.6162500
   0.0493000    0.6663178
   0.0494000    0.6156228
   0.0495000    0.6992587
   0.0496000    0.7175575
   0.0497000    0.7193640
   0.0498000    0.7184973
   0.0499000    0.6651735
   0.0500000    0.6182950
   0.0501000    0.6135826
   0.0502000    0.6888204
   0.0503000    0.6415268
   0.0504000    0.5974579
   0.0505000    0.6645253
   0.0506000    0.6936012
   0.0507000    0.6062221
   0.0508000    0.6207919
   0.0509000    0.6827440
   0.0510000    0.6669944
   0.0511000    0.6189330
   0.0512000    0.6722689
   0.0513000    0.6742749
   0.0514000    0.5987386
   0.0515000    0.6519356
   0.0516000    0.6170284
   0.0517000    0.5672140
   0.0518000    0.6054985
   0.0519000    0.5942525
   0.0520000    0.5402955
   0.0521000    0.5459682
   0.0522000    0.6502575
   0.0523000    0.5981625
   0.0524000    0.5857641
   0.0525000    0.5651245
   0.0526000    0.5637627
   0.0527000    0.5889654
   0.0528000    0.5599707
   0.0529000    0.5560334
   0.0530000    0.5334451
   0.0531000    0.6194619
   0.0532000    0.5429018
   0.0533000    0.6155700
   0.0534000    0.5956645
   0.0535000    0.6633140
   0.0536000    0.6363988
   0.0537000    0.6506370
   0.0538000    0.6037629
   0.0539000    0.5968400
   0.0540000    0.5617210
   0.0541000    0.5569232
   0.0542000    0.6804556
   0.0543000    0.6861580
   0.0544000    0.6591197
   0.0545000    0.6562974
   0.0546000    0.6791030
   0.0547000    0.6583284
   0.0548000    0.6431206
   0.0549000    0.6558643
   0.0550000    0.6715235
   0.0551000    0.6566470
   0.0552000    0.6873136
   0.0553000    0.6238071
   0.0554000    0.6602246
   0.0555000    0.6486609
   0.0556000    0.6605799
   0.0557000    0.6019208
   0.0558000    0.6508586
   0.0559000    0.6518720
   0.0560000    0.5975310
   0.0561000    0.5692868
   0.0562000    0.5730442
   0.0563000    0.5777711
   0.0564000    0.6438700
   0.0565000    0.5819188
   0.0566000    0.5675138
   0.0567000    0.5941604
   0.0568000    0.5808886
   0.0569000    0.5497764
   0.0570000    0.5741409
   0.0571000    0.5733240
   0.0572000    0.5474529
   0.0573000    0.6235490
   0.0574000    0.6128239
   0.0575000    0.6319730
   0.0576000    0.6246238
   0.0577000    0.5903840
   0.0578000    0.6049230
   0.0579000    0.6078162
   0.0580000    0.6934003
   0.0581000    0.6316763
   0.0582000    0.6902248
   0.0583000    0.6980364
   0.0584000    0.7365877
   0.0585000    0.7320898
   0.0586000    0.7436631
   0.0587000    0.7508193
   0.0588000    0.6660123
   0.0589000    0.7125360
   0.0590000    0.7366264
   0.0591000    0.7024550
   0.0592000    0.7023835
   0.0593000    0.6961194
   0.0594000    0.7062092
   0.0595000    0.6852607
   0.0596000    0.7155869
   0.0597000    0.7043235
   0.0598000    0.6922585
   0.0599000    0.7191473
   0.0600000    0.6506453
   0.0601000    0.6572024
   0.0602000    0.6575055
   0.0603000    0.6753878
   0.0604000    0.7509478
   0.0605000    0.7316935
   0.0606000    0.7333095
   0.0607000    0.7203203
   0.0608000    0.6916637
   0.0609000    0.6803782
   0.0610000    0.6953764
   0.0611000    0.7478634
   0.0612000    0.7633253
   0.0613000    0.7220032
   0.0614000    0.6993274
   0.0615000    0.7321169
   0.0616000    0.6988438
   0.0617000    0.7561863
   0.0618000    0.7588164
   0.0619000    0.7423250
   0.0620000    0.7167605
   0.0621000    0.7150429
   0.0622000    0.6558601
   0.0623000    0.6871928
   0.0624000    0.6891994
   0.0625000    0.6884164
   0.0626000    0.6873510
   0.0627000    0.7388127
   0.0628000    0.6699182
   0.0629000    0.7634202
   0.0630000    0.7411428
   0.0631000    0.6931792
   0.0632000    0.7047663
   0.0633000    0.6954775
   0.0634000    0.6444842
   0.0635000    0.6714345
   0.0636000    0.6800866
   0.0637000    0.7294416
   0.0638000    0.7204001
   0.0639000    0.7278325
   0.0640000    0.7765560
   0.0641000    0.7623556
   0.0642000    0.6893973
   0.0643000    0.6973350
   0.0644000    0.6966596
   0.0645000    0.6728016
   0.0646000    0.7223287
   0.0647000    0.6884681
   0.0648000    0.7103995
   0.0649000    0.6619539
   0.0650000    0.6575752
   0.0651000    0.7089747
   0.0652000    0.6930171
   0.0653000    0.7416704
   0.0654000    0.6889972
   0.0655000    0.7025576
   0.0656000    0.6603334
   0.0657000    0.7023497
   0.0658000    0.7319541
   0.0659000    0.7297332
   0.0660000    0.6342036
   0.0661000    0.6587945
   0.0662000    0.6454916
   0.0663000    0.6229357
   0.0664000    0.6564489
   0.0665000    0.6171201
   0.0666000    0.6813824
   0.0667000    0.6507120
   0.0668000    0.7082571
   0.0669000    0.6581179
   0.0670000    0.6708570
   0.0671000    0.6252186
   0.0672000    0.6312489
   0.0673000    0.6754978
   0.0674000    0.6721110
   0.0675000    0.7025517
   0.0676000    0.6987488
   0.0677000    0.7041341
   0.0678000    0.6964172
   0.0679000    0.6452790
   0.0680000    0.7110756
   0.0681000    0.6186906
   0.0682000    0.6156030
   0.0683000    0.6268094
   0.0684000    0.6916333
   0.0685000    0.6701539
   0.0686000    0.6635299
   0.0687000    0.6609178
   0.0688000    0.6677842
   0.0689000    0.6791165
   0.0690000    0.6724837
   0.0691000    0.6709704
   0.0692000    0.7204419
   0.0693000    0.7231157
   0.0694000    0.6842800
   0.0695000    0.6808662
   0.0696000    0.6550545
   0.0697000    0.6985083
   0.0698000    0.6960028
   0.0699000    0.6933099
   0.0700000    0.7346110
   0.0701000    0.6781411
   0.0702000    0.6870198
   0.0703000    0.6506742
   0.0704000    0.7505905
   0.0705000    0.7240055
   0.0706000    0.7623537
   0.0707000    0.7263146
   0.0708000    0.6973360
   0.0709000    0.6649001
   0.0710000    0.6613646
   0.0711000    0.6559665
   0.0712000    0.7054639
   0.0713000    0.6931511
   0.0714000    0.7157661
   0.0715000    0.6731909
   0.0716000    0.6876655
   0.0717000    0.6408357
   0.0718000    0.7148919
   0.0719000    0.6752188
   0.0720000    0.6372617
   0.0721000    0.6345345
   0.0722000    0.6311524
   0.0723000    0.6550741
   0.0724000    0.6478915
   0.0725000    0.6264000
   0.0726000    0.5840661
   0.0727000    0.5985954
   0.0728000    0.5897474
   0.0729000    0.6222367
   0.0730000    0.6250943
   0.0731000    0.5832278
   0.0732000    0.6042427
   0.0733000    0.6055980
   0.0734000    0.6731294
   0.0735000    0.6751760
   0.0736000    0.7045361
   0.0737000    0.6894193
   0.0738000    0.6618248
   0.0739000    0.6265986
   0.0740000    0.6846246
   0.0741000    0.7336312
   0.0742000    0.6874930
   0.0743000    0.6831384
   0.0744000    0.6969821
   0.0745000    0.6569935
   0.0746000    0.7065088
   0.0747000    0.6045593
   0.0748000    0.6054344
   0.0749000    0.6929901
   0.0750000    0.7286550
   0.0751000    0.6563429
   0.0752000    0.6649480
   0.0753000    0.6615354
   0.0754000    0.6776835
   0.0755000    0.7059628
   0.0756000    0.6344987
   0.0757000    0.6537875
   0.0758000    0.6941242
   0.0759000    0.7219614
   0.0760000    0.7075004
   0.0761000    0.6248265
   0.0762000    0.6834100
   0.0763000    0.6644617
   0.0764000    0.6744651
   0.0765000    0.6625568
   0.0766000    0.6448386
   0.0767000    0.6667469
   0.0768000    0.6104335
   0.0769000    0.6631610
   0.0770000    0.6255953
   0.0771000    0.6706436
   0.0772000    0.6480891
   0.0773000    0.6748446
   0.0774000    0.6483066
   0.0775000    0.6848282
   0.0776000    0.6763498
   0.0777000    0.6641785
   0.0778000    0.6381235
   0.0779000    0.6413674
   0.0780000    0.6475118
   0.0781000    0.6291184
   0.0782000    0.6845445
   0.0783000    0.6502643
   0.0784000    0.6505209
   0.0785000    0.6708766
   0.0786000    0.6304651
   0.0787000    0.6775160
   0.0788000    0.6613926
   0.0789000    0.6867750
   0.0790000    0.6757624
   0.0791000    0.6208932
   0.0792000    0.6061443
   0.0793000    0.6206413
   0.0794000    0.5973431
   0.0795000    0.5824261
   0.0796000    0.4912590
   0.0797000    0.6819996
   0.0798000    0.6695572
   0.0799000    0.6462502
   0.0800000    0.6589153
   0.0801000    0.6140329
   0.0802000    0.6649090
   0.0803000    0.6578923
   0.0804000    0.6652846
   0.0805000    0.6063887
   0.0806000    0.6421146
   0.0807000    0.6379607
   0.0808000    0.7260176
   0.0809000    0.6477802
   0.0810000    0.7650926
   0.0811000    0.7663797
   0.0812000    0.7605588
   0.0813000    0.7358483
   0.0814000    0.7614526
   0.0815000    0.7542583
   0.0816000    0.7220477
   0.0817000    0.7645603
   0.0818000    0.7586606
   0.0819000    0.6830157
   0.0820000    0.6828592
   0.0821000    0.6821638
   0.0822000    0.6923845
   0.0823000    0.7369805
   0.0824000    0.7091082
   0.0825000    0.7196835
   0.0826000    0.6878478
   0.0827000    0.7094787
   0.0828000    0.7191739
   0.0829000    0.7036715
   0.0830000    0.7214100
   0.0831000    0.7024353
   0.0832000    0.6801214
   0.0833000    0.7073198
   0.0834000    0.7511545
   0.0835000    0.7080072
   0.0836000    0.6838316
   0.0837000    0.6577528
   0.0838000    0.7211641
   0.0839000    0.7080806
   0.0840000    0.7086168
   0.0841000    0.7665291
   0.0842000    0.7341139
   0.0843000    0.7577572
   0.0844000    0.6795707
   0.0845000    0.7533770
   0.0846000    0.7755854
   0.0847000    0.7468281
   0.0848000    0.7849792
   0.0849000    0.7329410
   0.0850000    0.7356824
   0.0851000    0.6959973
   0.0852000    0.6873620
   0.0853000    0.6368971
   0.0854000    0.6649941
   0.0855000    0.7646676
   0.0856000    0.7121271
   0.0857000    0.6512687
   0.0858000    0.6446185
   0.0859000    0.6041155
   0.0860000    0.6501701
   0.0861000    0.6885892
   0.0862000    0.6731943
   0.0863000    0.7605082
   0.0864000    0.7188670
   0.0865000    0.6871356
   0.0866000    0.6586335
   0.0867000    0.6505285
   0.0868000    0.6836030
   0.0869000    0.7180617
   0.0870000    0.7330291
   0.0871000    0.7637039
   0.0872000    0.7481082
   0.0873000    0.8018501
   0.0874000    0.7957737
   0.0875000    0.7792946
   0.0876000    0.7735445
   0.0877000    0.7307259
   0.0878000    0.6336493
   0.0879000    0.6269019
   0.0880000    0.6188559
   0.0881000    0.6976513
   0.0882000    0.6807665
   0.0883000    0.6588145
   0.0884000    0.6916741
   0.0885000    0.6701099
   0.0886000    0.6669886
   0.0887000    0.6840115
   0.0888000    0.6729810
   0.0889000    0.6692258
   0.0890000    0.6541961
   0.0891000    0.7141191
   0.0892000    0.7774286
   0.0893000    0.7235304
   0.0894000    0.7548801
   0.0895000    0.7763652
   0.0896000    0.7648447
   0.0897000    0.7689369
   0.0898000    0.8221667
   0.0899000    0.7230350
   0.0900000    0.7594888
   0.0901000    0.7630681
   0.0902000    0.7376897
   0.0903000    0.6951764
   0.0904000    0.7899091
   0.0905000    0.7863430
   0.0906000    0.8361491
   0.0907000    0.7744426
   0.0908000    0.8413609
   0.0909000    0.7615843
   0.0910000    0.8291679
   0.0911000    0.7973927
   0.0912000    0.8119751
   0.0913000    0.7843875
   0.0914000    0.7291092
   0.0915000    0.8069174
   0.0916000    0.8313645
   0.0917000    0.7382289
   0.0918000    0.7947752
   0.0919000    0.7525523
   0.0920000    0.7417641
   0.0921000    0.7450844
   0.0922000    0.8146930
   0.0923000    0.8375261
   0.0924000    0.8294713
   0.0925000    0.8304381
   0.0926000    0.7868229
   0.0927000    0.7865760
   0.0928000    0.8234994
   0.0929000    0.8057572
   0.0930000    0.9008224
   0.0931000    0.8799015
   0.0932000    0.7377828
   0.0933000    0.7526652
   0.0934000    0.7721045
   0.0935000    0.6858363
   0.0936000    0.7043766
   0.0937000    0.6631545
   0.0938000    0.6462400
   0.0939000    0.6778529
   0.0940000    0.6799951
   0.0941000    0.6808268
   0.0942000    0.6941429
   0.0943000    0.6911527
   0.0944000    0.7127423
   0.0945000    0.6818196
   0.0946000    0.6886442
   0.0947000    0.6536762
   0.0948000    0.7225003
   0.0949000    0.7253057
   0.0950000    0.6470791
   0.0951000    0.7163332
   0.0952000    0.7506577
   0.0953000    0.7522368
   0.0954000    0.7692870
   0.0955000    0.7345011
   0.0956000    0.6906770
   0.0957000    0.6771954
   0.0958000    0.7561547
   0.0959000    0.6792738
   0.0960000    0.6712116
   0.0961000    0.6476835
   0.0962000    0.6675726
   0.0963000    0.6944808
   0.0964000    0.7335542
   0.0965000    0.6904342
   0.0966000    0.6655025
   0.0967000    0.6612926
   0.0968000    0.6997911
   0.0969000    0.6884386
   0.0970000    0.6868033
   0.0971000    0.6602284
   0.0972000    0.6609364
   0.0973000    0.6960680
   0.0974000    0.6561190
   0.0975000    0.6513731
   0.0976000    0.6398628
   0.0977000    0.6731964
   0.0978000    0.6693748
   0.0979000    0.6499687
   0.0980000    0.6801839
   0.0981000    0.6909347
   0.0982000    0.6679764
   0.0983000    0.7017801
   0.0984000    0.6563729
   0.0985000    0.6999164
   0.0986000    0.7317297
   0.0987000    0.7189556
   0.0988000    0.6926800
   0.0989000    0.6958393
   0.0990000    0.6695970
   0.0991000    0.6970019
   0.0992000    0.6217948
   0.0993000    0.6210164
   0.0994000    0.6737737
   0.0995000    0.7241044
   0.0996000    0.6724697
   0.0997000    0.7091887
   0.0998000    0.7475401
   0.0999000    0.6940037
   0.1000000    0.6722050
   0.1001000    0.6860393
   0.1002000    0.7050551
   0.1003000    0.6709837
   0.1004000    0.6883262
   0.1005000    0.7130979
   0.1006000    0.6509675
   0.1007000    0.7329041
   0.1008000    0.7054751
   0.1009000    0.7003031
   0.1010000    0.6914887
   0.1011000    0.6690405
   0.1012000    0.6314341
   0.1013000    0.6623195
   0.1014000    0.6683117
   0.1015000    0.6751388
   0.1016000    0.6590869
   0.1017000    0.6549714
   0.1018000    0.6393668
   0.1019000    0.6756643
   0.1020000    0.7422085
   0.1021000    0.7276977
   0.1022000    0.7128437
   0.1023000    0.7397072
   0.1024000    0.7182828
   0.1025000    0.7100946
   0.1026000    0.7192858
   0.1027000    0.7094663
   0.1028000    0.7546860
   0.1029000    0.7261560
   0.1030000    0.6927383
   0.1031000    0.6980847
   0.1032000    0.7492756
   0.1033000    0.7298254
   0.1034000    0.7500814
   0.1035000    0.6903771
   0.1036000    0.6908650
   0.1037000    0.7112711
   0.1038000    0.6800725
   0.1039000    0.6495853
   0.1040000    0.7088785
   0.1041000    0.7059393
   0.1042000    0.6741673
   0.1043000    0.6777607
   0.1044000    0.6575385
   0.1045000    0.6443378
   0.1046000    0.6750239
   0.1047000    0.7172192
   0.1048000    0.6754794
   0.1049000    0.6564814
   0.1050000    0.6448668
   0.1051000    0.6975521
   0.1052000    0.6707357
   0.1053000    0.6058025
   0.1054000    0.6620609
   0.1055000    0.6718031
   0.1056000    0.6122125
   0.1057000    0.6873330
   0.1058000    0.6657810
   0.1059000    0.6314619
   0.1060000    0.6342312
   0.1061000    0.6384208
   0.1062000    0.6146728
   0.1063000    0.6091743
   0.1064000    0.6318081
   0.1065000    0.7043920
   0.1066000    0.6903902
   0.1067000    0.6741354
   0.1068000    0.6224055
   0.1069000    0.5949203
   0.1070000    0.6730312
   0.1071000    0.6530358
   0.1072000    0.6703745
   0.1073000    0.6523324
   0.1074000    0.6859849
   0.1075000    0.6208717
   0.1076000    0.6435819
   0.1077000    0.6929632
   0.1078000    0.7114386
   0.1079000    0.6647744
   0.1080000    0.6653856
   0.1081000    0.6953384
   0.1082000    0.6789365
   0.1083000    0.7054327
   0.1084000    0.7381288
   0.1085000    0.7468914
   0.1086000    0.7523138
   0.1087000    0.6631654
   0.1088000    0.7671992
   0.1089000    0.7004799
   0.1090000    0.6914219
   0.1091000    0.7102104
   0.1092000    0.6542249
   0.1093000    0.6263284
   0.1094000    0.6793800
   0.1095000    0.6994435
   0.1096000    0.6263441
   0.1097000    0.6749017
   0.1098000    0.7107391
   0.1099000    0.6939195
   0.1100000    0.7896710
   0.1101000    0.7198198
   0.1102000    0.7450088
   0.1103000    0.6834821
   0.1104000    0.7543562
   0.1105000    0.7585359
   0.1106000    0.7194994
   0.1107000    0.7226057
   0.1108000    0.7734692
   0.1109000    0.6904492
   0.1110000    0.6908377
   0.1111000    0.7121088
   0.1112000    0.7702836
   0.1113000    0.7471297
   0.1114000    0.7022743
   0.1115000    0.6662116
   0.1116000    0.6784610
   0.1117000    0.6939816
   0.1118000    0.6650839
   0.1119000    0.7145458
   0.1120000    0.7700341
   0.1121000    0.6788300
   0.1122000    0.6761042
   0.1123000    0.7181575
   0.1124000    0.7062222
   0.1125000    0.7389854
   0.1126000    0.7257270
   0.1127000    0.8061024
   0.1128000    0.8413861
   0.1129000    0.8498523
   0.1130000    0.7369393
   0.1131000    0.7498794
   0.1132000    0.7965078
   0.1133000    0.8299516
   0.1134000    0.8388174
   0.1135000    0.9232672
   0.1136000    0.8343234
   0.1137000    0.8162393
   0.1138000    0.7967013
   0.1139000    0.7180330
   0.1140000    0.6599250
   0.1141000    0.6534105
   0.1142000    0.6551035
   0.1143000    0.6454630
   0.1144000    0.7055408
   0.1145000    0.7397812
   0.1146000    0.7974935
   0.1147000    0.7302229
   0.1148000    0.7240236
   0.1149000    0.7224146
   0.1150000    0.7562132
   0.1151000    0.7686387
   0.1152000    0.7454169
   0.1153000    0.7398648
   0.1154000    0.7438861
   0.1155000    0.7482178
   0.1156000    0.8233331
   0.1157000    0.7275659
   0.1158000    0.7211113
   0.1159000    0.7109883
   0.1160000    0.7034193
   0.1161000    0.6637460
   0.1162000    0.7525679
   0.1163000    0.7593252
   0.1164000    0.7093963
   0.1165000    0.6846159
   0.1166000    0.7117088
   0.1167000    0.6994005
   0.1168000    0.6738267
   0.1169000    0.7110846
   0.1170000    0.7014699
   0.1171000    0.7700747
   0.1172000    0.7188430
   0.1173000    0.7172093
   0.1174000    0.7405016
   0.1175000    0.7251483
   0.1176000    0.7631118
   0.1177000    0.7683203
   0.1178000    0.7573715
   0.1179000    0.8001056
   0.1180000    0.7798784
   0.1181000    0.7971290
   0.1182000    0.7892598
   0.1183000    0.7551311
   0.1184000    0.6719925
   0.1185000    0.7082416
   0.1186000    0.7723794
   0.1187000    0.7066521
   0.1188000    0.8076597
   0.1189000    0.7210601
   0.1190000    0.7429297
   0.1191000    0.7308208
   0.1192000    0.7482193
   0.1193000    0.7099769
   0.1194000    0.6914478
   0.1195000    0.7431545
   0.1196000    0.7095056
   0.1197000    0.7133961
   0.1198000    0.7511364
   0.1199000    0.7456187
   0.1200000    0.7431213
   0.1201000    0.6834031
   0.1202000    0.7182717
   0.1203000    0.7207699
   0.1204000    0.7815194
   0.1205000    0.7656897
   0.1206000    0.7505060
   0.1207000    0.7323746
   0.1208000    0.7507226
   0.1209000    0.7040747
   0.1210000    0.7610472
   0.1211000    0.7341503
   0.1212000    0.7973586
   0.1213000    0.7590022
   0.1214000    0.7542602
   0.1215000    0.7245411
   0.1216000    0.7338227
   0.1217000    0.7073686
   0.1218000    0.7572628
   0.1219000    0.7304881
   0.1220000    0.7548285
   0.1221000    0.7266865
   0.1222000    0.6877850
   0.1223000    0.7089032
   0.1224000    0.7333560
   0.1225000    0.7328446
   0.1226000    0.7554234
   0.1227000    0.7678288
   0.1228000    0.6544533
   0.1229000    0.7535427
   0.1230000    0.7425824
   0.1231000    0.8044400
   0.1232000    0.7834461
   0.1233000    0.7164676
   0.1234000    0.7647900
   0.1235000    0.7506710
   0.1236000    0.6794814
   0.1237000    0.7168409
   0.1238000    0.7362752
   0.1239000    0.7911053
   0.1240000    0.7080583
   0.1241000    0.7684409
   0.1242000    0.7640281
   0.1243000    0.7415810
   0.1244000    0.7075207
   0.1245000    0.6717690
   0.1246000    0.7277460
   0.1247000    0.6845373
   0.1248000    0.6732102
   0.1249000    0.7037519
   0.1250000    0.6916038
   0.1251000    0.6910688
   0.1252000    0.6875876
   0.1253000    0.7176452
   0.1254000    0.7171875
   0.1255000    0.6994231
   0.1256000    0.7036749
   0.1257000    0.6809022
   0.1258000    0.6673399
   0.1259000    0.7058585
   0.1260000    0.7230322
   0.1261000    0.7558112
   0.1262000    0.7502471
   0.1263000    0.7771729
   0.1264000    0.7551216
   0.1265000    0.7505537
   0.1266000    0.7453277
   0.1267000    0.7388663
   0.1268000    0.7494222
   0.1269000    0.7847753
   0.1270000    0.7165261
   0.1271000    0.6850859
   0.1272000    0.7424220
   0.1273000    0.7335858
   0.1274000    0.7435082
   0.1275000    0.7674080
   0.1276000    0.8017469
   0.1277000    0.7855563
   0.1278000    0.7348365
   0.1279000    0.7872477
   0.1280000    0.7522756
   0.1281000    0.7343422
   0.1282000    0.7550437
   0.1283000    0.7807657
   0.1284000    0.7357396
   0.1285000    0.6827403
   0.1286000    0.6764079
   0.1287000    0.7440590
   0.1288000    0.7468301
   0.1289000    0.7371055
   0.1290000    0.7502552
   0.1291000    0.7765506
   0.1292000    0.7518314
   0.1293000    0.7413448
   0.1294000    0.7467773
   0.1295000    0.6895249
   0.1296000    0.6946201
   0.1297000    0.7136998
   0.1298000    0.7097264
   0.1299000    0.6844778
   0.1300000    0.6319474
   0.1301000    0.6750338
   0.1302000    0.6630702
   0.1303000    0.7230969
   0.1304000    0.7538189
   0.1305000    0.7088128
   0.1306000    0.6562821
   0.1307000    0.7295352
   0.1308000    0.7307903
   0.1309000    0.6952963
   0.1310000    0.6750731
   0.1311000    0.6970860
   0.1312000    0.6495091
   0.1313000    0.6555753
   0.1314000    0.6726257
   0.1315000    0.7298033
   0.1316000    0.6390423
   0.1317000    0.6744915
   0.1318000    0.7127567
   0.1319000    0.7116228
   0.1320000    0.6806321
   0.1321000    0.7021061
   0.1322000    0.6686351
   0.1323000    0.6851055
   0.1324000    0.6276364
   0.1325000    0.6672225
   0.1326000    0.6477503
   0.1327000    0.6545252
   0.1328000    0.6082752
   0.1329000    0.7004604
   0.1330000    0.7632484
   0.1331000    0.6880932
   0.1332000    0.7126649
   0.1333000    0.7482674
   0.1334000    0.7264975
   0.1335000    0.6804869
   0.1336000    0.6928511
   0.1337000    0.7115273
   0.1338000    0.6766497
   0.1339000    0.6946169
   0.1340000    0.6838424
   0.1341000    0.7280298
   0.1342000    0.7449045
   0.1343000    0.7114941
   0.1344000    0.7585093
   0.1345000    0.7604632
   0.1346000    0.6898662
   0.1347000    0.7273648
   0.1348000    0.7233356
   0.1349000    0.7759228
   0.1350000    0.7265185
   0.1351000    0.7726225
   0.1352000    0.7723105
   0.1353000    0.7988963
   0.1354000    0.7945352
   0.1355000    0.7913758
   0.1356000    0.7748823
   0.1357000    0.7774757
   0.1358000    0.7711200
   0.1359000    0.8180014
   0.1360000    0.7748276
   0.1361000    0.7937496
   0.1362000    0.7483584
   0.1363000    0.7524669
   0.1364000    0.7308081
   0.1365000    0.7602248
   0.1366000    0.7526396
   0.1367000    0.6984820
   0.1368000    0.7027892
   0.1369000    0.7251947
   0.1370000    0.7438512
   0.1371000    0.7436624
   0.1372000    0.7765364
   0.1373000    0.7363533
   0.1374000    0.7661757
   0.1375000    0.7865432
   0.1376000    0.7805332
   0.1377000    0.7180700
   0.1378000    0.7392300
   0.1379000    0.6990057
   0.1380000    0.7246105
   0.1381000    0.7413594
   0.1382000    0.7840304
   0.1383000    0.7864491
   0.1384000    0.7443998
   0.1385000    0.7439644
   0.1386000    0.7543725
   0.1387000    0.7785870
   0.1388000    0.7740964
   0.1389000    0.7588134
   0.1390000    0.7807360
   0.1391000    0.8258640
   0.1392000    0.7729486
   0.1393000    0.8040225
   0.1394000    0.8037252
   0.1395000    0.7691810
   0.1396000    0.7562818
   0.1397000    0.7464392
   0.1398000    0.7443550
   0.1399000    0.7644428
   0.1400000    0.8027831
   0.1401000    0.8002622
   0.1402000    0.7767314
   0.1403000    0.7789876
   0.1404000    0.7230841
   0.1405000    0.6740366
   0.1406000    0.7166762
   0.1407000    0.6851858
   0.1408000    0.7179388
   0.1409000    0.7212111
   0.1410000    0.6835572
   0.1411000    0.6976883
   0.1412000    0.6986591
   0.1413000    0.7075099
   0.1414000    0.7157632
   0.1415000    0.6805876
   0.1416000    0.7201830
   0.1417000    0.7055533
   0.1418000    0.6799687
   0.1419000    0.6996185
   0.1420000    0.7141299
   0.1421000    0.7367702
   0.1422000    0.7640820
   0.1423000    0.6736821
   0.1424000    0.6920524
   0.1425000    0.6908206
   0.1426000    0.6685401
   0.1427000    0.6893778
   0.1428000    0.6941743
   0.1429000    0.6881707
   0.1430000    0.6902913
   0.1431000    0.6991603
   0.1432000    0.6786377
   0.1433000    0.6846907
   0.1434000    0.6802368
   0.1435000    0.6849936
   0.1436000    0.7077329
   0.1437000    0.7074519
   0.1438000    0.6752567
   0.1439000    0.7664115
   0.1440000    0.7498518
   0.1441000    0.7663509
   0.1442000    0.7624649
   0.1443000    0.7360383
   0.1444000    0.7123550
   0.1445000    0.7782648
   0.1446000    0.7383547
   0.1447000    0.7095737
   0.1448000    0.7432012
   0.1449000    0.7587792
   0.1450000    0.7299761
   0.1451000    0.6862664
   0.1452000    0.7155388
   0.1453000    0.7397056
   0.1454000    0.7169705
   0.1455000    0.7145797
   0.1456000    0.7059202
   0.1457000    0.7281370
   0.1458000    0.7057406
   0.1459000    0.7253402
   0.1460000    0.6955044
   0.1461000    0.7414108
   0.1462000    0.7558452
   0.1463000    0.7942986
   0.1464000    0.7582714
   0.1465000    0.7599882
   0.1466000    0.7397710
   0.1467000    0.7680499
   0.1468000    0.7848168
   0.1469000    0.7905735
   0.1470000    0.7898557
   0.1471000    0.7838044
   0.1472000    0.7699597
   0.1473000    0.7829893
   0.1474000    0.7752811
   0.1475000    0.7454937
   0.1476000    0.7482839
   0.1477000    0.7034740
   0.1478000    0.7155258
   0.1479000    0.7365695
   0.1480000    0.7164868
   0.1481000    0.7159962
   0.1482000    0.7398172
   0.1483000    0.7201163
   0.1484000    0.7857024
   0.1485000    0.7546883
   0.1486000    0.7404312
   0.1487000    0.6598857
   0.1488000    0.7449317
   0.1489000    0.7025276
   0.1490000    0.7554910
   0.1491000    0.7308603
   0.1492000    0.7788655
   0.1493000    0.7174737
   0.1494000    0.7022119
   0.1495000    0.6950479
   0.1496000    0.6829565
   0.1497000    0.6525596
   0.1498000    0.7114908
   0.1499000    0.6881636
   0.1500000    0.6651360
   0.1501000    0.6749150
   0.1502000    0.6688630
   0.1503000    0.7491701
   0.1504000    0.7400466
   0.1505000    0.7372417
   0.1506000    0.7226605
   0.1507000    0.7096619
   0.1508000    0.7252104
   0.1509000    0.6843471
   0.1510000    0.6989930
   0.1511000    0.6839269
   0.1512000    0.6410573
   0.1513000    0.6680905
   0.1514000    0.6795126
   0.1515000    0.6842934
   0.1516000    0.7060875
   0.1517000    0.7614244
   0.1518000    0.7216513
   0.1519000    0.7423175
   0.1520000    0.7236680
   0.1521000    0.7007814
   0.1522000    0.7379732
   0.1523000    0.7166294
   0.1524000    0.7314154
   0.1525000    0.7722807
   0.1526000    0.7506921
   0.1527000    0.7447184
   0.1528000    0.7360497
   0.1529000    0.7071618
   0.1530000    0.7192684
   0.1531000    0.7350873
   0.1532000    0.7319851
   0.1533000    0.7299454
   0.1534000    0.7691320
   0.1535000    0.7540219
   0.1536000    0.7280185
   0.1537000    0.7060174
   0.1538000    0.7136887
   0.1539000    0.7370769
   0.1540000    0.7630783
   0.1541000    0.7371597
   0.1542000    0.7066773
   0.1543000    0.7239324
   0.1544000    0.7698117
   0.1545000    0.7974514
   0.1546000    0.8169216
   0.1547000    0.7867458
   0.1548000    0.7677945
   0.1549000    0.7883580
   0.1550000    0.7859241
   0.1551000    0.7611886
   0.1552000    0.7574875
   0.1553000    0.7774827
   0.1554000    0.7610211
   0.1555000    0.7505270
   0.1556000    0.7786609
   0.1557000    0.7723146
   0.1558000    0.7755941
   0.1559000    0.7831267
   0.1560000    0.7906233
   0.1561000    0.7653687
   0.1562000    0.7988389
   0.1563000    0.7230391
   0.1564000    0.7651246
   0.1565000    0.7553833
   0.1566000    0.7595183
   0.1567000    0.7570904
   0.1568000    0.7668853
   0.1569000    0.7281457
   0.1570000    0.7059320
   0.1571000    0.7541752
   0.1572000    0.7445602
   0.1573000    0.7811933
   0.1574000    0.7846264
   0.1575000    0.7877122
   0.1576000    0.7784820
   0.1577000    0.7373539
   0.1578000    0.7096348
   0.1579000    0.7314362
   0.1580000    0.7557961
   0.1581000    0.7716840
   0.1582000    0.7581828
   0.1583000    0.7953137
   0.1584000    0.8049304
   0.1585000    0.7787256
   0.1586000    0.8381975
   0.1587000    0.7844244
   0.1588000    0.8271512
   0.1589000    0.8004207
   0.1590000    0.8318413
   0.1591000    0.8098772
   0.1592000    0.8009021
   0.1593000    0.8142763
   0.1594000    0.7646108
   0.1595000    0.8032923
   0.1596000    0.7822918
   0.1597000    0.7718256
   0.1598000    0.7794278
   0.1599000    0.7561335
   0.1600000    0.8112084
   0.1601000    0.7767586
   0.1602000    0.7337567
   0.1603000    0.7754898
   0.1604000    0.7030510
   0.1605000    0.6990878
   0.1606000    0.7040778
   0.1607000    0.6684545
   0.1608000    0.7016315
   0.1609000    0.7151135
   0.1610000    0.6696922
   0.1611000    0.6714773
   0.1612000    0.6910161
   0.1613000    0.7000568
   0.1614000    0.6587604
   0.1615000    0.7062425
   0.1616000    0.6956283
   0.1617000    0.6503286
   0.1618000    0.6925289
   0.1619000    0.6498592
   0.1620000    0.6744460
   0.1621000    0.6729181
   0.1622000    0.6589088
   0.1623000    0.6792605
   0.1624000    0.7117122
   0.1625000    0.7325374
   0.1626000    0.7851604
   0.1627000    0.7620778
   0.1628000    0.7279153
   0.1629000    0.7202582
   0.1630000    0.7452978
   0.1631000    0.7167736
   0.1632000    0.6953799
   0.1633000    0.6692557
   0.1634000    0.7209785
   0.1635000    0.7368544
   0.1636000    0.7127102
   0.1637000    0.7308234
   0.1638000    0.7260445
   0.1639000    0.7090676
   0.1640000    0.6733143
   0.1641000    0.6672962
   0.1642000    0.7652012
   0.1643000    0.7328513
   0.1644000    0.6957495
   0.1645000    0.7249455
   0.1646000    0.6731583
   0.1647000    0.7061957
   0.1648000    0.7254910
   0.1649000    0.7215167
   0.1650000    0.7424644
   0.1651000    0.6860822
   0.1652000    0.6984559
   0.1653000    0.7244928
   0.1654000    0.6928425
   0.1655000    0.7150458
   0.1656000    0.7362034
   0.1657000    0.6938123
   0.1658000    0.7333766
   0.1659000    0.7180412
   0.1660000    0.7245260
   0.1661000    0.7452762
   0.1662000    0.6786951
   0.1663000    0.6620414
   0.1664000    0.7270755
   0.1665000    0.7042512
   0.1666000    0.7104862
   0.1667000    0.7080692
   0.1668000    0.6516442
   0.1669000    0.6823751
   0.1670000    0.7991325
   0.1671000    0.7308546
   0.1672000    0.7239188
   0.1673000    0.7103527
   0.1674000    0.7512277
   0.1675000    0.6684722
   0.1676000    0.7717620
   0.1677000    0.7675154
   0.1678000    0.7484694
   0.1679000    0.7601161
   0.1680000    0.7635882
   0.1681000    0.7500891
   0.1682000    0.7159259
   0.1683000    0.7122326
   0.1684000    0.7336732
   0.1685000    0.7216452
   0.1686000    0.7109318
   0.1687000    0.7314036
   0.1688000    0.6733539
   0.1689000    0.6737552
   0.1690000    0.7072307
   0.1691000    0.7147056
   0.1692000    0.6608245
   0.1693000    0.6698369
   0.1694000    0.6232873
   0.1695000    0.6795812
   0.1696000    0.6910394
   0.1697000    0.7289706
   0.1698000    0.6511446
   0.1699000    0.6798245
   0.1700000    0.7075490
   0.1701000    0.6948552
   0.1702000    0.6603071
   0.1703000    0.7754279
   0.1704000    0.7279275
   0.1705000    0.7169716
   0.1706000    0.6823258
   0.1707000    0.6786411
   0.1708000    0.6754791
   0.1709000    0.7534131
   0.1710000    0.7306219
   0.1711000    0.7627264
   0.1712000    0.7821785
   0.1713000    0.7596523
   0.1714000    0.8080065
   0.1715000    0.7908871
   0.1716000    0.8401837
   0.1717000    0.7877392
   0.1718000    0.8064216
   0.1719000    0.7765502
   0.1720000    0.7869202
   0.1721000    0.7919313
   0.1722000    0.7672697
   0.1723000    0.7614268
   0.1724000    0.8068625
   0.1725000    0.7777086
   0.1726000    0.7436504
   0.1727000    0.7404832
   0.1728000    0.7137517
   0.1729000    0.6977762
   0.1730000    0.7042035
   0.1731000    0.7263987
   0.1732000    0.6716282
   0.1733000    0.6671943
   0.1734000    0.6857168
   0.1735000    0.7394999
   0.1736000    0.6873111
   0.1737000    0.7095008
   0.1738000    0.6763077
   0.1739000    0.6589039
   0.1740000    0.7031268
   0.1741000    0.6956711
   0.1742000    0.7016782
   0.1743000    0.6986129
   0.1744000    0.6835463
   0.1745000    0.7330433
   0.1746000    0.6987754
   0.1747000    0.7121910
   0.1748000    0.7113100
   0.1749000    0.7115036
   0.1750000    0.7139162
   0.1751000    0.6951628
   0.1752000    0.6918985
   0.1753000    0.6926942
   0.1754000    0.7190489
   0.1755000    0.7460613
   0.1756000    0.7135261
   0.1757000    0.6902557
   0.1758000    0.6950699
   0.1759000    0.7104809
   0.1760000    0.7118329
   0.1761000    0.7263004
   0.1762000    0.6757401
   0.1763000    0.7244282
   0.1764000    0.7757693
   0.1765000    0.7074728
   0.1766000    0.7658850
   0.1767000    0.7617553
   0.1768000    0.7524730
   0.1769000    0.7719139
   0.1770000    0.7322975
   0.1771000    0.6908714
   0.1772000    0.6806093
   0.1773000    0.6803678
   0.1774000    0.6539241
   0.1775000    0.7115806
   0.1776000    0.6867632
   0.1777000    0.7027901
   0.1778000    0.7144485
   0.1779000    0.6995713
   0.1780000    0.7936760
   0.1781000    0.7361754
   0.1782000    0.7849220
   0.1783000    0.7817926
   0.1784000    0.7317590
   0.1785000    0.7766466
   0.1786000    0.7550831
   0.1787000    0.7228764
   0.1788000    0.7259068
   0.1789000    0.7472767
   0.1790000    0.7304489
   0.1791000    0.7607520
   0.1792000    0.6980342
   0.1793000    0.7151986
   0.1794000    0.7598868
   0.1795000    0.7682985
   0.1796000    0.7462495
   0.1797000    0.7709767
   0.1798000    0.7599224
   0.1799000    0.8040523
   0.1800000    0.8296975
   0.1801000    0.8195436
   0.1802000    0.8300511
   0.1803000    0.8389435
   0.1804000    0.8175001
   0.1805000    0.8151062
   0.1806000    0.8279791
   0.1807000    0.8273877
   0.1808000    0.8110622
   0.1809000    0.7967231
   0.1810000    0.7726032
   0.1811000    0.7997548
   0.1812000    0.8147709
   0.1813000    0.8142821
   0.1814000    0.7677892
   0.1815000    0.7833680
   0.1816000    0.7404755
   0.1817000    0.7539148
   0.1818000    0.7734498
   0.1819000    0.7754500
   0.1820000    0.7880465
   0.1821000    0.7984254
   0.1822000    0.7578449
   0.1823000    0.6990901
   0.1824000    0.6914668
   0.1825000    0.7749696
   0.1826000    0.7658499
   0.1827000    0.8396508
   0.1828000    0.7487645
   0.1829000    0.7752509
   0.1830000    0.7493442
   0.1831000    0.7890939
   0.1832000    0.8306401
   0.1833000    0.7970974
   0.1834000    0.7540455
   0.1835000    0.7502340
   0.1836000    0.7588918
   0.1837000    0.7631767
   0.1838000    0.7718673
   0.1839000    0.7621796
   0.1840000    0.7500094
   0.1841000    0.7610343
   0.1842000    0.7914467
   0.1843000    0.7501875
   0.1844000    0.8014498
   0.1845000    0.7287484
   0.1846000    0.7916321
   0.1847000    0.7963029
   0.1848000    0.7446308
   0.1849000    0.7986516
   0.1850000    0.7662897
   0.1851000    0.8543233
   0.1852000    0.7575675
   0.1853000    0.7594834
   0.1854000    0.7154681
   0.1855000    0.7586190
   0.1856000    0.7303080
   0.1857000    0.7366619
   0.1858000    0.7480413
   0.1859000    0.7490455
   0.1860000    0.7676879
   0.1861000    0.7445262
   0.1862000    0.7052895
   0.1863000    0.7200958
   0.1864000    0.7009676
   0.1865000    0.7142028
   0.1866000    0.7305675
   0.1867000    0.6979391
   0.1868000    0.6748038
   0.1869000    0.7295930
   0.1870000    0.7416819
   0.1871000    0.8011084
   0.1872000    0.7852136
   0.1873000    0.8090637
   0.1874000    0.8435172
   0.1875000    0.8039768
   0.1876000    0.8060264
   0.1877000    0.8237292
   0.1878000    0.8167784
   0.1879000    0.8273241
   0.1880000    0.7976977
   0.1881000    0.7972589
   0.1882000    0.7972097
   0.1883000    0.7391324
   0.1884000    0.7795442
   0.1885000    0.7665490
   0.1886000    0.7340397
   0.1887000    0.7816179
   0.1888000    0.8179085
   0.1889000    0.8109982
   0.1890000    0.8392396
   0.1891000    0.7929695
   0.1892000    0.8053234
   0.1893000    0.7701671
   0.1894000    0.8169326
   0.1895000    0.7980067
   0.1896000    0.8264487
   0.1897000    0.8147643
   0.1898000    0.8208704
   0.1899000    0.8415661
   0.1900000    0.8453014
   0.1901000    0.7595250
   0.1902000    0.8208018
   0.1903000    0.8457446
   0.1904000    0.8202900
   0.1905000    0.8141565
   0.1906000    0.8482584
   0.1907000    0.8297111
   0.1908000    0.8031016
   0.1909000    0.8700840
   0.1910000    0.8104635
   0.1911000    0.8048005
   0.1912000    0.8136476
   0.1913000    0.8122360
   0.1914000    0.8117685
   0.1915000    0.7738996
   0.1916000    0.7601748
   0.1917000    0.8134688
   0.1918000    0.7914567
   0.1919000    0.8118209
   0.1920000    0.7955219
   0.1921000    0.8051483
   0.1922000    0.7756258
   0.1923000    0.8304591
   0.1924000    0.8007038
   0.1925000    0.8107781
   0.1926000    0.7725555
   0.1927000    0.7780292
   0.1928000    0.8085182
   0.1929000    0.7649277
   0.1930000    0.7488363
   0.1931000    0.7344511
   0.1932000    0.8262550
   0.1933000    0.7476099
   0.1934000    0.7714453
   0.1935000    0.7649104
   0.1936000    0.7823906
   0.1937000    0.7321789
   0.1938000    0.7410312
   0.1939000    0.7111419
   0.1940000    0.7780006
   0.1941000    0.7714985
   0.1942000    0.7857930
   0.1943000    0.7519763
   0.1944000    0.7426756
   0.1945000    0.7743850
   0.1946000    0.7781160
   0.1947000    0.7888091
   0.1948000    0.7818708
   0.1949000    0.7525516
   0.1950000    0.7511840
   0.1951000    0.7827598
   0.1952000    0.7837868
   0.1953000    0.7709026
   0.1954000    0.7426317
   0.1955000    0.8012713
   0.1956000    0.7765092
   0.1957000    0.8027965
   0.1958000    0.8327990
   0.1959000    0.8053898
   0.1960000    0.7939332
   0.1961000    0.7891082
   0.1962000    0.8275352
   0.1963000    0.8175402
   0.1964000    0.8422282
   0.1965000    0.7672413
   0.1966000    0.8291135
   0.1967000    0.7779214
   0.1968000    0.7980372
   0.1969000    0.7669493
   0.1970000    0.7766255
   0.1971000    0.8228931
   0.1972000    0.8201701
   0.1973000    0.7937174
   0.1974000    0.7742417
   0.1975000    0.7853692
   0.1976000    0.7715620
   0.1977000    0.7753303
   0.1978000    0.7523554
   0.1979000    0.7773843
   0.1980000    0.7371242
   0.1981000    0.7693676
   0.1982000    0.7310745
   0.1983000    0.7475524
   0.1984000    0.7378159
   0.1985000    0.7451522
   0.1986000    0.7664214
   0.1987000    0.6958660
   0.1988000    0.6799077
   0.1989000    0.7188301
   0.1990000    0.7669154
   0.1991000    0.7985628
   0.1992000    0.8319038
   0.1993000    0.7788314
   0.1994000    0.8328043
   0.1995000    0.8201060
   0.1996000    0.8413432
   0.1997000    0.8339432
   0.1998000    0.7404943
   0.1999000    0.8008491
   0.2000000    0.8168892
   0.2001000    0.7626616
   0.2002000    0.7761717
   0.2003000    0.7994251
   0.2004000    0.8152986
   0.2005000    0.8425932
   0.2006000    0.8376552
   0.2007000    0.8648185
   0.2008000    0.8133087
   0.2009000    0.7905924
   0.2010000    0.8116581
   0.2011000    0.7824806
   0.2012000    0.8055710
   0.2013000    0.7946733
   0.2014000    0.8188879
   0.2015000    0.8457265
   0.2016000    0.7910768
   0.2017000    0.7503535
   0.2018000    0.7907138
   0.2019000    0.7718672
   0.2020000    0.8051795
   0.2021000    0.7843702
   0.2022000    0.8340876
   0.2023000    0.7561131
   0.2024000    0.7698560
   0.2025000    0.8273882
   0.2026000    0.7920385
   0.2027000    0.8144626
   0.2028000    0.8012179
   0.2029000    0.8053530
   0.2030000    0.8256322
   0.2031000    0.9101524
   0.2032000    0.8214448
   0.2033000    0.8046358
   0.2034000    0.8347408
   0.2035000    0.8159334
   0.2036000    0.8595074
   0.2037000    0.8527495
   0.2038000    0.8600268
   0.2039000    0.8424467
   0.2040000    0.8299199
   0.2041000    0.8353702
   0.2042000    0.8286390
   0.2043000    0.8127077
   0.2044000    0.8082267
   0.2045000    0.8425865
   0.2046000    0.8265820
   0.2047000    0.8097929
   0.2048000    0.8042889
   0.2049000    0.8653283
   0.2050000    0.8421518
   0.2051000    0.8224492
   0.2052000    0.7984585
   0.2053000    0.7917070
   0.2054000    0.7802032
   0.2055000    0.7925025
   0.2056000    0.7756982
   0.2057000    0.8304627
   0.2058000    0.7616258
   0.2059000    0.7512724
   0.2060000    0.7173066
   0.2061000    0.7160199
   0.2062000    0.7817525
   0.2063000    0.8116224
   0.2064000    0.7826111
   0.2065000    0.8226255
   0.2066000    0.8372050
   0.2067000    0.8104859
   0.2068000    0.8497275
   0.2069000    0.8045430
   0.2070000    0.7684330
   0.2071000    0.8487354
   0.2072000    0.7783486
   0.2073000    0.7410595
   0.2074000    0.8067416
   0.2075000    0.7554536
   0.2076000    0.7886319
   0.2077000    0.7628013
   0.2078000    0.7692949
   0.2079000    0.7593172
   0.2080000    0.7465666
   0.2081000    0.7461374
   0.2082000    0.7884501
   0.2083000    0.7972601
   0.2084000    0.8356778
   0.2085000    0.7999373
   0.2086000    0.7932235
   0.2087000    0.7865973
   0.2088000    0.7419220
   0.2089000    0.8002605
   0.2090000    0.7630855
   0.2091000    0.8161586
   0.2092000    0.7859607
   0.2093000    0.8095458
   0.2094000    0.8001097
   0.2095000    0.8157992
   0.2096000    0.7990137
   0.2097000    0.8182855
   0.2098000    0.7761922
   0.2099000    0.8176596
   0.2100000    0.7931565
   0.2101000    0.8310028
   0.2102000    0.7789328
   0.2103000    0.7459376
   0.2104000    0.8263425
   0.2105000    0.7645212
   0.2106000    0.7815689
   0.2107000    0.7254480
   0.2108000    0.7565167
   0.2109000    0.7570520
   0.2110000    0.7339094
   0.2111000    0.7171616
   0.2112000    0.7237591
   0.2113000    0.7811878
   0.2114000    0.7439169
   0.2115000    0.7075170
   0.2116000    0.7392395
   0.2117000    0.7718718
   0.2118000    0.7891208
   0.2119000    0.8543041
   0.2120000    0.8801119
   0.2121000    0.7962536
   0.2122000    0.7699915
   0.2123000    0.7744082
   0.2124000    0.7688888
   0.2125000    0.7621245
   0.2126000    0.8024896
   0.2127000    0.8349320
   0.2128000    0.8131406
   0.2129000    0.7830173
   0.2130000    0.8446158
   0.2131000    0.8049974
   0.2132000    0.7891853
   0.2133000    0.7683167
   0.2134000    0.7445103
   0.2135000    0.7789668
   0.2136000    0.7766638
   0.2137000    0.8524205
   0.2138000    0.8548111
   0.2139000    0.8658699
   0.2140000    0.8865954
   0.2141000    0.9111302
   0.2142000    0.8396826
   0.2143000    0.7813711
   0.2144000    0.7939494
   0.2145000    0.8046041
   0.2146000    0.8101358
   0.2147000    0.8312228
   0.2148000    0.8536624
   0.2149000    0.8567446
   0.2150000    0.8552571
   0.2151000    0.9084509
   0.2152000    0.8810648
   0.2153000    0.8777969
   0.2154000    0.8681321
   0.2155000    0.8634875
   0.2156000    0.8610762
   0.2157000    0.8647500
   0.2158000    0.9234712
   0.2159000    0.8785697
   0.2160000    0.8856915
   0.2161000    0.8933405
   0.2162000    0.8833081
   0.2163000    0.8978384
   0.2164000    0.9033495
   0.2165000    0.8790817
   0.2166000    0.8806072
   0.2167000    0.8768063
   0.2168000    0.8741124
   0.2169000    0.8961827
   0.2170000    0.8852127
   0.2171000    0.8931328
   0.2172000    0.8574637
   0.2173000    0.8439308
   0.2174000    0.8677921
   0.2175000    0.8728873
   0.2176000    0.9031515
   0.2177000    0.8315271
   0.2178000    0.8306241
   0.2179000    0.8863000
   0.2180000    0.8994074
   0.2181000    0.9292836
   0.2182000    0.9595850
   0.2183000    0.9757584
   0.2184000    0.9393079
   0.2185000    0.8872525
   0.2186000    1.0603424
   0.2187000    0.9654814
   0.2188000    1.0126314
   0.2189000    0.9143201
   0.2190000    0.9388898
   0.2191000    0.8902159
   0.2192000    0.9156361
   0.2193000    0.8935450
   0.2194000    0.9196261
   0.2195000    0.9331403
   0.2196000    0.8795556
   0.2197000    0.9118411
   0.2198000    0.9678491
   0.2199000    0.9614307
   0.2200000    0.9315756
   0.2201000    0.9097900
   0.2202000    0.9383829
   0.2203000    0.8739182
   0.2204000    0.8692965
   0.2205000    0.8635251
   0.2206000    0.8595316
   0.2207000    0.9085721
   0.2208000    0.9206552
   0.2209000    0.9080235
   0.2210000    0.9330010
   0.2211000    0.9427325
   0.2212000    0.9868343
   0.2213000    0.9561973
   0.2214000    0.9941662
   0.2215000    0.9896713
   0.2216000    1.0213902
   0.2217000    0.9853186
   0.2218000    0.9538463
   0.2219000    0.9343337
   0.2220000    0.9061049
   0.2221000    0.9033157
   0.2222000    0.9149498
   0.2223000    1.0016317
   0.2224000    0.9933084
   0.2225000    0.9786808
   0.2226000    0.9128380
   0.2227000    0.8827674
   0.2228000    0.9550676
   0.2229000    0.9434000
   0.2230000    0.9429874
   0.2231000    0.9416481
   0.2232000    0.9723533
   0.2233000    0.9254805
   0.2234000    0.9416130
   0.2235000    0.9354916
   0.2236000    0.9726332
   0.2237000    0.9424000
   0.2238000    0.9249681
   0.2239000    0.9439182
   0.2240000    0.8946613
   0.2241000    0.8987092
   0.2242000    0.8905034
   0.2243000    0.8788505
   0.2244000    0.8882633
   0.2245000    0.8525830
   0.2246000    0.8248625
   0.2247000    0.8648070
   0.2248000    0.8844013
   0.2249000    0.8217567
   0.2250000    0.8738260
   0.2251000    0.8246954
   0.2252000    0.8314368
   0.2253000    0.8342400
   0.2254000    0.8287231
   0.2255000    0.8172435
   0.2256000    0.8267080
   0.2257000    0.8399035
   0.2258000    0.8152832
   0.2259000    0.8187144
   0.2260000    0.8505113
   0.2261000    0.8686522
   0.2262000    0.8681465
   0.2263000    0.8387181
   0.2264000    0.8554580
   0.2265000    0.8771958
   0.2266000    0.8544291
   0.2267000    0.8712454
   0.2268000    0.8295744
   0.2269000    0.8827884
   0.2270000    0.8693192
   0.2271000    0.8885140
   0.2272000    0.8485332
   0.2273000    0.8597909
   0.2274000    0.8369595
   0.2275000    0.8592204
   0.2276000    0.8577578
   0.2277000    0.7888794
   0.2278000    0.8261199
   0.2279000    0.8843551
   0.2280000    0.8478749
   0.2281000    0.8730227
   0.2282000    0.8852053
   0.2283000    0.9114216
   0.2284000    0.8799320
   0.2285000    0.8662081
   0.2286000    0.8305038
   0.2287000    0.8093472
   0.2288000    0.8805914
   0.2289000    0.8190447
   0.2290000    0.8437859
   0.2291000    0.8476196
   0.2292000    0.7943270
   0.2293000    0.8637261
   0.2294000    0.9076357
   0.2295000    0.8765904
   0.2296000    0.8577140
   0.2297000    0.8754688
   0.2298000    0.8373273
   0.2299000    0.8768069
   0.2300000    0.7997973
   0.2301000    0.7955141
   0.2302000    0.8076101
   0.2303000    0.8842576
   0.2304000    0.8536744
   0.2305000    0.8380730
   0.2306000    0.8350791
   0.2307000    0.8640216
   0.2308000    0.8477609
   0.2309000    0.9168673
   0.2310000    0.9019820
   0.2311000    0.9039293
   0.2312000    0.8752507
   0.2313000    0.8699605
   0.2314000    0.9197184
   0.2315000    0.8887911
   0.2316000    0.9065154
   0.2317000    0.9331105
   0.2318000    0.9248884
   0.2319000    0.9134821
   0.2320000    0.9268770
   0.2321000    0.8805656
   0.2322000    0.9325129
   0.2323000    0.9569231
   0.2324000    0.9433233
   0.2325000    1.0076357
   0.2326000    0.9446482
   0.2327000    0.9388720
   0.2328000    0.9171337
   0.2329000    0.9266902
   0.2330000    0.8930634
   0.2331000    0.9587377
   0.2332000    0.9877621
   0.2333000    0.9621531
   0.2334000    0.9639649
   0.2335000    0.9854721
   0.2336000    0.9991636
   0.2337000    0.9578958
   0.2338000    0.9301913
   0.2339000    0.8936789
   0.2340000    0.9348064
   0.2341000    0.9835114
   0.2342000    0.9884715
   0.2343000    0.9683375
   0.2344000    0.9669191
   0.2345000    0.9753352
   0.2346000    0.9977701
   0.2347000    0.9258629
   0.2348000    0.8997361
   0.2349000    0.9541964
   0.2350000    0.9478195
   0.2351000    0.8524780
   0.2352000    0.7986425
   0.2353000    0.8112115
   0.2354000    0.9477333
   0.2355000    0.9594010
   0.2356000    0.9346594
   0.2357000    0.9184725
   0.2358000    0.8734452
   0.2359000    0.9094332
   0.2360000    0.8864034
   0.2361000    0.8804947
   0.2362000    0.8564562
   0.2363000    0.7975382
   0.2364000    0.9030277
   0.2365000    0.8794703
   0.2366000    0.8707779
   0.2367000    0.8908643
   0.2368000    0.8712242
   0.2369000    0.8144373
   0.2370000    0.8486463
   0.2371000    0.9156049
   0.2372000    0.8617064
   0.2373000    0.9014774
   0.2374000    0.8154083
   0.2375000    0.7989758
   0.2376000    0.8917919
   0.2377000    0.7930044
   0.2378000    0.8113253
   0.2379000    0.8431453
   0.2380000    0.8179252
   0.2381000    0.7970811
   0.2382000    0.8307379
   0.2383000    0.8504885
   0.2384000    0.8500435
   0.2385000    0.8572144
   0.2386000    0.8693100
   0.2387000    0.8207575
   0.2388000    0.8538494
   0.2389000    0.8863919
   0.2390000    0.8545823
   0.2391000    0.8057892
   0.2392000    0.8293142
   0.2393000    0.8090092
   0.2394000    0.8538882
   0.2395000    0.8580439
   0.2396000    0.8549819
   0.2397000    0.8541402
   0.2398000    0.8347108
   0.2399000    0.8407517
   0.2400000    0.8486215
   0.2401000    0.8556265
   0.2402000    0.8720112
   0.2403000    0.8831183
   0.2404000    0.9052312
   0.2405000    0.8663225
   0.2406000    0.9054745
   0.2407000    0.9392344
   0.2408000    0.9244118
   0.2409000    0.9355515
   0.2410000    0.9167705
   0.2411000    0.8767635
   0.2412000    0.9026329
   0.2413000    0.8670046
   0.2414000    0.8567894
   0.2415000    0.8688527
   0.2416000    0.9183410
   0.2417000    0.8970457
   0.2418000    0.9228272
   0.2419000    0.8751909
   0.2420000    0.9286224
   0.2421000    0.8816739
   0.2422000    0.8965657
   0.2423000    0.9057713
   0.2424000    0.8406017
   0.2425000    0.9050344
   0.2426000    0.8779833
   0.2427000    0.8604963
   0.2428000    0.8271251
   0.2429000    0.8648053
   0.2430000    0.8775386
   0.2431000    0.8540146
   0.2432000    0.8940654
   0.2433000    0.8775837
   0.2434000    0.8908499
   0.2435000    0.8625663
   0.2436000    0.8943722
   0.2437000    0.8230160
   0.2438000    0.9274774
   0.2439000    0.8537098
   0.2440000    0.8149490
   0.2441000    0.8801706
   0.2442000    0.8565975
   0.2443000    0.8884107
   0.2444000    0.8525795
   0.2445000    0.7831451
   0.2446000    0.8392898
   0.2447000    0.8086585
   0.2448000    0.8077798
   0.2449000    0.8844389
   0.2450000    0.8330736
   0.2451000    0.8578235
   0.2452000    0.8800294
   0.2453000    0.8828104
   0.2454000    0.8714926
   0.2455000    0.9112871
   0.2456000    0.9099599
   0.2457000    0.8643129
   0.2458000    0.8835370
   0.2459000    0.7991034
   0.2460000    0.8264085
   0.2461000    0.7903519
   0.2462000    0.8053792
   0.2463000    0.8147730
   0.2464000    0.7945938
   0.2465000    0.8298865
   0.2466000    0.8109980
   0.2467000    0.8140866
   0.2468000    0.8522652
   0.2469000    0.7998758
   0.2470000    0.8219690
   0.2471000    0.7814811
   0.2472000    0.8445758
   0.2473000    0.7988967
   0.2474000    0.8210766
   0.2475000    0.8404143
   0.2476000    0.8591513
   0.2477000    0.8664012
   0.2478000    0.8555208
   0.2479000    0.8418563
   0.2480000    0.8134578
   0.2481000    0.8401434
   0.2482000    0.8060874
   0.2483000    0.8626494
   0.2484000    0.8483088
   0.2485000    0.8882644
   0.2486000    0.8602948
   0.2487000    0.9176223
   0.2488000    0.8975923
   0.2489000    0.8749482
   0.2490000    0.9151891
   0.2491000    0.8726445
   0.2492000    0.9119962
   0.2493000    0.8515172
   0.2494000    0.8921618
   0.2495000    0.8481067
   0.2496000    0.8888505
   0.2497000    0.9192896
   0.2498000    0.9283401
   0.2499000    0.8526810
   0.2500000    0.9094745
   0.2501000    0.9119562
   0.2502000    0.9106176
   0.2503000    0.9096747
   0.2504000    0.9099134
   0.2505000    0.8782620
   0.2506000    0.9031768
   0.2507000    0.9008153
   0.2508000    0.8962063
   0.2509000    0.8964467
   0.2510000    0.8897293
   0.2511000    0.9202042
   0.2512000    0.8741876
   0.2513000    0.8982742
   0.2514000    0.9521841
   0.2515000    0.9113877
   0.2516000    0.9054577
   0.2517000    0.9594422
   0.2518000    0.9177408
   0.2519000    0.9192685
   0.2520000    0.9386506
   0.2521000    0.9139518
   0.2522000    0.9127494
   0.2523000    0.8959948
   0.2524000    0.9440435
   0.2525000    0.9154744
   0.2526000    0.8805192
   0.2527000    0.8792540
   0.2528000    0.9177446
   0.2529000    0.9922385
   0.2530000    1.0007825
   0.2531000    0.9282805
   0.2532000    0.9175868
   0.2533000    0.8728953
   0.2534000    0.9307504
   0.2535000    0.9302027
   0.2536000    1.0053425
   0.2537000    0.9305525
   0.2538000    0.9218780
   0.2539000    0.8804679
   0.2540000    0.9451709
   0.2541000    0.9500274
   0.2542000    0.9210197
   0.2543000    0.9291268
   0.2544000    0.9505591
   0.2545000    0.9463044
   0.2546000    1.0359037
   0.2547000    0.9757937
   0.2548000    0.9952880
   0.2549000    0.9680445
   0.2550000    1.0086970
   0.2551000    0.9751858
   0.2552000    0.9815840
   0.2553000    0.9411559
   0.2554000    0.9246929
   0.2555000    0.9237530
   0.2556000    0.8539107
   0.2557000    0.9046234
   0.2558000    0.8347840
   0.2559000    0.9225329
   0.2560000    0.9557038
   0.2561000    0.9350937
   0.2562000    0.8668784
   0.2563000    0.8805555
   0.2564000    0.8314185
   0.2565000    0.8758970
   0.2566000    0.8819804
   0.2567000    0.9225211
   0.2568000    0.9538959
   0.2569000    0.9251815
   0.2570000    0.8442416
   0.2571000    0.8955310
   0.2572000    0.8596135
   0.2573000    0.9360881
   0.2574000    0.8971858
   0.2575000    0.8268805
   0.2576000    0.9178782
   0.2577000    0.9769289
   0.2578000    0.9157951
   0.2579000    0.9549477
   0.2580000    0.8643392
   0.2581000    0.8543679
   0.2582000    0.8427153
   0.2583000    0.8933377
   0.2584000    0.8767528
   0.2585000    0.7473559
   0.2586000    0.8498456
   0.2587000    0.7820752
   0.2588000    0.7503331
   0.2589000    0.7035803
   0.2590000    0.7347877
   0.2591000    0.7407513
   0.2592000    0.7855834
   0.2593000    0.7513261
   0.2594000    0.8488473
   0.2595000    0.8147485
   0.2596000    0.8799176
   0.2597000    0.8761612
   0.2598000    0.8630059
   0.2599000    0.8627959
   0.2600000    0.8299264
   0.2601000    0.7994750
   0.2602000    0.7889837
   0.2603000    0.8059198
   0.2604000    0.7810068
   0.2605000    0.8063126
   0.2606000    0.8330050
   0.2607000    0.8933733
   0.2608000    0.9337311
   0.2609000    0.9318691
   0.2610000    0.9189805
   0.2611000    0.9406087
   0.2612000    0.9380871
   0.2613000    0.8761637
   0.2614000    0.9084833
   0.2615000    0.9346169
   0.2616000    0.9173499
   0.2617000    0.9467951
   0.2618000    0.9025793
   0.2619000    0.8777285
   0.2620000    0.8945469
   0.2621000    0.9203375
   0.2622000    0.9051591
   0.2623000    0.8805603
   0.2624000    0.9126104
   0.2625000    0.8445024
   0.2626000    0.8282124
   0.2627000    0.8820282
   0.2628000    0.8585939
   0.2629000    0.8415828
   0.2630000    0.8626249
   0.2631000    0.8474708
   0.2632000    0.8822056
   0.2633000    0.9402494
   0.2634000    0.8751315
   0.2635000    0.8359380
   0.2636000    0.8517777
   0.2637000    0.8314899
   0.2638000    0.8652504
   0.2639000    0.8787812
   0.2640000    0.8206710
   0.2641000    0.9960375
   0.2642000    1.0647819
   0.2643000    1.0301253
   0.2644000    1.0327195
   0.2645000    1.1533394
   0.2646000    1.1204619
   0.2647000    1.0840094
   0.2648000    0.9993273
   0.2649000    0.9591146
   0.2650000    0.9390585
   0.2651000    0.9701233
   0.2652000    0.9829646
   0.2653000    0.9736013
   0.2654000    0.9608154
   0.2655000    0.9835368
   0.2656000    1.0335219
   0.2657000    1.0624179
   0.2658000    1.0652409
   0.2659000    1.0573959
   0.2660000    1.0748923
   0.2661000    1.0159650
   0.2662000    1.0486164
   0.2663000    0.9979592
   0.2664000    0.9343601
   0.2665000    0.9762763
   0.2666000    0.9728535
   0.2667000    0.9499870
   0.2668000    0.9435650
   0.2669000    0.9388676
   0.2670000    0.9625773
   0.2671000    0.8983059
   0.2672000    0.9445159
   0.2673000    0.9461299
   0.2674000    0.9560684
   0.2675000    1.0115604
   0.2676000    0.9864444
   0.2677000    1.0026454
   0.2678000    0.9951050
   0.2679000    1.0545321
   0.2680000    0.9824659
   0.2681000    1.0128976
   0.2682000    1.0448618
   0.2683000    1.0648376
   0.2684000    1.0343276
   0.2685000    1.1037635
   0.2686000    1.0843767
   0.2687000    1.0938460
   0.2688000    1.1140841
   0.2689000    1.1475804
   0.2690000    1.0275475
   0.2691000    1.0951278
   0.2692000    1.0497627
   0.2693000    1.0943469
   0.2694000    1.0375559
   0.2695000    1.0417727
   0.2696000    0.9940529
   0.2697000    0.9905643
   0.2698000    1.0124151
   0.2699000    1.0163684
   0.2700000    1.0779718
   0.2701000    1.1145506
   0.2702000    1.0997932
   0.2703000    1.1020546
   0.2704000    1.0630711
   0.2705000    1.0331143
   0.2706000    1.0502088
   0.2707000    1.0331202
   0.2708000    1.0352033
   0.2709000    1.0328940
   0.2710000    1.0294336
   0.2711000    0.9738313
   0.2712000    1.0170404
   0.2713000    1.0319004
   0.2714000    1.0619773
   0.2715000    1.0205771
   0.2716000    1.0347344
   0.2717000    0.9931059
   0.2718000    1.0361431
   0.2719000    0.9463530
   0.2720000    1.0372903
   0.2721000    1.0165448
   0.2722000    1.0682311
   0.2723000    0.9756355
   0.2724000    0.9359885
   0.2725000    0.9261971
   0.2726000    0.9238278
   0.2727000    0.9386024
   0.2728000    0.9646537
   0.2729000    0.9952469
   0.2730000    0.9974254
   0.2731000    0.9416655
   0.2732000    0.9379603
   0.2733000    0.9232513
   0.2734000    0.9774607
   0.2735000    0.9211259
   0.2736000    0.9156019
   0.2737000    0.9214785
   0.2738000    0.9453362
   0.2739000    0.9789478
   0.2740000    0.9455208
   0.2741000    0.9964122
   0.2742000    1.0019727
   0.2743000    0.9723015
   0.2744000    0.9490629
   0.2745000    0.9819481
   0.2746000    0.9872752
   0.2747000    0.9655252
   0.2748000    0.9461446
   0.2749000    0.9308602
   0.2750000    0.9310772
   0.2751000    0.9578502
   0.2752000    1.0126128
   0.2753000    0.9137631
   0.2754000    0.9710543
   0.2755000    1.0243610
   0.2756000    0.9814550
   0.2757000    0.9386895
   0.2758000    0.9148419
   0.2759000    0.9696333
   0.2760000    0.8993572
   0.2761000    0.9469696
   0.2762000    0.9473298
   0.2763000    0.9633027
   0.2764000    0.9535961
   0.2765000    0.9247784
   0.2766000    0.9077868
   0.2767000    0.9077414
   0.2768000    0.9117845
   0.2769000    0.9276123
   0.2770000    0.9245371
   0.2771000    0.9378629
   0.2772000    0.9580622
   0.2773000    0.9727988
   0.2774000    0.9695466
   0.2775000    1.0013621
   0.2776000    0.8667147
   0.2777000    0.9762899
   0.2778000    0.9777918
   0.2779000    1.0003312
   0.2780000    1.0132886
   0.2781000    1.0320063
   0.2782000    1.0101340
   0.2783000    1.0093039
   0.2784000    1.0042253
   0.2785000    0.9836269
   0.2786000    1.0227785
   0.2787000    0.9911755
   0.2788000    1.0332688
   0.2789000    1.0096364
   0.2790000    1.0068886
   0.2791000    0.9828516
   0.2792000    0.9744866
   0.2793000    1.0049025
   0.2794000    1.1229063
   0.2795000    1.0128986
   0.2796000    0.9949027
   0.2797000    1.0019871
   0.2798000    1.0200576
   0.2799000    1.0018796
   0.2800000    0.9479126
   0.2801000    1.0055598
   0.2802000    0.9487115
   0.2803000    0.9494621
   0.2804000    0.9673951
   0.2805000    0.9242085
   0.2806000    0.9878967
   0.2807000    0.9622003
   0.2808000    1.0297322
   0.2809000    1.0224774
   0.2810000    1.0489821
   0.2811000    0.9699675
   0.2812000    0.9279842
   0.2813000    0.9489264
   0.2814000    0.9965144
   0.2815000    0.9860604
   0.2816000    0.9620393
   0.2817000    0.9409631
   0.2818000    0.9105733
   0.2819000    0.9346781
   0.2820000    0.9079413
   0.2821000    0.9655349
   0.2822000    0.9741942
   0.2823000    0.9580752
   0.2824000    1.0125496
   0.2825000    0.9447032
   0.2826000    0.9229812
   0.2827000    0.9482715
   0.2828000    0.9319633
   0.2829000    0.9225659
   0.2830000    0.8875250
   0.2831000    0.8972682
   0.2832000    0.9514572
   0.2833000    0.9194611
   0.2834000    0.9766636
   0.2835000    0.9257947
   0.2836000    0.9212874
   0.2837000    0.9838856
   0.2838000    0.8914639
   0.2839000    0.9416122
   0.2840000    0.8655198
   0.2841000    0.9085982
   0.2842000    0.9283125
   0.2843000    0.8549408
   0.2844000    0.8639202
   0.2845000    0.9112476
   0.2846000    0.9301636
   0.2847000    0.8836786
   0.2848000    0.8921334
   0.2849000    0.9657518
   0.2850000    0.8918451
   0.2851000    0.8847139
   0.2852000    0.9184681
   0.2853000    0.9066961
   0.2854000    0.9034358
   0.2855000    0.8913598
   0.2856000    0.9208662
   0.2857000    0.8490475
   0.2858000    0.8873826
   0.2859000    0.8735624
   0.2860000    0.8873560
   0.2861000    0.9889027
   0.2862000    1.0201195
   0.2863000    0.9798534
   0.2864000    0.9931104
   0.2865000    0.9801199
   0.2866000    1.0093840
   0.2867000    1.0062951
   0.2868000    1.0445800
   0.2869000    1.0032828
   0.2870000    1.0213166
   0.2871000    1.0649440
   0.2872000    1.1164359
   0.2873000    0.9864365
   0.2874000    0.9703323
   0.2875000    1.0581732
   0.2876000    0.9871241
   0.2877000    0.9383020
   0.2878000    0.9268667
   0.2879000    0.9891277
   0.2880000    0.9361651
   0.2881000    0.9907437
   0.2882000    0.9782664
   0.2883000    1.0197945
   0.2884000    0.9516191
   0.2885000    0.9997112
   0.2886000    0.9784295
   0.2887000    0.9594642
   0.2888000    0.9787230
   0.2889000    1.0101931
   0.2890000    0.9510674
   0.2891000    0.9786742
   0.2892000    0.9649037
   0.2893000    1.0152779
   0.2894000    0.9944682
   0.2895000    1.0605813
   0.2896000    1.0238746
   0.2897000    1.0220983
   0.2898000    1.0241212
   0.2899000    1.0147223
   0.2900000    0.9791271
   0.2901000    0.9898606
   0.2902000    1.0325508
   0.2903000    1.1058643
   0.2904000    1.0552541
   0.2905000    1.0258571
   0.2906000    1.0703801
   0.2907000    1.0697504
   0.2908000    1.0489229
   0.2909000    1.0171429
   0.2910000    1.0424318
   0.2911000    1.0993261
   0.2912000    1.0412995
   0.2913000    1.0562059
   0.2914000    1.0119523
   0.2915000    1.0530623
   0.2916000    1.0468011
   0.2917000    1.0969703
   0.2918000    1.0618187
   0.2919000    1.0466902
   0.2920000    1.0849037
   0.2921000    1.0740556
   0.2922000    1.0929308
   0.2923000    1.0381542
   0.2924000    1.0396408
   0.2925000    1.0175718
   0.2926000    0.9881225
   0.2927000    0.9497495
   0.2928000    0.9919893
   0.2929000    0.9506875
   0.2930000    0.9782996
   0.2931000    0.9669339
   0.2932000    0.9472235
   0.2933000    0.9546830
   0.2934000    1.0001336
   0.2935000    1.0002122
   0.2936000    0.9644992
   0.2937000    1.0282551
   0.2938000    1.0583959
   0.2939000    1.0436385
   0.2940000    1.0573146
   0.2941000    1.0857596
   0.2942000    1.0948238
   0.2943000    1.0202852
   0.2944000    1.0574919
   0.2945000    1.0333235
   0.2946000    1.0392112
   0.2947000    1.0316141
   0.2948000    0.9800060
   0.2949000    1.0287988
   0.2950000    1.0158616
   0.2951000    1.0227902
   0.2952000    0.9966773
   0.2953000    1.0584910
   0.2954000    1.1089814
   0.2955000    1.0268106
   0.2956000    1.0363268
   0.2957000    1.0896882
   0.2958000    1.0320811
   0.2959000    1.0885834
   0.2960000    1.0610507
   0.2961000    1.0614643
   0.2962000    1.0765760
   0.2963000    1.0709323
   0.2964000    1.0528823
   0.2965000    1.0817295
   0.2966000    1.1009231
   0.2967000    1.0389481
   0.2968000    1.1021870
   0.2969000    1.0869296
   0.2970000    1.0497169
   0.2971000    1.0877187
   0.2972000    1.1527478
   0.2973000    1.0620953
   0.2974000    1.0852467
   0.2975000    1.1267120
   0.2976000    1.0999219
   0.2977000    1.0880662
   0.2978000    1.0874538
   0.2979000    1.1343044
   0.2980000    1.1721544
   0.2981000    1.1893688
   0.2982000    1.1633334
   0.2983000    1.1356714
   0.2984000    1.0842215
   0.2985000    1.0134724
   0.2986000    1.0786810
   0.2987000    1.0832123
   0.2988000    1.0664135
   0.2989000    1.1440262
   0.2990000    1.0791514
   0.2991000    1.0866926
   0.2992000    1.0505065
   0.2993000    1.1190025
   0.2994000    1.1008503
   0.2995000    1.1063323
   0.2996000    1.1144930
   0.2997000    1.1130373
   0.2998000    1.1010664
   0.2999000    1.1031127
   0.3000000    1.0084122
   0.3001000    1.0406271
   0.3002000    1.0635755
   0.3003000    1.0139261
   0.3004000    1.0280288
   0.3005000    1.0799090
   0.3006000    1.0664934
   0.3007000    1.0494977
   0.3008000    1.1016238
   0.3009000    1.1118383
   0.3010000    1.1776087
   0.3011000    1.1065558
   0.3012000    1.1410892
   0.3013000    1.1215827
   0.3014000    1.0935329
   0.3015000    1.0997137
   0.3016000    1.1530405
   0.3017000    1.1330158
   0.3018000    1.1228244
   0.3019000    1.0634161
   0.3020000    1.0478692
   0.3021000    1.1118853
   0.3022000    1.1453950
   0.3023000    1.1144370
   0.3024000    1.1030065
   0.3025000    1.0193714
   0.3026000    1.0860698
   0.3027000    1.0538127
   0.3028000    1.0643320
   0.3029000    1.0919287
   0.3030000    1.1267133
   0.3031000    1.1610074
   0.3032000    1.1311975
   0.3033000    1.1280885
   0.3034000    1.1146108
   0.3035000    1.1290880
   0.3036000    1.1036593
   0.3037000    1.0590292
   0.3038000    1.0686166
   0.3039000    1.1186769
   0.3040000    1.1029421
   0.3041000    1.0914950
   0.3042000    1.1106458
   0.3043000    1.1005968
   0.3044000    1.1248416
   0.3045000    1.1112990
   0.3046000    1.1025259
   0.3047000    1.0579312
   0.3048000    1.0741575
   0.3049000    1.0730211
   0.3050000    1.0887066
   0.3051000    1.1395192
   0.3052000    1.1209639
   0.3053000    1.1004677
   0.3054000    1.1144930
   0.3055000    1.0883757
   0.3056000    1.0722560
   0.3057000    1.0877881
   0.3058000    1.0085576
   0.3059000    1.0469258
   0.3060000    1.0066377
   0.3061000    1.0378131
   0.3062000    1.0905250
   0.3063000    1.0600777
   0.3064000    1.0257664
   0.3065000    1.0339779
   0.3066000    1.0369264
   0.3067000    1.0478001
   0.3068000    1.0841991
   0.3069000    1.0796477
   0.3070000    1.0924695
   0.3071000    1.1219479
   0.3072000    1.0928768
   0.3073000    1.0992204
   0.3074000    1.0826710
   0.3075000    1.1225960
   0.3076000    1.1021816
   0.3077000    1.0993255
   0.3078000    1.1018722
   0.3079000    1.1025676
   0.3080000    1.0797579
   0.3081000    1.0403253
   0.3082000    1.0513790
   0.3083000    1.0870960
   0.3084000    1.0619372
   0.3085000    1.0328184
   0.3086000    1.0762700
   0.3087000    1.1181378
   0.3088000    1.0596063
   0.3089000    1.0472436
   0.3090000    1.0394336
   0.3091000    1.0155231
   0.3092000    1.1117880
   0.3093000    1.0982469
   0.3094000    1.1300402
   0.3095000    1.1189693
   0.3096000    1.1168588
   0.3097000    1.0740765
   0.3098000    1.1065801
   0.3099000    1.0643662
   0.3100000    1.1259522
   0.3101000    1.0861621
   0.3102000    1.1092032
   0.3103000    1.0917313
   0.3104000    1.1381649
   0.3105000    1.1047812
   0.3106000    1.1721499
   0.3107000    1.1026341
   0.3108000    1.1324487
   0.3109000    1.0885414
   0.3110000    1.0825133
   0.3111000    1.0828043
   0.3112000    1.0455763
   0.3113000    1.0611494
   0.3114000    1.0862733
   0.3115000    1.0492586
   0.3116000    1.0813686
   0.3117000    1.1255591
   0.3118000    1.1034743
   0.3119000    1.0770595
   0.3120000    1.1192535
   0.3121000    1.1078793
   0.3122000    1.0881799
   0.3123000    1.1122489
   0.3124000    1.0950555
   0.3125000    1.1223985
   0.3126000    1.0783193
   0.3127000    1.0459580
   0.3128000    1.0728474
   0.3129000    0.9569740
   0.3130000    1.0440880
   0.3131000    0.9618573
   0.3132000    1.0246466
   0.3133000    0.9061751
   0.3134000    0.9549045
   0.3135000    0.9868733
   0.3136000    0.9891045
   0.3137000    0.9455016
   0.3138000    1.0119799
   0.3139000    0.9341292
   0.3140000    0.9888741
   0.3141000    1.0278459
   0.3142000    0.9981999
   0.3143000    1.0129734
   0.3144000    1.0027186
   0.3145000    1.0168425
   0.3146000    1.0354363
   0.3147000    1.0021104
   0.3148000    0.9379645
   0.3149000    0.9987106
   0.3150000    0.9576867
   0.3151000    0.9338610
   0.3152000    0.9506222
   0.3153000    0.9181229
   0.3154000    0.9312991
   0.3155000    0.9217734
   0.3156000    0.8772757
   0.3157000    0.9332213
   0.3158000    0.9907620
   0.3159000    1.0097739
   0.3160000    0.9993954
   0.3161000    0.9335676
   0.3162000    0.9695292
   0.3163000    0.9599378
   0.3164000    0.9503456
   0.3165000    0.9755960
   0.3166000    1.0084788
   0.3167000    0.9733713
   0.3168000    1.0079793
   0.3169000    1.0019940
   0.3170000    0.9923648
   0.3171000    0.9742246
   0.3172000    1.0160604
   0.3173000    0.9979318
   0.3174000    0.9553420
   0.3175000    0.9759602
   0.3176000    0.9740117
   0.3177000    0.8372895
   0.3178000    0.9494277
   0.3179000    0.8830537
   0.3180000    0.9263026
   0.3181000    0.9913231
   0.3182000    0.9808143
   0.3183000    0.9979255
   0.3184000    1.0091598
   0.3185000    1.0087835
   0.3186000    0.9860457
   0.3187000    0.9880490
   0.3188000    0.9702694
   0.3189000    1.0241193
   0.3190000    0.9697387
   0.3191000    1.0064777
   0.3192000    1.0253260
   0.3193000    1.0119486
   0.3194000    1.0155041
   0.3195000    0.9951938
   0.3196000    1.0478735
   0.3197000    1.0074254
   0.3198000    0.9826295
   0.3199000    1.0072469
   0.3200000    1.0296991
   0.3201000    0.9815015
   0.3202000    1.0095088
   0.3203000    1.0052116
   0.3204000    1.0022658
   0.3205000    0.9887150
   0.3206000    0.9691289
   0.3207000    0.9635795
   0.3208000    0.9267400
   0.3209000    0.9702524
   0.3210000    0.9259841
   0.3211000    0.9229341
   0.3212000    0.9970947
   0.3213000    0.9505721
   0.3214000    0.9170700
   0.3215000    0.9238399
   0.3216000    0.8982073
   0.3217000    0.9019222
   0.3218000    0.9262753
   0.3219000    0.9650474
   0.3220000    0.9172153
   0.3221000    0.9154499
   0.3222000    0.9678945
   0.3223000    0.9792727
   0.3224000    0.9330597
   0.3225000    0.9791042
   0.3226000    0.9243277
   0.3227000    1.0009155
   0.3228000    0.9514258
   0.3229000    0.9729293
   0.3230000    1.0195771
   0.3231000    1.0274428
   0.3232000    1.0515902
   0.3233000    0.9884278
   0.3234000    0.9286447
   0.3235000    0.9661095
   0.3236000    0.9847043
   0.3237000    1.0052454
   0.3238000    1.0172043
   0.3239000    0.9322315
   0.3240000    1.0062581
   0.3241000    0.9512528
   0.3242000    0.9673113
   0.3243000    0.9687209
   0.3244000    0.9989563
   0.3245000    0.9999366
   0.3246000    1.0073819
   0.3247000    1.0335766
   0.3248000    0.9954933
   0.3249000    1.0142533
   0.3250000    1.0607787
   0.3251000    0.9718187
   0.3252000    1.0067946
   0.3253000    0.9805478
   0.3254000    0.9393942
   0.3255000    0.9720488
   0.3256000    0.9270347
   0.3257000    0.9631676
   0.3258000    0.9594061
   0.3259000    0.9206576
   0.3260000    0.8761454
   0.3261000    0.9127076
   0.3262000    0.9071081
   0.3263000    0.8720034
   0.3264000    0.8374221
   0.3265000    0.8584060
   0.3266000    0.8823801
   0.3267000    0.9246958
   0.3268000    0.9105152
   0.3269000    0.8863797
   0.3270000    0.8663886
   0.3271000    0.8806654
   0.3272000    0.8566641
   0.3273000    0.8635390
   0.3274000    0.9289919
   0.3275000    0.9298790
   0.3276000    0.9731637
   0.3277000    0.9607817
   0.3278000    0.9733104
   0.3279000    0.9120393
   0.3280000    0.9128852
   0.3281000    1.0121351
   0.3282000    0.9824998
   0.3283000    0.9546496
   0.3284000    0.9908077
   0.3285000    0.9841192
   0.3286000    1.0225616
   0.3287000    1.0050522
   0.3288000    0.9415426
   0.3289000    0.9458489
   0.3290000    0.9284608
   0.3291000    0.8974105
   0.3292000    0.9205172
   0.3293000    0.9104102
   0.3294000    0.9035321
   0.3295000    0.9667923
   0.3296000    0.9819350
   0.3297000    0.9152335
   0.3298000    1.0314116
   0.3299000    0.9906641
   0.3300000    1.0402529
   0.3301000    1.0359406
   0.3302000    1.1384964
   0.3303000    1.0401860
   0.3304000    0.9945317
   0.3305000    1.0496207
   0.3306000    1.0478784
   0.3307000    1.0670077
   0.3308000    1.0530667
   0.3309000    1.0964724
   0.3310000    1.0723748
   0.3311000    1.0212518
   0.3312000    1.0561751
   0.3313000    1.0952530
   0.3314000    1.0716618
   0.3315000    1.0812296
   0.3316000    1.0469906
   0.3317000    1.0498751
   0.3318000    1.1314224
   0.3319000    1.0398097
   0.3320000    1.0696918
   0.3321000    1.0156617
   0.3322000    1.0798857
   0.3323000    0.9758629
   0.3324000    0.9544494
   0.3325000    1.0016091
   0.3326000    0.9858581
   0.3327000    0.9963046
   0.3328000    1.0062244
   0.3329000    0.9415821
   0.3330000    0.9501089
   0.3331000    0.9832119
   0.3332000    0.9381814
   0.3333000    0.8464835
   0.3334000    0.8881105
   0.3335000    0.8377991
   0.3336000    0.8441347
   0.3337000    0.9133034
   0.3338000    0.8989856
   0.3339000    0.8679910
   0.3340000    0.8381472
   0.3341000    0.8077692
   0.3342000    0.9146570
   0.3343000    0.8304642
   0.3344000    0.8324390
   0.3345000    0.8214644
   0.3346000    0.8803667
   0.3347000    0.8327419
   0.3348000    0.8240440
   0.3349000    0.8573244
   0.3350000    0.8088449
   0.3351000    0.8052815
   0.3352000    0.8660463
   0.3353000    0.8503249
   0.3354000    0.8251355
   0.3355000    0.8185182
   0.3356000    0.8466482
   0.3357000    0.8782257
   0.3358000    0.9193801
   0.3359000    0.9069116
   0.3360000    0.9430458
   0.3361000    0.9267784
   0.3362000    0.9075159
   0.3363000    0.9280046
   0.3364000    0.9051995
   0.3365000    0.9435921
   0.3366000    0.9284741
   0.3367000    0.9526753
   0.3368000    0.9352000
   0.3369000    0.9559877
   0.3370000    0.9914908
   0.3371000    0.9789081
   0.3372000    0.9347703
   0.3373000    0.8628178
   0.3374000    0.9541035
   0.3375000    0.9266543
   0.3376000    0.9140905
   0.3377000    0.8608276
   0.3378000    0.9134032
   0.3379000    0.8765385
   0.3380000    0.8781821
   0.3381000    0.9140139
   0.3382000    0.8731783
   0.3383000    0.8812658
   0.3384000    0.9091116
   0.3385000    0.8637953
   0.3386000    0.8457471
   0.3387000    0.7951534
   0.3388000    0.8325434
   0.3389000    0.7853439
   0.3390000    0.8578432
   0.3391000    0.8247955
   0.3392000    0.8225952
   0.3393000    0.8538849
   0.3394000    0.7863956
   0.3395000    0.8352757
   0.3396000    0.8317525
   0.3397000    0.8483884
   0.3398000    0.8562793
   0.3399000    0.8438586
   0.3400000    0.8941559
   0.3401000    0.8412221
   0.3402000    0.9040394
   0.3403000    0.8757030
   0.3404000    0.9108350
   0.3405000    0.8579702
   0.3406000    0.8203405
   0.3407000    0.8642940
   0.3408000    0.8673783
   0.3409000    0.8875679
   0.3410000    0.8954182
   0.3411000    0.8889186
   0.3412000    0.8636218
   0.3413000    0.8749369
   0.3414000    0.9135876
   0.3415000    0.8438077
   0.3416000    0.8694482
   0.3417000    0.8518253
   0.3418000    0.8696808
   0.3419000    0.8958060
   0.3420000    0.8757291
   0.3421000    0.8445704
   0.3422000    0.7747782
   0.3423000    0.8427842
   0.3424000    0.8809658
   0.3425000    0.8460423
   0.3426000    0.8642066
   0.3427000    0.8337567
   0.3428000    0.8219650
   0.3429000    0.8213132
   0.3430000    0.8830616
   0.3431000    0.8747535
   0.3432000    0.8608848
   0.3433000    0.8228207
   0.3434000    0.8847069
   0.3435000    0.8425303
   0.3436000    0.8129494
   0.3437000    0.8730167
   0.3438000    0.8378161
   0.3439000    0.8716612
   0.3440000    0.8786138
   0.3441000    0.8888054
   0.3442000    0.8527805
   0.3443000    0.9099561
   0.3444000    0.8713899
   0.3445000    0.8416855
   0.3446000    0.8636439
   0.3447000    0.8368781
   0.3448000    0.8471255
   0.3449000    0.8568326
   0.3450000    0.8489986
   0.3451000    0.8662246
   0.3452000    0.8944520
   0.3453000    0.8708327
   0.3454000    0.8709753
   0.3455000    0.8568372
   0.3456000    0.8633206
   0.3457000    0.8509646
   0.3458000    0.8867360
   0.3459000    0.9025586
   0.3460000    0.7890511
   0.3461000    0.8674945
   0.3462000    0.9172314
   0.3463000    0.8685781
   0.3464000    0.8355034
   0.3465000    0.8826747
   0.3466000    0.8432776
   0.3467000    0.8493363
   0.3468000    0.7762257
   0.3469000    0.8249194
   0.3470000    0.7866185
   0.3471000    0.8076810
   0.3472000    0.7743098
   0.3473000    0.7679375
   0.3474000    0.7509143
   0.3475000    0.8205175
   0.3476000    0.7881323
   0.3477000    0.7613171
   0.3478000    0.8837311
   0.3479000    0.8850752
   0.3480000    0.8211186
   0.3481000    0.8219653
   0.3482000    0.8135220
   0.3483000    0.8195658
   0.3484000    0.7729006
   0.3485000    0.7843875
   0.3486000    0.7868187
   0.3487000    0.7762919
   0.3488000    0.7973042
   0.3489000    0.8383023
   0.3490000    0.8551694
   0.3491000    0.8608162
   0.3492000    0.8720258
   0.3493000    0.8548791
   0.3494000    0.8427450
   0.3495000    0.8476259
   0.3496000    0.9499002
   0.3497000    0.8350124
   0.3498000    0.7682152
   0.3499000    0.7660021
   0.3500000    0.8455271
   0.3501000    0.8116619
   0.3502000    0.8186080
   0.3503000    0.7824429
   0.3504000    0.7447207
   0.3505000    0.8252894
   0.3506000    0.8432376
   0.3507000    0.9159890
   0.3508000    0.8662472
   0.3509000    0.8306323
   0.3510000    0.8589605
   0.3511000    0.8452727
   0.3512000    0.8720900
   0.3513000    0.8097402
   0.3514000    0.8910580
   0.3515000    0.8260341
   0.3516000    0.8338834
   0.3517000    0.7657378
   0.3518000    0.8041117
   0.3519000    0.8202952
   0.3520000    0.8278962
   0.3521000    0.8337945
   0.3522000    0.8710509
   0.3523000    0.8856834
   0.3524000    0.9164163
   0.3525000    0.9635815
   0.3526000    0.9444472
   0.3527000    0.9306563
   0.3528000    0.9226917
   0.3529000    0.9158440
   0.3530000    0.8434140
   0.3531000    0.8626725
   0.3532000    0.8857178
   0.3533000    0.8589414
   0.3534000    0.8570368
   0.3535000    0.9041498
   0.3536000    0.9078919
   0.3537000    0.9333434
   0.3538000    0.9623748
   0.3539000    0.8920713
   0.3540000    0.8478016
   0.3541000    0.8247845
   0.3542000    0.8073611
   0.3543000    0.8472636
   0.3544000    0.8305410
   0.3545000    0.8925559
   0.3546000    0.8762629
   0.3547000    0.8514766
   0.3548000    0.8758716
   0.3549000    0.8644095
   0.3550000    0.8811347
   0.3551000    0.9017220
   0.3552000    0.8869630
   0.3553000    0.8785203
   0.3554000    0.8880774
   0.3555000    0.9341088
   0.3556000    0.8883419
   0.3557000    0.8283262
   0.3558000    0.7653027
   0.3559000    0.7722014
   0.3560000    0.7332109
   0.3561000    0.8181042
   0.3562000    0.8173568
   0.3563000    0.7977107
   0.3564000    0.7936844
   0.3565000    0.8786241
   0.3566000    0.8584667
   0.3567000    0.8677914
   0.3568000    0.8109099
   0.3569000    0.8148212
   0.3570000    0.8315158
   0.3571000    0.8239648
   0.3572000    0.8240587
   0.3573000    0.8180140
   0.3574000    0.8281709
   0.3575000    0.8492706
   0.3576000    0.8410744
   0.3577000    0.8648058
   0.3578000    0.8587647
   0.3579000    0.8022053
   0.3580000    0.7663991
   0.3581000    0.8042102
   0.3582000    0.7967910
   0.3583000    0.8596545
   0.3584000    0.8234159
   0.3585000    0.8196069
   0.3586000    0.7600070
   0.3587000    0.8821395
   0.3588000    0.7847079
   0.3589000    0.8234147
   0.3590000    0.8350755
   0.3591000    0.8151202
   0.3592000    0.8131173
   0.3593000    0.7382833
   0.3594000    0.8101135
   0.3595000    0.7836367
   0.3596000    0.7894509
   0.3597000    0.8039618
   0.3598000    0.8508278
   0.3599000    0.8879144
   0.3600000    0.7739251
   0.3601000    0.7536647
   0.3602000    0.8000963
   0.3603000    0.8337265
   0.3604000    0.8377011
   0.3605000    0.8134446
   0.3606000    0.8512176
   0.3607000    0.8285425
   0.3608000    0.8593269
   0.3609000    0.8360760
   0.3610000    0.8135595
   0.3611000    0.8327698
   0.3612000    0.8248422
   0.3613000    0.7930167
   0.3614000    0.8179969
   0.3615000    0.8628011
   0.3616000    0.8372239
   0.3617000    0.8113350
   0.3618000    0.7853794
   0.3619000    0.9121601
   0.3620000    0.8381565
   0.3621000    0.8407583
   0.3622000    0.9055795
   0.3623000    0.8753172
   0.3624000    0.8344951
   0.3625000    0.9181798
   0.3626000    0.9029436
   0.3627000    0.8710682
   0.3628000    0.8678883
   0.3629000    0.8885946
   0.3630000    0.8319063
   0.3631000    0.8828666
   0.3632000    0.8472852
   0.3633000    0.8509179
   0.3634000    0.8927841
   0.3635000    0.9029472
   0.3636000    0.8670304
   0.3637000    0.8631783
   0.3638000    0.8577446
   0.3639000    0.8005472
   0.3640000    0.8343279
   0.3641000    0.8394237
   0.3642000    0.8700920
   0.3643000    0.8801943
   0.3644000    0.8918051
   0.3645000    0.9027824
   0.3646000    0.8622327
   0.3647000    0.9058683
   0.3648000    0.8865221
   0.3649000    0.9067858
   0.3650000    0.8812295
   0.3651000    0.8979676
   0.3652000    0.8777899
   0.3653000    0.8831981
   0.3654000    0.9005182
   0.3655000    0.8165686
   0.3656000    0.8363180
   0.3657000    0.8934444
   0.3658000    0.8953245
   0.3659000    0.8807279
   0.3660000    0.8540998
   0.3661000    0.8723146
   0.3662000    0.8900143
   0.3663000    0.8895739
   0.3664000    0.8936725
   0.3665000    0.8255462
   0.3666000    0.8670090
   0.3667000    0.9171144
   0.3668000    0.8312565
   0.3669000    0.8763909
   0.3670000    0.8574273
   0.3671000    0.8416294
   0.3672000    0.9308580
   0.3673000    0.8497483
   0.3674000    0.8000194
   0.3675000    0.8363045
   0.3676000    0.8097950
   0.3677000    0.7893273
   0.3678000    0.8170547
   0.3679000    0.8834064
   0.3680000    0.8599569
   0.3681000    0.8560840
   0.3682000    0.8834585
   0.3683000    0.8026946
   0.3684000    0.8169668
   0.3685000    0.8230026
   0.3686000    0.8371608
   0.3687000    0.8377101
   0.3688000    0.8203352
   0.3689000    0.7682356
   0.3690000    0.7969289
   0.3691000    0.8054872
   0.3692000    0.8553912
   0.3693000    0.8728354
   0.3694000    0.8282024
   0.3695000    0.8236739
   0.3696000    0.8432702
   0.3697000    0.8106351
   0.3698000    0.8727979
   0.3699000    0.8435168
   0.3700000    0.8295597
   0.3701000    0.8226296
   0.3702000    0.8450110
   0.3703000    0.8327434
   0.3704000    0.8301628
   0.3705000    0.8357440
   0.3706000    0.8376253
   0.3707000    0.7784796
   0.3708000    0.7687010
   0.3709000    0.8284191
   0.3710000    0.7790660
   0.3711000    0.7999536
   0.3712000    0.7970709
   0.3713000    0.8091465
   0.3714000    0.7655786
   0.3715000    0.8225330
   0.3716000    0.8115417
   0.3717000    0.7687538
   0.3718000    0.8396655
   0.3719000    0.7984623
   0.3720000    0.7999915
   0.3721000    0.8061751
   0.3722000    0.7943444
   0.3723000    0.8562775
   0.3724000    0.8825126
   0.3725000    0.8709361
   0.3726000    0.8503729
   0.3727000    0.8444043
   0.3728000    0.7764883
   0.3729000    0.7857133
   0.3730000    0.7928653
   0.3731000    0.8038971
   0.3732000    0.7700843
   0.3733000    0.8122393
   0.3734000    0.7673874
   0.3735000    0.8307634
   0.3736000    0.7900773
   0.3737000    0.7967985
   0.3738000    0.8132471
   0.3739000    0.8216583
   0.3740000    0.8674141
   0.3741000    0.8195503
   0.3742000    0.8606562
   0.3743000    0.8078418
   0.3744000    0.8322445
   0.3745000    0.8393522
   0.3746000    0.9207541
   0.3747000    0.8706024
   0.3748000    0.9087452
   0.3749000    0.8202682
   0.3750000    0.8690060
   0.3751000    0.9384313
   0.3752000    0.8849804
   0.3753000    0.9002671
   0.3754000    0.8730642
   0.3755000    0.8049358
   0.3756000    0.8699439
   0.3757000    0.8814299
   0.3758000    0.8600389
   0.3759000    0.8279514
   0.3760000    0.8964364
   0.3761000    0.9199438
   0.3762000    0.8599254
   0.3763000    0.8586695
   0.3764000    0.9410967
   0.3765000    0.9020985
   0.3766000    0.8721157
   0.3767000    0.8826694
   0.3768000    0.8827960
   0.3769000    0.8247104
   0.3770000    0.8905598
   0.3771000    0.8486040
   0.3772000    0.8201047
   0.3773000    0.8584030
   0.3774000    0.8322458
   0.3775000    0.8583784
   0.3776000    0.8662221
   0.3777000    0.8599936
   0.3778000    0.8331984
   0.3779000    0.8329933
   0.3780000    0.8368487
   0.3781000    0.8262687
   0.3782000    0.8243934
   0.3783000    0.8259887
   0.3784000    0.8016184
   0.3785000    0.8245463
   0.3786000    0.8138298
   0.3787000    0.8405490
   0.3788000    0.8457703
   0.3789000    0.8325029
   0.3790000    0.7903331
   0.3791000    0.7791401
   0.3792000    0.8011039
   0.3793000    0.7829421
   0.3794000    0.7595624
   0.3795000    0.8053572
   0.3796000    0.8370388
   0.3797000    0.7898288
   0.3798000    0.8038337
   0.3799000    0.8751017
   0.3800000    0.8444321
   0.3801000    0.8858920
   0.3802000    0.9385083
   0.3803000    0.8634506
   0.3804000    0.8980259
   0.3805000    0.8466973
   0.3806000    0.8145502
   0.3807000    0.8275998
   0.3808000    0.8047039
   0.3809000    0.8535889
   0.3810000    0.8482084
   0.3811000    0.8313146
   0.3812000    0.8358942
   0.3813000    0.8475045
   0.3814000    0.8674622
   0.3815000    0.8804306
   0.3816000    0.8634385
   0.3817000    0.8696468
   0.3818000    0.8973245
   0.3819000    0.8481742
   0.3820000    0.8808196
   0.3821000    0.8909734
   0.3822000    0.8778692
   0.3823000    0.8515194
   0.3824000    0.9016579
   0.3825000    0.8857117
   0.3826000    0.8688207
   0.3827000    0.8531843
   0.3828000    0.8669793
   0.3829000    0.8398707
   0.3830000    0.8210729
   0.3831000    0.8527527
   0.3832000    0.8634146
   0.3833000    0.8960012
   0.3834000    0.8747820
   0.3835000    0.8708341
   0.3836000    0.8745733
   0.3837000    0.8999192
   0.3838000    0.9002064
   0.3839000    0.8614680
   0.3840000    0.8664458
   0.3841000    0.8992742
   0.3842000    0.8768307
   0.3843000    0.8847752
   0.3844000    0.8552144
   0.3845000    0.8570868
   0.3846000    0.8335189
   0.3847000    0.8057230
   0.3848000    0.8180838
   0.3849000    0.8586002
   0.3850000    0.8799308
   0.3851000    0.8741419
   0.3852000    0.8669596
   0.3853000    0.8843161
   0.3854000    0.9107330
   0.3855000    0.8847526
   0.3856000    0.9045707
   0.3857000    0.9049017
   0.3858000    0.8458965
   0.3859000    0.8035550
   0.3860000    0.8214456
   0.3861000    0.8447507
   0.3862000    0.8942866
   0.3863000    0.8411368
   0.3864000    0.8691264
   0.3865000    0.8787599
   0.3866000    0.9409871
   0.3867000    0.9183509
   0.3868000    0.8600517
   0.3869000    0.9021433
   0.3870000    0.9133747
   0.3871000    0.9308227
   0.3872000    0.8583106
   0.3873000    0.9233704
   0.3874000    0.9197320
   0.3875000    0.8725416
   0.3876000    0.8849053
   0.3877000    0.9423362
   0.3878000    0.8674858
   0.3879000    0.9167254
   0.3880000    0.9118907
   0.3881000    0.9114053
   0.3882000    0.9153606
   0.3883000    0.9214416
   0.3884000    0.8887244
   0.3885000    0.8875265
   0.3886000    0.8949227
   0.3887000    0.9022729
   0.3888000    0.8770767
   0.3889000    0.9421118
   0.3890000    0.9213331
   0.3891000    0.8553599
   0.3892000    0.8574744
   0.3893000    0.8623878
   0.3894000    0.8620443
   0.3895000    0.8477684
   0.3896000    0.8761089
   0.3897000    0.8983166
   0.3898000    0.8528858
   0.3899000    0.9375487
   0.3900000    0.8956563
   0.3901000    0.8834453
   0.3902000    0.8879569
   0.3903000    0.8929963
   0.3904000    0.8779340
   0.3905000    0.8886639
   0.3906000    0.8950994
   0.3907000    0.8542882
   0.3908000    0.9132380
   0.3909000    0.8993219
   0.3910000    0.9092132
   0.3911000    0.8947508
   0.3912000    0.9143771
   0.3913000    0.9023804
   0.3914000    0.9109222
   0.3915000    0.9042761
   0.3916000    0.8664670
   0.3917000    0.8902247
   0.3918000    0.8349132
   0.3919000    0.8589936
   0.3920000    0.8700680
   0.3921000    0.8266236
   0.3922000    0.8442029
   0.3923000    0.8821021
   0.3924000    0.8610265
   0.3925000    0.8628398
   0.3926000    0.9528958
   0.3927000    0.9351020
   0.3928000    0.9103460
   0.3929000    0.9220059
   0.3930000    0.8983220
   0.3931000    0.8675993
   0.3932000    0.9048671
   0.3933000    0.9034518
   0.3934000    0.8994598
   0.3935000    0.9331710
   0.3936000    0.9377649
   0.3937000    0.9082859
   0.3938000    0.9454635
   0.3939000    0.9314321
   0.3940000    0.9095690
   0.3941000    0.8649418
   0.3942000    0.8674448
   0.3943000    0.8843412
   0.3944000    0.8969395
   0.3945000    0.8936003
   0.3946000    0.8499990
   0.3947000    0.8662226
   0.3948000    0.9080880
   0.3949000    0.9252516
   0.3950000    0.9119878
   0.3951000    0.8826278
   0.3952000    0.8296334
   0.3953000    0.9361566
   0.3954000    0.8853531
   0.3955000    0.8264189
   0.3956000    0.8745772
   0.3957000    0.8524151
   0.3958000    0.8201360
   0.3959000    0.9006571
   0.3960000    0.8813023
   0.3961000    0.8652220
   0.3962000    0.9181659
   0.3963000    0.9111611
   0.3964000    0.8816540
   0.3965000    0.9120359
   0.3966000    0.9217144
   0.3967000    0.9760661
   0.3968000    1.0025384
   0.3969000    0.9484923
   0.3970000    0.9334338
   0.3971000    0.9536463
   0.3972000    1.0153943
   0.3973000    1.0094055
   0.3974000    0.9671276
   0.3975000    1.0198687
   0.3976000    0.9835803
   0.3977000    0.9787958
   0.3978000    0.9557416
   0.3979000    0.9778092
   0.3980000    0.9669417
   0.3981000    0.9894218
   0.3982000    0.9638333
   0.3983000    0.9639894
   0.3984000    0.9774450
   0.3985000    0.9752116
   0.3986000    1.0168524
   0.3987000    1.0489961
   0.3988000    1.0096920
