0.000000000000000000e+00 5.812239271712734023e+00
1.000000014901161194e-01 6.216918646893814682e+00
2.000000029802322388e-01 6.595885279947328428e+00
3.000000119209289551e-01 6.946115518901343933e+00
4.000000059604644775e-01 6.690798977872086439e+00
5.000000000000000000e-01 8.308206494477428095e+00
6.000000238418579102e-01 9.705010688320793832e+00
6.999999880790710449e-01 9.868330124573168050e+00
8.000000119209289551e-01 6.747236321001153669e+00
8.999999761581420898e-01 8.992125872779766382e+00
1.000000000000000000e+00 8.443211503639187043e+00
1.100000023841857910e+00 7.516638286123998647e+00
1.200000047683715820e+00 7.316899873337179727e+00
1.299999952316284180e+00 7.582032549425588464e+00
1.399999976158142090e+00 6.832215947985864624e+00
1.500000000000000000e+00 7.088694949519681821e+00
1.600000023841857910e+00 9.089103160931420788e+00
1.700000047683715820e+00 8.351491807518142352e+00
1.799999952316284180e+00 9.379156101148913294e+00
1.899999976158142090e+00 7.102790323606887668e+00
2.000000000000000000e+00 7.533540303455480647e+00
2.099999904632568359e+00 7.591568950309782515e+00
2.200000047683715820e+00 7.895521241668567392e+00
2.299999952316284180e+00 9.076844820045597118e+00
2.400000095367431641e+00 8.129645472175825560e+00
2.500000000000000000e+00 7.890024800566235008e+00
2.599999904632568359e+00 8.178971450899931384e+00
2.700000047683715820e+00 6.160800166494670549e+00
2.799999952316284180e+00 5.644274644107488470e+00
2.900000095367431641e+00 5.201225974878920688e+00
3.000000000000000000e+00 5.682586618140225809e+00
3.099999904632568359e+00 5.814109630120468886e+00
3.200000047683715820e+00 5.607416061793500717e+00
3.299999952316284180e+00 6.547784845075030447e+00
3.400000095367431641e+00 6.275852117138619235e+00
3.500000000000000000e+00 1.078932377507504192e+01
3.599999904632568359e+00 9.466436666565648750e+00
3.700000047683715820e+00 8.688499310532233011e+00
3.799999952316284180e+00 7.503620844848539306e+00
3.900000095367431641e+00 8.543045440948123570e+00
4.000000000000000000e+00 8.534420565989080387e+00
4.099999904632568359e+00 8.604375075525217298e+00
4.199999809265136719e+00 8.371549227846822205e+00
4.300000190734863281e+00 8.330758343153686241e+00
4.400000095367431641e+00 8.532276810652279053e+00
4.500000000000000000e+00 9.374705110847209255e+00
4.599999904632568359e+00 9.764484847273518398e+00
4.699999809265136719e+00 8.034018826948411629e+00
4.800000190734863281e+00 7.202727288352461343e+00
4.900000095367431641e+00 7.882144778843527710e+00
5.000000000000000000e+00 8.340040597082968077e+00
5.099999904632568359e+00 7.914729423862067570e+00
5.199999809265136719e+00 8.552718691591223887e+00
5.300000190734863281e+00 8.209675061857705458e+00
5.400000095367431641e+00 9.062917611813960050e+00
5.500000000000000000e+00 8.800959795918426920e+00
5.599999904632568359e+00 8.760736440541993630e+00
5.699999809265136719e+00 8.114400152614205552e+00
5.800000190734863281e+00 8.935308099727437892e+00
5.900000095367431641e+00 8.676792903579151783e+00
6.000000000000000000e+00 7.807114285345390314e+00
6.099999904632568359e+00 8.634554129597232119e+00
6.199999809265136719e+00 6.751450532284060557e+00
6.300000190734863281e+00 7.708654689021440021e+00
6.400000095367431641e+00 7.127710403404014627e+00
6.500000000000000000e+00 7.324762928787490246e+00
6.599999904632568359e+00 7.394783092050883688e+00
6.699999809265136719e+00 7.232358538911434209e+00
6.800000190734863281e+00 7.430715892299398107e+00
6.900000095367431641e+00 9.528135235504693767e+00
7.000000000000000000e+00 7.724786548111329587e+00
7.099999904632568359e+00 9.286203327176098199e+00
7.199999809265136719e+00 9.453391812568362695e+00
7.300000190734863281e+00 9.168760712393467571e+00
7.400000095367431641e+00 9.489258051738620026e+00
7.500000000000000000e+00 9.481599300892977311e+00
7.599999904632568359e+00 8.423394068211223384e+00
7.699999809265136719e+00 1.077827605482852213e+01
7.800000190734863281e+00 9.251739486093761400e+00
7.900000095367431641e+00 1.014472377749894960e+01
8.000000000000000000e+00 7.671305217862504300e+00
8.100000381469726562e+00 9.072483989229949586e+00
8.199999809265136719e+00 8.759823315848034753e+00
8.300000190734863281e+00 9.384616747362633404e+00
8.399999618530273438e+00 8.688492343821208053e+00
8.500000000000000000e+00 9.730796613937787498e+00
8.600000381469726562e+00 1.003950303169942337e+01
8.699999809265136719e+00 8.035030416482740634e+00
8.800000190734863281e+00 8.946241340060744562e+00
8.899999618530273438e+00 7.649254238550160956e+00
9.000000000000000000e+00 9.213819480643866910e+00
9.100000381469726562e+00 8.564967764503252923e+00
9.199999809265136719e+00 8.002299921187809417e+00
9.300000190734863281e+00 9.611982062713984476e+00
9.399999618530273438e+00 8.402637929566861175e+00
9.500000000000000000e+00 9.117022053379002955e+00
9.600000381469726562e+00 7.457798766144256852e+00
9.699999809265136719e+00 8.646067382406327440e+00
9.800000190734863281e+00 9.328308748968357378e+00
9.899999618530273438e+00 1.140378083675885179e+01
1.000000000000000000e+01 8.254043546270523279e+00
1.010000038146972656e+01 8.279252520899184731e+00
1.019999980926513672e+01 7.424496234262653260e+00
1.030000019073486328e+01 8.657321884457873651e+00
1.039999961853027344e+01 8.612218290607996707e+00
1.050000000000000000e+01 8.094568886133648888e+00
1.060000038146972656e+01 8.583756772966008697e+00
1.069999980926513672e+01 7.429870961942099505e+00
1.080000019073486328e+01 8.789027708722315424e+00
1.089999961853027344e+01 8.537579036500149599e+00
1.100000000000000000e+01 8.589245527463020835e+00
1.110000038146972656e+01 7.760520271471502696e+00
1.119999980926513672e+01 8.234470721634640000e+00
1.130000019073486328e+01 9.211024073805969437e+00
1.139999961853027344e+01 8.342322905064321503e+00
1.150000000000000000e+01 5.684568951290429162e+00
1.160000038146972656e+01 5.586844407753523534e+00
1.169999980926513672e+01 5.876193674638868103e+00
1.180000019073486328e+01 4.957134848146540484e+00
1.189999961853027344e+01 7.114656018397020887e+00
1.200000000000000000e+01 6.086881150395255347e+00
1.210000038146972656e+01 6.046853385029803185e+00
1.219999980926513672e+01 5.010168073031826985e+00
1.230000019073486328e+01 5.450678725805446767e+00
1.239999961853027344e+01 5.293229329092842050e+00
1.250000000000000000e+01 5.754590288162575007e+00
1.260000038146972656e+01 4.861053765411417871e+00
1.269999980926513672e+01 5.485755940759674765e+00
1.280000019073486328e+01 5.252018453918051222e+00
1.289999961853027344e+01 5.134427539938913654e+00
1.300000000000000000e+01 5.692572294294401480e+00
1.310000038146972656e+01 5.801358608089204338e+00
1.319999980926513672e+01 5.686040792802936394e+00
1.330000019073486328e+01 9.112463142322443588e+00
1.339999961853027344e+01 9.193164554450746095e+00
1.350000000000000000e+01 1.022730362529543413e+01
1.360000038146972656e+01 8.742329839519651813e+00
1.369999980926513672e+01 8.508465585522243302e+00
1.380000019073486328e+01 9.371763536294126951e+00
1.389999961853027344e+01 9.041746615191122771e+00
1.400000000000000000e+01 1.089883225859186666e+01
1.410000038146972656e+01 9.834332674191086809e+00
1.419999980926513672e+01 7.522626573722932974e+00
1.430000019073486328e+01 9.608921197052811891e+00
1.439999961853027344e+01 6.805867665261621902e+00
1.450000000000000000e+01 8.193118817561531486e+00
1.460000038146972656e+01 8.848780637733698384e+00
1.469999980926513672e+01 8.807895361169217452e+00
1.480000019073486328e+01 9.492473740253599246e+00
1.489999961853027344e+01 9.608855616533491073e+00
1.500000000000000000e+01 8.050886377515912073e+00
1.510000038146972656e+01 8.635014497745054030e+00
1.519999980926513672e+01 9.373829027787230928e+00
1.530000019073486328e+01 9.613091328015251236e+00
1.539999961853027344e+01 8.966762166362576281e+00
1.550000000000000000e+01 9.591015346219284865e+00
1.560000038146972656e+01 7.417315456100903148e+00
1.569999980926513672e+01 8.644776904565162567e+00
1.580000019073486328e+01 9.686905049874251716e+00
1.589999961853027344e+01 9.066194888801467400e+00
1.600000000000000000e+01 8.941273723859220368e+00
1.610000038146972656e+01 9.604363060916169204e+00
1.620000076293945312e+01 9.586806422689223339e+00
1.629999923706054688e+01 9.666871287455412798e+00
1.639999961853027344e+01 1.078332522562929618e+01
1.650000000000000000e+01 9.536781619769636009e+00
1.660000038146972656e+01 1.015473794086395287e+01
1.670000076293945312e+01 9.457575263957330947e+00
1.679999923706054688e+01 9.660024304330574907e+00
1.689999961853027344e+01 9.013342442617675587e+00
1.700000000000000000e+01 9.389032665745482120e+00
1.710000038146972656e+01 8.002199931173928249e+00
1.720000076293945312e+01 9.012883963247377395e+00
1.729999923706054688e+01 9.793079868350973882e+00
1.739999961853027344e+01 8.225555245195229404e+00
1.750000000000000000e+01 9.202202672632319391e+00
1.760000038146972656e+01 8.327124530524651291e+00
1.770000076293945312e+01 9.077074250100158892e+00
1.779999923706054688e+01 9.008295598613528909e+00
1.789999961853027344e+01 9.729941501566418793e+00
1.800000000000000000e+01 9.759502801861529520e+00
1.810000038146972656e+01 9.885634020180399162e+00
1.820000076293945312e+01 9.410236333772505901e+00
1.829999923706054688e+01 9.661965969427287249e+00
1.839999961853027344e+01 7.585442577662125707e+00
1.850000000000000000e+01 7.971360829913806789e+00
1.860000038146972656e+01 8.791991738866443029e+00
1.870000076293945312e+01 9.118374212809387203e+00
1.879999923706054688e+01 7.602081764899052629e+00
1.889999961853027344e+01 8.601062507637953658e+00
1.900000000000000000e+01 7.818507531428548596e+00
1.910000038146972656e+01 8.635708492049525731e+00
1.920000076293945312e+01 9.713664069935914469e+00
1.929999923706054688e+01 7.646245611207198145e+00
1.939999961853027344e+01 9.135612982811634808e+00
1.950000000000000000e+01 8.353927520406390528e+00
1.960000038146972656e+01 7.543121960275593452e+00
1.970000076293945312e+01 9.706943726452161414e+00
1.979999923706054688e+01 6.177260573473389194e+00
1.989999961853027344e+01 9.256536983441183253e+00
2.000000000000000000e+01 9.546209924808332303e+00
2.010000038146972656e+01 9.359865300220260309e+00
2.020000076293945312e+01 9.976693652640697962e+00
2.029999923706054688e+01 8.784266884184063429e+00
2.039999961853027344e+01 8.142694046498473170e+00
2.050000000000000000e+01 9.354754582629144721e+00
2.060000038146972656e+01 8.083602226285091064e+00
2.070000076293945312e+01 6.434504147389181306e+00
2.079999923706054688e+01 7.246683039746905308e+00
2.089999961853027344e+01 6.516909805016949164e+00
2.100000000000000000e+01 5.719767330696369889e+00
2.110000038146972656e+01 5.759672514538674015e+00
2.120000076293945312e+01 5.947323331044803929e+00
2.129999923706054688e+01 5.608208411448808661e+00
2.139999961853027344e+01 6.224804977251579885e+00
2.150000000000000000e+01 6.498688371301562405e+00
2.160000038146972656e+01 7.512088522840305593e+00
2.170000076293945312e+01 7.937982609549982804e+00
2.179999923706054688e+01 7.584767267822829950e+00
2.189999961853027344e+01 7.188250409618456516e+00
2.200000000000000000e+01 7.117500450673262868e+00
2.210000038146972656e+01 7.590836438797977870e+00
2.220000076293945312e+01 8.196039437210465906e+00
2.229999923706054688e+01 7.721210180603725881e+00
2.239999961853027344e+01 7.626257648760250696e+00
2.250000000000000000e+01 9.014902771417720118e+00
2.260000038146972656e+01 8.709387403206401146e+00
2.270000076293945312e+01 7.452383823105360072e+00
2.279999923706054688e+01 8.676367619242530083e+00
2.289999961853027344e+01 8.472714149177448917e+00
2.300000000000000000e+01 8.978913313342408387e+00
2.310000038146972656e+01 9.480610708712289281e+00
2.320000076293945312e+01 8.902515599704356575e+00
2.329999923706054688e+01 1.125057881657222580e+01
2.339999961853027344e+01 7.343257509960206875e+00
2.350000000000000000e+01 8.265684357200994370e+00
2.360000038146972656e+01 8.519431931253993895e+00
2.370000076293945312e+01 8.404077019782498326e+00
2.379999923706054688e+01 6.301819672452225518e+00
2.389999961853027344e+01 7.907885801806705750e+00
2.400000000000000000e+01 8.825843857209262566e+00
2.410000038146972656e+01 7.969934142209199379e+00
2.420000076293945312e+01 9.471302435554223464e+00
2.429999923706054688e+01 9.507507760855830270e+00
2.439999961853027344e+01 9.398978542117868429e+00
2.450000000000000000e+01 7.401609601461800914e+00
2.460000038146972656e+01 7.705289642866632427e+00
2.470000076293945312e+01 9.799815107142597626e+00
2.479999923706054688e+01 9.205785864136551311e+00
2.489999961853027344e+01 8.517209414878404772e+00
2.500000000000000000e+01 6.993343667388383977e+00
2.510000038146972656e+01 9.019871196473806307e+00
2.520000076293945312e+01 8.793953580671876935e+00
2.529999923706054688e+01 7.015725192544588040e+00
2.539999961853027344e+01 7.825843859456432128e+00
2.550000000000000000e+01 6.695591460233131897e+00
2.560000038146972656e+01 8.572950022206606846e+00
2.570000076293945312e+01 8.518507497704677078e+00
2.579999923706054688e+01 8.832726395150830356e+00
2.589999961853027344e+01 6.743070170195143653e+00
2.600000000000000000e+01 7.630708264580454703e+00
2.610000038146972656e+01 7.556991586788762483e+00
2.620000076293945312e+01 9.862776642521906112e+00
2.629999923706054688e+01 1.008837630444782185e+01
2.639999961853027344e+01 8.477795230131814463e+00
2.650000000000000000e+01 8.107790452244975299e+00
2.660000038146972656e+01 8.467741520139753675e+00
2.670000076293945312e+01 8.248856173610978004e+00
2.679999923706054688e+01 8.706244664067472883e+00
2.689999961853027344e+01 7.939120351047890267e+00
2.700000000000000000e+01 1.031651552363439883e+01
2.710000038146972656e+01 9.078380023555522982e+00
2.720000076293945312e+01 8.769333230379690036e+00
2.729999923706054688e+01 9.965088569395669893e+00
2.739999961853027344e+01 8.634066626010618251e+00
2.750000000000000000e+01 7.456931256268834574e+00
2.760000038146972656e+01 7.510549507537223057e+00
2.770000076293945312e+01 7.645901351153003844e+00
2.779999923706054688e+01 8.905340197628410337e+00
2.789999961853027344e+01 7.260641356967787452e+00
2.800000000000000000e+01 9.045994688970353081e+00
2.810000038146972656e+01 8.559478592892423521e+00
2.820000076293945312e+01 8.442024905710981741e+00
2.829999923706054688e+01 9.586010959329065884e+00
2.839999961853027344e+01 9.394602974629560066e+00
2.850000000000000000e+01 8.732850803970238829e+00
2.860000038146972656e+01 8.481302950873892854e+00
2.870000076293945312e+01 7.521109343478086906e+00
2.879999923706054688e+01 8.331352112190346659e+00
2.889999961853027344e+01 8.267807466025224983e+00
2.900000000000000000e+01 7.109358166767962395e+00
2.910000038146972656e+01 7.751357072712480978e+00
2.920000076293945312e+01 7.819772329450968229e+00
2.929999923706054688e+01 9.836311287087086797e+00
2.939999961853027344e+01 7.734422443819173765e+00
2.950000000000000000e+01 8.136087738804246072e+00
2.960000038146972656e+01 7.898215512429995755e+00
2.970000076293945312e+01 8.709099855910165999e+00
2.979999923706054688e+01 8.342759679051068744e+00
2.989999961853027344e+01 8.041276491127749892e+00
3.000000000000000000e+01 8.007791586938431294e+00
3.010000038146972656e+01 8.544645723064839160e+00
3.020000076293945312e+01 7.840196576788695637e+00
3.029999923706054688e+01 9.574051198081416914e+00
3.039999961853027344e+01 7.280749564701018528e+00
3.050000000000000000e+01 9.894863347837244305e+00
3.060000038146972656e+01 9.169804946738654650e+00
3.070000076293945312e+01 7.774355362307113992e+00
3.079999923706054688e+01 5.343950128931026278e+00
3.089999961853027344e+01 7.202244149847430776e+00
3.100000000000000000e+01 7.824424605756685303e+00
3.110000038146972656e+01 6.490078317471007274e+00
3.120000076293945312e+01 5.940213586708228632e+00
3.129999923706054688e+01 5.852968279516899130e+00
3.139999961853027344e+01 5.827184087359539966e+00
3.150000000000000000e+01 5.951202397829391977e+00
3.160000038146972656e+01 6.473030702464501296e+00
3.170000076293945312e+01 5.814415641383028799e+00
3.179999923706054688e+01 5.465635865493842616e+00
3.189999961853027344e+01 5.611391453674438701e+00
3.200000000000000000e+01 6.420575254721584635e+00
3.209999847412109375e+01 7.531740725095925626e+00
3.220000076293945312e+01 6.880825707002490965e+00
3.229999923706054688e+01 7.540531179048159949e+00
3.240000152587890625e+01 1.064552780209834282e+01
3.250000000000000000e+01 9.674013941843533360e+00
3.259999847412109375e+01 8.284851423255654268e+00
3.270000076293945312e+01 7.576571910993495251e+00
3.279999923706054688e+01 7.465826625805077832e+00
3.290000152587890625e+01 8.239307889238434157e+00
3.300000000000000000e+01 1.054097529788245247e+01
3.309999847412109375e+01 9.647125598828413473e+00
3.320000076293945312e+01 9.716497030839393645e+00
3.329999923706054688e+01 8.548906783195976189e+00
3.340000152587890625e+01 8.342475536432074179e+00
3.350000000000000000e+01 9.859374949022704726e+00
3.359999847412109375e+01 7.219483221669984907e+00
3.370000076293945312e+01 6.373628716892827839e+00
3.379999923706054688e+01 5.609069298842033646e+00
3.390000152587890625e+01 7.384832084717256606e+00
3.400000000000000000e+01 6.185622302755187540e+00
3.409999847412109375e+01 3.762154577071578743e+00
3.420000076293945312e+01 7.148574161892913281e+00
3.429999923706054688e+01 6.911157561201478394e+00
3.440000152587890625e+01 6.028764197139248715e+00
3.450000000000000000e+01 6.753241880008644671e+00
3.459999847412109375e+01 6.728341930012075700e+00
3.470000076293945312e+01 6.356076814882926307e+00
3.479999923706054688e+01 5.396662059598149597e+00
3.490000152587890625e+01 5.317545288485474586e+00
3.500000000000000000e+01 2.491345185842938736e+00
3.509999847412109375e+01 3.135559912912507130e+00
3.520000076293945312e+01 6.255880739282339675e+00
3.529999923706054688e+01 5.265657553240489896e+00
3.540000152587890625e+01 5.577771595860712139e+00
3.550000000000000000e+01 5.160854513613448269e+00
3.559999847412109375e+01 6.628974740449383063e+00
3.570000076293945312e+01 5.719226956794560834e+00
3.579999923706054688e+01 7.038918404815116325e+00
3.590000152587890625e+01 5.708592908714678060e+00
3.600000000000000000e+01 6.719344239476131797e+00
3.609999847412109375e+01 5.293921001507623458e+00
3.620000076293945312e+01 7.057514725097853159e+00
3.629999923706054688e+01 5.792562131651902924e+00
3.640000152587890625e+01 6.970368632358446170e+00
3.650000000000000000e+01 7.660308706950198498e+00
3.659999847412109375e+01 6.536539920869193665e+00
3.670000076293945312e+01 7.033128094858849266e+00
3.679999923706054688e+01 7.008986316807732209e+00
3.690000152587890625e+01 6.981617775179739027e+00
3.700000000000000000e+01 5.712181727940166986e+00
3.709999847412109375e+01 6.122159735163988259e+00
3.720000076293945312e+01 4.403079007971469672e+00
3.729999923706054688e+01 4.782135613230511950e+00
3.740000152587890625e+01 7.164740668723177386e+00
3.750000000000000000e+01 4.659357421618464556e+00
3.759999847412109375e+01 6.828841818223245319e+00
3.770000076293945312e+01 4.285366777152682438e+00
3.779999923706054688e+01 4.478041510574988671e+00
3.790000152587890625e+01 6.122681615420571433e+00
3.800000000000000000e+01 5.398877511958866116e+00
3.809999847412109375e+01 6.227110767409863357e+00
3.820000076293945312e+01 9.112003523919570469e+00
3.829999923706054688e+01 1.053448026478191046e+01
3.840000152587890625e+01 8.594328405878982835e+00
3.850000000000000000e+01 8.428250937851320401e+00
3.859999847412109375e+01 6.733711482626144829e+00
3.870000076293945312e+01 6.677338718626975478e+00
3.879999923706054688e+01 5.736175725287758986e+00
3.890000152587890625e+01 7.276403262632559432e+00
3.900000000000000000e+01 8.373964441355553845e+00
3.909999847412109375e+01 5.908623725969326834e+00
3.920000076293945312e+01 6.529327734904069480e+00
3.929999923706054688e+01 4.839929247386058009e+00
3.940000152587890625e+01 6.735866323246514575e+00
3.950000000000000000e+01 6.232629115947911025e+00
3.959999847412109375e+01 5.781056675522494359e+00
3.970000076293945312e+01 3.674883646589324204e+00
3.979999923706054688e+01 6.000142892901243030e+00
3.990000152587890625e+01 4.909122697028112547e+00
4.000000000000000000e+01 5.944029846735898737e+00
4.009999847412109375e+01 5.762456607257703922e+00
4.020000076293945312e+01 6.830395433826940810e+00
4.029999923706054688e+01 6.089289840252395614e+00
4.040000152587890625e+01 6.238266115781214260e+00
4.050000000000000000e+01 6.708723544671156169e+00
4.059999847412109375e+01 5.413108945494933266e+00
4.070000076293945312e+01 6.558612251385744329e+00
4.079999923706054688e+01 4.046741042312649306e+00
4.090000152587890625e+01 4.194785082631045547e+00
4.100000000000000000e+01 6.094100908516415949e+00
4.109999847412109375e+01 5.564754440248356637e+00
4.120000076293945312e+01 4.283493505800493040e+00
4.129999923706054688e+01 3.757952938351078576e+00
4.140000152587890625e+01 3.066930309173636182e+00
4.150000000000000000e+01 4.418532191900131245e+00
4.159999847412109375e+01 3.046796281697746522e+00
4.170000076293945312e+01 4.422140936138489131e+00
4.179999923706054688e+01 4.481739998929648472e+00
4.190000152587890625e+01 5.992389332860052598e+00
4.200000000000000000e+01 4.200002050598275360e+00
4.209999847412109375e+01 2.673734478464602216e+00
4.220000076293945312e+01 4.531872283869494922e+00
4.229999923706054688e+01 3.000105756174311633e+00
4.240000152587890625e+01 2.416600054246546669e+00
4.250000000000000000e+01 2.311470335522042951e+00
4.259999847412109375e+01 3.207551808013505479e+00
4.270000076293945312e+01 2.420274914403595101e+00
4.279999923706054688e+01 2.821045142932921745e+00
4.290000152587890625e+01 3.257558253526963821e+00
4.300000000000000000e+01 3.253336250337337976e+00
4.309999847412109375e+01 3.444357869885213752e+00
4.320000076293945312e+01 3.578989053863730785e+00
4.329999923706054688e+01 3.081803825604666702e+00
4.340000152587890625e+01 3.346205336297123356e+00
4.350000000000000000e+01 3.455868399841952154e+00
4.359999847412109375e+01 3.379286307826472768e+00
4.370000076293945312e+01 2.529977106615702631e+00
4.379999923706054688e+01 2.996448234483444661e+00
4.390000152587890625e+01 2.536447535056579827e+00
4.400000000000000000e+01 2.512775993216453951e+00
4.409999847412109375e+01 4.242001450399707885e+00
4.420000076293945312e+01 2.932724990548862376e+00
4.429999923706054688e+01 3.298084848883731102e+00
4.440000152587890625e+01 4.033376113665157803e+00
4.450000000000000000e+01 4.595889693501628237e+00
4.459999847412109375e+01 3.598334394628254440e+00
4.470000076293945312e+01 3.164023027329227133e+00
4.479999923706054688e+01 2.925486987915772552e+00
4.490000152587890625e+01 2.491643976619868361e+00
4.500000000000000000e+01 2.991712907447581671e+00
4.509999847412109375e+01 2.651336568274846428e+00
4.520000076293945312e+01 2.737569896438483585e+00
4.529999923706054688e+01 3.179145627873823710e+00
4.540000152587890625e+01 3.271616277965339492e+00
4.550000000000000000e+01 2.558591557680442552e+00
4.559999847412109375e+01 2.242200479551629044e+00
4.570000076293945312e+01 2.447207335710369414e+00
4.579999923706054688e+01 3.379073666333457737e+00
4.590000152587890625e+01 3.013663974179490612e+00
4.600000000000000000e+01 2.407541796201552398e+00
4.609999847412109375e+01 2.371584149752225645e+00
4.620000076293945312e+01 4.111887561006921210e+00
4.629999923706054688e+01 3.118562797312917745e+00
4.640000152587890625e+01 2.954328166234040154e+00
4.650000000000000000e+01 2.417072682234441050e+00
4.659999847412109375e+01 3.053234874589944248e+00
4.670000076293945312e+01 2.112488968547102441e+00
4.679999923706054688e+01 3.631744798004202579e+00
4.690000152587890625e+01 3.829999703521691945e+00
4.700000000000000000e+01 4.077715107958352903e+00
4.709999847412109375e+01 3.993128457495703998e+00
4.720000076293945312e+01 3.247525393304097285e+00
4.729999923706054688e+01 3.762071667232388172e+00
4.740000152587890625e+01 4.865951250868990385e+00
4.750000000000000000e+01 3.864545656816938735e+00
4.759999847412109375e+01 4.006008338763182408e+00
4.770000076293945312e+01 3.285850162348717518e+00
4.779999923706054688e+01 4.119867914243474871e+00
4.790000152587890625e+01 2.874486015207345702e+00
4.800000000000000000e+01 4.048863541864205828e+00
4.809999847412109375e+01 2.153633985389375560e+00
4.820000076293945312e+01 2.557317179735639989e+00
4.829999923706054688e+01 2.824144581952545252e+00
4.840000152587890625e+01 2.507239498313550197e+00
4.850000000000000000e+01 2.211460655066351588e+00
4.859999847412109375e+01 2.421288320337404709e+00
4.870000076293945312e+01 2.444420698331740471e+00
4.879999923706054688e+01 2.792882967877818423e+00
4.890000152587890625e+01 1.282612533332284643e+00
4.900000000000000000e+01 3.070803279007893405e+00
4.909999847412109375e+01 1.991626180019628656e+00
4.920000076293945312e+01 1.595533469071651167e+00
4.929999923706054688e+01 2.674862804924416082e+00
4.940000152587890625e+01 2.257697101493625791e+00
4.950000000000000000e+01 1.522088378584007140e+00
4.959999847412109375e+01 2.186040594046629426e+00
4.970000076293945312e+01 1.982149145504137566e+00
4.979999923706054688e+01 2.688611421790989109e+00
4.990000152587890625e+01 3.263016508779889691e+00
5.000000000000000000e+01 2.308073924356451201e+00
5.009999847412109375e+01 7.132466765747476067e+00
5.020000076293945312e+01 6.816118847850058060e+00
5.029999923706054688e+01 6.902401384722246291e+00
5.040000152587890625e+01 6.480439670489949400e+00
5.050000000000000000e+01 5.013397459873140782e+00
5.059999847412109375e+01 5.934448901252449282e+00
5.070000076293945312e+01 7.274597822553814375e+00
5.079999923706054688e+01 8.212986522034563919e+00
5.090000152587890625e+01 9.330504658559620523e+00
5.100000000000000000e+01 7.815426742766153012e+00
5.109999847412109375e+01 8.419189534235240302e+00
5.120000076293945312e+01 7.888738609842351757e+00
5.129999923706054688e+01 8.059877223128417256e+00
5.140000152587890625e+01 6.166772729652170604e+00
5.150000000000000000e+01 7.978108957329962614e+00
5.159999847412109375e+01 6.387617041487335889e+00
5.170000076293945312e+01 6.171199310717018882e+00
5.179999923706054688e+01 7.527735569123529480e+00
5.190000152587890625e+01 8.738080562562254627e+00
5.200000000000000000e+01 8.809585995428850680e+00
5.209999847412109375e+01 6.508056883316553076e+00
5.220000076293945312e+01 6.285468296517159992e+00
5.229999923706054688e+01 6.177087949940156975e+00
5.240000152587890625e+01 6.953340361447825302e+00
5.250000000000000000e+01 6.319115085412994048e+00
5.259999847412109375e+01 6.850571598201976364e+00
5.270000076293945312e+01 7.247562898577898594e+00
5.279999923706054688e+01 8.627105988889393728e+00
5.290000152587890625e+01 6.476413411554280408e+00
5.300000000000000000e+01 5.541615132938029653e+00
5.309999847412109375e+01 6.474413348647878763e+00
5.320000076293945312e+01 6.506627993526707954e+00
5.329999923706054688e+01 6.147531926045446404e+00
5.340000152587890625e+01 7.640903115468701934e+00
5.350000000000000000e+01 6.992323486680446010e+00
5.359999847412109375e+01 6.326051098743276313e+00
5.370000076293945312e+01 6.704390605215880150e+00
5.379999923706054688e+01 4.863347908119326490e+00
5.390000152587890625e+01 5.868315028666468258e+00
5.400000000000000000e+01 6.110757006843144268e+00
5.409999847412109375e+01 6.870499514912269845e+00
5.420000076293945312e+01 4.599231303682468130e+00
5.429999923706054688e+01 6.990215590616275065e+00
5.440000152587890625e+01 6.743711686298207830e+00
5.450000000000000000e+01 6.947939940405294834e+00
5.459999847412109375e+01 4.577922754708383835e+00
5.470000076293945312e+01 5.189851800976512664e+00
5.479999923706054688e+01 4.991104553780487230e+00
5.490000152587890625e+01 5.654450144525464239e+00
5.500000000000000000e+01 5.917373163673590675e+00
5.509999847412109375e+01 4.712071425906130706e+00
5.520000076293945312e+01 5.763045426572969809e+00
5.529999923706054688e+01 7.443165955711026349e+00
5.540000152587890625e+01 6.998700876117989189e+00
5.550000000000000000e+01 4.775909602419189603e+00
5.559999847412109375e+01 5.862653737371088525e+00
5.570000076293945312e+01 6.060465072970735889e+00
5.579999923706054688e+01 6.223042109974247005e+00
5.590000152587890625e+01 5.796315992038605813e+00
5.600000000000000000e+01 7.473712944487641785e+00
5.609999847412109375e+01 5.262859735799401584e+00
5.620000076293945312e+01 5.707892849349166298e+00
5.629999923706054688e+01 7.029070372017804935e+00
5.640000152587890625e+01 5.586748118136017460e+00
5.650000000000000000e+01 7.591090968906033076e+00
5.659999847412109375e+01 8.365213758448334147e+00
5.670000076293945312e+01 8.000917383180484066e+00
5.679999923706054688e+01 6.612860197206697599e+00
5.690000152587890625e+01 6.731334525887908704e+00
5.700000000000000000e+01 6.529329408678036017e+00
5.709999847412109375e+01 5.090851407736546541e+00
5.720000076293945312e+01 5.529342307294967895e+00
5.729999923706054688e+01 4.152966514819280697e+00
5.740000152587890625e+01 4.959030593103609164e+00
5.750000000000000000e+01 5.466472366672836536e+00
5.759999847412109375e+01 4.755465751645827410e+00
5.770000076293945312e+01 4.246283023328992101e+00
5.779999923706054688e+01 5.121490457356686399e+00
5.790000152587890625e+01 4.933836104687935098e+00
5.800000000000000000e+01 5.245457168099050271e+00
5.809999847412109375e+01 7.628219927784284593e+00
5.820000076293945312e+01 5.224966658851629475e+00
5.829999923706054688e+01 5.723983885227164059e+00
5.840000152587890625e+01 6.380846648100667373e+00
5.850000000000000000e+01 6.281164774133724649e+00
5.859999847412109375e+01 5.017294866609621096e+00
5.870000076293945312e+01 6.130907779345729836e+00
5.879999923706054688e+01 5.552731970696910935e+00
5.890000152587890625e+01 5.902008359088734224e+00
5.900000000000000000e+01 6.588661053469058615e+00
5.909999847412109375e+01 5.160731769975599015e+00
5.920000076293945312e+01 5.063612858103415881e+00
5.929999923706054688e+01 4.398875158933662100e+00
5.940000152587890625e+01 3.856894969951163432e+00
5.950000000000000000e+01 5.619399658743819970e+00
5.959999847412109375e+01 5.126023815740855305e+00
5.970000076293945312e+01 5.278225952204835814e+00
5.979999923706054688e+01 6.058129052354355615e+00
5.990000152587890625e+01 6.120712091412451095e+00
6.000000000000000000e+01 6.618840119046225823e+00
6.009999847412109375e+01 6.622325910694104145e+00
6.020000076293945312e+01 5.946154589732862483e+00
6.029999923706054688e+01 6.034613174754296594e+00
6.040000152587890625e+01 5.836640434832423452e+00
6.050000000000000000e+01 4.822538128972756688e+00
6.059999847412109375e+01 4.075847608614488138e+00
6.070000076293945312e+01 5.279133235644367872e+00
6.079999923706054688e+01 8.258683756933333342e+00
6.090000152587890625e+01 5.338851009290102034e+00
6.100000000000000000e+01 7.137971385086543386e+00
6.109999847412109375e+01 5.851424328158741694e+00
6.120000076293945312e+01 6.267611907099554180e+00
6.129999923706054688e+01 5.294987522942322222e+00
6.140000152587890625e+01 6.419686631071045646e+00
6.150000000000000000e+01 5.032951191367577515e+00
6.159999847412109375e+01 7.371086788030762449e+00
6.170000076293945312e+01 6.703298563272313437e+00
6.179999923706054688e+01 6.756842289829146253e+00
6.190000152587890625e+01 6.540246002078015763e+00
6.200000000000000000e+01 5.859466954509773728e+00
6.209999847412109375e+01 5.386002979413702541e+00
6.220000076293945312e+01 6.481789719828691787e+00
6.229999923706054688e+01 5.748828063288304868e+00
6.240000152587890625e+01 6.223800616324391299e+00
6.250000000000000000e+01 6.885156231150837414e+00
6.259999847412109375e+01 6.411159880637257835e+00
6.270000076293945312e+01 6.532339003829727098e+00
6.279999923706054688e+01 8.878668354268109297e+00
6.290000152587890625e+01 5.728444158035038924e+00
6.300000000000000000e+01 6.542201264582091724e+00
6.309999847412109375e+01 6.109783396148026569e+00
6.320000076293945312e+01 6.987417290866257957e+00
6.329999923706054688e+01 6.023190942159335926e+00
6.340000152587890625e+01 6.039202231071120863e+00
6.350000000000000000e+01 5.253201702526985706e+00
6.359999847412109375e+01 5.976436186800285988e+00
6.370000076293945312e+01 4.994017379453770999e+00
6.379999923706054688e+01 4.199239426882428461e+00
6.390000152587890625e+01 4.781793815752363841e+00
6.400000000000000000e+01 7.772292311516717511e+00
6.409999847412109375e+01 5.646404027540036452e+00
6.419999694824218750e+01 8.055616633491538892e+00
6.430000305175781250e+01 7.227002001647464091e+00
6.440000152587890625e+01 6.347970743653462478e+00
6.450000000000000000e+01 5.127404990680533459e+00
6.459999847412109375e+01 4.868350547705023068e+00
6.469999694824218750e+01 6.983423880617110058e+00
6.480000305175781250e+01 4.747664137317511468e+00
6.490000152587890625e+01 3.770261559819183095e+00
6.500000000000000000e+01 5.660345863041836623e+00
6.509999847412109375e+01 5.027640043069145470e+00
6.519999694824218750e+01 5.484971482680489174e+00
6.530000305175781250e+01 5.091579406427168664e+00
6.540000152587890625e+01 5.835834999096549680e+00
6.550000000000000000e+01 5.444224875015947873e+00
6.559999847412109375e+01 6.585986760095934756e+00
6.569999694824218750e+01 4.136986875021338328e+00
6.580000305175781250e+01 2.692471412868417069e+00
6.590000152587890625e+01 4.768304254641024365e+00
6.600000000000000000e+01 3.951659617227160748e+00
6.609999847412109375e+01 6.108550483177780599e+00
6.619999694824218750e+01 6.858564123234469179e+00
6.630000305175781250e+01 6.446884602606023584e+00
6.640000152587890625e+01 4.259868842051244719e+00
6.650000000000000000e+01 5.354776512991918480e+00
6.659999847412109375e+01 5.308462639590135090e+00
6.669999694824218750e+01 3.829166923738037465e+00
6.680000305175781250e+01 3.420847322510600197e+00
6.690000152587890625e+01 4.226504414849968860e+00
6.700000000000000000e+01 4.553112675376650209e+00
6.709999847412109375e+01 4.389493693402051200e+00
6.719999694824218750e+01 4.684583187041887697e+00
6.730000305175781250e+01 4.653701012296817652e+00
6.740000152587890625e+01 4.140782003725425042e+00
6.750000000000000000e+01 3.835934578213002322e+00
6.759999847412109375e+01 4.409903673505169763e+00
6.769999694824218750e+01 4.271467367748381427e+00
6.780000305175781250e+01 4.720658300879702729e+00
6.790000152587890625e+01 3.884039570074294456e+00
6.800000000000000000e+01 5.848652385911200291e+00
6.809999847412109375e+01 4.873062171607648096e+00
6.819999694824218750e+01 4.404336557331812507e+00
6.830000305175781250e+01 6.068134611711792914e+00
6.840000152587890625e+01 4.136480572013266688e+00
6.850000000000000000e+01 5.645164372239922734e+00
6.859999847412109375e+01 6.251789032857902662e+00
6.869999694824218750e+01 5.105433700998769808e+00
6.880000305175781250e+01 4.487183142254392187e+00
6.890000152587890625e+01 4.519723025456550580e+00
6.900000000000000000e+01 7.254780753493383472e+00
6.909999847412109375e+01 6.851810363628962008e+00
6.919999694824218750e+01 5.889912533456414856e+00
6.930000305175781250e+01 6.097455899329577100e+00
6.940000152587890625e+01 4.999459632485272920e+00
6.950000000000000000e+01 6.730017347069908062e+00
6.959999847412109375e+01 4.898346319170433283e+00
6.969999694824218750e+01 6.258741248002976043e+00
6.980000305175781250e+01 3.571764871355468163e+00
6.990000152587890625e+01 4.082025584548049757e+00
7.000000000000000000e+01 6.749802739063589740e+00
7.009999847412109375e+01 5.258655093767426791e+00
7.019999694824218750e+01 4.801936466529401315e+00
7.030000305175781250e+01 4.985129422451918479e+00
7.040000152587890625e+01 6.114090589934883191e+00
7.050000000000000000e+01 6.787874027450337522e+00
7.059999847412109375e+01 5.175261039195116375e+00
7.069999694824218750e+01 8.160322434157057714e+00
7.080000305175781250e+01 7.757623989573575685e+00
7.090000152587890625e+01 7.134321341899624969e+00
7.100000000000000000e+01 5.835928519993147212e+00
7.109999847412109375e+01 4.598231753106337472e+00
7.119999694824218750e+01 5.352707488449246931e+00
7.130000305175781250e+01 6.146349091968031253e+00
7.140000152587890625e+01 6.737175364665807464e+00
7.150000000000000000e+01 6.753490556523050969e+00
7.159999847412109375e+01 6.662880243701479799e+00
7.169999694824218750e+01 7.366375015020356187e+00
7.180000305175781250e+01 6.036383731521993035e+00
7.190000152587890625e+01 5.228666802740635333e+00
7.200000000000000000e+01 6.842815570408032677e+00
7.209999847412109375e+01 5.726213416936574596e+00
7.219999694824218750e+01 5.918470222665018987e+00
7.230000305175781250e+01 5.483399742907087315e+00
7.240000152587890625e+01 6.119152074856332391e+00
7.250000000000000000e+01 6.424680651092358197e+00
7.259999847412109375e+01 5.565509291628845112e+00
7.269999694824218750e+01 6.126220879581532941e+00
7.280000305175781250e+01 6.259344200353972099e+00
7.290000152587890625e+01 6.381744369180536225e+00
7.300000000000000000e+01 6.403813774992272556e+00
7.309999847412109375e+01 4.665527367730444297e+00
7.319999694824218750e+01 3.836044942037192040e+00
7.330000305175781250e+01 5.722548033547135482e+00
7.340000152587890625e+01 6.813737651843162269e+00
7.350000000000000000e+01 6.192575132335005783e+00
7.359999847412109375e+01 5.570284219991489039e+00
7.369999694824218750e+01 8.026349130928805309e+00
7.380000305175781250e+01 9.572503511675927612e+00
7.390000152587890625e+01 7.990443263460432100e+00
7.400000000000000000e+01 8.453516939431411359e+00
7.409999847412109375e+01 8.720099596534213404e+00
7.419999694824218750e+01 7.753889780167845913e+00
7.430000305175781250e+01 8.576408598262364791e+00
7.440000152587890625e+01 8.839962536926137204e+00
7.450000000000000000e+01 7.789451969385567942e+00
7.459999847412109375e+01 9.030294850522105676e+00
7.469999694824218750e+01 7.888308463442134766e+00
7.480000305175781250e+01 7.949373689256150399e+00
7.490000152587890625e+01 9.237657855730351031e+00
7.500000000000000000e+01 7.907435497538601865e+00
7.509999847412109375e+01 8.889667452379400814e+00
7.519999694824218750e+01 7.809510251690754856e+00
7.530000305175781250e+01 9.046293411198901069e+00
7.540000152587890625e+01 7.165776493336617925e+00
7.550000000000000000e+01 6.339875786010575887e+00
7.559999847412109375e+01 8.304418962475560662e+00
7.569999694824218750e+01 5.030693897806898462e+00
7.580000305175781250e+01 6.721981051027501763e+00
7.590000152587890625e+01 5.813547973403145441e+00
7.600000000000000000e+01 7.110246962681056715e+00
7.609999847412109375e+01 7.778498485926538919e+00
7.619999694824218750e+01 6.415827802815165626e+00
7.630000305175781250e+01 6.441334439417866875e+00
7.640000152587890625e+01 5.616148925977953787e+00
7.650000000000000000e+01 7.478935180932103854e+00
7.659999847412109375e+01 1.092188109683757169e+01
7.669999694824218750e+01 7.354198640753225824e+00
7.680000305175781250e+01 6.163334107252553373e+00
7.690000152587890625e+01 6.431502875310094680e+00
7.700000000000000000e+01 6.087369392536652768e+00
7.709999847412109375e+01 5.600241182417962982e+00
7.719999694824218750e+01 5.882059313155741265e+00
7.730000305175781250e+01 5.577439742884298113e+00
7.740000152587890625e+01 6.968206712291500793e+00
7.750000000000000000e+01 5.638253817053042738e+00
7.759999847412109375e+01 6.603319370582291015e+00
7.769999694824218750e+01 8.478584156568503616e+00
7.780000305175781250e+01 7.237355392947945276e+00
7.790000152587890625e+01 7.267122795633563115e+00
7.800000000000000000e+01 7.882338362016300337e+00
7.809999847412109375e+01 7.534201350083015392e+00
7.819999694824218750e+01 8.745615166102597371e+00
7.830000305175781250e+01 7.291499716474459269e+00
7.840000152587890625e+01 6.645966038653992491e+00
7.850000000000000000e+01 6.963243979839852216e+00
7.859999847412109375e+01 7.711864107235213872e+00
7.869999694824218750e+01 7.358010930860352516e+00
7.880000305175781250e+01 6.171283119862010835e+00
7.890000152587890625e+01 4.585509412449567890e+00
7.900000000000000000e+01 6.284926992633290688e+00
7.909999847412109375e+01 6.263560786667996538e+00
7.919999694824218750e+01 6.783624018831985403e+00
7.930000305175781250e+01 5.887558226346963686e+00
7.940000152587890625e+01 5.369536804620052450e+00
7.950000000000000000e+01 5.206102915656110497e+00
7.959999847412109375e+01 5.955288905638520092e+00
7.969999694824218750e+01 5.705181817947774903e+00
7.980000305175781250e+01 5.549556060656934520e+00
7.990000152587890625e+01 4.790778392658721963e+00
8.000000000000000000e+01 6.479136812282062508e+00
8.009999847412109375e+01 6.932450384467175653e+00
8.019999694824218750e+01 4.423183252325304515e+00
8.030000305175781250e+01 5.568545205093594852e+00
8.040000152587890625e+01 5.475217007161171878e+00
8.050000000000000000e+01 5.872993901149628826e+00
8.059999847412109375e+01 5.019920265444824281e+00
8.069999694824218750e+01 5.318971396648735528e+00
8.080000305175781250e+01 4.310076930874477519e+00
8.090000152587890625e+01 5.392320289550728951e+00
8.100000000000000000e+01 5.067483690803125107e+00
8.109999847412109375e+01 5.207623461085780114e+00
8.119999694824218750e+01 6.587145470962375349e+00
8.130000305175781250e+01 5.465939145474111527e+00
8.140000152587890625e+01 5.406246742321823007e+00
8.150000000000000000e+01 4.811090764111603413e+00
8.159999847412109375e+01 6.185392131850211861e+00
8.169999694824218750e+01 5.902063197936837646e+00
8.180000305175781250e+01 5.622615429430192435e+00
8.190000152587890625e+01 5.657261126934693074e+00
8.200000000000000000e+01 5.024378774870240427e+00
8.209999847412109375e+01 5.349580318331072171e+00
8.219999694824218750e+01 5.506477295909025571e+00
8.230000305175781250e+01 5.503240646118447543e+00
8.240000152587890625e+01 5.736713557556057275e+00
8.250000000000000000e+01 5.479416605833172582e+00
8.259999847412109375e+01 5.601488867975823460e+00
8.269999694824218750e+01 6.698285957038680571e+00
8.280000305175781250e+01 5.265297917386168258e+00
8.290000152587890625e+01 5.771591337592218984e+00
8.300000000000000000e+01 5.424264846804856433e+00
8.309999847412109375e+01 4.811120284984754747e+00
8.319999694824218750e+01 6.273082065700678278e+00
8.330000305175781250e+01 5.938268788884564664e+00
8.340000152587890625e+01 4.375261284063943101e+00
8.350000000000000000e+01 4.303579589481133283e+00
8.359999847412109375e+01 5.184292864729556527e+00
8.369999694824218750e+01 5.337934901364544515e+00
8.380000305175781250e+01 6.002971587406110920e+00
8.390000152587890625e+01 7.633226449824637605e+00
8.400000000000000000e+01 7.543815361435382449e+00
8.409999847412109375e+01 7.249832899309005541e+00
8.419999694824218750e+01 5.856990557597351099e+00
8.430000305175781250e+01 5.391266760261363977e+00
8.440000152587890625e+01 6.143184633258963245e+00
8.450000000000000000e+01 5.530409858779274934e+00
8.459999847412109375e+01 5.612607636168815972e+00
8.469999694824218750e+01 6.012268825099195801e+00
8.480000305175781250e+01 5.562354300542857288e+00
8.490000152587890625e+01 5.559178157088268790e+00
8.500000000000000000e+01 6.072244547327025010e+00
8.509999847412109375e+01 6.239059049637297072e+00
8.519999694824218750e+01 5.869696563906987130e+00
8.530000305175781250e+01 6.375544954547413212e+00
8.540000152587890625e+01 6.269872909140538297e+00
8.550000000000000000e+01 4.516366986545025775e+00
8.559999847412109375e+01 4.561631506159558924e+00
8.569999694824218750e+01 4.885645886679519379e+00
8.580000305175781250e+01 4.798581214208716084e+00
8.590000152587890625e+01 4.921107652273644106e+00
8.600000000000000000e+01 5.935707949917296666e+00
8.609999847412109375e+01 4.782624527604628639e+00
8.619999694824218750e+01 7.074976023770401135e+00
8.630000305175781250e+01 6.853500027451721266e+00
8.640000152587890625e+01 7.644628769900326581e+00
8.650000000000000000e+01 7.913686188858766180e+00
8.659999847412109375e+01 7.179611676918157492e+00
8.669999694824218750e+01 6.141694945964986552e+00
8.680000305175781250e+01 6.607823877918069577e+00
8.690000152587890625e+01 5.804643670607323891e+00
8.700000000000000000e+01 7.568286670717241371e+00
8.709999847412109375e+01 4.838481981670970988e+00
8.719999694824218750e+01 5.382027217184001344e+00
8.730000305175781250e+01 3.838374108463900924e+00
8.740000152587890625e+01 5.044025135300979734e+00
8.750000000000000000e+01 6.287445227810141368e+00
8.759999847412109375e+01 5.320449721555935874e+00
8.769999694824218750e+01 5.123222714076299589e+00
8.780000305175781250e+01 4.817088042284546567e+00
8.790000152587890625e+01 4.804593940821357378e+00
8.800000000000000000e+01 5.824219937290573412e+00
8.809999847412109375e+01 7.181814025968982662e+00
8.819999694824218750e+01 7.313711724579409434e+00
8.830000305175781250e+01 5.317585444393723826e+00
8.840000152587890625e+01 6.499875520319467803e+00
8.850000000000000000e+01 5.967184212725703318e+00
8.859999847412109375e+01 6.266580508555104068e+00
8.869999694824218750e+01 5.070867030377920415e+00
8.880000305175781250e+01 4.900259400918164587e+00
8.890000152587890625e+01 6.486877355643185794e+00
8.900000000000000000e+01 5.755522061648701282e+00
8.909999847412109375e+01 5.550741752596946910e+00
8.919999694824218750e+01 5.227744605344330608e+00
8.930000305175781250e+01 4.800298503762587821e+00
8.940000152587890625e+01 4.133042618209795016e+00
8.950000000000000000e+01 5.643803240269252619e+00
8.959999847412109375e+01 5.521449447218206963e+00
8.969999694824218750e+01 4.985772432177478564e+00
8.980000305175781250e+01 4.036077261925432147e+00
8.990000152587890625e+01 3.929261042771718060e+00
9.000000000000000000e+01 4.885470996660557397e+00
9.009999847412109375e+01 4.673872920981732015e+00
9.019999694824218750e+01 6.034177345390761893e+00
9.030000305175781250e+01 6.406496441558349630e+00
9.040000152587890625e+01 5.563512503799632469e+00
9.050000000000000000e+01 6.057949326876432394e+00
9.059999847412109375e+01 6.534000612262119034e+00
9.069999694824218750e+01 6.713804880106648554e+00
9.080000305175781250e+01 7.561684041676586254e+00
9.090000152587890625e+01 6.304103951513087445e+00
9.100000000000000000e+01 6.428280177735647527e+00
9.109999847412109375e+01 7.548495938507016945e+00
9.119999694824218750e+01 6.593817449450936508e+00
9.130000305175781250e+01 8.105247716612915099e+00
9.140000152587890625e+01 8.272626573176109943e+00
9.150000000000000000e+01 7.965191585922638318e+00
9.159999847412109375e+01 6.699074184391180964e+00
9.169999694824218750e+01 6.760514550635843278e+00
9.180000305175781250e+01 6.155827033871466902e+00
9.190000152587890625e+01 7.496794267251722488e+00
9.200000000000000000e+01 5.481938515390542221e+00
9.209999847412109375e+01 6.166670576978869001e+00
9.219999694824218750e+01 5.085982368975831669e+00
9.230000305175781250e+01 5.405680273281631365e+00
9.240000152587890625e+01 4.744983224763010377e+00
9.250000000000000000e+01 3.942193081959598722e+00
9.259999847412109375e+01 5.337724706618310222e+00
9.269999694824218750e+01 5.766649435043046168e+00
9.280000305175781250e+01 5.269086819764913443e+00
9.290000152587890625e+01 5.849933220704359726e+00
9.300000000000000000e+01 6.034853581405180023e+00
9.309999847412109375e+01 5.805215818538978390e+00
9.319999694824218750e+01 6.672592558422629772e+00
9.330000305175781250e+01 4.902096438405934897e+00
9.340000152587890625e+01 6.207702391829398536e+00
9.350000000000000000e+01 5.076116493837059096e+00
9.359999847412109375e+01 5.187453704524558340e+00
9.369999694824218750e+01 5.547521867335722945e+00
9.380000305175781250e+01 7.060482809852907771e+00
9.390000152587890625e+01 7.256103171285270825e+00
9.400000000000000000e+01 7.090672084223622385e+00
9.409999847412109375e+01 5.345484562732473854e+00
9.419999694824218750e+01 4.954879210672529233e+00
9.430000305175781250e+01 5.625670424074379561e+00
9.440000152587890625e+01 6.518239567431781012e+00
9.450000000000000000e+01 6.091101612130624510e+00
9.459999847412109375e+01 7.895298647529325642e+00
9.469999694824218750e+01 6.994793589139088219e+00
9.480000305175781250e+01 6.152630645298303058e+00
9.490000152587890625e+01 4.792535000548175717e+00
9.500000000000000000e+01 5.969156936782055389e+00
9.509999847412109375e+01 7.174005760262017084e+00
9.519999694824218750e+01 6.040316107413895352e+00
9.530000305175781250e+01 6.283002142652940769e+00
9.540000152587890625e+01 5.346873353984423538e+00
9.550000000000000000e+01 4.833531819689873998e+00
9.559999847412109375e+01 4.119387485369552238e+00
9.569999694824218750e+01 4.985665489523568361e+00
9.580000305175781250e+01 4.898651547624301550e+00
9.590000152587890625e+01 4.964883801671352792e+00
9.600000000000000000e+01 5.561687091460518317e+00
9.609999847412109375e+01 6.525549752281536442e+00
9.619999694824218750e+01 7.703501866389730779e+00
9.630000305175781250e+01 6.220232303405341945e+00
9.640000152587890625e+01 8.133242819208886587e+00
9.650000000000000000e+01 7.716313144257666679e+00
9.659999847412109375e+01 7.445846796408274848e+00
9.669999694824218750e+01 5.730135580405303131e+00
9.680000305175781250e+01 6.665554038318564523e+00
9.690000152587890625e+01 7.572771974614294521e+00
9.700000000000000000e+01 7.484851828501104087e+00
9.709999847412109375e+01 5.744830883963085277e+00
9.719999694824218750e+01 5.559838540303004173e+00
9.730000305175781250e+01 5.099249284244506519e+00
9.740000152587890625e+01 5.411700243195681104e+00
9.750000000000000000e+01 4.677854641474877617e+00
9.759999847412109375e+01 6.131360096135940907e+00
9.769999694824218750e+01 4.542922824754559663e+00
9.780000305175781250e+01 4.897201662671642808e+00
9.790000152587890625e+01 5.122389792004828024e+00
9.800000000000000000e+01 6.472219720409426280e+00
9.809999847412109375e+01 5.608299032856958632e+00
9.819999694824218750e+01 5.900045821217637432e+00
9.830000305175781250e+01 4.095187950258670107e+00
9.840000152587890625e+01 5.290258680972485195e+00
9.850000000000000000e+01 5.360066605034935705e+00
9.859999847412109375e+01 4.881600321665598763e+00
9.869999694824218750e+01 4.806499761294212192e+00
9.880000305175781250e+01 6.069740059977317692e+00
9.890000152587890625e+01 5.571593002827340158e+00
9.900000000000000000e+01 6.510369594171238283e+00
9.909999847412109375e+01 5.556454809991852706e+00
9.919999694824218750e+01 6.407579004709104353e+00
9.930000305175781250e+01 6.092158957129417907e+00
9.940000152587890625e+01 4.001776187166266929e+00
9.950000000000000000e+01 6.195975132796694318e+00
9.959999847412109375e+01 6.553675284241633925e+00
9.969999694824218750e+01 5.736386342401989857e+00
9.980000305175781250e+01 6.649829582152182006e+00
9.990000152587890625e+01 4.294769248750550439e+00
1.000000000000000000e+02 5.923838798391612315e+00
1.000999984741210938e+02 4.888109392561538868e+00
1.001999969482421875e+02 5.755420066039726557e+00
1.003000030517578125e+02 5.985028362524132284e+00
1.004000015258789062e+02 5.939910902361237532e+00
1.005000000000000000e+02 5.631544741620457373e+00
1.005999984741210938e+02 6.393465269019319663e+00
1.006999969482421875e+02 5.291575444725148181e+00
1.008000030517578125e+02 9.874575503209973348e+00
1.009000015258789062e+02 8.495188176027230753e+00
1.010000000000000000e+02 8.312563634556898506e+00
1.010999984741210938e+02 7.403963315453929717e+00
1.011999969482421875e+02 7.148794702768804576e+00
1.013000030517578125e+02 7.503415340270305656e+00
1.014000015258789062e+02 8.463907846640971400e+00
1.015000000000000000e+02 8.183893451824609144e+00
1.015999984741210938e+02 8.935169833453475263e+00
1.016999969482421875e+02 8.490703421751687685e+00
1.018000030517578125e+02 8.117046960710426973e+00
1.019000015258789062e+02 7.750028903306088068e+00
1.020000000000000000e+02 7.884986797560814331e+00
1.020999984741210938e+02 9.260417257674175673e+00
1.021999969482421875e+02 6.240682525237263967e+00
1.023000030517578125e+02 8.029893176095569629e+00
1.024000015258789062e+02 6.515894323933193455e+00
1.025000000000000000e+02 9.484927673530723524e+00
1.025999984741210938e+02 7.504656506157763474e+00
1.026999969482421875e+02 6.244279157792914425e+00
1.028000030517578125e+02 6.231164336768745926e+00
1.029000015258789062e+02 6.718151429174704425e+00
1.030000000000000000e+02 7.377462394824700453e+00
1.030999984741210938e+02 5.012955992970767660e+00
1.031999969482421875e+02 9.879813792082677182e+00
1.033000030517578125e+02 9.221278479181924226e+00
1.034000015258789062e+02 5.998128723341197066e+00
1.035000000000000000e+02 6.336361568279317069e+00
1.035999984741210938e+02 4.211144598096335123e+00
1.036999969482421875e+02 5.260397781988869426e+00
1.038000030517578125e+02 5.117673175248083517e+00
1.039000015258789062e+02 6.776018695719986162e+00
1.040000000000000000e+02 4.729721139099089200e+00
1.040999984741210938e+02 3.655642049920618586e+00
1.041999969482421875e+02 4.680746075767122427e+00
1.043000030517578125e+02 4.801551540321654876e+00
1.044000015258789062e+02 3.905018523913958095e+00
1.045000000000000000e+02 5.724799172487708532e+00
1.045999984741210938e+02 5.866591117324411186e+00
1.046999969482421875e+02 7.369224413450258027e+00
1.048000030517578125e+02 5.703143724343279430e+00
1.049000015258789062e+02 6.179438846631627236e+00
1.050000000000000000e+02 6.132587617757097043e+00
1.050999984741210938e+02 5.947140836482277315e+00
1.051999969482421875e+02 5.483045402616155251e+00
1.053000030517578125e+02 8.567709253695793947e+00
1.054000015258789062e+02 7.249440741060306337e+00
1.055000000000000000e+02 6.646877138883391822e+00
1.055999984741210938e+02 7.403681429708031558e+00
1.056999969482421875e+02 8.063823556797313330e+00
1.058000030517578125e+02 6.876782612844650977e+00
1.059000015258789062e+02 7.874691541459960753e+00
1.060000000000000000e+02 7.186393760561192501e+00
1.060999984741210938e+02 6.783436082137662915e+00
1.061999969482421875e+02 6.390286605660493890e+00
1.063000030517578125e+02 6.546972505029848399e+00
1.064000015258789062e+02 6.420206985377545195e+00
1.065000000000000000e+02 6.616276236280106637e+00
1.065999984741210938e+02 8.477227756592125019e+00
1.066999969482421875e+02 8.468329390519489408e+00
1.068000030517578125e+02 7.941988911727342781e+00
1.069000015258789062e+02 8.898357952074498201e+00
1.070000000000000000e+02 5.908913051128108052e+00
1.070999984741210938e+02 8.673542570011019137e+00
1.071999969482421875e+02 8.398125354122170094e+00
1.073000030517578125e+02 1.018374691162560275e+01
1.074000015258789062e+02 1.065298272274696600e+01
1.075000000000000000e+02 1.069087778673627653e+01
1.075999984741210938e+02 1.198506922350877879e+01
1.076999969482421875e+02 8.066531491715389635e+00
1.078000030517578125e+02 9.114259085774854441e+00
1.079000015258789062e+02 9.535233417662180244e+00
1.080000000000000000e+02 9.176129728248584527e+00
1.080999984741210938e+02 1.126290279367850999e+01
1.081999969482421875e+02 9.334329677205248643e+00
1.083000030517578125e+02 9.261173230544530455e+00
1.084000015258789062e+02 9.431694136860375721e+00
1.085000000000000000e+02 1.174533255404320720e+01
1.085999984741210938e+02 1.659399099384460641e+01
1.086999969482421875e+02 1.600299983746690913e+01
1.088000030517578125e+02 1.562178415809851018e+01
1.089000015258789062e+02 1.143157752800017235e+01
1.090000000000000000e+02 1.187579956559800110e+01
1.090999984741210938e+02 1.697322977377487163e+01
1.091999969482421875e+02 1.233298536545781943e+01
1.093000030517578125e+02 1.028055206112348330e+01
1.094000015258789062e+02 1.239831707841939235e+01
1.095000000000000000e+02 9.619867804112185894e+00
1.095999984741210938e+02 8.965695676962290861e+00
1.096999969482421875e+02 8.673327489906494492e+00
1.098000030517578125e+02 9.550265573170230837e+00
1.099000015258789062e+02 1.007652101862269234e+01
1.100000000000000000e+02 1.095112290900886620e+01
1.100999984741210938e+02 8.822710956206197608e+00
1.101999969482421875e+02 1.040944629553537837e+01
1.103000030517578125e+02 9.267706097299649670e+00
1.104000015258789062e+02 9.582036744770093151e+00
1.105000000000000000e+02 9.980714594762945424e+00
1.105999984741210938e+02 7.536109394761985492e+00
1.106999969482421875e+02 8.028393985938460986e+00
1.108000030517578125e+02 9.195121005284551785e+00
1.109000015258789062e+02 1.089304932369595313e+01
1.110000000000000000e+02 7.449137146595300685e+00
1.110999984741210938e+02 7.888302610894933231e+00
1.111999969482421875e+02 8.040857676668784038e+00
1.113000030517578125e+02 7.699790725739683594e+00
1.114000015258789062e+02 9.526493032331663002e+00
1.115000000000000000e+02 7.175972112636682887e+00
1.115999984741210938e+02 8.127176719364005208e+00
1.116999969482421875e+02 7.284752449108114369e+00
1.118000030517578125e+02 8.758673310306022586e+00
1.119000015258789062e+02 7.327746984044757106e+00
1.120000000000000000e+02 9.283308413554262728e+00
1.120999984741210938e+02 6.882807431553774613e+00
1.121999969482421875e+02 9.188787655387319120e+00
1.123000030517578125e+02 8.173873643068981565e+00
1.124000015258789062e+02 8.743532791713764851e+00
1.125000000000000000e+02 6.984417866000340425e+00
1.125999984741210938e+02 6.948952947599202012e+00
1.126999969482421875e+02 6.999908705515757390e+00
1.128000030517578125e+02 6.486600752871251707e+00
1.129000015258789062e+02 7.345329835117862416e+00
1.130000000000000000e+02 7.109549166184698343e+00
1.130999984741210938e+02 7.680062600965389841e+00
1.131999969482421875e+02 6.559133752540962981e+00
1.133000030517578125e+02 6.833932311743946997e+00
1.134000015258789062e+02 7.330518870144724808e+00
1.135000000000000000e+02 7.800222618501116756e+00
1.135999984741210938e+02 8.398918277607885230e+00
1.136999969482421875e+02 8.449287051329969600e+00
1.138000030517578125e+02 6.741752483086763448e+00
1.139000015258789062e+02 6.772647638362968792e+00
1.140000000000000000e+02 8.410582918207014202e+00
1.140999984741210938e+02 6.582912907267159497e+00
1.141999969482421875e+02 8.552229858495145720e+00
1.143000030517578125e+02 7.829989912109973638e+00
1.144000015258789062e+02 6.697346957962983183e+00
1.145000000000000000e+02 7.103620652003159286e+00
1.145999984741210938e+02 8.775051353500439077e+00
1.146999969482421875e+02 7.318218703320439111e+00
1.148000030517578125e+02 7.365265402234386194e+00
1.149000015258789062e+02 7.523803179469206626e+00
1.150000000000000000e+02 7.739101761487670927e+00
1.150999984741210938e+02 6.407024290336971184e+00
1.151999969482421875e+02 8.249305639473796248e+00
1.153000030517578125e+02 9.245737585975577488e+00
1.154000015258789062e+02 7.803214743354560667e+00
1.155000000000000000e+02 9.394222282724081552e+00
1.155999984741210938e+02 8.381434865935185385e+00
1.156999969482421875e+02 8.677569803938320447e+00
1.158000030517578125e+02 7.968805918734832794e+00
1.159000015258789062e+02 7.420734712966136293e+00
1.160000000000000000e+02 5.404447823947500673e+00
1.160999984741210938e+02 9.784561396471776362e+00
1.161999969482421875e+02 7.679716544842218440e+00
1.163000030517578125e+02 7.744004605928727969e+00
1.164000015258789062e+02 7.356000927414081403e+00
1.165000000000000000e+02 7.829414812197213358e+00
1.165999984741210938e+02 6.893607881688605943e+00
1.166999969482421875e+02 7.092892184389373078e+00
1.168000030517578125e+02 7.468216107637849710e+00
1.169000015258789062e+02 8.388889842740358205e+00
1.170000000000000000e+02 6.466858360362039093e+00
1.170999984741210938e+02 6.681977019109674565e+00
1.171999969482421875e+02 8.442812119944047566e+00
1.173000030517578125e+02 5.351029388323057745e+00
1.174000015258789062e+02 6.013162728651249012e+00
1.175000000000000000e+02 5.832001278298903024e+00
1.175999984741210938e+02 6.036324303166027860e+00
1.176999969482421875e+02 7.176419476147780863e+00
1.178000030517578125e+02 6.712035811271696240e+00
1.179000015258789062e+02 7.174000667549548460e+00
1.180000000000000000e+02 8.752744539077571773e+00
1.180999984741210938e+02 7.945813931040278000e+00
1.181999969482421875e+02 8.398513848817028560e+00
1.183000030517578125e+02 9.769180134512193803e+00
1.184000015258789062e+02 9.985899474236447304e+00
1.185000000000000000e+02 8.423253435979191295e+00
1.185999984741210938e+02 8.588612199575726081e+00
1.186999969482421875e+02 9.748499929665184638e+00
1.188000030517578125e+02 8.627515117241408404e+00
1.189000015258789062e+02 6.331474191992749745e+00
1.190000000000000000e+02 7.354151648703067146e+00
1.190999984741210938e+02 8.163456759888878977e+00
1.191999969482421875e+02 8.435020687060182709e+00
1.193000030517578125e+02 7.251980660225423314e+00
1.194000015258789062e+02 7.756214922822027624e+00
1.195000000000000000e+02 8.148288485717470664e+00
1.195999984741210938e+02 7.217082571275684089e+00
1.196999969482421875e+02 7.757538060050678475e+00
1.198000030517578125e+02 8.569499305744995965e+00
1.199000015258789062e+02 7.829176787920898661e+00
1.200000000000000000e+02 7.541826070412836813e+00
1.200999984741210938e+02 9.116341194130667347e+00
1.201999969482421875e+02 9.364855507397882306e+00
1.203000030517578125e+02 1.045750017433120149e+01
1.204000015258789062e+02 9.288755641184501144e+00
1.205000000000000000e+02 7.750256554886476579e+00
1.205999984741210938e+02 1.000708709241856198e+01
1.206999969482421875e+02 7.496274343937547435e+00
1.208000030517578125e+02 7.712485794741911427e+00
1.209000015258789062e+02 6.607630442763814393e+00
1.210000000000000000e+02 5.941027771954278336e+00
1.210999984741210938e+02 6.056703253653509478e+00
1.211999969482421875e+02 6.815555123345958144e+00
1.213000030517578125e+02 6.387929724760759598e+00
1.214000015258789062e+02 6.573107396452286366e+00
1.215000000000000000e+02 7.289137616649614237e+00
1.215999984741210938e+02 6.888190117470960772e+00
1.216999969482421875e+02 7.942070601161096199e+00
1.218000030517578125e+02 8.688415466961986411e+00
1.219000015258789062e+02 9.696090213771043409e+00
1.220000000000000000e+02 7.049755506192581400e+00
1.220999984741210938e+02 5.923333620085561080e+00
1.221999969482421875e+02 6.000255096714249170e+00
1.223000030517578125e+02 7.617876873495875500e+00
1.224000015258789062e+02 7.139551027976720476e+00
1.225000000000000000e+02 6.952822932723812244e+00
1.225999984741210938e+02 7.291286457334484439e+00
1.226999969482421875e+02 6.967519790151921022e+00
1.228000030517578125e+02 6.863916545483145448e+00
1.229000015258789062e+02 8.017668553827578037e+00
1.230000000000000000e+02 7.848879687598477872e+00
1.230999984741210938e+02 6.707404620643109716e+00
1.231999969482421875e+02 7.180767358022182911e+00
1.233000030517578125e+02 8.865135229931260241e+00
1.234000015258789062e+02 7.519655197551881720e+00
1.235000000000000000e+02 7.261819172288590529e+00
1.235999984741210938e+02 7.345828480298584928e+00
1.236999969482421875e+02 7.015975283122301676e+00
1.238000030517578125e+02 6.758257770760369709e+00
1.239000015258789062e+02 7.490424914310013449e+00
1.240000000000000000e+02 7.050178127993208754e+00
1.240999984741210938e+02 8.250472458882349258e+00
1.241999969482421875e+02 9.979717548481184863e+00
1.243000030517578125e+02 6.918510364587501016e+00
1.244000015258789062e+02 7.773857769485012170e+00
1.245000000000000000e+02 8.711752457516608317e+00
1.245999984741210938e+02 8.402663719603699732e+00
1.246999969482421875e+02 9.545462854206570924e+00
1.248000030517578125e+02 6.999333676088536293e+00
1.249000015258789062e+02 7.952592946708566757e+00
1.250000000000000000e+02 7.773344332652625255e+00
1.250999984741210938e+02 9.499539698867980775e+00
1.251999969482421875e+02 9.470623400237895950e+00
1.253000030517578125e+02 7.940450720017767416e+00
1.254000015258789062e+02 8.757460963830792977e+00
1.255000000000000000e+02 9.751818468072519508e+00
1.255999984741210938e+02 9.337338837992744445e+00
1.256999969482421875e+02 8.781898936619244367e+00
1.258000030517578125e+02 9.644610338134315342e+00
1.259000015258789062e+02 6.587965899382436596e+00
1.260000000000000000e+02 6.601631981902071011e+00
1.260999984741210938e+02 1.043778941740449895e+01
1.261999969482421875e+02 7.966663405109088103e+00
1.263000030517578125e+02 9.061556893928562673e+00
1.264000015258789062e+02 9.840057454146020177e+00
1.265000000000000000e+02 8.414072994001525529e+00
1.265999984741210938e+02 7.317935566784210977e+00
1.266999969482421875e+02 7.491380347466848555e+00
1.268000030517578125e+02 8.191729311651640089e+00
1.269000015258789062e+02 7.758137288384080676e+00
1.270000000000000000e+02 8.862487964073277880e+00
1.270999984741210938e+02 9.744430793371195776e+00
1.271999969482421875e+02 6.969650054825548224e+00
1.273000030517578125e+02 7.961727752114142298e+00
1.274000015258789062e+02 7.210571266259319323e+00
1.275000000000000000e+02 6.326468527902859407e+00
1.275999984741210938e+02 7.788311189890278818e+00
1.276999969482421875e+02 9.329379982719736120e+00
1.278000030517578125e+02 8.257956168744177816e+00
1.279000015258789062e+02 7.329222816840177401e+00
1.280000000000000000e+02 7.199170252063257891e+00
1.281000061035156250e+02 7.346568881549834451e+00
1.281999969482421875e+02 8.006184537195137452e+00
1.283000030517578125e+02 8.290607137460963116e+00
1.283999938964843750e+02 7.001115958987633725e+00
1.285000000000000000e+02 7.200257582269079748e+00
1.286000061035156250e+02 7.020784122103223446e+00
1.286999969482421875e+02 6.800227162941795633e+00
1.288000030517578125e+02 6.861970645780467670e+00
1.288999938964843750e+02 6.350383024935029930e+00
1.290000000000000000e+02 6.911516814114436080e+00
1.291000061035156250e+02 7.921357589526565768e+00
1.291999969482421875e+02 7.948668181298010893e+00
1.293000030517578125e+02 6.536948229175820302e+00
1.293999938964843750e+02 6.620109080015976311e+00
1.295000000000000000e+02 7.380560035283408205e+00
1.296000061035156250e+02 7.088003372890977261e+00
1.296999969482421875e+02 7.256875564892414587e+00
1.298000030517578125e+02 8.824193658609219781e+00
1.298999938964843750e+02 6.065961569113192731e+00
1.300000000000000000e+02 7.857477794923497072e+00
1.301000061035156250e+02 8.185343125376336459e+00
1.301999969482421875e+02 7.249480445655882122e+00
1.303000030517578125e+02 9.004188716297203854e+00
1.303999938964843750e+02 7.412791822705147915e+00
1.305000000000000000e+02 9.282383102165805866e+00
1.306000061035156250e+02 7.371931983251323039e+00
1.306999969482421875e+02 6.785916290790297900e+00
1.308000030517578125e+02 6.532351577918556806e+00
1.308999938964843750e+02 7.243276012824825472e+00
1.310000000000000000e+02 8.011132130933880546e+00
1.311000061035156250e+02 8.057727749332752154e+00
1.311999969482421875e+02 8.075022981310000958e+00
1.313000030517578125e+02 6.099061056549896165e+00
1.313999938964843750e+02 7.990028252757777949e+00
1.315000000000000000e+02 7.861283728978392560e+00
1.316000061035156250e+02 7.768580569653988910e+00
1.316999969482421875e+02 8.256313297236474114e+00
1.318000030517578125e+02 7.653965997121815690e+00
1.318999938964843750e+02 6.775500622470070233e+00
1.320000000000000000e+02 7.130020292315261798e+00
1.321000061035156250e+02 7.125414333723990801e+00
1.321999969482421875e+02 7.683351545750454648e+00
1.323000030517578125e+02 8.689387325550985253e+00
1.323999938964843750e+02 7.487805413578666247e+00
1.325000000000000000e+02 8.090938028571541096e+00
1.326000061035156250e+02 7.408955175122083681e+00
1.326999969482421875e+02 7.828664852571504795e+00
1.328000030517578125e+02 9.167922481370153420e+00
1.328999938964843750e+02 5.761592887328752965e+00
1.330000000000000000e+02 7.469135216514649400e+00
1.331000061035156250e+02 7.082191472826089296e+00
1.331999969482421875e+02 7.766950512315061950e+00
1.333000030517578125e+02 7.391608360081023399e+00
1.333999938964843750e+02 6.939283468926456422e+00
1.335000000000000000e+02 9.366145632620773043e+00
1.336000061035156250e+02 7.063592842295961738e+00
1.336999969482421875e+02 7.083143764707362067e+00
1.338000030517578125e+02 6.694045725456033935e+00
1.338999938964843750e+02 6.973477756257275395e+00
1.340000000000000000e+02 6.641433839954474116e+00
1.341000061035156250e+02 7.640847854326345612e+00
1.341999969482421875e+02 8.003694005823355440e+00
1.343000030517578125e+02 7.399640548848251953e+00
1.343999938964843750e+02 7.284728704394043852e+00
1.345000000000000000e+02 6.824906112349476750e+00
1.346000061035156250e+02 7.541883719538376774e+00
1.346999969482421875e+02 5.200182134698927428e+00
1.348000030517578125e+02 6.320238366968514043e+00
1.348999938964843750e+02 7.844964521687716186e+00
1.350000000000000000e+02 6.223009176459004088e+00
1.351000061035156250e+02 6.884560668333018718e+00
1.351999969482421875e+02 8.085718171027702184e+00
1.353000030517578125e+02 7.321482377297259703e+00
1.353999938964843750e+02 7.665965008274065795e+00
1.355000000000000000e+02 9.085338921254482614e+00
1.356000061035156250e+02 8.009231242324792888e+00
1.356999969482421875e+02 7.204104012696054049e+00
1.358000030517578125e+02 7.339356388610413617e+00
1.358999938964843750e+02 6.717499618812758477e+00
1.360000000000000000e+02 7.138902167595753134e+00
1.361000061035156250e+02 7.271277458922193127e+00
1.361999969482421875e+02 6.926314658365700261e+00
1.363000030517578125e+02 7.237657055562922714e+00
1.363999938964843750e+02 7.290027044720946314e+00
1.365000000000000000e+02 8.783721708611921031e+00
1.366000061035156250e+02 7.705112140807840682e+00
1.366999969482421875e+02 7.747727493066539850e+00
1.368000030517578125e+02 6.335250716704793561e+00
1.368999938964843750e+02 7.391947366246913731e+00
1.370000000000000000e+02 8.284198870544107862e+00
1.371000061035156250e+02 8.054085931032707535e+00
1.371999969482421875e+02 7.130745413460700455e+00
1.373000030517578125e+02 7.693991392493966686e+00
1.373999938964843750e+02 8.512879073541592234e+00
1.375000000000000000e+02 8.086043695418617006e+00
1.376000061035156250e+02 7.488985676607168962e+00
1.376999969482421875e+02 7.901171851097392285e+00
1.378000030517578125e+02 8.079364924288084282e+00
1.378999938964843750e+02 7.378091307646328367e+00
1.380000000000000000e+02 7.424548260603547334e+00
1.381000061035156250e+02 8.774232851454087267e+00
1.381999969482421875e+02 7.684042432444551096e+00
1.383000030517578125e+02 7.960451603809014287e+00
1.383999938964843750e+02 7.065515341198230104e+00
1.385000000000000000e+02 8.703902234732852961e+00
1.386000061035156250e+02 6.774631631536293774e+00
1.386999969482421875e+02 7.993038869435105553e+00
1.388000030517578125e+02 8.411226643674892145e+00
1.388999938964843750e+02 9.396120724698553417e+00
1.390000000000000000e+02 9.516317948650945269e+00
1.391000061035156250e+02 9.120472113233082823e+00
1.391999969482421875e+02 8.440174561076663196e+00
1.393000030517578125e+02 8.003932067212588208e+00
1.393999938964843750e+02 9.478654279475582811e+00
1.395000000000000000e+02 9.877269875285950462e+00
1.396000061035156250e+02 9.121300902062152716e+00
1.396999969482421875e+02 1.030208693393681685e+01
1.398000030517578125e+02 9.245574118914575479e+00
1.398999938964843750e+02 8.808796007262831296e+00
1.400000000000000000e+02 8.372865584734617173e+00
1.401000061035156250e+02 9.425479160245917143e+00
1.401999969482421875e+02 9.060034154587349065e+00
1.403000030517578125e+02 8.252512046963381920e+00
1.403999938964843750e+02 9.464571524439588046e+00
1.405000000000000000e+02 7.853853999048296508e+00
1.406000061035156250e+02 1.018799537109750553e+01
1.406999969482421875e+02 7.117221189209325338e+00
1.408000030517578125e+02 9.482918184623496671e+00
1.408999938964843750e+02 8.353095529754419601e+00
1.410000000000000000e+02 8.952715279505992996e+00
1.411000061035156250e+02 7.874007631373696192e+00
1.411999969482421875e+02 9.611353518404110119e+00
1.413000030517578125e+02 7.431272544178712636e+00
1.413999938964843750e+02 8.321983395831887620e+00
1.415000000000000000e+02 7.961845677691986367e+00
1.416000061035156250e+02 8.065802494589753735e+00
1.416999969482421875e+02 6.295594898672288942e+00
1.418000030517578125e+02 7.792921434550929227e+00
1.418999938964843750e+02 8.295598382300426010e+00
1.420000000000000000e+02 9.254077132389408433e+00
1.421000061035156250e+02 7.660664143565647066e+00
1.421999969482421875e+02 7.094939876024917602e+00
1.423000030517578125e+02 9.330583889602328540e+00
1.423999938964843750e+02 8.748153344401936593e+00
1.425000000000000000e+02 9.076657317525969049e+00
1.426000061035156250e+02 9.293293453208191224e+00
1.426999969482421875e+02 1.043838953535562908e+01
1.428000030517578125e+02 8.910915033593074241e+00
1.428999938964843750e+02 8.530685372140716538e+00
1.430000000000000000e+02 8.964349327620150021e+00
1.431000061035156250e+02 8.024319879970056135e+00
1.431999969482421875e+02 8.620335195317917254e+00
1.433000030517578125e+02 9.197546804330796633e+00
1.433999938964843750e+02 9.559641704840270648e+00
1.435000000000000000e+02 8.747149496280654191e+00
1.436000061035156250e+02 9.683686483035655712e+00
1.436999969482421875e+02 1.078801547218234447e+01
1.438000030517578125e+02 9.185580944570274298e+00
1.438999938964843750e+02 9.214648086433605556e+00
1.440000000000000000e+02 7.921068888291098453e+00
1.441000061035156250e+02 8.379106413795852859e+00
1.441999969482421875e+02 7.246142414431791856e+00
1.443000030517578125e+02 8.511503878457292060e+00
1.443999938964843750e+02 6.984928879028628579e+00
1.445000000000000000e+02 9.434768623493035022e+00
1.446000061035156250e+02 8.591585224984592983e+00
1.446999969482421875e+02 1.035952835339334221e+01
1.448000030517578125e+02 7.917985116348488006e+00
1.448999938964843750e+02 7.135516046359825282e+00
1.450000000000000000e+02 9.319179055501939146e+00
1.451000061035156250e+02 9.353882581060705803e+00
1.451999969482421875e+02 8.649796324836206196e+00
1.453000030517578125e+02 7.701342942564131988e+00
1.453999938964843750e+02 8.182365961438877733e+00
1.455000000000000000e+02 8.689438010597045903e+00
1.456000061035156250e+02 8.919050777887502335e+00
1.456999969482421875e+02 7.735549373379850380e+00
1.458000030517578125e+02 8.086724425725359211e+00
1.458999938964843750e+02 8.299466559194867088e+00
1.460000000000000000e+02 7.979394418766871944e+00
1.461000061035156250e+02 8.324577121622304787e+00
1.461999969482421875e+02 7.005799726188878473e+00
1.463000030517578125e+02 7.382085437744092538e+00
1.463999938964843750e+02 8.740729639038582022e+00
1.465000000000000000e+02 7.720274147478034976e+00
1.466000061035156250e+02 7.841056548741228482e+00
1.466999969482421875e+02 8.737660987620930797e+00
1.468000030517578125e+02 7.918179716558204184e+00
1.468999938964843750e+02 8.308155240225289617e+00
1.470000000000000000e+02 8.207084080257667225e+00
1.471000061035156250e+02 8.527966152932775046e+00
1.471999969482421875e+02 7.589164118943666715e+00
1.473000030517578125e+02 8.473264030988213236e+00
1.473999938964843750e+02 8.390680292814995056e+00
1.475000000000000000e+02 7.403228813155783961e+00
1.476000061035156250e+02 8.291495868456095764e+00
1.476999969482421875e+02 7.633182322526852914e+00
1.478000030517578125e+02 6.631127155346025148e+00
1.478999938964843750e+02 7.404815954635400210e+00
1.480000000000000000e+02 6.816666726758054295e+00
1.481000061035156250e+02 7.879893615321634570e+00
1.481999969482421875e+02 7.155195355384017297e+00
1.483000030517578125e+02 8.343398093532774951e+00
1.483999938964843750e+02 8.185937677029006210e+00
1.485000000000000000e+02 7.836650097525907910e+00
1.486000061035156250e+02 7.647056257455058237e+00
1.486999969482421875e+02 7.218811346108702232e+00
1.488000030517578125e+02 6.640063874054791704e+00
1.488999938964843750e+02 7.010007538545615979e+00
1.490000000000000000e+02 7.519589830238349037e+00
1.491000061035156250e+02 6.006355323830327997e+00
1.491999969482421875e+02 7.549252532542482186e+00
1.493000030517578125e+02 7.794902630864383397e+00
1.493999938964843750e+02 6.748040339086442074e+00
1.495000000000000000e+02 6.908454915838091459e+00
1.496000061035156250e+02 5.903261513444766351e+00
1.496999969482421875e+02 7.363439257495402401e+00
1.498000030517578125e+02 7.037569353206895251e+00
1.498999938964843750e+02 7.576996055579047429e+00
1.500000000000000000e+02 8.030116661836048664e+00
1.501000061035156250e+02 8.203106383673308244e+00
1.501999969482421875e+02 9.332907444770505379e+00
1.503000030517578125e+02 8.165389289123201166e+00
1.503999938964843750e+02 7.411140108201422549e+00
1.505000000000000000e+02 7.526078715571252964e+00
1.506000061035156250e+02 8.270871033453429888e+00
1.506999969482421875e+02 9.413044014871001508e+00
1.508000030517578125e+02 8.952845441466784848e+00
1.508999938964843750e+02 1.061903369328140911e+01
1.510000000000000000e+02 8.821014733113173634e+00
1.511000061035156250e+02 8.680669525424365318e+00
1.511999969482421875e+02 1.014548524480939129e+01
1.513000030517578125e+02 9.231257186866509201e+00
1.513999938964843750e+02 9.321507150587686752e+00
1.515000000000000000e+02 1.026474116111246460e+01
1.516000061035156250e+02 9.321425339387449327e+00
1.516999969482421875e+02 1.050645752840101821e+01
1.518000030517578125e+02 7.587173704852953726e+00
1.518999938964843750e+02 9.632846626024804237e+00
1.520000000000000000e+02 9.145650187162383205e+00
1.521000061035156250e+02 9.026633521452504638e+00
1.521999969482421875e+02 1.063528814518020660e+01
1.523000030517578125e+02 8.865985817799259650e+00
1.523999938964843750e+02 9.285918080196591262e+00
1.525000000000000000e+02 8.611128737168064262e+00
1.526000061035156250e+02 9.054037046415285062e+00
1.526999969482421875e+02 1.022218654815329941e+01
1.528000030517578125e+02 1.036944245913448981e+01
1.528999938964843750e+02 1.151106873584518908e+01
1.530000000000000000e+02 9.868958091299695923e+00
1.531000061035156250e+02 9.900085630703413742e+00
1.531999969482421875e+02 7.591315667101310005e+00
1.533000030517578125e+02 8.713099085191895909e+00
1.533999938964843750e+02 1.062176829882126761e+01
1.535000000000000000e+02 8.107363742010608831e+00
1.536000061035156250e+02 8.387693384395547014e+00
1.536999969482421875e+02 8.759658076230564916e+00
1.538000030517578125e+02 9.807149218598032903e+00
1.538999938964843750e+02 9.325586148851787271e+00
1.540000000000000000e+02 8.057453567965309205e+00
1.541000061035156250e+02 8.742307229849576089e+00
1.541999969482421875e+02 1.025721791244835757e+01
1.543000030517578125e+02 8.306399625181276392e+00
1.543999938964843750e+02 1.017336065493496911e+01
1.545000000000000000e+02 1.072505257752388630e+01
1.546000061035156250e+02 9.593680025866955674e+00
1.546999969482421875e+02 1.064412967655889020e+01
1.548000030517578125e+02 9.847709883195616243e+00
1.548999938964843750e+02 9.633443253572345100e+00
1.550000000000000000e+02 1.023863993109718962e+01
1.551000061035156250e+02 1.011095451107346932e+01
1.551999969482421875e+02 1.122955813771418931e+01
1.553000030517578125e+02 1.222854484227987015e+01
1.553999938964843750e+02 1.017893646666371410e+01
1.555000000000000000e+02 1.060219726245279404e+01
1.556000061035156250e+02 6.686397430015877497e+00
1.556999969482421875e+02 1.046258877962287492e+01
1.558000030517578125e+02 8.815583307683747094e+00
1.558999938964843750e+02 9.370656184457967441e+00
1.560000000000000000e+02 8.955780499305314279e+00
1.561000061035156250e+02 9.234104717580310151e+00
1.561999969482421875e+02 7.988883994411860812e+00
1.563000030517578125e+02 9.202446443363943018e+00
1.563999938964843750e+02 9.534529424879726989e+00
1.565000000000000000e+02 8.658667784152529023e+00
1.566000061035156250e+02 9.847331578331379731e+00
1.566999969482421875e+02 1.016938210603339066e+01
1.568000030517578125e+02 1.047746176878261970e+01
1.568999938964843750e+02 8.548200715458923682e+00
1.570000000000000000e+02 9.406383879418974914e+00
1.571000061035156250e+02 9.734302486564983425e+00
1.571999969482421875e+02 6.766798202721393096e+00
1.573000030517578125e+02 8.974134843109338178e+00
1.573999938964843750e+02 9.180559021093518624e+00
1.575000000000000000e+02 8.519772431797290935e+00
1.576000061035156250e+02 9.787502742142153878e+00
1.576999969482421875e+02 1.049590424339223027e+01
1.578000030517578125e+02 7.957105350223136142e+00
1.578999938964843750e+02 7.741643073669196795e+00
1.580000000000000000e+02 8.767030566552710624e+00
1.581000061035156250e+02 1.072431489036062757e+01
1.581999969482421875e+02 8.994434320330531918e+00
1.583000030517578125e+02 9.517931918643503408e+00
1.583999938964843750e+02 1.096292925720072198e+01
1.585000000000000000e+02 8.661205245014414800e+00
1.586000061035156250e+02 8.994700299635621121e+00
1.586999969482421875e+02 8.717873217949273723e+00
1.588000030517578125e+02 9.638571858704921169e+00
1.588999938964843750e+02 9.304011168017664701e+00
1.590000000000000000e+02 1.016801338400249399e+01
1.591000061035156250e+02 7.933900433363368698e+00
1.591999969482421875e+02 1.058476022603005440e+01
1.593000030517578125e+02 9.520424249517519755e+00
1.593999938964843750e+02 8.865161379364527861e+00
1.595000000000000000e+02 9.101487362599439024e+00
1.596000061035156250e+02 8.242485151713639269e+00
1.596999969482421875e+02 1.016082629457008046e+01
1.598000030517578125e+02 9.780642957723193476e+00
1.598999938964843750e+02 1.058397564872320906e+01
1.600000000000000000e+02 8.147513472755685271e+00
1.601000061035156250e+02 9.675089915732508317e+00
1.601999969482421875e+02 9.255475973515952859e+00
1.603000030517578125e+02 9.717240490161527688e+00
1.603999938964843750e+02 9.608547707685358930e+00
1.605000000000000000e+02 8.961668530414405254e+00
1.606000061035156250e+02 1.021522723219926121e+01
1.606999969482421875e+02 1.067623085430594720e+01
1.608000030517578125e+02 9.157665496959793927e+00
1.608999938964843750e+02 9.145291998148048052e+00
1.610000000000000000e+02 8.926493407420299064e+00
1.611000061035156250e+02 9.090073218913046205e+00
1.611999969482421875e+02 9.991463890652104496e+00
1.613000030517578125e+02 1.139520039679937824e+01
1.613999938964843750e+02 9.414957273982023978e+00
1.615000000000000000e+02 1.043826077333553926e+01
1.616000061035156250e+02 9.635868557233280285e+00
1.616999969482421875e+02 9.496509508946790135e+00
1.618000030517578125e+02 9.469199548318812276e+00
1.618999938964843750e+02 9.205136634721931443e+00
1.620000000000000000e+02 1.048219530604094452e+01
1.621000061035156250e+02 8.762059727421771527e+00
1.621999969482421875e+02 1.019852670549446216e+01
1.623000030517578125e+02 8.914167303915847995e+00
1.623999938964843750e+02 9.559144468108415893e+00
1.625000000000000000e+02 8.927929668850900669e+00
1.626000061035156250e+02 9.514947936908857429e+00
1.626999969482421875e+02 9.443970742787186623e+00
1.628000030517578125e+02 1.003788922487573920e+01
1.628999938964843750e+02 9.832478984348563600e+00
1.630000000000000000e+02 8.647109576260053387e+00
1.631000061035156250e+02 8.240065010980286431e+00
1.631999969482421875e+02 7.386034851459446493e+00
1.633000030517578125e+02 9.370523715888813499e+00
1.633999938964843750e+02 9.338473400395869817e+00
1.635000000000000000e+02 8.361321148373116685e+00
1.636000061035156250e+02 8.752140003699000914e+00
1.636999969482421875e+02 8.099960519053730934e+00
1.638000030517578125e+02 8.214159656755615657e+00
1.638999938964843750e+02 8.347105645693540410e+00
1.640000000000000000e+02 8.302180988476274948e+00
1.641000061035156250e+02 1.005511473654019738e+01
1.641999969482421875e+02 1.028716367536159559e+01
1.643000030517578125e+02 9.873763955084760013e+00
1.643999938964843750e+02 9.626412297284648645e+00
1.645000000000000000e+02 8.637269766293711015e+00
1.646000061035156250e+02 9.616854303969999407e+00
1.646999969482421875e+02 9.314229959747864385e+00
1.648000030517578125e+02 9.613119340449488348e+00
1.648999938964843750e+02 9.447231989373070959e+00
1.650000000000000000e+02 7.796853899911495134e+00
1.651000061035156250e+02 9.197875729160498892e+00
1.651999969482421875e+02 8.264001976627030288e+00
1.653000030517578125e+02 9.003138611843512606e+00
1.653999938964843750e+02 1.013633618043574636e+01
1.655000000000000000e+02 7.740156668562923947e+00
1.656000061035156250e+02 9.938280721630102121e+00
1.656999969482421875e+02 9.130651666100176200e+00
1.658000030517578125e+02 9.734536697853052090e+00
1.658999938964843750e+02 1.115526252453053857e+01
1.660000000000000000e+02 8.257205128768484670e+00
1.661000061035156250e+02 8.103948516592051732e+00
1.661999969482421875e+02 8.712504739961552502e+00
1.663000030517578125e+02 8.107768119727287726e+00
1.663999938964843750e+02 9.671278712895260199e+00
1.665000000000000000e+02 8.962476933698455994e+00
1.666000061035156250e+02 9.370725438157112563e+00
1.666999969482421875e+02 8.429927872643576237e+00
1.668000030517578125e+02 9.123035248733556202e+00
1.668999938964843750e+02 8.703878418314205945e+00
1.670000000000000000e+02 8.894044147437028869e+00
1.671000061035156250e+02 5.553340015571053279e+00
1.671999969482421875e+02 5.860457848967633332e+00
1.673000030517578125e+02 5.511201226811611065e+00
1.673999938964843750e+02 5.689496188123159826e+00
1.675000000000000000e+02 9.413393450097661486e+00
1.676000061035156250e+02 9.695100932229452795e+00
1.676999969482421875e+02 7.808119423442201779e+00
1.678000030517578125e+02 8.401120912394270945e+00
1.678999938964843750e+02 8.845094910640925789e+00
1.680000000000000000e+02 9.060364492905270239e+00
1.681000061035156250e+02 8.755441229161181838e+00
1.681999969482421875e+02 8.481234259877155068e+00
1.683000030517578125e+02 8.725033102024102760e+00
1.683999938964843750e+02 9.209890552591708968e+00
1.685000000000000000e+02 8.023988974136134544e+00
1.686000061035156250e+02 9.030190038263238961e+00
1.686999969482421875e+02 8.520445549234452187e+00
1.688000030517578125e+02 8.306400729221667945e+00
1.688999938964843750e+02 8.853903935787345247e+00
1.690000000000000000e+02 7.077986708541041061e+00
1.691000061035156250e+02 8.463933931697866342e+00
1.691999969482421875e+02 8.566071434107358940e+00
1.693000030517578125e+02 8.714813352575083272e+00
1.693999938964843750e+02 8.090837940792088290e+00
1.695000000000000000e+02 8.568857150617530394e+00
1.696000061035156250e+02 9.671847526752467061e+00
1.696999969482421875e+02 9.566319582961819279e+00
1.698000030517578125e+02 8.205945508379702602e+00
1.698999938964843750e+02 7.765816083749217391e+00
1.700000000000000000e+02 6.962244962422508898e+00
1.701000061035156250e+02 6.835277373989930183e+00
1.701999969482421875e+02 7.751879614252628059e+00
1.703000030517578125e+02 7.855303876027017296e+00
1.703999938964843750e+02 8.838100316190679706e+00
1.705000000000000000e+02 7.325329954292526757e+00
1.706000061035156250e+02 6.922090348509366109e+00
1.706999969482421875e+02 6.603243281901117534e+00
1.708000030517578125e+02 8.579236413075577161e+00
1.708999938964843750e+02 7.957494816869933096e+00
1.710000000000000000e+02 9.226382697294312152e+00
1.711000061035156250e+02 9.355084059714066314e+00
1.711999969482421875e+02 9.580109544602487759e+00
1.713000030517578125e+02 9.912798334958186075e+00
1.713999938964843750e+02 8.374383056504600020e+00
1.715000000000000000e+02 8.234136724404343965e+00
1.716000061035156250e+02 1.067824666153519075e+01
1.716999969482421875e+02 8.982791918142586596e+00
1.718000030517578125e+02 8.896662193933305929e+00
1.718999938964843750e+02 9.759597626593262021e+00
1.720000000000000000e+02 7.436501911115184882e+00
1.721000061035156250e+02 7.762668038324066266e+00
1.721999969482421875e+02 9.313063753044653836e+00
1.723000030517578125e+02 8.968452098442593723e+00
1.723999938964843750e+02 8.849671147725466369e+00
1.725000000000000000e+02 9.272703926634443761e+00
1.726000061035156250e+02 9.500461540907892299e+00
1.726999969482421875e+02 9.015040516541548143e+00
1.728000030517578125e+02 9.580398831634457935e+00
1.728999938964843750e+02 9.530247951035507370e+00
1.730000000000000000e+02 8.405873793301539720e+00
1.731000061035156250e+02 8.138826595253227936e+00
1.731999969482421875e+02 8.555968199828518195e+00
1.733000030517578125e+02 9.511560179231761225e+00
1.733999938964843750e+02 9.755539785913718731e+00
1.735000000000000000e+02 8.831326062792225429e+00
1.736000061035156250e+02 8.695671236642267488e+00
1.736999969482421875e+02 8.931118763706585639e+00
1.738000030517578125e+02 7.572924863333348355e+00
1.738999938964843750e+02 8.505677351875704062e+00
1.740000000000000000e+02 9.156429342469490251e+00
1.741000061035156250e+02 1.025283982857215115e+01
1.741999969482421875e+02 8.127866853717252482e+00
1.743000030517578125e+02 8.360506229346601259e+00
1.743999938964843750e+02 8.702831748795798461e+00
1.745000000000000000e+02 8.096920077384078596e+00
1.746000061035156250e+02 9.056931776357894037e+00
1.746999969482421875e+02 7.978976830193280634e+00
1.748000030517578125e+02 9.566143344764006073e+00
1.748999938964843750e+02 9.096606740769415111e+00
1.750000000000000000e+02 7.847907973591559561e+00
1.751000061035156250e+02 7.423388828800159267e+00
1.751999969482421875e+02 6.364309911829503896e+00
1.753000030517578125e+02 7.624420388936057336e+00
1.753999938964843750e+02 6.664895293157456990e+00
1.755000000000000000e+02 8.445517040691907340e+00
1.756000061035156250e+02 9.471055668313374198e+00
1.756999969482421875e+02 8.182040965517188624e+00
1.758000030517578125e+02 7.810073633008752125e+00
1.758999938964843750e+02 7.702840731876171354e+00
1.760000000000000000e+02 8.599785241029385574e+00
1.761000061035156250e+02 9.124098877522129669e+00
1.761999969482421875e+02 9.010148795086958984e+00
1.763000030517578125e+02 9.962426984011122144e+00
1.763999938964843750e+02 8.918353939154499699e+00
1.765000000000000000e+02 8.973662159022767426e+00
1.766000061035156250e+02 8.255307610214678959e+00
1.766999969482421875e+02 9.199470253899873384e+00
1.768000030517578125e+02 8.844971985705580408e+00
1.768999938964843750e+02 8.378960040563606881e+00
1.770000000000000000e+02 8.691919332708382129e+00
1.771000061035156250e+02 8.655726145747562938e+00
1.771999969482421875e+02 4.341638999225743589e+00
1.773000030517578125e+02 6.600751128106352006e+00
1.773999938964843750e+02 5.017380619285922272e+00
1.775000000000000000e+02 6.286890810420945108e+00
1.776000061035156250e+02 5.046492076584986108e+00
1.776999969482421875e+02 5.540438476939773871e+00
1.778000030517578125e+02 4.718724709445012877e+00
1.778999938964843750e+02 5.638150438057833114e+00
1.780000000000000000e+02 5.616635492662681806e+00
1.781000061035156250e+02 4.455478342538639502e+00
1.781999969482421875e+02 6.230489137879396289e+00
1.783000030517578125e+02 5.338825423097770972e+00
1.783999938964843750e+02 5.163339638466402093e+00
1.785000000000000000e+02 3.645012487371412035e+00
1.786000061035156250e+02 3.872386917472748102e+00
1.786999969482421875e+02 3.779260716207629933e+00
1.788000030517578125e+02 3.749506530392444859e+00
1.788999938964843750e+02 4.376586679884043818e+00
1.790000000000000000e+02 3.433530168602163091e+00
1.791000061035156250e+02 3.289778246068423950e+00
1.791999969482421875e+02 4.348451699258992775e+00
1.793000030517578125e+02 4.988890478649417481e+00
1.793999938964843750e+02 4.480744933163506971e+00
1.795000000000000000e+02 3.787128443215585616e+00
1.796000061035156250e+02 4.235528674714041486e+00
1.796999969482421875e+02 4.123484195929460583e+00
1.798000030517578125e+02 4.088577072496028642e+00
1.798999938964843750e+02 4.367782981168338630e+00
1.800000000000000000e+02 3.905198440419410666e+00
1.801000061035156250e+02 3.430431330867656836e+00
1.801999969482421875e+02 3.271903774142135735e+00
1.803000030517578125e+02 4.180535640224491978e+00
1.803999938964843750e+02 3.865349698206709039e+00
1.805000000000000000e+02 5.213393969965206765e+00
1.806000061035156250e+02 3.563555153451735791e+00
1.806999969482421875e+02 4.232711524605123010e+00
1.808000030517578125e+02 4.043896094637877248e+00
1.808999938964843750e+02 4.385783118381904266e+00
1.810000000000000000e+02 4.617102065447157955e+00
1.811000061035156250e+02 4.408519953666861113e+00
1.811999969482421875e+02 4.319982264384340631e+00
1.813000030517578125e+02 4.372887143225710815e+00
1.813999938964843750e+02 4.224224514836929067e+00
1.815000000000000000e+02 3.943353556219053591e+00
1.816000061035156250e+02 5.226446064511652168e+00
1.816999969482421875e+02 4.427029212225746413e+00
1.818000030517578125e+02 4.417635967878161374e+00
1.818999938964843750e+02 3.845224691450673582e+00
1.820000000000000000e+02 4.038311457714923058e+00
1.821000061035156250e+02 3.849727196608791147e+00
1.821999969482421875e+02 4.011389577106917237e+00
1.823000030517578125e+02 4.049350757548269009e+00
1.823999938964843750e+02 3.708975745366635213e+00
1.825000000000000000e+02 3.314395438829331297e+00
1.826000061035156250e+02 3.675838002863707654e+00
1.826999969482421875e+02 4.429808376679662985e+00
1.828000030517578125e+02 3.881793521017550486e+00
1.828999938964843750e+02 3.855214978049157803e+00
1.830000000000000000e+02 3.412316449067146706e+00
1.831000061035156250e+02 3.009701085393332587e+00
1.831999969482421875e+02 4.084772493888637612e+00
1.833000030517578125e+02 3.533792675334253897e+00
1.833999938964843750e+02 3.080465732663005607e+00
1.835000000000000000e+02 4.681339999701777721e+00
1.836000061035156250e+02 5.349104245735162522e+00
1.836999969482421875e+02 4.141568689512080681e+00
1.838000030517578125e+02 4.972872487816281328e+00
1.838999938964843750e+02 4.281430602847981604e+00
1.840000000000000000e+02 3.150581223526573549e+00
1.841000061035156250e+02 3.161370630409116700e+00
1.841999969482421875e+02 3.405434879102819057e+00
1.843000030517578125e+02 3.971654051427218945e+00
1.843999938964843750e+02 3.621521021785516936e+00
1.845000000000000000e+02 4.166157095454640746e+00
1.846000061035156250e+02 4.143343343567768677e+00
1.846999969482421875e+02 3.633891771313145114e+00
1.848000030517578125e+02 3.797778235219196219e+00
1.848999938964843750e+02 4.230963461225304201e+00
1.850000000000000000e+02 4.628182148350306946e+00
1.851000061035156250e+02 3.978863789966176068e+00
1.851999969482421875e+02 4.057106124942221115e+00
1.853000030517578125e+02 4.125627492167934562e+00
1.853999938964843750e+02 3.484361250550935818e+00
1.855000000000000000e+02 4.962777313671544732e+00
1.856000061035156250e+02 6.329826654807092723e+00
1.856999969482421875e+02 5.118955611240387782e+00
1.858000030517578125e+02 4.618534610016967967e+00
1.858999938964843750e+02 5.952078496350242887e+00
1.860000000000000000e+02 7.343348980697920858e+00
1.861000061035156250e+02 6.685231690901590085e+00
1.861999969482421875e+02 1.123109120174879827e+01
1.863000030517578125e+02 8.139775621934520089e+00
1.863999938964843750e+02 8.867648286882264586e+00
1.865000000000000000e+02 7.710852505999518769e+00
1.866000061035156250e+02 5.302466734840183271e+00
1.866999969482421875e+02 3.960085248685648818e+00
1.868000030517578125e+02 3.976792902031404786e+00
1.868999938964843750e+02 5.212324726913966089e+00
1.870000000000000000e+02 4.558048357061549538e+00
1.871000061035156250e+02 4.982225420914263125e+00
1.871999969482421875e+02 3.962763808700140000e+00
1.873000030517578125e+02 4.079091028719571632e+00
1.873999938964843750e+02 4.197996393651319380e+00
1.875000000000000000e+02 4.126039079437102686e+00
1.876000061035156250e+02 4.002461114489735294e+00
1.876999969482421875e+02 4.091050461541038352e+00
1.878000030517578125e+02 4.651072865590323957e+00
1.878999938964843750e+02 4.375069935105323715e+00
1.880000000000000000e+02 4.375524393369516929e+00
1.881000061035156250e+02 3.995213366741781957e+00
1.881999969482421875e+02 4.030596941492937901e+00
1.883000030517578125e+02 9.157146086882757885e+00
1.883999938964843750e+02 6.201399045100961516e+00
1.885000000000000000e+02 6.924777434631532280e+00
1.886000061035156250e+02 7.219433561572284219e+00
1.886999969482421875e+02 8.913929241179298302e+00
1.888000030517578125e+02 9.041227775936691913e+00
1.888999938964843750e+02 9.189528891566899560e+00
1.890000000000000000e+02 5.932516339510982561e+00
1.891000061035156250e+02 6.696098105707983805e+00
1.891999969482421875e+02 6.430060836069912078e+00
1.893000030517578125e+02 5.938104343041486821e+00
1.893999938964843750e+02 6.851847788517615889e+00
1.895000000000000000e+02 7.050437030642908276e+00
1.896000061035156250e+02 4.727768708186407487e+00
1.896999969482421875e+02 7.195753415778133544e+00
1.898000030517578125e+02 7.738488958246691141e+00
1.898999938964843750e+02 7.671294070504094620e+00
1.900000000000000000e+02 9.179801413836067070e+00
1.901000061035156250e+02 7.359707268181093553e+00
1.901999969482421875e+02 5.913830919459791780e+00
1.903000030517578125e+02 7.341689352066505414e+00
1.903999938964843750e+02 6.363310809307448856e+00
1.905000000000000000e+02 6.203426085126418243e+00
1.906000061035156250e+02 5.504810251611034211e+00
1.906999969482421875e+02 4.016514641008544828e+00
1.908000030517578125e+02 3.629574417561613586e+00
1.908999938964843750e+02 5.092443754368142450e+00
1.910000000000000000e+02 7.308914097458791836e+00
1.911000061035156250e+02 4.830247180006891128e+00
1.911999969482421875e+02 6.496190176552697260e+00
1.913000030517578125e+02 5.972906873288726715e+00
1.913999938964843750e+02 5.585513030235713217e+00
1.915000000000000000e+02 4.810973963948796062e+00
1.916000061035156250e+02 4.752790725920005954e+00
1.916999969482421875e+02 4.571001026578896287e+00
1.918000030517578125e+02 5.003074514670285744e+00
1.918999938964843750e+02 5.995955543845026270e+00
1.920000000000000000e+02 4.270773678627749703e+00
1.921000061035156250e+02 5.208393943777593016e+00
1.921999969482421875e+02 4.388019786112707266e+00
1.923000030517578125e+02 3.823698875025044686e+00
1.923999938964843750e+02 4.193682258277044106e+00
1.925000000000000000e+02 4.495223063064048397e+00
1.926000061035156250e+02 4.412028383776656071e+00
1.926999969482421875e+02 4.103796415176761414e+00
1.928000030517578125e+02 4.897446067357353883e+00
1.928999938964843750e+02 6.861121146569885809e+00
1.930000000000000000e+02 5.256632365399410034e+00
1.931000061035156250e+02 6.316831313632746081e+00
1.931999969482421875e+02 6.610408799269961833e+00
1.933000030517578125e+02 5.312054582680165282e+00
1.933999938964843750e+02 4.690542816039765306e+00
1.935000000000000000e+02 5.145856100287242718e+00
1.936000061035156250e+02 5.035889417345081220e+00
1.936999969482421875e+02 4.999636559593631624e+00
1.938000030517578125e+02 5.648840731884232191e+00
1.938999938964843750e+02 4.891257120644246115e+00
1.940000000000000000e+02 5.637579150692695329e+00
1.941000061035156250e+02 5.854794717506780266e+00
1.941999969482421875e+02 7.210777158175664781e+00
1.943000030517578125e+02 5.543519008380707547e+00
1.943999938964843750e+02 5.124381058199628747e+00
1.945000000000000000e+02 5.062615131078750608e+00
1.946000061035156250e+02 5.548930155276493359e+00
1.946999969482421875e+02 3.390880694044584587e+00
1.948000030517578125e+02 4.180683913265437646e+00
1.948999938964843750e+02 4.106461429321614176e+00
1.950000000000000000e+02 5.144250501447008794e+00
1.951000061035156250e+02 3.843877279928013646e+00
1.951999969482421875e+02 3.477589306313933815e+00
1.953000030517578125e+02 3.649345212658830384e+00
1.953999938964843750e+02 4.095866494931265755e+00
1.955000000000000000e+02 3.991549498977769783e+00
1.956000061035156250e+02 3.525599982608650595e+00
1.956999969482421875e+02 4.207667812744330327e+00
1.958000030517578125e+02 4.029748114400896419e+00
1.958999938964843750e+02 4.314587235298378509e+00
1.960000000000000000e+02 3.883709297175204078e+00
1.961000061035156250e+02 3.645456290415394651e+00
1.961999969482421875e+02 8.421647104403044537e+00
1.963000030517578125e+02 8.031799372983989826e+00
1.963999938964843750e+02 6.641147602382408088e+00
1.965000000000000000e+02 5.023169486538344941e+00
1.966000061035156250e+02 5.350584150429120278e+00
1.966999969482421875e+02 5.871970624716239762e+00
1.968000030517578125e+02 5.266952521528716069e+00
1.968999938964843750e+02 4.873361658295176646e+00
1.970000000000000000e+02 4.815265984483524164e+00
1.971000061035156250e+02 6.053976026574180658e+00
1.971999969482421875e+02 8.018169289510556297e+00
1.973000030517578125e+02 7.215517714723245213e+00
1.973999938964843750e+02 7.597400149141981807e+00
1.975000000000000000e+02 5.357439668756872386e+00
1.976000061035156250e+02 6.162236752813220697e+00
1.976999969482421875e+02 4.535333713052654758e+00
1.978000030517578125e+02 5.408637952609637978e+00
1.978999938964843750e+02 5.256696636468807249e+00
1.980000000000000000e+02 4.732931895143514645e+00
1.981000061035156250e+02 5.043072282025910624e+00
1.981999969482421875e+02 4.920809523658297380e+00
1.983000030517578125e+02 3.401522124718274309e+00
1.983999938964843750e+02 3.306480034882587571e+00
1.985000000000000000e+02 2.688647839528826022e+00
1.986000061035156250e+02 3.670974331890347830e+00
1.986999969482421875e+02 3.417829947717368810e+00
1.988000030517578125e+02 3.158900831354975125e+00
1.988999938964843750e+02 3.131237309591478724e+00
1.990000000000000000e+02 3.362300420647788890e+00
1.991000061035156250e+02 2.950578591343019141e+00
1.991999969482421875e+02 3.074580831385429480e+00
1.993000030517578125e+02 3.734586182192440429e+00
1.993999938964843750e+02 3.135159403853396309e+00
1.995000000000000000e+02 3.088892854490767448e+00
1.996000061035156250e+02 2.952735480903444287e+00
1.996999969482421875e+02 4.652632298691275814e+00
1.998000030517578125e+02 6.974496000571812182e+00
1.998999938964843750e+02 5.130462555944645509e+00
2.000000000000000000e+02 4.925944093284578607e+00
2.001000061035156250e+02 7.172823680978667404e+00
2.001999969482421875e+02 6.731951628806789323e+00
2.003000030517578125e+02 5.992183874573706603e+00
2.003999938964843750e+02 5.171334081224201462e+00
2.005000000000000000e+02 5.839011541203631417e+00
2.006000061035156250e+02 5.678430513223924336e+00
2.006999969482421875e+02 5.483923830187996451e+00
2.008000030517578125e+02 4.365696575772570753e+00
2.008999938964843750e+02 4.929504262199008835e+00
2.010000000000000000e+02 5.402764714353405218e+00
2.011000061035156250e+02 5.123340303804747364e+00
2.011999969482421875e+02 5.220617397053857189e+00
2.013000030517578125e+02 5.462135548654600825e+00
2.013999938964843750e+02 5.875459976457332978e+00
2.015000000000000000e+02 5.561804618059535521e+00
2.016000061035156250e+02 5.430273154050251350e+00
2.016999969482421875e+02 4.393346279799835052e+00
2.018000030517578125e+02 4.562233286651709463e+00
2.018999938964843750e+02 5.035020002212019286e+00
2.020000000000000000e+02 6.906086450133133603e+00
2.021000061035156250e+02 6.468070977293010948e+00
2.021999969482421875e+02 7.424807695583710121e+00
2.023000030517578125e+02 8.317231287532887762e+00
2.023999938964843750e+02 7.545087623308097236e+00
2.025000000000000000e+02 9.020735584914561400e+00
2.026000061035156250e+02 6.250142584499391418e+00
2.026999969482421875e+02 5.361444218697491770e+00
2.028000030517578125e+02 6.468694480898506960e+00
2.028999938964843750e+02 5.530243335469151589e+00
2.030000000000000000e+02 6.476262624393053891e+00
2.031000061035156250e+02 5.289301352873171602e+00
2.031999969482421875e+02 5.820046296368937888e+00
2.033000030517578125e+02 6.115448846897434620e+00
2.033999938964843750e+02 3.983373847040741378e+00
2.035000000000000000e+02 4.476545798096245754e+00
2.036000061035156250e+02 5.717981260816136668e+00
2.036999969482421875e+02 5.575511832714876270e+00
2.038000030517578125e+02 5.430208485245628047e+00
2.038999938964843750e+02 4.833688017197516729e+00
2.040000000000000000e+02 5.376366826498313323e+00
2.041000061035156250e+02 4.927025117885909467e+00
2.041999969482421875e+02 5.200299977718774613e+00
2.043000030517578125e+02 4.951657373421846309e+00
2.043999938964843750e+02 5.401474668972013227e+00
2.045000000000000000e+02 7.639062986220179319e+00
2.046000061035156250e+02 7.803540796451244432e+00
2.046999969482421875e+02 7.749011394484340620e+00
2.048000030517578125e+02 9.410346821154654151e+00
2.048999938964843750e+02 9.457374191086472592e+00
2.050000000000000000e+02 8.102777025775560915e+00
2.051000061035156250e+02 7.651335520524405354e+00
2.051999969482421875e+02 8.512808999657865527e+00
2.053000030517578125e+02 7.845416529736041866e+00
2.053999938964843750e+02 7.963604142068083647e+00
2.055000000000000000e+02 8.603177332015524925e+00
2.056000061035156250e+02 9.227946324228675223e+00
2.056999969482421875e+02 9.624008573286877422e+00
2.058000030517578125e+02 9.546887543350722538e+00
2.058999938964843750e+02 9.352162004357898795e+00
2.060000000000000000e+02 8.678429045343735382e+00
2.061000061035156250e+02 8.162158318995663464e+00
2.061999969482421875e+02 8.836519133099399070e+00
2.063000030517578125e+02 9.144890961743392666e+00
2.063999938964843750e+02 8.481858258019395080e+00
2.065000000000000000e+02 9.412705735126806417e+00
2.066000061035156250e+02 8.546031268572948036e+00
2.066999969482421875e+02 1.000423970671140061e+01
2.068000030517578125e+02 8.997806608289725006e+00
2.068999938964843750e+02 7.734417746226047718e+00
2.070000000000000000e+02 9.517562019081260871e+00
2.071000061035156250e+02 8.115494847051012428e+00
2.071999969482421875e+02 9.941178879857934803e+00
2.073000030517578125e+02 1.011740258778807267e+01
2.073999938964843750e+02 9.548339747426247470e+00
2.075000000000000000e+02 9.166180240304187876e+00
2.076000061035156250e+02 7.936316102401671735e+00
2.076999969482421875e+02 8.404660028019913298e+00
2.078000030517578125e+02 1.014790361487104242e+01
2.078999938964843750e+02 7.989326887728980253e+00
2.080000000000000000e+02 9.390862644732255404e+00
2.081000061035156250e+02 1.051763831343608580e+01
2.081999969482421875e+02 9.105692251195055320e+00
2.083000030517578125e+02 7.782954648544111897e+00
2.083999938964843750e+02 8.987305242098358349e+00
2.085000000000000000e+02 8.250471738893581986e+00
2.086000061035156250e+02 1.014780600555287116e+01
2.086999969482421875e+02 8.938141847503628057e+00
2.088000030517578125e+02 7.054556556901528275e+00
2.088999938964843750e+02 9.241487854139203151e+00
2.090000000000000000e+02 8.044835218597027549e+00
2.091000061035156250e+02 7.925541366564323731e+00
2.091999969482421875e+02 6.654860233037509509e+00
2.093000030517578125e+02 7.897284872962961444e+00
2.093999938964843750e+02 7.031430275833320032e+00
2.095000000000000000e+02 8.034824229547714580e+00
2.096000061035156250e+02 7.988194777392698676e+00
2.096999969482421875e+02 8.890009979792806050e+00
2.098000030517578125e+02 8.624461348039837105e+00
2.098999938964843750e+02 7.492193363066679268e+00
2.100000000000000000e+02 7.375309762568057259e+00
2.101000061035156250e+02 3.988248517643296243e+00
2.101999969482421875e+02 4.560018961863474551e+00
2.103000030517578125e+02 5.907402471384419762e+00
2.103999938964843750e+02 5.008139415696988728e+00
2.105000000000000000e+02 5.469047892406255329e+00
2.106000061035156250e+02 5.578696171577618657e+00
2.106999969482421875e+02 6.946003147153579249e+00
2.108000030517578125e+02 7.331256137468988854e+00
2.108999938964843750e+02 7.103085146018947249e+00
2.110000000000000000e+02 5.540568911154577059e+00
2.111000061035156250e+02 5.525530147034277917e+00
2.111999969482421875e+02 4.621817767987762338e+00
2.113000030517578125e+02 7.349564637055096661e+00
2.113999938964843750e+02 5.844152173014570906e+00
2.115000000000000000e+02 6.623253789348992449e+00
2.116000061035156250e+02 5.866171845045485611e+00
2.116999969482421875e+02 7.396357381370770590e+00
2.118000030517578125e+02 6.195515098777250707e+00
2.118999938964843750e+02 6.104603876259050210e+00
2.120000000000000000e+02 8.371435990892639012e+00
2.121000061035156250e+02 9.182788655068240047e+00
2.121999969482421875e+02 1.139413327211777016e+01
2.123000030517578125e+02 1.084548009643981281e+01
2.123999938964843750e+02 9.178020837564726975e+00
2.125000000000000000e+02 9.374253110480838203e+00
2.126000061035156250e+02 9.383189546445070306e+00
2.126999969482421875e+02 7.913926346985942217e+00
2.128000030517578125e+02 8.082607012192148943e+00
2.128999938964843750e+02 8.101088277192895148e+00
2.130000000000000000e+02 9.592815170090579713e+00
2.131000061035156250e+02 9.461912721528129566e+00
2.131999969482421875e+02 9.919843500427045768e+00
2.133000030517578125e+02 9.166125740751425610e+00
2.133999938964843750e+02 8.123049070234007019e+00
2.135000000000000000e+02 9.700229137033403504e+00
2.136000061035156250e+02 8.428156701112150984e+00
2.136999969482421875e+02 8.429497803408612100e+00
2.138000030517578125e+02 8.721194848997793514e+00
2.138999938964843750e+02 1.022153709622402573e+01
2.140000000000000000e+02 9.339898265799217114e+00
2.141000061035156250e+02 1.020917155945145538e+01
2.141999969482421875e+02 9.274561784295149991e+00
2.143000030517578125e+02 9.051178981565399795e+00
2.143999938964843750e+02 9.056586328463794189e+00
2.145000000000000000e+02 1.158994303490457511e+01
2.146000061035156250e+02 1.013585228913217051e+01
2.146999969482421875e+02 8.582433741262498472e+00
2.148000030517578125e+02 1.081068761967645564e+01
2.148999938964843750e+02 8.047880855110408405e+00
2.150000000000000000e+02 9.658637762413004424e+00
2.151000061035156250e+02 8.176341244446382106e+00
2.151999969482421875e+02 8.984411852537986576e+00
2.153000030517578125e+02 8.062181215799345324e+00
2.153999938964843750e+02 6.574156778110803678e+00
2.155000000000000000e+02 8.903597074551978352e+00
2.156000061035156250e+02 9.353676199530259083e+00
2.156999969482421875e+02 8.969475738104385698e+00
2.158000030517578125e+02 7.913287509988903068e+00
2.158999938964843750e+02 8.292367517674357202e+00
2.160000000000000000e+02 1.066631823073635310e+01
2.161000061035156250e+02 1.080867493108797994e+01
2.161999969482421875e+02 8.637067214086913580e+00
2.163000030517578125e+02 8.774875702046184500e+00
2.163999938964843750e+02 8.506489240037742761e+00
2.165000000000000000e+02 9.058964561933258608e+00
2.166000061035156250e+02 9.482089159218341834e+00
2.166999969482421875e+02 8.648686121751662625e+00
2.168000030517578125e+02 9.604704692571058189e+00
2.168999938964843750e+02 9.185101976963348847e+00
2.170000000000000000e+02 8.430493015471171248e+00
2.171000061035156250e+02 9.821959944136315457e+00
2.171999969482421875e+02 8.526232004233857964e+00
2.173000030517578125e+02 9.197374876781346131e+00
2.173999938964843750e+02 1.012407675246766203e+01
2.175000000000000000e+02 9.730297833403136920e+00
2.176000061035156250e+02 9.625366164301452088e+00
2.176999969482421875e+02 1.067336418478765125e+01
2.178000030517578125e+02 8.407754676406449690e+00
2.178999938964843750e+02 9.698036436145290651e+00
2.180000000000000000e+02 7.153899796948580025e+00
2.181000061035156250e+02 5.795826023439207830e+00
2.181999969482421875e+02 7.234473629313076692e+00
2.183000030517578125e+02 8.717785619467623093e+00
2.183999938964843750e+02 7.528780502514396566e+00
2.185000000000000000e+02 8.488231739671348919e+00
2.186000061035156250e+02 9.118115085063166703e+00
2.186999969482421875e+02 9.689172374522533104e+00
2.188000030517578125e+02 9.285152647968347495e+00
2.188999938964843750e+02 7.121332708218839791e+00
2.190000000000000000e+02 7.323613868762307355e+00
2.191000061035156250e+02 5.600934876906132232e+00
2.191999969482421875e+02 7.877978335076790017e+00
2.193000030517578125e+02 6.801517555767379264e+00
2.193999938964843750e+02 9.500525492369863656e+00
2.195000000000000000e+02 5.889877072612944353e+00
2.196000061035156250e+02 7.500494366122201662e+00
2.196999969482421875e+02 7.752089521829889307e+00
2.198000030517578125e+02 7.671830953302322342e+00
2.198999938964843750e+02 7.775699869386047958e+00
2.200000000000000000e+02 8.544317077195536569e+00
2.201000061035156250e+02 8.214617344120567211e+00
2.201999969482421875e+02 8.952337814651748715e+00
2.203000030517578125e+02 8.781219877388071637e+00
2.203999938964843750e+02 9.041427188784693314e+00
2.205000000000000000e+02 8.621390801961227979e+00
2.206000061035156250e+02 9.197447113967506027e+00
2.206999969482421875e+02 6.965123199323288716e+00
2.208000030517578125e+02 7.213086335942991312e+00
2.208999938964843750e+02 8.474972090336912345e+00
2.210000000000000000e+02 8.410271609252795599e+00
2.211000061035156250e+02 6.816959666020454556e+00
2.211999969482421875e+02 7.916542452264392793e+00
2.213000030517578125e+02 8.514258684520370934e+00
2.213999938964843750e+02 7.930905385779766448e+00
2.215000000000000000e+02 9.044963091806861755e+00
2.216000061035156250e+02 9.015153808953204617e+00
2.216999969482421875e+02 9.916155048628136015e+00
2.218000030517578125e+02 8.726939843652059992e+00
2.218999938964843750e+02 9.617650938881713074e+00
2.220000000000000000e+02 7.746749745639370133e+00
2.221000061035156250e+02 8.397202172296136524e+00
2.221999969482421875e+02 7.993400759933997790e+00
2.223000030517578125e+02 8.791543019399663095e+00
2.223999938964843750e+02 8.023349926496907258e+00
2.225000000000000000e+02 6.875252759754743259e+00
2.226000061035156250e+02 8.656856356143578068e+00
2.226999969482421875e+02 8.014300353569163704e+00
2.228000030517578125e+02 6.925488041330953415e+00
2.228999938964843750e+02 8.208758916538904771e+00
2.230000000000000000e+02 8.374684685661483385e+00
2.231000061035156250e+02 1.015708224844441077e+01
2.231999969482421875e+02 8.113227887261542648e+00
2.233000030517578125e+02 6.855244705657158377e+00
2.233999938964843750e+02 7.634817846718310541e+00
2.235000000000000000e+02 8.122021135037631012e+00
2.236000061035156250e+02 7.001164676430539302e+00
2.236999969482421875e+02 7.692798381377236261e+00
2.238000030517578125e+02 9.902577359658874201e+00
2.238999938964843750e+02 8.147706256107124290e+00
2.240000000000000000e+02 6.826605228925918922e+00
2.241000061035156250e+02 5.582731775315118661e+00
2.241999969482421875e+02 6.884089114938433340e+00
2.243000030517578125e+02 5.479470356574275947e+00
2.243999938964843750e+02 5.623987108095829690e+00
2.245000000000000000e+02 4.962651906233770838e+00
2.246000061035156250e+02 6.116911485445583274e+00
2.246999969482421875e+02 6.225776231645295589e+00
2.248000030517578125e+02 5.597315403523486665e+00
2.248999938964843750e+02 6.170637864090999791e+00
2.250000000000000000e+02 6.450879296183324563e+00
2.251000061035156250e+02 6.847816877067123720e+00
2.251999969482421875e+02 6.903516227983621079e+00
2.253000030517578125e+02 7.102682801030194781e+00
2.253999938964843750e+02 5.445645167351991667e+00
2.255000000000000000e+02 6.985785328795325988e+00
2.256000061035156250e+02 5.566076136359932036e+00
2.256999969482421875e+02 5.724745849608118498e+00
2.258000030517578125e+02 7.108310093078358705e+00
2.258999938964843750e+02 6.790519485515822851e+00
2.260000000000000000e+02 5.806771647517264157e+00
2.261000061035156250e+02 7.773022665816566423e+00
2.261999969482421875e+02 6.171574632636411373e+00
2.263000030517578125e+02 6.227486200943488370e+00
2.263999938964843750e+02 5.406774690177550191e+00
2.265000000000000000e+02 5.999296769239981231e+00
2.266000061035156250e+02 5.378768275614523198e+00
2.266999969482421875e+02 6.747154775954750328e+00
2.268000030517578125e+02 5.217857755269614373e+00
2.268999938964843750e+02 5.348332155230387741e+00
2.270000000000000000e+02 5.907795167059127550e+00
2.271000061035156250e+02 5.121021354786081226e+00
2.271999969482421875e+02 5.478180609342960139e+00
2.273000030517578125e+02 7.641664999926796042e+00
2.273999938964843750e+02 6.553622409686705730e+00
2.275000000000000000e+02 4.683807871789655408e+00
2.276000061035156250e+02 4.832027982188058068e+00
2.276999969482421875e+02 5.765190300900176368e+00
2.278000030517578125e+02 7.213417813444949367e+00
2.278999938964843750e+02 5.764301095841688927e+00
2.280000000000000000e+02 5.029698542368108427e+00
2.281000061035156250e+02 4.892476987579292391e+00
2.281999969482421875e+02 5.705508983246081023e+00
2.283000030517578125e+02 6.149975879402281187e+00
2.283999938964843750e+02 6.683297494644448555e+00
2.285000000000000000e+02 7.608302009427991841e+00
2.286000061035156250e+02 5.532172665577143711e+00
2.286999969482421875e+02 6.453506388911676162e+00
2.288000030517578125e+02 7.288347217107031817e+00
2.288999938964843750e+02 6.233555666974083920e+00
2.290000000000000000e+02 7.531516479199800607e+00
2.291000061035156250e+02 5.166372105540087745e+00
2.291999969482421875e+02 7.810472865539587417e+00
2.293000030517578125e+02 6.841315235899233294e+00
2.293999938964843750e+02 6.441057743866126728e+00
2.295000000000000000e+02 4.301943444590127896e+00
2.296000061035156250e+02 6.071759539317761245e+00
2.296999969482421875e+02 5.997528754020529540e+00
2.298000030517578125e+02 5.815032848596038306e+00
2.298999938964843750e+02 5.649805120937950953e+00
2.300000000000000000e+02 5.216797130137559080e+00
2.301000061035156250e+02 5.501050291386436086e+00
2.301999969482421875e+02 5.423256063476901367e+00
2.303000030517578125e+02 5.473548798290996942e+00
2.303999938964843750e+02 6.374681319920916245e+00
2.305000000000000000e+02 7.281175452917887370e+00
2.306000061035156250e+02 5.697253240046578959e+00
2.306999969482421875e+02 5.917510505053978243e+00
2.308000030517578125e+02 6.309025858400119091e+00
2.308999938964843750e+02 4.895651838787244081e+00
2.310000000000000000e+02 7.546304613159539265e+00
2.311000061035156250e+02 6.160361348440537732e+00
2.311999969482421875e+02 5.030449905374293706e+00
2.313000030517578125e+02 5.507362319098977110e+00
2.313999938964843750e+02 6.370419051002873090e+00
2.315000000000000000e+02 5.213728702931923920e+00
2.316000061035156250e+02 6.390905926146310811e+00
2.316999969482421875e+02 4.936992922802352801e+00
2.318000030517578125e+02 5.218194645659520070e+00
2.318999938964843750e+02 5.943600976387947377e+00
2.320000000000000000e+02 6.400636902205000034e+00
2.321000061035156250e+02 5.946281466412661310e+00
2.321999969482421875e+02 7.379962055645878038e+00
2.323000030517578125e+02 6.179175721355690598e+00
2.323999938964843750e+02 6.531252178043042811e+00
2.325000000000000000e+02 7.321440427883390889e+00
2.326000061035156250e+02 6.509102986975887184e+00
2.326999969482421875e+02 5.553715523417528388e+00
2.328000030517578125e+02 6.782581501478566643e+00
2.328999938964843750e+02 9.203517920747980696e+00
2.330000000000000000e+02 8.270744799735744834e+00
2.331000061035156250e+02 6.595964996320086371e+00
2.331999969482421875e+02 5.063026013311047180e+00
2.333000030517578125e+02 6.518429534922707269e+00
2.333999938964843750e+02 8.292994537701895652e+00
2.335000000000000000e+02 7.028331512162513839e+00
2.336000061035156250e+02 6.450100548918613619e+00
2.336999969482421875e+02 6.069840707085261577e+00
2.338000030517578125e+02 7.974658834326482371e+00
2.338999938964843750e+02 6.696975089232021894e+00
2.340000000000000000e+02 4.316287815659079818e+00
2.341000061035156250e+02 6.006823861408470577e+00
2.341999969482421875e+02 7.633305418086693273e+00
2.343000030517578125e+02 5.003142993682621942e+00
2.343999938964843750e+02 4.676489111625460104e+00
2.345000000000000000e+02 6.492693638131078693e+00
2.346000061035156250e+02 5.260919741894888979e+00
2.346999969482421875e+02 7.971344650924427455e+00
2.348000030517578125e+02 6.158796235753262849e+00
2.348999938964843750e+02 7.403935916391790606e+00
2.350000000000000000e+02 5.401024794516040117e+00
2.351000061035156250e+02 6.203514972307938358e+00
2.351999969482421875e+02 5.636144020327110482e+00
2.353000030517578125e+02 5.328212443430414780e+00
2.353999938964843750e+02 6.696792735637633776e+00
2.355000000000000000e+02 6.342208411117953304e+00
2.356000061035156250e+02 5.594081644108089613e+00
2.356999969482421875e+02 5.649905413355656769e+00
2.358000030517578125e+02 5.614971324066993397e+00
2.358999938964843750e+02 6.006266118891422146e+00
2.360000000000000000e+02 5.430859065391844709e+00
2.361000061035156250e+02 5.628860713282234585e+00
2.361999969482421875e+02 3.908917393196239320e+00
2.363000030517578125e+02 5.902112788401536747e+00
2.363999938964843750e+02 5.315900984359011261e+00
2.365000000000000000e+02 4.303402395115897505e+00
2.366000061035156250e+02 5.962000016562420512e+00
2.366999969482421875e+02 6.117740449781838841e+00
2.368000030517578125e+02 6.460096438140488395e+00
2.368999938964843750e+02 7.153151533719680266e+00
2.370000000000000000e+02 5.939320625101591311e+00
2.371000061035156250e+02 5.937368229060712821e+00
2.371999969482421875e+02 5.887558271440407331e+00
2.373000030517578125e+02 5.924601604105401265e+00
2.373999938964843750e+02 7.000467761809042955e+00
2.375000000000000000e+02 6.647088624731394724e+00
2.376000061035156250e+02 6.831412814286736079e+00
2.376999969482421875e+02 6.132276306154732737e+00
2.378000030517578125e+02 6.072518480638337657e+00
2.378999938964843750e+02 5.411654048930166994e+00
2.380000000000000000e+02 6.182520079567933813e+00
2.381000061035156250e+02 6.364220556798741768e+00
2.381999969482421875e+02 7.028798410175592259e+00
2.383000030517578125e+02 5.921570484065244777e+00
2.383999938964843750e+02 5.486878713192531620e+00
2.385000000000000000e+02 6.383687162864593034e+00
2.386000061035156250e+02 5.784656216246935934e+00
2.386999969482421875e+02 6.446684715457679182e+00
2.388000030517578125e+02 7.474688908599659953e+00
2.388999938964843750e+02 4.294701504250265423e+00
2.390000000000000000e+02 4.839022102971689776e+00
2.391000061035156250e+02 5.045017142853884806e+00
2.391999969482421875e+02 6.114326887921061271e+00
2.393000030517578125e+02 7.539367705533912556e+00
2.393999938964843750e+02 6.055302725262925456e+00
2.395000000000000000e+02 7.826541098956758979e+00
2.396000061035156250e+02 6.774262712267229425e+00
2.396999969482421875e+02 5.430233414709579876e+00
2.398000030517578125e+02 7.605236792555268188e+00
2.398999938964843750e+02 6.523637994871469559e+00
2.400000000000000000e+02 6.986379594755316447e+00
2.401000061035156250e+02 7.209968259872105101e+00
2.401999969482421875e+02 6.701479529816323222e+00
2.403000030517578125e+02 5.780233885951898465e+00
2.403999938964843750e+02 5.423100823931771508e+00
2.405000000000000000e+02 6.028748599718108281e+00
2.406000061035156250e+02 6.624258572982527404e+00
2.406999969482421875e+02 7.052104239316018486e+00
2.408000030517578125e+02 6.491670054519644850e+00
2.408999938964843750e+02 7.325011606692846122e+00
2.410000000000000000e+02 6.860601384138837133e+00
2.411000061035156250e+02 6.837796241816667120e+00
2.411999969482421875e+02 8.926465631177073590e+00
2.413000030517578125e+02 7.441905631877833827e+00
2.413999938964843750e+02 6.336900045840267559e+00
2.415000000000000000e+02 6.591775598598013097e+00
2.416000061035156250e+02 7.602210863225824511e+00
2.416999969482421875e+02 6.092002403274958233e+00
2.418000030517578125e+02 5.653445350595104557e+00
2.418999938964843750e+02 5.856333220282179397e+00
2.420000000000000000e+02 6.282514549549095939e+00
2.421000061035156250e+02 5.975133877032504870e+00
2.421999969482421875e+02 5.960534764539636043e+00
2.423000030517578125e+02 5.327885338927460523e+00
2.423999938964843750e+02 5.905248259967651236e+00
2.425000000000000000e+02 8.113215201228088702e+00
2.426000061035156250e+02 8.071398486851274257e+00
2.426999969482421875e+02 6.223730184482131556e+00
2.428000030517578125e+02 7.179897381381954879e+00
2.428999938964843750e+02 8.074125811554203835e+00
2.430000000000000000e+02 7.750384201025674713e+00
2.431000061035156250e+02 8.883236300347247649e+00
2.431999969482421875e+02 7.554224819677386904e+00
2.433000030517578125e+02 6.239223464677642994e+00
2.433999938964843750e+02 7.668441757505985557e+00
2.435000000000000000e+02 8.711647359837847659e+00
2.436000061035156250e+02 6.490513642498386027e+00
2.436999969482421875e+02 6.599725162353259122e+00
2.438000030517578125e+02 6.178344202234658411e+00
2.438999938964843750e+02 6.477176640334565860e+00
2.440000000000000000e+02 5.836741952675724932e+00
2.441000061035156250e+02 7.776134902912951397e+00
2.441999969482421875e+02 6.746956459426335151e+00
2.443000030517578125e+02 6.861265967608767724e+00
2.443999938964843750e+02 6.209604062981507688e+00
2.445000000000000000e+02 7.546351831283221401e+00
2.446000061035156250e+02 6.825424707692903326e+00
2.446999969482421875e+02 5.259158986986223638e+00
2.448000030517578125e+02 6.543377963093107041e+00
2.448999938964843750e+02 5.113909711856131857e+00
2.450000000000000000e+02 6.372841886165665493e+00
2.451000061035156250e+02 6.310236062634048793e+00
2.451999969482421875e+02 5.238815580530585159e+00
2.453000030517578125e+02 5.700884920878557693e+00
2.453999938964843750e+02 7.432131172851494938e+00
2.455000000000000000e+02 8.636771646122728185e+00
2.456000061035156250e+02 6.567208670439700136e+00
2.456999969482421875e+02 6.016293426886734075e+00
2.458000030517578125e+02 6.860957901552001026e+00
2.458999938964843750e+02 6.200580349032037475e+00
2.460000000000000000e+02 6.348218939637351177e+00
2.461000061035156250e+02 6.250662502244844987e+00
2.461999969482421875e+02 6.989339876205567847e+00
2.463000030517578125e+02 7.059169322558107140e+00
2.463999938964843750e+02 6.589571989011874464e+00
2.465000000000000000e+02 7.976309164181635047e+00
2.466000061035156250e+02 5.927630658670421049e+00
2.466999969482421875e+02 7.578174393570470180e+00
2.468000030517578125e+02 7.984612845869590636e+00
2.468999938964843750e+02 7.696540453684271199e+00
2.470000000000000000e+02 8.225707812244934303e+00
2.471000061035156250e+02 7.764228775879453259e+00
2.471999969482421875e+02 5.872190380903004048e+00
2.473000030517578125e+02 8.071191961434431406e+00
2.473999938964843750e+02 6.080670676523022955e+00
2.475000000000000000e+02 5.204105567490792339e+00
2.476000061035156250e+02 6.748159480288967060e+00
2.476999969482421875e+02 4.158256250939595056e+00
2.478000030517578125e+02 5.641209117301034581e+00
2.478999938964843750e+02 6.782333164419626748e+00
2.480000000000000000e+02 7.117253704959931149e+00
2.481000061035156250e+02 5.647996795499689249e+00
2.481999969482421875e+02 7.692564809490695765e+00
2.483000030517578125e+02 6.045364374794718998e+00
2.483999938964843750e+02 7.042293445751927727e+00
2.485000000000000000e+02 4.621714037598997571e+00
2.486000061035156250e+02 6.096760006282829103e+00
2.486999969482421875e+02 6.044556252560516540e+00
2.488000030517578125e+02 7.353155688563658643e+00
2.488999938964843750e+02 6.538311788010941150e+00
2.490000000000000000e+02 6.418699630426988101e+00
2.491000061035156250e+02 5.014684216160410379e+00
2.491999969482421875e+02 5.346783334961048517e+00
2.493000030517578125e+02 5.185573988190944839e+00
2.493999938964843750e+02 4.952250804900517167e+00
2.495000000000000000e+02 4.869766431342231527e+00
2.496000061035156250e+02 6.608411499790590504e+00
2.496999969482421875e+02 6.375965751952298533e+00
2.498000030517578125e+02 5.348287177838675355e+00
2.498999938964843750e+02 4.698758140504311953e+00
2.500000000000000000e+02 5.473682681628795343e+00
2.501000061035156250e+02 6.866442736313976170e+00
2.501999969482421875e+02 5.153924741870811843e+00
2.503000030517578125e+02 6.114362986956090928e+00
2.503999938964843750e+02 7.007097488174490962e+00
2.505000000000000000e+02 8.036728672358300685e+00
2.506000061035156250e+02 7.948487692410992622e+00
2.506999969482421875e+02 6.478107781964548728e+00
2.508000030517578125e+02 5.804143524628267770e+00
2.508999938964843750e+02 5.926471960667674566e+00
2.510000000000000000e+02 6.514292345116769134e+00
2.511000061035156250e+02 5.868806516963418041e+00
2.511999969482421875e+02 4.609278964382643728e+00
2.513000030517578125e+02 5.671409482276940750e+00
2.513999938964843750e+02 5.039367832689796600e+00
2.515000000000000000e+02 6.148124947311203847e+00
2.516000061035156250e+02 5.118124175817158061e+00
2.516999969482421875e+02 6.809066597218692785e+00
2.518000030517578125e+02 6.302385332966909282e+00
2.518999938964843750e+02 5.937659817950961205e+00
2.520000000000000000e+02 6.340668870982744565e+00
2.521000061035156250e+02 7.197156807774074849e+00
2.521999969482421875e+02 6.019758292696388402e+00
2.523000030517578125e+02 6.661035759006369794e+00
2.523999938964843750e+02 6.306641211868489805e+00
2.525000000000000000e+02 4.319198054389341124e+00
2.526000061035156250e+02 7.041438044630334403e+00
2.526999969482421875e+02 4.992054989207463045e+00
2.528000030517578125e+02 5.948336463641422434e+00
2.528999938964843750e+02 5.150628887062955741e+00
2.530000000000000000e+02 6.924297704310447443e+00
2.531000061035156250e+02 5.619295635942120448e+00
2.531999969482421875e+02 6.462892153745217527e+00
2.533000030517578125e+02 5.251524324796429610e+00
2.533999938964843750e+02 6.492381832927992313e+00
2.535000000000000000e+02 5.449144206763727460e+00
2.536000061035156250e+02 6.851124416737962797e+00
2.536999969482421875e+02 5.881144903439676774e+00
2.538000030517578125e+02 5.216573453740912747e+00
2.538999938964843750e+02 5.535072742195731088e+00
2.540000000000000000e+02 6.742683279689350329e+00
2.541000061035156250e+02 5.357203337066435367e+00
2.541999969482421875e+02 5.631124808253216152e+00
2.543000030517578125e+02 4.933896602026542233e+00
2.543999938964843750e+02 6.428183910850076010e+00
2.545000000000000000e+02 4.706350726295032594e+00
2.546000061035156250e+02 6.306613638648629561e+00
2.546999969482421875e+02 5.428158309431545092e+00
2.548000030517578125e+02 6.231692630287525958e+00
2.548999938964843750e+02 5.685912931326261521e+00
2.550000000000000000e+02 7.674846551145167339e+00
2.551000061035156250e+02 5.472105383866525230e+00
2.551999969482421875e+02 5.797104578587426005e+00
2.553000030517578125e+02 4.742775621987756374e+00
2.553999938964843750e+02 4.096160144260124092e+00
2.555000000000000000e+02 6.142678283114922699e+00
2.556000061035156250e+02 7.487072836022511169e+00
2.556999969482421875e+02 4.831022203938989179e+00
2.558000030517578125e+02 5.169318259610561128e+00
2.558999938964843750e+02 4.255805770123892273e+00
2.560000000000000000e+02 5.492879185176593460e+00
2.561000061035156250e+02 4.770694292998832076e+00
2.562000122070312500e+02 5.384190062714079517e+00
2.562999877929687500e+02 6.083509064976244218e+00
2.563999938964843750e+02 5.777046923586237170e+00
2.565000000000000000e+02 4.910049869838469583e+00
2.566000061035156250e+02 3.694244110187653085e+00
2.567000122070312500e+02 3.443390990016863551e+00
2.567999877929687500e+02 3.982559953883148651e+00
2.568999938964843750e+02 3.102134226169443565e+00
2.570000000000000000e+02 3.753956367487518264e+00
2.571000061035156250e+02 4.743537403917594375e+00
2.572000122070312500e+02 3.934017180548619930e+00
2.572999877929687500e+02 3.670491110627685405e+00
2.573999938964843750e+02 3.923755384327359597e+00
2.575000000000000000e+02 5.031111943947280452e+00
2.576000061035156250e+02 5.448257677554545708e+00
2.577000122070312500e+02 5.944745385764235834e+00
2.577999877929687500e+02 6.724191346322318630e+00
2.578999938964843750e+02 4.084069083586563842e+00
2.580000000000000000e+02 6.493546368822421755e+00
2.581000061035156250e+02 4.375262885517551936e+00
2.582000122070312500e+02 5.744136287325113166e+00
2.582999877929687500e+02 4.449065063673645071e+00
2.583999938964843750e+02 7.897775239504363221e+00
2.585000000000000000e+02 8.517967235581364704e+00
2.586000061035156250e+02 8.880188323541693407e+00
2.587000122070312500e+02 7.624890826118275733e+00
2.587999877929687500e+02 6.093395352033276424e+00
2.588999938964843750e+02 5.838573057137327105e+00
2.590000000000000000e+02 5.076076192544160648e+00
2.591000061035156250e+02 4.036590522328530994e+00
2.592000122070312500e+02 5.034972125272205723e+00
2.592999877929687500e+02 5.228612302423124802e+00
2.593999938964843750e+02 4.524929974886507722e+00
2.595000000000000000e+02 4.393525513909332325e+00
2.596000061035156250e+02 6.552181359163189889e+00
2.597000122070312500e+02 4.912938824099183144e+00
2.597999877929687500e+02 5.408607329090032501e+00
2.598999938964843750e+02 6.538642718321590053e+00
2.600000000000000000e+02 4.977455043149749514e+00
2.601000061035156250e+02 6.322561181116696183e+00
2.602000122070312500e+02 5.286401404680004745e+00
2.602999877929687500e+02 7.263715123068132939e+00
2.603999938964843750e+02 5.980597306402774649e+00
2.605000000000000000e+02 4.736895132469992831e+00
2.606000061035156250e+02 4.593209046120190209e+00
2.607000122070312500e+02 4.983240254217406573e+00
2.607999877929687500e+02 4.578873266379059892e+00
2.608999938964843750e+02 4.993813778287737648e+00
2.610000000000000000e+02 4.323129055365700246e+00
2.611000061035156250e+02 4.845389357119218587e+00
2.612000122070312500e+02 6.873028463799855992e+00
2.612999877929687500e+02 7.018949639427168208e+00
2.613999938964843750e+02 4.751309318336724097e+00
2.615000000000000000e+02 5.799909311968282744e+00
2.616000061035156250e+02 5.709239343403239353e+00
2.617000122070312500e+02 6.782420865390274223e+00
2.617999877929687500e+02 7.231069617825479412e+00
2.618999938964843750e+02 7.077708542820385418e+00
2.620000000000000000e+02 5.267741866465479816e+00
2.621000061035156250e+02 6.365777328947010538e+00
2.622000122070312500e+02 5.026112660802931842e+00
2.622999877929687500e+02 6.849673569375783977e+00
2.623999938964843750e+02 6.027716380569479782e+00
2.625000000000000000e+02 6.299370791994165941e+00
2.626000061035156250e+02 7.349061728452923603e+00
2.627000122070312500e+02 6.219740738376503764e+00
2.627999877929687500e+02 8.061610391834186373e+00
2.628999938964843750e+02 6.376472098305840497e+00
2.630000000000000000e+02 6.362126581614710119e+00
2.631000061035156250e+02 7.721672901440844505e+00
2.632000122070312500e+02 6.635854122388331611e+00
2.632999877929687500e+02 6.517874032036163001e+00
2.633999938964843750e+02 5.535464029190677593e+00
2.635000000000000000e+02 7.690132548602756302e+00
2.636000061035156250e+02 5.672995748829488427e+00
2.637000122070312500e+02 6.541639917832591244e+00
2.637999877929687500e+02 5.383761432808118030e+00
2.638999938964843750e+02 5.702294549679576718e+00
2.640000000000000000e+02 4.882415391420184214e+00
2.641000061035156250e+02 5.133614846360377904e+00
2.642000122070312500e+02 4.688953407881811586e+00
2.642999877929687500e+02 7.870349296742193523e+00
2.643999938964843750e+02 5.352294159414285879e+00
2.645000000000000000e+02 6.868768935883643678e+00
2.646000061035156250e+02 4.108896680809748680e+00
2.647000122070312500e+02 6.507876787410568298e+00
2.647999877929687500e+02 4.904126855372332727e+00
2.648999938964843750e+02 5.181619539491487458e+00
2.650000000000000000e+02 4.435577021343874549e+00
2.651000061035156250e+02 5.604347882864652242e+00
2.652000122070312500e+02 6.181663938028343352e+00
2.652999877929687500e+02 6.794167896234120541e+00
2.653999938964843750e+02 5.304986052076760217e+00
2.655000000000000000e+02 5.415063498004341724e+00
2.656000061035156250e+02 5.216679344409228314e+00
2.657000122070312500e+02 5.874741264067710134e+00
2.657999877929687500e+02 6.880541949951025416e+00
2.658999938964843750e+02 5.766853687077785118e+00
2.660000000000000000e+02 6.410463325572842486e+00
2.661000061035156250e+02 5.183817678484470726e+00
2.662000122070312500e+02 7.025672615800808707e+00
2.662999877929687500e+02 5.200041889739988932e+00
2.663999938964843750e+02 5.638650605038198371e+00
2.665000000000000000e+02 5.556100689027519302e+00
2.666000061035156250e+02 5.504634459504738508e+00
2.667000122070312500e+02 5.137360380222419032e+00
2.667999877929687500e+02 6.186302167393699314e+00
2.668999938964843750e+02 7.933818195755473646e+00
2.670000000000000000e+02 4.711338014056534185e+00
2.671000061035156250e+02 6.948736441419592680e+00
2.672000122070312500e+02 5.856917166051768042e+00
2.672999877929687500e+02 8.231579519078071172e+00
2.673999938964843750e+02 6.712283425566566208e+00
2.675000000000000000e+02 6.344873517442620070e+00
2.676000061035156250e+02 6.393367152452372970e+00
2.677000122070312500e+02 6.181979795163685232e+00
2.677999877929687500e+02 5.905373838472465664e+00
2.678999938964843750e+02 7.667804106812909026e+00
2.680000000000000000e+02 6.329624625215102718e+00
2.681000061035156250e+02 4.971352661016253727e+00
2.682000122070312500e+02 5.123576278984455001e+00
2.682999877929687500e+02 6.035285877523939746e+00
2.683999938964843750e+02 6.034231334732176322e+00
2.685000000000000000e+02 6.217738883862077515e+00
2.686000061035156250e+02 5.334544761121827072e+00
2.687000122070312500e+02 4.922652880912616880e+00
2.687999877929687500e+02 5.163055847529231634e+00
2.688999938964843750e+02 6.315633044797047013e+00
2.690000000000000000e+02 8.068923554098022421e+00
2.691000061035156250e+02 8.407783275502854536e+00
2.692000122070312500e+02 4.769988468996776199e+00
2.692999877929687500e+02 5.431533169538643513e+00
2.693999938964843750e+02 6.340890110883966813e+00
2.695000000000000000e+02 6.011965267479899566e+00
2.696000061035156250e+02 5.321826542604919830e+00
2.697000122070312500e+02 6.051971201678829182e+00
2.697999877929687500e+02 4.599354131390541944e+00
2.698999938964843750e+02 4.449347852986972995e+00
2.700000000000000000e+02 4.998776856982148686e+00
2.701000061035156250e+02 6.775588979952756219e+00
2.702000122070312500e+02 6.122692283101034860e+00
2.702999877929687500e+02 5.633413979657787785e+00
2.703999938964843750e+02 5.870872984174407172e+00
2.705000000000000000e+02 5.139492797118650813e+00
2.706000061035156250e+02 5.516723636387619756e+00
2.707000122070312500e+02 6.046381231952726587e+00
2.707999877929687500e+02 6.097463510201120762e+00
2.708999938964843750e+02 5.322354716379834372e+00
2.710000000000000000e+02 5.398586227429682971e+00
2.711000061035156250e+02 4.273682832284129596e+00
2.712000122070312500e+02 5.702204131194093861e+00
2.712999877929687500e+02 5.743795993817225387e+00
2.713999938964843750e+02 5.696350549416440145e+00
2.715000000000000000e+02 5.550952276751794479e+00
2.716000061035156250e+02 6.334191571792302966e+00
2.717000122070312500e+02 6.081757446634370012e+00
2.717999877929687500e+02 4.034271613969632853e+00
2.718999938964843750e+02 4.347499773188515881e+00
2.720000000000000000e+02 5.409211722939618383e+00
2.721000061035156250e+02 5.913222706611527713e+00
2.722000122070312500e+02 4.310426107397820950e+00
2.722999877929687500e+02 5.671963688003706316e+00
2.723999938964843750e+02 7.550868324431693424e+00
2.725000000000000000e+02 7.692772348800373194e+00
2.726000061035156250e+02 8.009264819007640313e+00
2.727000122070312500e+02 8.643864886875148201e+00
2.727999877929687500e+02 6.229736898044580862e+00
2.728999938964843750e+02 7.463835351855910183e+00
2.730000000000000000e+02 7.722079645376542345e+00
2.731000061035156250e+02 7.541797843600913431e+00
2.732000122070312500e+02 6.836105719245874290e+00
2.732999877929687500e+02 7.584024955039756044e+00
2.733999938964843750e+02 7.355801201562742087e+00
2.735000000000000000e+02 7.454167228672600842e+00
2.736000061035156250e+02 6.709019411228092089e+00
2.737000122070312500e+02 6.889242387525730038e+00
2.737999877929687500e+02 6.907418447525777161e+00
2.738999938964843750e+02 5.917379987395728236e+00
2.740000000000000000e+02 8.049941417559690393e+00
2.741000061035156250e+02 7.942727737364335461e+00
2.742000122070312500e+02 7.597769311676536574e+00
2.742999877929687500e+02 6.083034255049662775e+00
2.743999938964843750e+02 9.305036378819808718e+00
2.745000000000000000e+02 9.433438260608966175e+00
2.746000061035156250e+02 8.307969416664986895e+00
2.747000122070312500e+02 7.429652500196513465e+00
2.747999877929687500e+02 7.341624254132616656e+00
2.748999938964843750e+02 6.126480563605678498e+00
2.750000000000000000e+02 6.686342447999649607e+00
2.751000061035156250e+02 7.056747650603210076e+00
2.752000122070312500e+02 7.339520046276043708e+00
2.752999877929687500e+02 6.142816784637803451e+00
2.753999938964843750e+02 9.771701314993626042e+00
2.755000000000000000e+02 9.307723492170522306e+00
2.756000061035156250e+02 8.297342593287597268e+00
2.757000122070312500e+02 9.049935399547191395e+00
2.757999877929687500e+02 7.477578320254290034e+00
2.758999938964843750e+02 8.198084183520657930e+00
2.760000000000000000e+02 6.968507551653941867e+00
2.761000061035156250e+02 9.117843758350582917e+00
2.762000122070312500e+02 8.884211349878405883e+00
2.762999877929687500e+02 1.156058185835070695e+01
2.763999938964843750e+02 1.078320309352967499e+01
2.765000000000000000e+02 9.819141974896625769e+00
2.766000061035156250e+02 8.228662210013938605e+00
2.767000122070312500e+02 8.504836487718005600e+00
2.767999877929687500e+02 1.143941065706667359e+01
2.768999938964843750e+02 1.117014925554210159e+01
2.770000000000000000e+02 6.987618090981321473e+00
2.771000061035156250e+02 7.431345155367763411e+00
2.772000122070312500e+02 4.360281975215889894e+00
2.772999877929687500e+02 6.168346046255865467e+00
2.773999938964843750e+02 5.368327267345732956e+00
2.775000000000000000e+02 5.691397536102726917e+00
2.776000061035156250e+02 6.052520813125942034e+00
2.777000122070312500e+02 5.188177554911066913e+00
2.777999877929687500e+02 5.215198454443476628e+00
2.778999938964843750e+02 4.903608856496325608e+00
2.780000000000000000e+02 7.549417818428342919e+00
2.781000061035156250e+02 6.417148551957254199e+00
2.782000122070312500e+02 5.389127682628652494e+00
2.782999877929687500e+02 6.926182897498546431e+00
2.783999938964843750e+02 5.784367651615313299e+00
2.785000000000000000e+02 6.383707068670688045e+00
2.786000061035156250e+02 6.999741737617028114e+00
2.787000122070312500e+02 5.450895812570577981e+00
2.787999877929687500e+02 5.073781283773883821e+00
2.788999938964843750e+02 4.533675171419694117e+00
2.790000000000000000e+02 6.411656365371447563e+00
2.791000061035156250e+02 6.328266113896539480e+00
2.792000122070312500e+02 5.798161605054090728e+00
2.792999877929687500e+02 9.333194140628506830e+00
2.793999938964843750e+02 9.184984202511468965e+00
2.795000000000000000e+02 7.812707844837732729e+00
2.796000061035156250e+02 7.485742229566887396e+00
2.797000122070312500e+02 5.886849296770762408e+00
2.797999877929687500e+02 5.972762811643224978e+00
2.798999938964843750e+02 4.961643889836484078e+00
2.800000000000000000e+02 6.060492556266937392e+00
2.801000061035156250e+02 4.808858539577922642e+00
2.802000122070312500e+02 4.701428363291589640e+00
2.802999877929687500e+02 5.536229633711002407e+00
2.803999938964843750e+02 4.697448872700249467e+00
2.805000000000000000e+02 5.302772100918605958e+00
2.806000061035156250e+02 6.142892485386516555e+00
2.807000122070312500e+02 4.564704774894385864e+00
2.807999877929687500e+02 6.711016208554394069e+00
2.808999938964843750e+02 5.399652496673763125e+00
2.810000000000000000e+02 6.682089222168085207e+00
2.811000061035156250e+02 5.968070453014447274e+00
2.812000122070312500e+02 6.376295090912214469e+00
2.812999877929687500e+02 5.728436950788828419e+00
2.813999938964843750e+02 5.270186327679753369e+00
2.815000000000000000e+02 4.761691673693504434e+00
2.816000061035156250e+02 5.577542511684844939e+00
2.817000122070312500e+02 6.336875642764616678e+00
2.817999877929687500e+02 6.170273204105947151e+00
2.818999938964843750e+02 5.395282485704350428e+00
2.820000000000000000e+02 5.981000730884103334e+00
2.821000061035156250e+02 4.830847606363682267e+00
2.822000122070312500e+02 4.468636413965274556e+00
2.822999877929687500e+02 4.869008729549506143e+00
2.823999938964843750e+02 5.474515890378869543e+00
2.825000000000000000e+02 5.649834414255574089e+00
2.826000061035156250e+02 5.236916226589908518e+00
2.827000122070312500e+02 5.548262846168942275e+00
2.827999877929687500e+02 5.573700598800178874e+00
2.828999938964843750e+02 6.298767853288245178e+00
2.830000000000000000e+02 6.363731922741393099e+00
2.831000061035156250e+02 5.594035974123152677e+00
2.832000122070312500e+02 4.154050291801230976e+00
2.832999877929687500e+02 5.048521256482247921e+00
2.833999938964843750e+02 4.819232417218107578e+00
2.835000000000000000e+02 6.251998979353435182e+00
2.836000061035156250e+02 5.601095213114955840e+00
2.837000122070312500e+02 4.578796851227746600e+00
2.837999877929687500e+02 5.112191347807962138e+00
2.838999938964843750e+02 4.293442956655196596e+00
2.840000000000000000e+02 3.959688266933123035e+00
2.841000061035156250e+02 4.967667713684652320e+00
2.842000122070312500e+02 6.993291107480280822e+00
2.842999877929687500e+02 6.775566734188791962e+00
2.843999938964843750e+02 6.245575507336114107e+00
2.845000000000000000e+02 4.515350055387430395e+00
2.846000061035156250e+02 5.024919264509328798e+00
2.847000122070312500e+02 4.665674328375844837e+00
2.847999877929687500e+02 4.962409812167486223e+00
2.848999938964843750e+02 5.522991851218646886e+00
2.850000000000000000e+02 5.603590433530289516e+00
2.851000061035156250e+02 5.053693642632807403e+00
2.852000122070312500e+02 6.172795516447605380e+00
2.852999877929687500e+02 6.179620897633526511e+00
2.853999938964843750e+02 6.091347996720934077e+00
2.855000000000000000e+02 4.863708913041526749e+00
2.856000061035156250e+02 6.572579078954146503e+00
2.857000122070312500e+02 5.892414513278236399e+00
2.857999877929687500e+02 5.136899361063311353e+00
2.858999938964843750e+02 5.752532345206169850e+00
2.860000000000000000e+02 6.682126050699334741e+00
2.861000061035156250e+02 7.101799049975836553e+00
2.862000122070312500e+02 6.561590787890462906e+00
2.862999877929687500e+02 5.708280396672710033e+00
2.863999938964843750e+02 8.663366630854447692e+00
2.865000000000000000e+02 5.348365615742654455e+00
2.866000061035156250e+02 5.264283077531557886e+00
2.867000122070312500e+02 5.509589343857498100e+00
2.867999877929687500e+02 6.690117769104863221e+00
2.868999938964843750e+02 7.057591521789760236e+00
2.870000000000000000e+02 7.044529439249635594e+00
2.871000061035156250e+02 6.332732158381126020e+00
2.872000122070312500e+02 5.390380802201970134e+00
2.872999877929687500e+02 5.953609221555231201e+00
2.873999938964843750e+02 7.605898008985344738e+00
2.875000000000000000e+02 6.585178476063878961e+00
2.876000061035156250e+02 6.111119779570143962e+00
2.877000122070312500e+02 6.149096973454028614e+00
2.877999877929687500e+02 7.128920019722087886e+00
2.878999938964843750e+02 5.367382169060272545e+00
2.880000000000000000e+02 5.891132592276798974e+00
2.881000061035156250e+02 5.810567763623908810e+00
2.882000122070312500e+02 7.637988556962659104e+00
2.882999877929687500e+02 8.069601711993788840e+00
2.883999938964843750e+02 7.148067074327726367e+00
2.885000000000000000e+02 7.603394317447835782e+00
2.886000061035156250e+02 6.208830302609712248e+00
2.887000122070312500e+02 6.280996777938065989e+00
2.887999877929687500e+02 6.752818595149157055e+00
2.888999938964843750e+02 7.867347481456265612e+00
2.890000000000000000e+02 5.802568331581277938e+00
2.891000061035156250e+02 4.869080966533381627e+00
2.892000122070312500e+02 7.499433830435076942e+00
2.892999877929687500e+02 6.816993776196712318e+00
2.893999938964843750e+02 7.109600110321684596e+00
2.895000000000000000e+02 8.061031910513866805e+00
2.896000061035156250e+02 8.541409748196583607e+00
2.897000122070312500e+02 9.463231074443546831e+00
2.897999877929687500e+02 6.637650363172741486e+00
2.898999938964843750e+02 7.143461422622585211e+00
2.900000000000000000e+02 5.533787373619968974e+00
2.901000061035156250e+02 6.442010445908364247e+00
2.902000122070312500e+02 7.064400087856769872e+00
2.902999877929687500e+02 6.021224767112443921e+00
2.903999938964843750e+02 5.605041528491260472e+00
2.905000000000000000e+02 6.661558606221431589e+00
2.906000061035156250e+02 8.411595131973214734e+00
2.907000122070312500e+02 5.587461039441841137e+00
2.907999877929687500e+02 6.736044032777736668e+00
2.908999938964843750e+02 6.973540988737055635e+00
2.910000000000000000e+02 7.257886225212003772e+00
2.911000061035156250e+02 6.635660927930240760e+00
2.912000122070312500e+02 5.367557704133567142e+00
2.912999877929687500e+02 5.466952101536982411e+00
2.913999938964843750e+02 5.974645014033233004e+00
2.915000000000000000e+02 6.405210503359097807e+00
2.916000061035156250e+02 6.118165288809958469e+00
2.917000122070312500e+02 5.380300430176818693e+00
2.917999877929687500e+02 5.597177202821046471e+00
2.918999938964843750e+02 7.104374233259425964e+00
2.920000000000000000e+02 6.852100818647435254e+00
2.921000061035156250e+02 5.952506194050090294e+00
2.922000122070312500e+02 5.761710500021735903e+00
2.922999877929687500e+02 5.806354698326444463e+00
2.923999938964843750e+02 6.280195346029345593e+00
2.925000000000000000e+02 7.412133155465198797e+00
2.926000061035156250e+02 5.693080549404339941e+00
2.927000122070312500e+02 6.082968073062555270e+00
2.927999877929687500e+02 6.285694295747911831e+00
2.928999938964843750e+02 5.486805614797927610e+00
2.930000000000000000e+02 7.648463966128343117e+00
2.931000061035156250e+02 6.305351777172627514e+00
2.932000122070312500e+02 7.186662608892936177e+00
2.932999877929687500e+02 5.358288945227849709e+00
2.933999938964843750e+02 6.102830312786092115e+00
2.935000000000000000e+02 5.624012813775518538e+00
2.936000061035156250e+02 7.143632747884516299e+00
2.937000122070312500e+02 6.682078633496932873e+00
2.937999877929687500e+02 6.918004279479041507e+00
2.938999938964843750e+02 6.058183463310820471e+00
2.940000000000000000e+02 5.563223462038546785e+00
2.941000061035156250e+02 6.788118880166503999e+00
2.942000122070312500e+02 6.228763460273174957e+00
2.942999877929687500e+02 7.407577749601747641e+00
2.943999938964843750e+02 7.006375465416144976e+00
2.945000000000000000e+02 5.657876945528114376e+00
2.946000061035156250e+02 8.919095939517417193e+00
2.947000122070312500e+02 8.557511265356300356e+00
2.947999877929687500e+02 8.529344633265152353e+00
2.948999938964843750e+02 5.974234842118458566e+00
2.950000000000000000e+02 4.862316931804325115e+00
2.951000061035156250e+02 4.106893396270244523e+00
2.952000122070312500e+02 5.119028834723612142e+00
2.952999877929687500e+02 5.679676153076353096e+00
2.953999938964843750e+02 5.624593725837669922e+00
2.955000000000000000e+02 5.852891247000351349e+00
2.956000061035156250e+02 7.612473872043770129e+00
2.957000122070312500e+02 4.221308133936147122e+00
2.957999877929687500e+02 6.485459387381946605e+00
2.958999938964843750e+02 5.238925395953540232e+00
2.960000000000000000e+02 5.647540745464229239e+00
2.961000061035156250e+02 6.960562876236363827e+00
2.962000122070312500e+02 5.471129685762248229e+00
2.962999877929687500e+02 6.001468601448407547e+00
2.963999938964843750e+02 5.029249256136673729e+00
2.965000000000000000e+02 5.718598255142153697e+00
2.966000061035156250e+02 5.290883119697699755e+00
2.967000122070312500e+02 5.824683982424679662e+00
2.967999877929687500e+02 7.168341474613745490e+00
2.968999938964843750e+02 5.701283611701906118e+00
2.970000000000000000e+02 5.542796369328085504e+00
2.971000061035156250e+02 4.666714896558255887e+00
2.972000122070312500e+02 6.606240129197355593e+00
2.972999877929687500e+02 5.835070685355459474e+00
2.973999938964843750e+02 5.502257481525989036e+00
2.975000000000000000e+02 5.949843141625617449e+00
2.976000061035156250e+02 4.866961251853847870e+00
2.977000122070312500e+02 5.167474853451115457e+00
2.977999877929687500e+02 6.001686077512749407e+00
2.978999938964843750e+02 6.203460158094070920e+00
2.980000000000000000e+02 5.466357329819601318e+00
2.981000061035156250e+02 6.336164724336230236e+00
2.982000122070312500e+02 8.342131974895012902e+00
2.982999877929687500e+02 5.899029405136267279e+00
2.983999938964843750e+02 6.550722821526427708e+00
2.985000000000000000e+02 5.494405537994847322e+00
2.986000061035156250e+02 6.360963734094778665e+00
2.987000122070312500e+02 6.734190880021338366e+00
2.987999877929687500e+02 9.061373419980604638e+00
2.988999938964843750e+02 4.704149905064078041e+00
2.990000000000000000e+02 6.322865269823199519e+00
2.991000061035156250e+02 6.271764753513323853e+00
2.992000122070312500e+02 6.129000271573147529e+00
2.992999877929687500e+02 6.308231390376269232e+00
2.993999938964843750e+02 6.228317273305798096e+00
2.995000000000000000e+02 6.815626820708284406e+00
2.996000061035156250e+02 1.087291486324235024e+01
2.997000122070312500e+02 7.136140928788980098e+00
2.997999877929687500e+02 7.196209622228392000e+00
2.998999938964843750e+02 5.401290789544356485e+00
3.000000000000000000e+02 5.816407887512434094e+00
3.001000061035156250e+02 5.114866183171715264e+00
3.002000122070312500e+02 6.638467416297995527e+00
3.002999877929687500e+02 5.929112301712470057e+00
3.003999938964843750e+02 7.032411163033092549e+00
3.005000000000000000e+02 5.768530978919323537e+00
3.006000061035156250e+02 6.375758717694741229e+00
3.007000122070312500e+02 5.711148984592889555e+00
3.007999877929687500e+02 4.660282059167897728e+00
3.008999938964843750e+02 5.242080582824224955e+00
3.010000000000000000e+02 5.516498284215584746e+00
3.011000061035156250e+02 5.757336878645027411e+00
3.012000122070312500e+02 5.495392443742042943e+00
3.012999877929687500e+02 5.633439515990478874e+00
3.013999938964843750e+02 7.316505331540452239e+00
3.015000000000000000e+02 6.544440236061008775e+00
3.016000061035156250e+02 6.167717434375862950e+00
3.017000122070312500e+02 7.184800080331966932e+00
3.017999877929687500e+02 6.222510230391045560e+00
3.018999938964843750e+02 6.641751346146599566e+00
3.020000000000000000e+02 6.218673177563791121e+00
3.021000061035156250e+02 6.607105281973255195e+00
3.022000122070312500e+02 6.984459063234054632e+00
3.022999877929687500e+02 6.002190760994826846e+00
3.023999938964843750e+02 5.428413211362709490e+00
3.025000000000000000e+02 7.294472518566740504e+00
3.026000061035156250e+02 6.305637194317392336e+00
3.027000122070312500e+02 5.416913961692665147e+00
3.027999877929687500e+02 5.326574065945599123e+00
3.028999938964843750e+02 5.019321728048551812e+00
3.030000000000000000e+02 5.679754773926979361e+00
3.031000061035156250e+02 5.055543355331606925e+00
3.032000122070312500e+02 5.841543246169815795e+00
3.032999877929687500e+02 5.741414088024891171e+00
3.033999938964843750e+02 6.776376021401357974e+00
3.035000000000000000e+02 7.078532314669524261e+00
3.036000061035156250e+02 5.145244098038025626e+00
3.037000122070312500e+02 5.573207665458647320e+00
3.037999877929687500e+02 6.085856074922125103e+00
3.038999938964843750e+02 5.003058829440874433e+00
3.040000000000000000e+02 6.190165586082152949e+00
3.041000061035156250e+02 5.669772861811152254e+00
3.042000122070312500e+02 5.682217289955708850e+00
3.042999877929687500e+02 5.428023296767563011e+00
3.043999938964843750e+02 4.667708252655583756e+00
3.045000000000000000e+02 5.150603823165487150e+00
3.046000061035156250e+02 5.588336962018232157e+00
3.047000122070312500e+02 5.893943838384395839e+00
3.047999877929687500e+02 5.665423858816640568e+00
3.048999938964843750e+02 4.852257427957939129e+00
3.050000000000000000e+02 5.427784144540323652e+00
3.051000061035156250e+02 4.434201885259165365e+00
3.052000122070312500e+02 4.358311882400736970e+00
3.052999877929687500e+02 6.270145739671840523e+00
3.053999938964843750e+02 6.202666416743462641e+00
3.055000000000000000e+02 7.142966846717190954e+00
3.056000061035156250e+02 5.871557016331053980e+00
3.057000122070312500e+02 6.430783196650541989e+00
3.057999877929687500e+02 5.745563132221561453e+00
3.058999938964843750e+02 6.267857788926717078e+00
3.060000000000000000e+02 6.518260310107514499e+00
3.061000061035156250e+02 5.511656920684923300e+00
3.062000122070312500e+02 6.397883196520114168e+00
3.062999877929687500e+02 5.865112267691344528e+00
3.063999938964843750e+02 6.566724088708552287e+00
3.065000000000000000e+02 5.492679553303210227e+00
3.066000061035156250e+02 5.188621639535711871e+00
3.067000122070312500e+02 6.965128186630788143e+00
3.067999877929687500e+02 9.243588832878003814e+00
3.068999938964843750e+02 5.576225810308837794e+00
3.070000000000000000e+02 5.980636414652621191e+00
3.071000061035156250e+02 5.709631441068648172e+00
3.072000122070312500e+02 6.387191364819970296e+00
3.072999877929687500e+02 6.546429310945853786e+00
3.073999938964843750e+02 6.342000437527625323e+00
3.075000000000000000e+02 5.898252178749283203e+00
3.076000061035156250e+02 7.655663013271703399e+00
3.077000122070312500e+02 6.945423686314419420e+00
3.077999877929687500e+02 5.691794628662000477e+00
3.078999938964843750e+02 5.386482396255619420e+00
3.080000000000000000e+02 6.374741720712872706e+00
3.081000061035156250e+02 5.242007749247110659e+00
3.082000122070312500e+02 6.041782055497889381e+00
3.082999877929687500e+02 6.348182803127117246e+00
3.083999938964843750e+02 5.319202472190482034e+00
3.085000000000000000e+02 7.031227732490568982e+00
3.086000061035156250e+02 6.025672278535066262e+00
3.087000122070312500e+02 6.787338307303608431e+00
3.087999877929687500e+02 5.794881085476744076e+00
3.088999938964843750e+02 6.481383819427324333e+00
3.090000000000000000e+02 6.120265886803930577e+00
3.091000061035156250e+02 4.753721165085424083e+00
3.092000122070312500e+02 7.189165051516276606e+00
3.092999877929687500e+02 6.592293708900068161e+00
3.093999938964843750e+02 6.254985927071082585e+00
3.095000000000000000e+02 5.564158363439975830e+00
3.096000061035156250e+02 6.616363003548170418e+00
3.097000122070312500e+02 6.825617917121507006e+00
3.097999877929687500e+02 5.849831974995082895e+00
3.098999938964843750e+02 6.093440187824027632e+00
3.100000000000000000e+02 6.771253681444808770e+00
3.101000061035156250e+02 5.444439965136062654e+00
3.102000122070312500e+02 5.586933368373430575e+00
3.102999877929687500e+02 4.693629857499882263e+00
3.103999938964843750e+02 5.742641371702131181e+00
3.105000000000000000e+02 5.599080842902148802e+00
3.106000061035156250e+02 5.496471690747853245e+00
3.107000122070312500e+02 4.432621148716445525e+00
3.107999877929687500e+02 6.345611897976134230e+00
3.108999938964843750e+02 6.424486141544283768e+00
3.110000000000000000e+02 7.231462626499974178e+00
3.111000061035156250e+02 5.378574840721473294e+00
3.112000122070312500e+02 6.288448725972541453e+00
3.112999877929687500e+02 7.580190399881962193e+00
3.113999938964843750e+02 5.808068671617232503e+00
3.115000000000000000e+02 6.700631428687180424e+00
3.116000061035156250e+02 6.136307524056035412e+00
3.117000122070312500e+02 6.150934545329864278e+00
3.117999877929687500e+02 6.192385701501573081e+00
3.118999938964843750e+02 5.601453082723622856e+00
3.120000000000000000e+02 6.128678520590725043e+00
3.121000061035156250e+02 7.464495914969042190e+00
3.122000122070312500e+02 7.056772083146623409e+00
3.122999877929687500e+02 7.264812492089314233e+00
3.123999938964843750e+02 6.082943420941409940e+00
3.125000000000000000e+02 5.150428788303475613e+00
3.126000061035156250e+02 6.765186672369260634e+00
3.127000122070312500e+02 5.806686483663672682e+00
3.127999877929687500e+02 5.378331312601572378e+00
3.128999938964843750e+02 7.232449883259281620e+00
3.130000000000000000e+02 6.449083473741215933e+00
3.131000061035156250e+02 7.797247859195366892e+00
3.132000122070312500e+02 6.426866481941869935e+00
3.132999877929687500e+02 5.465114612845066056e+00
3.133999938964843750e+02 5.369021850661698458e+00
3.135000000000000000e+02 5.318287265013720955e+00
3.136000061035156250e+02 5.232489131812084970e+00
3.137000122070312500e+02 5.461947245233049308e+00
3.137999877929687500e+02 5.174554047380372168e+00
3.138999938964843750e+02 4.900803692540330658e+00
3.140000000000000000e+02 5.963533323411170706e+00
3.141000061035156250e+02 6.321368188472219707e+00
3.142000122070312500e+02 5.379116674989172786e+00
3.142999877929687500e+02 5.155676531277170405e+00
3.143999938964843750e+02 4.193652870106498121e+00
3.145000000000000000e+02 5.796345514248554487e+00
3.146000061035156250e+02 4.769840859041129200e+00
3.147000122070312500e+02 4.076669047224040554e+00
3.147999877929687500e+02 4.201800362312257953e+00
3.148999938964843750e+02 5.022581260677148052e+00
3.150000000000000000e+02 6.181964682796411203e+00
3.151000061035156250e+02 6.203991651408770736e+00
3.152000122070312500e+02 6.477427997101139923e+00
3.152999877929687500e+02 6.550576719416682181e+00
3.153999938964843750e+02 6.211978008531927387e+00
3.155000000000000000e+02 6.788850332450110159e+00
3.156000061035156250e+02 7.221170937540043688e+00
3.157000122070312500e+02 7.573972524290033981e+00
3.157999877929687500e+02 7.068888929660845477e+00
3.158999938964843750e+02 6.634030794661856412e+00
3.160000000000000000e+02 7.048748443811984288e+00
3.161000061035156250e+02 7.727925499341186999e+00
3.162000122070312500e+02 8.063616851945788255e+00
3.162999877929687500e+02 8.813039831433609805e+00
3.163999938964843750e+02 8.227876561402517552e+00
3.165000000000000000e+02 8.891339667544093217e+00
3.166000061035156250e+02 8.681174048169285840e+00
3.167000122070312500e+02 8.954093891256711402e+00
3.167999877929687500e+02 6.551135959841746015e+00
3.168999938964843750e+02 8.505778201892196577e+00
3.170000000000000000e+02 1.031097411136974173e+01
3.171000061035156250e+02 7.996116978178497980e+00
3.172000122070312500e+02 8.167118301459080243e+00
3.172999877929687500e+02 1.013999875960366559e+01
3.173999938964843750e+02 7.396011914085086403e+00
3.175000000000000000e+02 7.896047999181095456e+00
3.176000061035156250e+02 7.466062327770193185e+00
3.177000122070312500e+02 9.292626191601428332e+00
3.177999877929687500e+02 8.592597465582695548e+00
3.178999938964843750e+02 8.250865466758085631e+00
3.180000000000000000e+02 1.024032479378353244e+01
3.181000061035156250e+02 9.229828245935999931e+00
3.182000122070312500e+02 1.013715974963034050e+01
3.182999877929687500e+02 9.909997045502667135e+00
3.183999938964843750e+02 9.143646926512746020e+00
3.185000000000000000e+02 8.250967391107748128e+00
3.186000061035156250e+02 7.799950734679512721e+00
3.187000122070312500e+02 9.649895310157040385e+00
3.187999877929687500e+02 1.040423679901089038e+01
3.188999938964843750e+02 8.382672443787075878e+00
3.190000000000000000e+02 1.024016799169184466e+01
3.191000061035156250e+02 8.220501274030981520e+00
3.192000122070312500e+02 7.308942173137448428e+00
3.192999877929687500e+02 9.804038340011405950e+00
3.193999938964843750e+02 8.037556504349147701e+00
3.195000000000000000e+02 7.597539014188047446e+00
3.196000061035156250e+02 8.560044600337368692e+00
3.197000122070312500e+02 8.350196155085917837e+00
3.197999877929687500e+02 8.844286259625119939e+00
3.198999938964843750e+02 9.428075109312329616e+00
3.200000000000000000e+02 9.012959555595877248e+00
3.201000061035156250e+02 8.562667618061972519e+00
3.202000122070312500e+02 8.503418378048607451e+00
3.202999877929687500e+02 9.423070587235255147e+00
3.203999938964843750e+02 8.895155731919995645e+00
3.205000000000000000e+02 8.510350777567945002e+00
3.206000061035156250e+02 8.489469147198683174e+00
3.207000122070312500e+02 9.772270236195673476e+00
3.207999877929687500e+02 9.522977818067829503e+00
3.208999938964843750e+02 8.037856290866523423e+00
3.210000000000000000e+02 9.605446123970986960e+00
3.211000061035156250e+02 9.000147018524828013e+00
3.212000122070312500e+02 8.150022302241882954e+00
3.212999877929687500e+02 9.482485769259419328e+00
3.213999938964843750e+02 9.985226218568936218e+00
3.215000000000000000e+02 9.411866205468868429e+00
3.216000061035156250e+02 7.880014916300696726e+00
3.217000122070312500e+02 7.584450287339405072e+00
3.217999877929687500e+02 6.532837152118610824e+00
3.218999938964843750e+02 8.111621882202381784e+00
3.220000000000000000e+02 6.667098541603583506e+00
3.221000061035156250e+02 6.191699189260103431e+00
3.222000122070312500e+02 5.248381913009777300e+00
3.222999877929687500e+02 5.687665443349887440e+00
3.223999938964843750e+02 5.729959632305276607e+00
3.225000000000000000e+02 7.496955095537249036e+00
3.226000061035156250e+02 5.400482152411114178e+00
3.227000122070312500e+02 5.113111579366225179e+00
3.227999877929687500e+02 4.310474700287855399e+00
3.228999938964843750e+02 5.812376006036461540e+00
3.230000000000000000e+02 5.662555107021922218e+00
3.231000061035156250e+02 6.185238059145056866e+00
3.232000122070312500e+02 5.795397394115480161e+00
3.232999877929687500e+02 5.479288463510425977e+00
3.233999938964843750e+02 7.015832173097833468e+00
3.235000000000000000e+02 5.422728315712356917e+00
3.236000061035156250e+02 5.871325100573277389e+00
3.237000122070312500e+02 6.057188823929481103e+00
3.237999877929687500e+02 7.220901879060561690e+00
3.238999938964843750e+02 6.422003156792355227e+00
3.240000000000000000e+02 5.267400954454165785e+00
3.241000061035156250e+02 5.260144877825022824e+00
3.242000122070312500e+02 4.616453606019244482e+00
3.242999877929687500e+02 5.852545086756804515e+00
3.243999938964843750e+02 7.056207625025316510e+00
3.245000000000000000e+02 5.601608814443906681e+00
3.246000061035156250e+02 6.260815748189722640e+00
3.247000122070312500e+02 5.337950359174549853e+00
3.247999877929687500e+02 5.410219833113229626e+00
3.248999938964843750e+02 6.231392435246014827e+00
3.250000000000000000e+02 4.408694493124214908e+00
3.251000061035156250e+02 5.081207969174746708e+00
3.252000122070312500e+02 6.269596888791425293e+00
3.252999877929687500e+02 5.642451183963785866e+00
3.253999938964843750e+02 6.623572097120525193e+00
3.255000000000000000e+02 5.971429081441310238e+00
3.256000061035156250e+02 6.767680829488175398e+00
3.257000122070312500e+02 5.777699989484485599e+00
3.257999877929687500e+02 5.378493485063662760e+00
3.258999938964843750e+02 6.381815096766666251e+00
3.260000000000000000e+02 6.942682777498093039e+00
3.261000061035156250e+02 6.523595867119135860e+00
3.262000122070312500e+02 6.586834101108101081e+00
3.262999877929687500e+02 6.891366402204423203e+00
3.263999938964843750e+02 5.387136550371647736e+00
3.265000000000000000e+02 6.679496888782019859e+00
3.266000061035156250e+02 6.078551539318226560e+00
3.267000122070312500e+02 6.802302276252492064e+00
3.267999877929687500e+02 5.772300020857592529e+00
3.268999938964843750e+02 6.688654877692373546e+00
3.270000000000000000e+02 7.386951195109692669e+00
3.271000061035156250e+02 6.070127415893766809e+00
3.272000122070312500e+02 7.019286985884440000e+00
3.272999877929687500e+02 5.706184314666975510e+00
3.273999938964843750e+02 6.794050971084233836e+00
3.275000000000000000e+02 5.450008399890422517e+00
3.276000061035156250e+02 6.209788324942882021e+00
3.277000122070312500e+02 5.609541768392826810e+00
3.277999877929687500e+02 5.596281720630237544e+00
3.278999938964843750e+02 5.582138793952536204e+00
3.280000000000000000e+02 5.411477222458101366e+00
3.281000061035156250e+02 7.652400347382989132e+00
3.282000122070312500e+02 5.447572274665680503e+00
3.282999877929687500e+02 4.999379421466171536e+00
3.283999938964843750e+02 4.758749653990054007e+00
3.285000000000000000e+02 5.155793677932965835e+00
3.286000061035156250e+02 5.057464481298961978e+00
3.287000122070312500e+02 4.538782770785718235e+00
3.287999877929687500e+02 5.493224572417683582e+00
3.288999938964843750e+02 4.267552651329880931e+00
3.290000000000000000e+02 4.624715520471913699e+00
3.291000061035156250e+02 5.986019235765543733e+00
3.292000122070312500e+02 8.307855113375154588e+00
3.292999877929687500e+02 7.257524271118671599e+00
3.293999938964843750e+02 8.020168962305897153e+00
3.295000000000000000e+02 7.430361289525868607e+00
3.296000061035156250e+02 5.643229475350835855e+00
3.297000122070312500e+02 7.996431407548239889e+00
3.297999877929687500e+02 7.725355368770725484e+00
3.298999938964843750e+02 7.505049390207091164e+00
3.300000000000000000e+02 6.854117691199117068e+00
3.301000061035156250e+02 7.385832080519707077e+00
3.302000122070312500e+02 7.127365786776795886e+00
3.302999877929687500e+02 8.955671470551932245e+00
3.303999938964843750e+02 7.133354916603687812e+00
3.305000000000000000e+02 8.294678272815097841e+00
3.306000061035156250e+02 6.819881614080874677e+00
3.307000122070312500e+02 8.070383907533511092e+00
3.307999877929687500e+02 5.697515081278789140e+00
3.308999938964843750e+02 8.762484734007760068e+00
3.310000000000000000e+02 9.207977422127795464e+00
3.311000061035156250e+02 7.953988984803329387e+00
3.312000122070312500e+02 7.763512930805948287e+00
3.312999877929687500e+02 7.340009133135759534e+00
3.313999938964843750e+02 8.168081850946494527e+00
3.315000000000000000e+02 7.357808591889888561e+00
3.316000061035156250e+02 9.079769363811511340e+00
3.317000122070312500e+02 9.632278642953163939e+00
3.317999877929687500e+02 7.427161646838050579e+00
3.318999938964843750e+02 6.357450656855992754e+00
3.320000000000000000e+02 7.203071912835953938e+00
3.321000061035156250e+02 8.613015152171090705e+00
3.322000122070312500e+02 7.485437215327288563e+00
3.322999877929687500e+02 8.382095850938274140e+00
3.323999938964843750e+02 8.230261714547211227e+00
3.325000000000000000e+02 7.406567769693205960e+00
3.326000061035156250e+02 8.392558335224956423e+00
3.327000122070312500e+02 7.173767662901898490e+00
3.327999877929687500e+02 8.404681813786766043e+00
3.328999938964843750e+02 8.486693919583188972e+00
3.330000000000000000e+02 6.768022751432242856e+00
3.331000061035156250e+02 7.011637103981930075e+00
3.332000122070312500e+02 1.017153508327504063e+01
3.332999877929687500e+02 8.900263080912990787e+00
3.333999938964843750e+02 9.137214157778171142e+00
3.335000000000000000e+02 8.627001254033231703e+00
3.336000061035156250e+02 9.685292475587184313e+00
3.337000122070312500e+02 8.664470768959665392e+00
3.337999877929687500e+02 9.011164223910549609e+00
3.338999938964843750e+02 8.528136030483308261e+00
3.340000000000000000e+02 9.388300124695570403e+00
3.341000061035156250e+02 8.471029191778585599e+00
3.342000122070312500e+02 7.760465876010854025e+00
3.342999877929687500e+02 9.407882895914038812e+00
3.343999938964843750e+02 8.870963534940067063e+00
3.345000000000000000e+02 1.161547415556686857e+01
3.346000061035156250e+02 1.118344424804005932e+01
3.347000122070312500e+02 8.971463705076793360e+00
3.347999877929687500e+02 8.654960032851235496e+00
3.348999938964843750e+02 1.008159006021590010e+01
3.350000000000000000e+02 1.076965998098819632e+01
3.351000061035156250e+02 9.114698700145126509e+00
3.352000122070312500e+02 9.990163532905892652e+00
3.352999877929687500e+02 9.547400195050858684e+00
3.353999938964843750e+02 7.926948604605071225e+00
3.355000000000000000e+02 9.807029263995223900e+00
3.356000061035156250e+02 8.375650241021709519e+00
3.357000122070312500e+02 8.659937978277069348e+00
3.357999877929687500e+02 8.477984323738517958e+00
3.358999938964843750e+02 8.524537600525567527e+00
3.360000000000000000e+02 6.777240262721364594e+00
3.361000061035156250e+02 6.412982660440680327e+00
3.362000122070312500e+02 5.850025993770087140e+00
3.362999877929687500e+02 6.666631076379278653e+00
3.363999938964843750e+02 7.784469281598370927e+00
3.365000000000000000e+02 9.916602256311731978e+00
3.366000061035156250e+02 6.823586299242655251e+00
3.367000122070312500e+02 8.579686438710774965e+00
3.367999877929687500e+02 6.825213258694049934e+00
3.368999938964843750e+02 7.989396516246718427e+00
3.370000000000000000e+02 8.666396463276306861e+00
3.371000061035156250e+02 7.365175920474086091e+00
3.372000122070312500e+02 8.351256315421753840e+00
3.372999877929687500e+02 7.314358106213827426e+00
3.373999938964843750e+02 8.573736255981629029e+00
3.375000000000000000e+02 8.078410115200174602e+00
3.376000061035156250e+02 7.217775901002252859e+00
3.377000122070312500e+02 7.507231834459217268e+00
3.377999877929687500e+02 7.589057041749200927e+00
3.378999938964843750e+02 1.001668375239307629e+01
3.380000000000000000e+02 9.625534895966660898e+00
3.381000061035156250e+02 1.114287096338346039e+01
3.382000122070312500e+02 1.214059812216630796e+01
3.382999877929687500e+02 1.255216073560997181e+01
3.383999938964843750e+02 1.356697838462531891e+01
3.385000000000000000e+02 1.333378845713838423e+01
3.386000061035156250e+02 1.211078275407235871e+01
3.387000122070312500e+02 1.133090868451944466e+01
3.387999877929687500e+02 1.111854754279971402e+01
3.388999938964843750e+02 1.258426106516987630e+01
3.390000000000000000e+02 1.244115601027949758e+01
3.391000061035156250e+02 1.177363113106729742e+01
3.392000122070312500e+02 1.222373949434456364e+01
3.392999877929687500e+02 1.304585909267401966e+01
3.393999938964843750e+02 1.350427588287682923e+01
3.395000000000000000e+02 1.143165196509483827e+01
3.396000061035156250e+02 1.192123238123131479e+01
3.397000122070312500e+02 1.016379578742929901e+01
3.397999877929687500e+02 1.075358964588486899e+01
3.398999938964843750e+02 1.179831697452831030e+01
3.400000000000000000e+02 1.087502929475223112e+01
3.401000061035156250e+02 1.121935263409590000e+01
3.402000122070312500e+02 1.055925653436665890e+01
3.402999877929687500e+02 1.216400863384982323e+01
3.403999938964843750e+02 1.235219057065989645e+01
3.405000000000000000e+02 1.314536381306525747e+01
3.406000061035156250e+02 1.111207331946661903e+01
3.407000122070312500e+02 1.131913044398809376e+01
3.407999877929687500e+02 1.043749708111112184e+01
3.408999938964843750e+02 1.156845292582549156e+01
3.410000000000000000e+02 1.157324425870950435e+01
3.411000061035156250e+02 1.176298409389489130e+01
3.412000122070312500e+02 1.273550994967554928e+01
3.412999877929687500e+02 1.373066957767398399e+01
3.413999938964843750e+02 1.423115379495021315e+01
3.415000000000000000e+02 1.015254980748123437e+01
3.416000061035156250e+02 1.586668611961383668e+01
3.417000122070312500e+02 1.362218166898495753e+01
3.417999877929687500e+02 1.372515819657854053e+01
3.418999938964843750e+02 1.614827148626786624e+01
3.420000000000000000e+02 1.724658438520300408e+01
3.421000061035156250e+02 1.336004254737165731e+01
3.422000122070312500e+02 1.374162183287737449e+01
3.422999877929687500e+02 1.203023138908784695e+01
3.423999938964843750e+02 9.593013454372826487e+00
3.425000000000000000e+02 1.077841518719950287e+01
3.426000061035156250e+02 1.242808695554726306e+01
3.427000122070312500e+02 1.143103547795441166e+01
3.427999877929687500e+02 1.351567942241376841e+01
3.428999938964843750e+02 1.412031155192106624e+01
3.430000000000000000e+02 1.267589284977616693e+01
3.431000061035156250e+02 1.148776930683036923e+01
3.432000122070312500e+02 1.220701734766716662e+01
3.432999877929687500e+02 1.191631244714317894e+01
3.433999938964843750e+02 1.166118221943848354e+01
3.435000000000000000e+02 1.276266616904895734e+01
3.436000061035156250e+02 1.361664273569023287e+01
3.437000122070312500e+02 1.363126281070365486e+01
3.437999877929687500e+02 1.159949624204663010e+01
3.438999938964843750e+02 1.094501825524585570e+01
3.440000000000000000e+02 1.248257671436093652e+01
3.441000061035156250e+02 1.124853248197443101e+01
3.442000122070312500e+02 1.229805815955126569e+01
3.442999877929687500e+02 1.284721593966255071e+01
3.443999938964843750e+02 1.309144313011352345e+01
3.445000000000000000e+02 1.143281882736333976e+01
3.446000061035156250e+02 1.216024003627141070e+01
3.447000122070312500e+02 1.231460198990650490e+01
3.447999877929687500e+02 1.411913014480227702e+01
3.448999938964843750e+02 1.297660117758007026e+01
3.450000000000000000e+02 1.142184875729366844e+01
3.451000061035156250e+02 1.168076904124920112e+01
3.452000122070312500e+02 1.148924126987444616e+01
3.452999877929687500e+02 1.309780344551221276e+01
3.453999938964843750e+02 1.139668078113085414e+01
3.455000000000000000e+02 1.313611903952027760e+01
3.456000061035156250e+02 1.079222601400577730e+01
3.457000122070312500e+02 1.264258995609733027e+01
3.457999877929687500e+02 1.335750680813242752e+01
3.458999938964843750e+02 1.216471621758380905e+01
3.460000000000000000e+02 1.359834962521363799e+01
3.461000061035156250e+02 1.181481568654643866e+01
3.462000122070312500e+02 1.290682664146952874e+01
3.462999877929687500e+02 1.371960029233251532e+01
3.463999938964843750e+02 1.276012019718358914e+01
3.465000000000000000e+02 1.317333778610336736e+01
3.466000061035156250e+02 1.092862785288845373e+01
3.467000122070312500e+02 1.224475469465118138e+01
3.467999877929687500e+02 1.161651506542038881e+01
3.468999938964843750e+02 1.155270994495893788e+01
3.470000000000000000e+02 1.167942389370051792e+01
3.471000061035156250e+02 1.159299406066830151e+01
3.472000122070312500e+02 1.129433459700686626e+01
3.472999877929687500e+02 9.443801147564613530e+00
3.473999938964843750e+02 1.764959831976715776e+01
3.475000000000000000e+02 1.186090660670807573e+01
3.476000061035156250e+02 1.487815539292016531e+01
3.477000122070312500e+02 1.224446339688066310e+01
3.477999877929687500e+02 1.194564208093814806e+01
3.478999938964843750e+02 1.031555752766444733e+01
3.480000000000000000e+02 1.212259927172529927e+01
3.481000061035156250e+02 1.100206241480515068e+01
3.482000122070312500e+02 1.116962165412297203e+01
3.482999877929687500e+02 1.669388804684182404e+01
3.483999938964843750e+02 1.886995294302829862e+01
3.485000000000000000e+02 3.320913756867573596e+01
3.486000061035156250e+02 3.291644483456327919e+01
3.487000122070312500e+02 3.373097257834091067e+01
3.487999877929687500e+02 3.545377511604863230e+01
3.488999938964843750e+02 4.340587857504296920e+01
3.490000000000000000e+02 4.958200280060906806e+01
3.491000061035156250e+02 6.092965394789421651e+01
3.492000122070312500e+02 6.141387120294129431e+01
3.492999877929687500e+02 5.286644186823846780e+01
3.493999938964843750e+02 6.708360621726197337e+01
3.495000000000000000e+02 7.535511288535136032e+01
3.496000061035156250e+02 6.685193522190240856e+01
3.497000122070312500e+02 6.446243642966641119e+01
3.497999877929687500e+02 7.450684525113747725e+01
3.498999938964843750e+02 7.191722819133261169e+01
3.500000000000000000e+02 6.471227398761847383e+01
3.501000061035156250e+02 8.228183133027219753e+01
3.502000122070312500e+02 6.368816701286711179e+01
3.502999877929687500e+02 8.974687448877382678e+01
3.503999938964843750e+02 7.056637995877076719e+01
3.505000000000000000e+02 6.352933337472486386e+01
3.506000061035156250e+02 5.644794184713556007e+01
3.507000122070312500e+02 6.126472413053176069e+01
3.507999877929687500e+02 7.706979981261392254e+01
3.508999938964843750e+02 7.175115999906890352e+01
3.510000000000000000e+02 8.374177287487518129e+01
3.511000061035156250e+02 7.961104579552259963e+01
3.512000122070312500e+02 5.596917549616162546e+01
3.512999877929687500e+02 8.271684875745080490e+01
3.513999938964843750e+02 7.859585182258442160e+01
3.515000000000000000e+02 7.202259134095595527e+01
3.516000061035156250e+02 8.559332992190601885e+01
3.517000122070312500e+02 7.475729105213973469e+01
3.517999877929687500e+02 6.350715798316353045e+01
3.518999938964843750e+02 7.359690486858434610e+01
3.520000000000000000e+02 8.404128809999390626e+01
3.521000061035156250e+02 8.700284982820052448e+01
3.522000122070312500e+02 8.343796845817908547e+01
3.522999877929687500e+02 8.934563231744729705e+01
3.523999938964843750e+02 1.014126425779375182e+02
3.525000000000000000e+02 9.376302197149570361e+01
3.526000061035156250e+02 9.593940871612900878e+01
3.527000122070312500e+02 7.894521035680149623e+01
3.527999877929687500e+02 7.874498761860316165e+01
3.528999938964843750e+02 7.784679811816947392e+01
3.530000000000000000e+02 7.094432288551696786e+01
3.531000061035156250e+02 7.398665237584049237e+01
3.532000122070312500e+02 7.153104222349875840e+01
3.532999877929687500e+02 7.925418549111951450e+01
3.533999938964843750e+02 7.354563902387639018e+01
3.535000000000000000e+02 6.539395481840040247e+01
3.536000061035156250e+02 5.595200237563617662e+01
3.537000122070312500e+02 5.710639397626329838e+01
3.537999877929687500e+02 6.086977415630889254e+01
3.538999938964843750e+02 5.189112459471469663e+01
3.540000000000000000e+02 5.784979542082192694e+01
3.541000061035156250e+02 5.746558917655402610e+01
3.542000122070312500e+02 7.139874882974521597e+01
3.542999877929687500e+02 7.924409693330436255e+01
3.543999938964843750e+02 7.547903353890666267e+01
3.545000000000000000e+02 8.411669026122810067e+01
3.546000061035156250e+02 7.248844498086194221e+01
3.547000122070312500e+02 8.599811776224707671e+01
3.547999877929687500e+02 7.057292343921530176e+01
3.548999938964843750e+02 7.899168868854630432e+01
3.550000000000000000e+02 8.000066918332213106e+01
3.551000061035156250e+02 9.377737734171647332e+01
3.552000122070312500e+02 9.875144830865431800e+01
3.552999877929687500e+02 7.205402173822329814e+01
3.553999938964843750e+02 7.181325375379670106e+01
3.555000000000000000e+02 8.372700360612631698e+01
3.556000061035156250e+02 7.923740390832135461e+01
3.557000122070312500e+02 7.551621697841056857e+01
3.557999877929687500e+02 7.444439692213843784e+01
3.558999938964843750e+02 5.183220298262223480e+01
3.560000000000000000e+02 5.393891365003016602e+01
3.561000061035156250e+02 7.953284487258059698e+01
3.562000122070312500e+02 8.689657766111353965e+01
3.562999877929687500e+02 5.690611923216926726e+01
3.563999938964843750e+02 4.808221516408841012e+01
3.565000000000000000e+02 3.691267946563601754e+01
3.566000061035156250e+02 5.747968977676644897e+01
3.567000122070312500e+02 6.466730831093767051e+01
3.567999877929687500e+02 4.698952015615609668e+01
3.568999938964843750e+02 4.631728528288667945e+01
3.570000000000000000e+02 7.764054565957700049e+01
3.571000061035156250e+02 6.790159923564328892e+01
3.572000122070312500e+02 6.615718610693413382e+01
3.572999877929687500e+02 6.418828007503854849e+01
3.573999938964843750e+02 6.536502783245788351e+01
3.575000000000000000e+02 7.031425992910425293e+01
3.576000061035156250e+02 7.381401086723688820e+01
3.577000122070312500e+02 7.104613386480289705e+01
3.577999877929687500e+02 7.473961585242166450e+01
3.578999938964843750e+02 1.009160701334583337e+02
3.580000000000000000e+02 7.113595915551265136e+01
3.581000061035156250e+02 6.541160753874724776e+01
3.582000122070312500e+02 8.953467952870849444e+01
3.582999877929687500e+02 9.342465390407681980e+01
3.583999938964843750e+02 8.676412639530327908e+01
3.585000000000000000e+02 8.683649865324022699e+01
3.586000061035156250e+02 5.544743100556439686e+01
3.587000122070312500e+02 5.688817099380009523e+01
3.587999877929687500e+02 7.622294493431712681e+01
3.588999938964843750e+02 5.304879987596608260e+01
3.590000000000000000e+02 4.121916472628676331e+01
3.591000061035156250e+02 4.812333531859562896e+01
3.592000122070312500e+02 6.793514450004494165e+01
3.592999877929687500e+02 5.071555723640590685e+01
3.593999938964843750e+02 6.707198892567026860e+01
3.595000000000000000e+02 6.737832695332339483e+01
3.596000061035156250e+02 5.851935136473908727e+01
3.597000122070312500e+02 5.490371935034616513e+01
3.597999877929687500e+02 7.325986288463188600e+01
3.598999938964843750e+02 6.682878129453548866e+01
3.600000000000000000e+02 7.351570982894071449e+01
3.601000061035156250e+02 7.682465531213081533e+01
3.602000122070312500e+02 9.822504775237993613e+01
3.602999877929687500e+02 8.644055984969003248e+01
3.603999938964843750e+02 8.417511962084677180e+01
3.605000000000000000e+02 9.334038461550551347e+01
3.606000061035156250e+02 8.186824191343959001e+01
3.607000122070312500e+02 9.167898826344539032e+01
3.607999877929687500e+02 7.719922369436308429e+01
3.608999938964843750e+02 8.486665344207006001e+01
3.610000000000000000e+02 7.208428717083782544e+01
3.611000061035156250e+02 5.238285694495814937e+01
3.612000122070312500e+02 5.712259942451910888e+01
3.612999877929687500e+02 7.397772251233722329e+01
3.613999938964843750e+02 7.520511752801949967e+01
3.615000000000000000e+02 7.989432501293013900e+01
3.616000061035156250e+02 6.126743117941735761e+01
3.617000122070312500e+02 7.757801797091958917e+01
3.617999877929687500e+02 6.809276191366690512e+01
3.618999938964843750e+02 6.807646532428667285e+01
3.620000000000000000e+02 5.281961744723729879e+01
3.621000061035156250e+02 6.543607392550403290e+01
3.622000122070312500e+02 6.461080709466887129e+01
3.622999877929687500e+02 6.153688199471122289e+01
3.623999938964843750e+02 4.898706889210397719e+01
3.625000000000000000e+02 4.643677614547407728e+01
3.626000061035156250e+02 4.649536293998235692e+01
3.627000122070312500e+02 5.995681021734174720e+01
3.627999877929687500e+02 7.538624305152781346e+01
3.628999938964843750e+02 7.513866718044356219e+01
3.630000000000000000e+02 7.766952117550584944e+01
3.631000061035156250e+02 8.208742053487918611e+01
3.632000122070312500e+02 8.494451538023029968e+01
3.632999877929687500e+02 8.164555448076916377e+01
3.633999938964843750e+02 8.291717170776013290e+01
3.635000000000000000e+02 6.166146706620198614e+01
3.636000061035156250e+02 7.237757527737267083e+01
3.637000122070312500e+02 5.765793003592264654e+01
3.637999877929687500e+02 5.782380924919991116e+01
3.638999938964843750e+02 7.009399496347512581e+01
3.640000000000000000e+02 6.862809640882011308e+01
3.641000061035156250e+02 5.652745991115592972e+01
3.642000122070312500e+02 4.021734443196156406e+01
3.642999877929687500e+02 4.051554187954621966e+01
3.643999938964843750e+02 3.952886530030156820e+01
3.645000000000000000e+02 3.804689369305070556e+01
3.646000061035156250e+02 4.575767694111697637e+01
3.647000122070312500e+02 4.215519230190017907e+01
3.647999877929687500e+02 3.976046598946489752e+01
3.648999938964843750e+02 6.882446975309036930e+01
3.650000000000000000e+02 3.075072836443365176e+01
3.651000061035156250e+02 3.906639771266465999e+01
3.652000122070312500e+02 4.712401280392289493e+01
3.652999877929687500e+02 3.385965849507304881e+01
3.653999938964843750e+02 4.470011976832624612e+01
3.655000000000000000e+02 5.481789858045320329e+01
3.656000061035156250e+02 5.366021884026289968e+01
3.657000122070312500e+02 5.528829386106000499e+01
3.657999877929687500e+02 5.643246012946456602e+01
3.658999938964843750e+02 7.499478643647030651e+01
3.660000000000000000e+02 6.628883669217235308e+01
3.661000061035156250e+02 5.693954490124901469e+01
3.662000122070312500e+02 6.254637615927577343e+01
3.662999877929687500e+02 5.813561072780949956e+01
3.663999938964843750e+02 7.746058515013407941e+01
3.665000000000000000e+02 7.000061283165136672e+01
3.666000061035156250e+02 6.473167651117377375e+01
3.667000122070312500e+02 5.540350322694720830e+01
3.667999877929687500e+02 6.191037458548795769e+01
3.668999938964843750e+02 6.789497431659083304e+01
3.670000000000000000e+02 6.778343096186522132e+01
3.671000061035156250e+02 7.842473576725508622e+01
3.672000122070312500e+02 8.041319957969515997e+01
3.672999877929687500e+02 7.893461200567506353e+01
3.673999938964843750e+02 7.718555507919650438e+01
3.675000000000000000e+02 8.508515859256662850e+01
3.676000061035156250e+02 7.712320199611102112e+01
3.677000122070312500e+02 5.545251187681788707e+01
3.677999877929687500e+02 5.260153424060902694e+01
3.678999938964843750e+02 5.995891622263972209e+01
3.680000000000000000e+02 8.795548520958477923e+01
3.681000061035156250e+02 7.359694000186536300e+01
3.682000122070312500e+02 8.368040598081714165e+01
3.682999877929687500e+02 8.344808754498279768e+01
3.683999938964843750e+02 6.952503479460082758e+01
3.685000000000000000e+02 7.813122050967291443e+01
3.686000061035156250e+02 8.122732902953630685e+01
3.687000122070312500e+02 7.585099195822073170e+01
3.687999877929687500e+02 7.116163231719698956e+01
3.688999938964843750e+02 6.442744523874753781e+01
3.690000000000000000e+02 6.919717010920548717e+01
3.691000061035156250e+02 6.062070471735978572e+01
3.692000122070312500e+02 5.806634075311875165e+01
3.692999877929687500e+02 6.448395794398852843e+01
3.693999938964843750e+02 7.179638098059135132e+01
3.695000000000000000e+02 7.866040280566089393e+01
3.696000061035156250e+02 8.230406323554485937e+01
3.697000122070312500e+02 6.649546299731866839e+01
3.697999877929687500e+02 7.428783965913696363e+01
3.698999938964843750e+02 7.476938432090280173e+01
3.700000000000000000e+02 7.998841151031221841e+01
3.701000061035156250e+02 8.600388371766044315e+01
3.702000122070312500e+02 6.593708081395537590e+01
3.702999877929687500e+02 7.682235574401431677e+01
3.703999938964843750e+02 8.450670193132647512e+01
3.705000000000000000e+02 6.980466463658871135e+01
3.706000061035156250e+02 5.225583599506392574e+01
3.707000122070312500e+02 4.421472665222971443e+01
3.707999877929687500e+02 4.173435386296030458e+01
3.708999938964843750e+02 6.601298293653486837e+01
3.710000000000000000e+02 6.144809499347444159e+01
3.711000061035156250e+02 6.320507333112784920e+01
3.712000122070312500e+02 5.536401251328022255e+01
3.712999877929687500e+02 5.413074039218992084e+01
3.713999938964843750e+02 5.230133139023931221e+01
3.715000000000000000e+02 4.701332923411332132e+01
3.716000061035156250e+02 4.350386379102970125e+01
3.717000122070312500e+02 5.985682255564329779e+01
3.717999877929687500e+02 6.706096500911741032e+01
3.718999938964843750e+02 6.506652395131968092e+01
3.720000000000000000e+02 7.648456181058438119e+01
3.721000061035156250e+02 7.781146225975565756e+01
3.722000122070312500e+02 7.120125447211736969e+01
3.722999877929687500e+02 6.401939751942494183e+01
3.723999938964843750e+02 6.745572896660283391e+01
3.725000000000000000e+02 6.692740473196724338e+01
3.726000061035156250e+02 8.007184031822951908e+01
3.727000122070312500e+02 7.030383881363808030e+01
3.727999877929687500e+02 5.420253620141760820e+01
3.728999938964843750e+02 4.769451547720604623e+01
3.730000000000000000e+02 5.161731492770439900e+01
3.731000061035156250e+02 4.579547119544752576e+01
3.732000122070312500e+02 5.479304007011798205e+01
3.732999877929687500e+02 8.039703836107949542e+01
3.733999938964843750e+02 8.149083190601345450e+01
3.735000000000000000e+02 8.463154630737956552e+01
3.736000061035156250e+02 7.376832260770132166e+01
3.737000122070312500e+02 8.755284234505414531e+01
3.737999877929687500e+02 7.547047013419133066e+01
3.738999938964843750e+02 8.590560104143362707e+01
3.740000000000000000e+02 9.316888230982057451e+01
3.741000061035156250e+02 8.184198755888874643e+01
3.742000122070312500e+02 7.867714973096806830e+01
3.742999877929687500e+02 8.254860407629863062e+01
3.743999938964843750e+02 8.867175987385732583e+01
3.745000000000000000e+02 6.862741098298450027e+01
3.746000061035156250e+02 7.497193758348281278e+01
3.747000122070312500e+02 5.482438009423621850e+01
3.747999877929687500e+02 7.022687859777551012e+01
3.748999938964843750e+02 7.053049479341321160e+01
3.750000000000000000e+02 5.327004334486770176e+01
3.751000061035156250e+02 5.722741525540862284e+01
3.752000122070312500e+02 5.593250085003319327e+01
3.752999877929687500e+02 5.579601654603155936e+01
3.753999938964843750e+02 4.753353275908470010e+01
3.755000000000000000e+02 6.238633102786349838e+01
3.756000061035156250e+02 6.950949954422766552e+01
3.757000122070312500e+02 8.390443209710032590e+01
3.757999877929687500e+02 7.459006326557327782e+01
3.758999938964843750e+02 7.000463911490508906e+01
3.760000000000000000e+02 4.401575453456567288e+01
3.761000061035156250e+02 5.790344979077671184e+01
3.762000122070312500e+02 5.753242319477562461e+01
3.762999877929687500e+02 7.068365934656307559e+01
3.763999938964843750e+02 6.751837084121308408e+01
3.765000000000000000e+02 6.827651375805776013e+01
3.766000061035156250e+02 5.097114809338744124e+01
3.767000122070312500e+02 5.035257344897630816e+01
3.767999877929687500e+02 4.944972611130963003e+01
3.768999938964843750e+02 2.936424809394472391e+01
3.770000000000000000e+02 3.654290881843289895e+01
3.771000061035156250e+02 3.722926205640316510e+01
3.772000122070312500e+02 4.495076197364039672e+01
3.772999877929687500e+02 3.805311474381372960e+01
3.773999938964843750e+02 4.605839709135577209e+01
3.775000000000000000e+02 4.017261949294531576e+01
3.776000061035156250e+02 5.518659678955285131e+01
3.777000122070312500e+02 3.835799105481141424e+01
3.777999877929687500e+02 5.001513821717300345e+01
3.778999938964843750e+02 6.316025008615184078e+01
3.780000000000000000e+02 7.683891393604321252e+01
3.781000061035156250e+02 6.349891740861441747e+01
3.782000122070312500e+02 6.512323581051526844e+01
3.782999877929687500e+02 6.388047727009962529e+01
3.783999938964843750e+02 7.018020719625390313e+01
3.785000000000000000e+02 6.967136813988373945e+01
3.786000061035156250e+02 4.850145162210775851e+01
3.787000122070312500e+02 5.295622017876084442e+01
3.787999877929687500e+02 5.144627296068562572e+01
3.788999938964843750e+02 5.411432906784052221e+01
3.790000000000000000e+02 4.801414185255273281e+01
3.791000061035156250e+02 5.412820030817099592e+01
3.792000122070312500e+02 4.825333505601242479e+01
3.792999877929687500e+02 5.352937607860173586e+01
3.793999938964843750e+02 4.350268790875957592e+01
3.795000000000000000e+02 5.060850891871609747e+01
3.796000061035156250e+02 4.699608777386807645e+01
3.797000122070312500e+02 3.774467476834855972e+01
3.797999877929687500e+02 3.930040603193523907e+01
3.798999938964843750e+02 4.421454104586143075e+01
3.800000000000000000e+02 4.564658293252842469e+01
3.801000061035156250e+02 5.761329095557588431e+01
3.802000122070312500e+02 5.160983501348659530e+01
3.802999877929687500e+02 6.062465792490824157e+01
3.803999938964843750e+02 8.908269741051162782e+01
3.805000000000000000e+02 8.984647080662605845e+01
3.806000061035156250e+02 7.171284680211515195e+01
3.807000122070312500e+02 7.609585356831402692e+01
3.807999877929687500e+02 7.160270537804335333e+01
3.808999938964843750e+02 7.724866119490491201e+01
3.810000000000000000e+02 7.240787485141677848e+01
3.811000061035156250e+02 9.261211408515494270e+01
3.812000122070312500e+02 8.674257955841311230e+01
3.812999877929687500e+02 5.540804266113098464e+01
3.813999938964843750e+02 6.859901305703309049e+01
3.815000000000000000e+02 4.902634619904436164e+01
3.816000061035156250e+02 3.882105876697102786e+01
3.817000122070312500e+02 2.769637354186581391e+01
3.817999877929687500e+02 4.085212946354937458e+01
3.818999938964843750e+02 3.708643470534008202e+01
3.820000000000000000e+02 3.606397837157723529e+01
3.821000061035156250e+02 4.863840336626907401e+01
3.822000122070312500e+02 3.745013358650898994e+01
3.822999877929687500e+02 3.187553197032407581e+01
3.823999938964843750e+02 3.578250195403248313e+01
3.825000000000000000e+02 3.638870280574762717e+01
3.826000061035156250e+02 2.874998245679613262e+01
3.827000122070312500e+02 3.235734096673893134e+01
3.827999877929687500e+02 3.225499401138715427e+01
3.828999938964843750e+02 4.292513382786083298e+01
3.830000000000000000e+02 5.852368509283245857e+01
3.831000061035156250e+02 6.349065542956578412e+01
3.832000122070312500e+02 6.189737407315456608e+01
3.832999877929687500e+02 5.823128914608465578e+01
3.833999938964843750e+02 6.017041696016911345e+01
3.835000000000000000e+02 5.108063096443616047e+01
3.836000061035156250e+02 6.059778310681030433e+01
3.837000122070312500e+02 5.674318634201764411e+01
3.837999877929687500e+02 5.573064410740094132e+01
3.838999938964843750e+02 4.723767084446758702e+01
3.840000000000000000e+02 3.880607767350934267e+01
3.841000061035156250e+02 4.495621395484477745e+01
3.842000122070312500e+02 3.942023691632764582e+01
3.842999877929687500e+02 4.073188933618060048e+01
3.843999938964843750e+02 3.388605444266878663e+01
3.845000000000000000e+02 4.655743835179296752e+01
3.846000061035156250e+02 5.903803560697283359e+01
3.847000122070312500e+02 4.885698077653394478e+01
3.847999877929687500e+02 7.367393475182589668e+01
3.848999938964843750e+02 7.203461407487444035e+01
3.850000000000000000e+02 6.555638795498471438e+01
3.851000061035156250e+02 7.655332616915727328e+01
3.852000122070312500e+02 9.086908999089935435e+01
3.852999877929687500e+02 7.049143391786002155e+01
3.853999938964843750e+02 6.355720780356192279e+01
3.855000000000000000e+02 5.799439037037234357e+01
3.856000061035156250e+02 6.404709878760984054e+01
3.857000122070312500e+02 7.626374615081877550e+01
3.857999877929687500e+02 6.861590787531760327e+01
3.858999938964843750e+02 7.444667426156190970e+01
3.860000000000000000e+02 6.701500812070398183e+01
3.861000061035156250e+02 6.170456720869140099e+01
3.862000122070312500e+02 6.317766277746915904e+01
3.862999877929687500e+02 6.872635464205953326e+01
3.863999938964843750e+02 8.761549008313231468e+01
3.865000000000000000e+02 7.414995837398912215e+01
3.866000061035156250e+02 4.184279405799448170e+01
3.867000122070312500e+02 3.275758869066445556e+01
3.867999877929687500e+02 4.820061673503931132e+01
3.868999938964843750e+02 3.136798210545509491e+01
3.870000000000000000e+02 3.884045040706217833e+01
3.871000061035156250e+02 4.972974294262500194e+01
3.872000122070312500e+02 3.771722167348898580e+01
3.872999877929687500e+02 5.402857893055113436e+01
3.873999938964843750e+02 2.917581231728885172e+01
3.875000000000000000e+02 3.486548257657404548e+01
3.876000061035156250e+02 5.541438977587663572e+01
3.877000122070312500e+02 7.470243496925560578e+01
3.877999877929687500e+02 6.643743462246582965e+01
3.878999938964843750e+02 8.451760843597375583e+01
3.880000000000000000e+02 6.691981215073472811e+01
3.881000061035156250e+02 8.376945948907655293e+01
3.882000122070312500e+02 7.186530800375847150e+01
3.882999877929687500e+02 7.626518442139321508e+01
3.883999938964843750e+02 6.762108867003809110e+01
3.885000000000000000e+02 7.499494386319798878e+01
3.886000061035156250e+02 9.521848229927590523e+01
3.887000122070312500e+02 8.344994898743743761e+01
3.887999877929687500e+02 6.706963056044166649e+01
3.888999938964843750e+02 6.533234686551958248e+01
3.890000000000000000e+02 7.567160962984020500e+01
3.891000061035156250e+02 9.359539896016900684e+01
3.892000122070312500e+02 9.329842998077751304e+01
3.892999877929687500e+02 9.230195897616202672e+01
3.893999938964843750e+02 7.628182019859164598e+01
3.895000000000000000e+02 8.647633531455801403e+01
3.896000061035156250e+02 9.762710135150960866e+01
3.897000122070312500e+02 7.892224362946602412e+01
3.897999877929687500e+02 8.245302132548505369e+01
3.898999938964843750e+02 7.275833323706676481e+01
3.900000000000000000e+02 8.691103708261128702e+01
3.901000061035156250e+02 8.319298940402779863e+01
3.902000122070312500e+02 1.027085924176445388e+02
3.902999877929687500e+02 9.575214548668590453e+01
3.903999938964843750e+02 9.471036800298206515e+01
3.905000000000000000e+02 7.490915302634239481e+01
3.906000061035156250e+02 9.820058081940602790e+01
3.907000122070312500e+02 9.750051062065558938e+01
3.907999877929687500e+02 8.967892273593805896e+01
3.908999938964843750e+02 7.698190220900127656e+01
3.910000000000000000e+02 4.941461458679291496e+01
3.911000061035156250e+02 7.399895594639839658e+01
3.912000122070312500e+02 8.087366937614555695e+01
3.912999877929687500e+02 7.481255868287360045e+01
3.913999938964843750e+02 8.747140374336183299e+01
3.915000000000000000e+02 7.852608829404074697e+01
3.916000061035156250e+02 6.638822782769491937e+01
3.917000122070312500e+02 5.810386406308242613e+01
3.917999877929687500e+02 6.263305581353740337e+01
3.918999938964843750e+02 6.991334743356951265e+01
3.920000000000000000e+02 5.873090172781396490e+01
3.921000061035156250e+02 6.859157525382293841e+01
3.922000122070312500e+02 6.417410224090696147e+01
3.922999877929687500e+02 4.660288510756350888e+01
3.923999938964843750e+02 4.492250656249127871e+01
3.925000000000000000e+02 3.991595478129708141e+01
3.926000061035156250e+02 3.939945327267973596e+01
3.927000122070312500e+02 3.052081842837393566e+01
3.927999877929687500e+02 2.138833513306024514e+01
3.928999938964843750e+02 3.952830088127268482e+01
3.930000000000000000e+02 5.746135690470266866e+01
3.931000061035156250e+02 6.420803164037171484e+01
3.932000122070312500e+02 4.776216398877048874e+01
3.932999877929687500e+02 6.407691526259053205e+01
3.933999938964843750e+02 6.012330977225470008e+01
3.935000000000000000e+02 5.985520222996645856e+01
3.936000061035156250e+02 7.569988200324721106e+01
3.937000122070312500e+02 7.438006528904533354e+01
3.937999877929687500e+02 6.295815844342171630e+01
3.938999938964843750e+02 5.990509098008324429e+01
3.940000000000000000e+02 6.967427130428504256e+01
3.941000061035156250e+02 5.001718766079099510e+01
3.942000122070312500e+02 7.119759588653759863e+01
3.942999877929687500e+02 6.782049758551389118e+01
3.943999938964843750e+02 5.896577493944300841e+01
3.945000000000000000e+02 4.786183065174596152e+01
3.946000061035156250e+02 6.111623398959531528e+01
3.947000122070312500e+02 6.366824029200339652e+01
3.947999877929687500e+02 5.626212032050328560e+01
3.948999938964843750e+02 6.779504575237871222e+01
3.950000000000000000e+02 7.088258944059121802e+01
3.951000061035156250e+02 7.539115791095251495e+01
3.952000122070312500e+02 6.458502383395783397e+01
3.952999877929687500e+02 6.250182758924872672e+01
3.953999938964843750e+02 6.101863607697820413e+01
3.955000000000000000e+02 5.664448996709948858e+01
3.956000061035156250e+02 6.352096524972365188e+01
3.957000122070312500e+02 6.887537710574450500e+01
3.957999877929687500e+02 6.552681750860314480e+01
3.958999938964843750e+02 6.042018515083310604e+01
3.960000000000000000e+02 5.649723286462325689e+01
3.961000061035156250e+02 5.895441710883480368e+01
3.962000122070312500e+02 5.753225882411982184e+01
3.962999877929687500e+02 5.008217580210094866e+01
3.963999938964843750e+02 5.935964435120550320e+01
3.965000000000000000e+02 6.397590935120312139e+01
3.966000061035156250e+02 6.703454640808324427e+01
3.967000122070312500e+02 6.061164343986658309e+01
3.967999877929687500e+02 6.828379473723747140e+01
3.968999938964843750e+02 4.686200618060246370e+01
3.970000000000000000e+02 4.080848309697659460e+01
3.971000061035156250e+02 4.502468630341586930e+01
3.972000122070312500e+02 5.937692434298067923e+01
3.972999877929687500e+02 7.113620811365255747e+01
3.973999938964843750e+02 6.600045242713002835e+01
3.975000000000000000e+02 8.402308644507894542e+01
3.976000061035156250e+02 8.450102880643454739e+01
3.977000122070312500e+02 9.133586892848231287e+01
3.977999877929687500e+02 9.160596703400317153e+01
3.978999938964843750e+02 7.929427682240562092e+01
3.980000000000000000e+02 8.167087253266879543e+01
3.981000061035156250e+02 7.351228268026950730e+01
3.982000122070312500e+02 7.538849342496266104e+01
3.982999877929687500e+02 5.412555388176509297e+01
3.983999938964843750e+02 6.638895803097960879e+01
3.985000000000000000e+02 5.644605075404869154e+01
3.986000061035156250e+02 7.141426595672255928e+01
3.987000122070312500e+02 5.872085930870852621e+01
3.987999877929687500e+02 6.572786204560519252e+01
3.988999938964843750e+02 7.571505574103532865e+01
3.990000000000000000e+02 8.387779692581516144e+01
3.991000061035156250e+02 7.645040883782684205e+01
3.992000122070312500e+02 5.531190050684241299e+01
3.992999877929687500e+02 6.438657813875977354e+01
3.993999938964843750e+02 7.021545888799936108e+01
3.995000000000000000e+02 4.493671180376233565e+01
3.996000061035156250e+02 5.674557879549920614e+01
3.997000122070312500e+02 5.943582767911131270e+01
3.997999877929687500e+02 6.606546555541856947e+01
3.998999938964843750e+02 4.344213508310082972e+01
4.000000000000000000e+02 5.252751705200075349e+01
4.001000061035156250e+02 6.365624589543749323e+01
4.002000122070312500e+02 6.006478232819050334e+01
4.002999877929687500e+02 7.266602685115381632e+01
4.003999938964843750e+02 7.197075772195775301e+01
4.005000000000000000e+02 7.783728200534314112e+01
4.006000061035156250e+02 9.019020916255564657e+01
4.007000122070312500e+02 8.244643180585106279e+01
4.007999877929687500e+02 7.625849139237119800e+01
4.008999938964843750e+02 6.673119910903335494e+01
4.010000000000000000e+02 6.166457148835961277e+01
4.011000061035156250e+02 4.100235926371299655e+01
4.012000122070312500e+02 3.946070010876263012e+01
4.012999877929687500e+02 3.645659939590238707e+01
4.013999938964843750e+02 5.032279252594177876e+01
4.015000000000000000e+02 3.959091104846247333e+01
4.016000061035156250e+02 5.205544189514623810e+01
4.017000122070312500e+02 7.204830567637831962e+01
4.017999877929687500e+02 6.921536104113474153e+01
4.018999938964843750e+02 7.267890072585653627e+01
4.020000000000000000e+02 6.391794178771056778e+01
4.021000061035156250e+02 8.520153531833167904e+01
4.022000122070312500e+02 8.215791044033228729e+01
4.022999877929687500e+02 8.180889875924883370e+01
4.023999938964843750e+02 7.264336435816720439e+01
4.025000000000000000e+02 7.287862489582271053e+01
4.026000061035156250e+02 5.080133497456897373e+01
4.027000122070312500e+02 5.371568104371541352e+01
4.027999877929687500e+02 5.458449991695049874e+01
4.028999938964843750e+02 5.942478321395112317e+01
4.030000000000000000e+02 5.072480642090571479e+01
4.031000061035156250e+02 6.333568651418227802e+01
4.032000122070312500e+02 5.174161472724364330e+01
4.032999877929687500e+02 5.694283315455116679e+01
4.033999938964843750e+02 5.683486215323161161e+01
4.035000000000000000e+02 5.974462220352558717e+01
4.036000061035156250e+02 4.969102012028019288e+01
4.037000122070312500e+02 4.106125774531253825e+01
4.037999877929687500e+02 4.495018533743177613e+01
4.038999938964843750e+02 3.858467915539203830e+01
4.040000000000000000e+02 3.109765690298880259e+01
4.041000061035156250e+02 4.711568281296111849e+01
4.042000122070312500e+02 3.639528918560426973e+01
4.042999877929687500e+02 4.474646010478072355e+01
4.043999938964843750e+02 4.619804556065079026e+01
4.045000000000000000e+02 4.631922246509716956e+01
4.046000061035156250e+02 4.959213567537037903e+01
4.047000122070312500e+02 4.092375392676830614e+01
4.047999877929687500e+02 4.723585985187555991e+01
4.048999938964843750e+02 3.060096466241716229e+01
4.050000000000000000e+02 3.578901341786907864e+01
4.051000061035156250e+02 3.241311151881770769e+01
4.052000122070312500e+02 4.752702063210144701e+01
4.052999877929687500e+02 5.413600312953941796e+01
4.053999938964843750e+02 6.650733093274894259e+01
4.055000000000000000e+02 7.967818977246156464e+01
4.056000061035156250e+02 5.369482709288077871e+01
4.057000122070312500e+02 4.300123946076445236e+01
4.057999877929687500e+02 4.894104300536111651e+01
4.058999938964843750e+02 5.199939963169794765e+01
4.060000000000000000e+02 7.048252871928045238e+01
4.061000061035156250e+02 6.240518578015716145e+01
4.062000122070312500e+02 7.536573584173378038e+01
4.062999877929687500e+02 7.311103217551945477e+01
4.063999938964843750e+02 7.863660143415933135e+01
4.065000000000000000e+02 6.962850712259196939e+01
4.066000061035156250e+02 7.184703094485880115e+01
4.067000122070312500e+02 7.260012051066188121e+01
4.067999877929687500e+02 6.755927455480916421e+01
4.068999938964843750e+02 6.259704461560824029e+01
4.070000000000000000e+02 6.686792408721728975e+01
4.071000061035156250e+02 7.743702104977083422e+01
4.072000122070312500e+02 8.807831047052692952e+01
4.072999877929687500e+02 6.594539147584758609e+01
4.073999938964843750e+02 4.884018325953825723e+01
4.075000000000000000e+02 5.019229674908859806e+01
4.076000061035156250e+02 5.812385625761259433e+01
4.077000122070312500e+02 4.331497853438158074e+01
4.077999877929687500e+02 4.155842778626210787e+01
4.078999938964843750e+02 5.440073098482474734e+01
4.080000000000000000e+02 5.681007162309986569e+01
4.081000061035156250e+02 5.443685026130965099e+01
4.082000122070312500e+02 5.532579624978493626e+01
4.082999877929687500e+02 4.759402051679383305e+01
4.083999938964843750e+02 5.981838831991640149e+01
4.085000000000000000e+02 5.528709624153544411e+01
4.086000061035156250e+02 5.254808314763969435e+01
4.087000122070312500e+02 5.189569075978425161e+01
4.087999877929687500e+02 5.180772588996975969e+01
4.088999938964843750e+02 5.331501664358089698e+01
4.090000000000000000e+02 6.113764380248667152e+01
4.091000061035156250e+02 7.683281186561731602e+01
4.092000122070312500e+02 8.310224788536154961e+01
4.092999877929687500e+02 7.313436938066953985e+01
4.093999938964843750e+02 6.558696005347300684e+01
4.095000000000000000e+02 5.322280043997296417e+01
4.096000061035156250e+02 6.498776313189418374e+01
4.097000122070312500e+02 6.359567080139200357e+01
4.097999877929687500e+02 7.875299061039649473e+01
4.098999938964843750e+02 7.448435713974110683e+01
4.100000000000000000e+02 6.473609385594481580e+01
4.101000061035156250e+02 3.962011555047916289e+01
4.102000122070312500e+02 3.443939582207966055e+01
4.102999877929687500e+02 3.813722841773437722e+01
4.103999938964843750e+02 3.978282265173456267e+01
4.105000000000000000e+02 6.922608155479261427e+01
4.106000061035156250e+02 7.810319574242372198e+01
4.107000122070312500e+02 7.893910113023478914e+01
4.107999877929687500e+02 7.836065100697253172e+01
4.108999938964843750e+02 6.837309236650419564e+01
4.110000000000000000e+02 7.856243684193043464e+01
4.111000061035156250e+02 5.355502611302171800e+01
4.112000122070312500e+02 6.603658920144845013e+01
4.112999877929687500e+02 7.239372663344886405e+01
4.113999938964843750e+02 6.435088247889139268e+01
4.115000000000000000e+02 6.466000004279959512e+01
4.116000061035156250e+02 6.492131568388312246e+01
4.117000122070312500e+02 8.084594005591475252e+01
4.117999877929687500e+02 9.522952841916529110e+01
4.118999938964843750e+02 8.917039535614730994e+01
4.120000000000000000e+02 1.019316450286242031e+02
4.121000061035156250e+02 8.655855117648049202e+01
4.122000122070312500e+02 1.031150080251863130e+02
4.122999877929687500e+02 9.994732259053620282e+01
4.123999938964843750e+02 6.191051361199069447e+01
4.125000000000000000e+02 5.330449019187456372e+01
4.126000061035156250e+02 7.921887143492496364e+01
4.127000122070312500e+02 8.094810684656732747e+01
4.127999877929687500e+02 6.912090456863721499e+01
4.128999938964843750e+02 9.076638523579858031e+01
4.130000000000000000e+02 9.343383190822905249e+01
4.131000061035156250e+02 8.332922029129700547e+01
4.132000122070312500e+02 5.345449789122957895e+01
4.132999877929687500e+02 5.480005430903660368e+01
4.133999938964843750e+02 7.466764482523451818e+01
4.135000000000000000e+02 7.458185850422545116e+01
4.136000061035156250e+02 7.947168046861163759e+01
4.137000122070312500e+02 8.133795275110230705e+01
4.137999877929687500e+02 8.003995704583148552e+01
4.138999938964843750e+02 8.043169894603647663e+01
4.140000000000000000e+02 8.817331905545952964e+01
4.141000061035156250e+02 8.170253569981278474e+01
4.142000122070312500e+02 8.079784726555482166e+01
4.142999877929687500e+02 5.673759842290824196e+01
4.143999938964843750e+02 5.660278691330243817e+01
4.145000000000000000e+02 7.216448243178587063e+01
4.146000061035156250e+02 6.887843443964061407e+01
4.147000122070312500e+02 7.172995839282410202e+01
4.147999877929687500e+02 8.934210993802373935e+01
4.148999938964843750e+02 9.112772257376435903e+01
4.150000000000000000e+02 6.992147657508455438e+01
4.151000061035156250e+02 7.527319423757971606e+01
4.152000122070312500e+02 5.403566746044565150e+01
4.152999877929687500e+02 4.283423621882649002e+01
4.153999938964843750e+02 4.916219948184539845e+01
4.155000000000000000e+02 6.375500254336406414e+01
4.156000061035156250e+02 6.625161233873089373e+01
4.157000122070312500e+02 7.200226482253088989e+01
4.157999877929687500e+02 8.787880143865753269e+01
4.158999938964843750e+02 7.636650079178646422e+01
4.160000000000000000e+02 8.121259645715186082e+01
4.161000061035156250e+02 7.591698977285942362e+01
4.162000122070312500e+02 7.549966891578715433e+01
4.162999877929687500e+02 7.200704893344118318e+01
4.163999938964843750e+02 6.414831066884795518e+01
4.165000000000000000e+02 5.078583766420570811e+01
4.166000061035156250e+02 6.049975183576384552e+01
4.167000122070312500e+02 5.787429991763382731e+01
4.167999877929687500e+02 6.318659122745771839e+01
4.168999938964843750e+02 4.617708771934297829e+01
4.170000000000000000e+02 4.539288341425488937e+01
4.171000061035156250e+02 6.472857147617543205e+01
4.172000122070312500e+02 6.885195647233322802e+01
4.172999877929687500e+02 5.800472431563099462e+01
4.173999938964843750e+02 8.553221442297156329e+01
4.175000000000000000e+02 8.528030091304353277e+01
4.176000061035156250e+02 9.302630278282538256e+01
4.177000122070312500e+02 7.461575690094620938e+01
4.177999877929687500e+02 7.259895441578481723e+01
4.178999938964843750e+02 7.769939536288308091e+01
4.180000000000000000e+02 7.650534866598459871e+01
4.181000061035156250e+02 8.615212537793783554e+01
4.182000122070312500e+02 7.737069011961060028e+01
4.182999877929687500e+02 8.314709583011341465e+01
4.183999938964843750e+02 7.820352054772942552e+01
4.185000000000000000e+02 8.540632124026562622e+01
4.186000061035156250e+02 7.099455220281690515e+01
4.187000122070312500e+02 8.332553197005277923e+01
4.187999877929687500e+02 8.049788766139673157e+01
4.188999938964843750e+02 8.768200395480550924e+01
4.190000000000000000e+02 8.565346585329393747e+01
4.191000061035156250e+02 8.362254224696226856e+01
4.192000122070312500e+02 7.346008221633366020e+01
4.192999877929687500e+02 7.150965602142825617e+01
4.193999938964843750e+02 8.323706656332802822e+01
4.195000000000000000e+02 6.209040080241302917e+01
4.196000061035156250e+02 6.099471288784302914e+01
4.197000122070312500e+02 7.768818468553254775e+01
4.197999877929687500e+02 7.236082733860010308e+01
4.198999938964843750e+02 7.996396051365832136e+01
4.200000000000000000e+02 8.994232020099883584e+01
4.201000061035156250e+02 8.773831199684219939e+01
4.202000122070312500e+02 7.361389197594098732e+01
4.202999877929687500e+02 6.962229265263800926e+01
4.203999938964843750e+02 7.760449630268588805e+01
4.205000000000000000e+02 8.039210209517320038e+01
4.206000061035156250e+02 8.133717533301201286e+01
4.207000122070312500e+02 8.191437074242692518e+01
4.207999877929687500e+02 6.655375949145789605e+01
4.208999938964843750e+02 6.019125175911086956e+01
4.210000000000000000e+02 5.979931323048722192e+01
4.211000061035156250e+02 5.746829529449144047e+01
4.212000122070312500e+02 6.146619378968622271e+01
4.212999877929687500e+02 6.209497936359094439e+01
4.213999938964843750e+02 5.462011029125127237e+01
4.215000000000000000e+02 4.746678699780188282e+01
4.216000061035156250e+02 5.719862025992405563e+01
4.217000122070312500e+02 6.734512216233819970e+01
4.217999877929687500e+02 6.901590817313203274e+01
4.218999938964843750e+02 6.531184985235405804e+01
4.220000000000000000e+02 5.543909098144137459e+01
4.221000061035156250e+02 5.047210952816580942e+01
4.222000122070312500e+02 5.999991809200378157e+01
4.222999877929687500e+02 5.903286103319040734e+01
4.223999938964843750e+02 7.027627176110225093e+01
4.225000000000000000e+02 5.794819783082034803e+01
4.226000061035156250e+02 7.141120469381178282e+01
4.227000122070312500e+02 5.939726790842487247e+01
4.227999877929687500e+02 5.419297377349234068e+01
4.228999938964843750e+02 5.900101194825836615e+01
4.230000000000000000e+02 6.123929989008856012e+01
4.231000061035156250e+02 6.507310327681400963e+01
4.232000122070312500e+02 4.982019280163060415e+01
4.232999877929687500e+02 5.732034194094616453e+01
4.233999938964843750e+02 4.201972017949152871e+01
4.235000000000000000e+02 4.114937248123363389e+01
4.236000061035156250e+02 5.411281580382758705e+01
4.237000122070312500e+02 4.733452548367143464e+01
4.237999877929687500e+02 5.498846599766817889e+01
4.238999938964843750e+02 5.462552575619604056e+01
4.240000000000000000e+02 7.187166429657442279e+01
4.241000061035156250e+02 4.985367321700125132e+01
4.242000122070312500e+02 4.699447584776714848e+01
4.242999877929687500e+02 4.131583938452853744e+01
4.243999938964843750e+02 5.165054544871559017e+01
4.245000000000000000e+02 6.768089987178612432e+01
4.246000061035156250e+02 5.857344306154163860e+01
4.247000122070312500e+02 5.291158578902302878e+01
4.247999877929687500e+02 4.670430607868440376e+01
4.248999938964843750e+02 4.891055619879244887e+01
4.250000000000000000e+02 5.441397662490949472e+01
4.251000061035156250e+02 6.798010877917748473e+01
4.252000122070312500e+02 6.763650950468401390e+01
4.252999877929687500e+02 6.797617499776890782e+01
4.253999938964843750e+02 5.501083287589447934e+01
4.255000000000000000e+02 7.662468021326063194e+01
4.256000061035156250e+02 9.257250061813991238e+01
4.257000122070312500e+02 6.068942801568393008e+01
4.257999877929687500e+02 5.104842824322831518e+01
4.258999938964843750e+02 5.799795299984150176e+01
4.260000000000000000e+02 7.171258481616914082e+01
4.261000061035156250e+02 7.243930368908415574e+01
4.262000122070312500e+02 7.602257404002537555e+01
4.262999877929687500e+02 3.835143542540841111e+01
4.263999938964843750e+02 3.718003898541034857e+01
4.265000000000000000e+02 3.179900937499554203e+01
4.266000061035156250e+02 2.563568042977404815e+01
4.267000122070312500e+02 3.655517351036630203e+01
4.267999877929687500e+02 5.653253024156163065e+01
4.268999938964843750e+02 5.885184097430555994e+01
4.270000000000000000e+02 5.897377101024590473e+01
4.271000061035156250e+02 5.777069284925433834e+01
4.272000122070312500e+02 6.381313389988366680e+01
4.272999877929687500e+02 8.278470488829910323e+01
4.273999938964843750e+02 8.678368066353532129e+01
4.275000000000000000e+02 7.563959234076702387e+01
4.276000061035156250e+02 6.335062310205712066e+01
4.277000122070312500e+02 5.777225635030325179e+01
4.277999877929687500e+02 6.924415800122849873e+01
4.278999938964843750e+02 7.687786417909052261e+01
4.280000000000000000e+02 7.369060459885389491e+01
4.281000061035156250e+02 6.734219514772384230e+01
4.282000122070312500e+02 5.978167677467145324e+01
4.282999877929687500e+02 6.502993389646043454e+01
4.283999938964843750e+02 5.808587073107700860e+01
4.285000000000000000e+02 5.508040748443968937e+01
4.286000061035156250e+02 3.806445102313959694e+01
4.287000122070312500e+02 3.010179361541892362e+01
4.287999877929687500e+02 3.629726246578307780e+01
4.288999938964843750e+02 3.968462835397532018e+01
4.290000000000000000e+02 3.113953434667405062e+01
4.291000061035156250e+02 3.336406121521702062e+01
4.292000122070312500e+02 3.568569128525322753e+01
4.292999877929687500e+02 5.131084052267982543e+01
4.293999938964843750e+02 4.990733111824550861e+01
4.295000000000000000e+02 5.371077918542365381e+01
4.296000061035156250e+02 4.813525473505808350e+01
4.297000122070312500e+02 4.601820794843431628e+01
4.297999877929687500e+02 4.165737118470239153e+01
4.298999938964843750e+02 4.056778555478276616e+01
4.300000000000000000e+02 4.452258373536604807e+01
4.301000061035156250e+02 5.576404572559875561e+01
4.302000122070312500e+02 6.777674350442552509e+01
4.302999877929687500e+02 6.921347633276715783e+01
4.303999938964843750e+02 7.593126084315569813e+01
4.305000000000000000e+02 6.766661547367520768e+01
4.306000061035156250e+02 5.688721062849315757e+01
4.307000122070312500e+02 6.120628660879297911e+01
4.307999877929687500e+02 6.519491951742556068e+01
4.308999938964843750e+02 8.463557417857821008e+01
4.310000000000000000e+02 9.431381739624477234e+01
4.311000061035156250e+02 7.333270773213264704e+01
4.312000122070312500e+02 9.229800010389548959e+01
4.312999877929687500e+02 8.421209007679546232e+01
4.313999938964843750e+02 7.805891777741224757e+01
4.315000000000000000e+02 8.194259847981489031e+01
4.316000061035156250e+02 1.006517282983255086e+02
4.317000122070312500e+02 8.831498137396179970e+01
4.317999877929687500e+02 6.875949568590780814e+01
4.318999938964843750e+02 7.791326433570812071e+01
4.320000000000000000e+02 4.640437011435174952e+01
4.321000061035156250e+02 4.788769812795790415e+01
4.322000122070312500e+02 3.689168321793435723e+01
4.322999877929687500e+02 7.156795718188868705e+01
4.323999938964843750e+02 6.835065730185924338e+01
4.325000000000000000e+02 8.107482419736066959e+01
4.326000061035156250e+02 6.389101554415589135e+01
4.327000122070312500e+02 6.112499095873600652e+01
4.327999877929687500e+02 7.931572642447746091e+01
4.328999938964843750e+02 8.069370498872837061e+01
4.330000000000000000e+02 7.491545725608868622e+01
4.331000061035156250e+02 6.757287985023822330e+01
4.332000122070312500e+02 6.695499518310353437e+01
4.332999877929687500e+02 6.688579946751086425e+01
4.333999938964843750e+02 6.705763130396793770e+01
4.335000000000000000e+02 6.227842273873999090e+01
4.336000061035156250e+02 7.450124805443888931e+01
4.337000122070312500e+02 7.846754344473256992e+01
4.337999877929687500e+02 7.599348719828645926e+01
4.338999938964843750e+02 7.571888473418286480e+01
4.340000000000000000e+02 9.130681486019659587e+01
4.341000061035156250e+02 8.738468348841253430e+01
4.342000122070312500e+02 7.111551940381310999e+01
4.342999877929687500e+02 8.241184108502451977e+01
4.343999938964843750e+02 8.717372723498185394e+01
4.345000000000000000e+02 8.590048073608548407e+01
4.346000061035156250e+02 7.718311924954942072e+01
4.347000122070312500e+02 9.955633255508628565e+01
4.347999877929687500e+02 8.098619093568312621e+01
4.348999938964843750e+02 7.402043267524064163e+01
4.350000000000000000e+02 8.224549602869282694e+01
4.351000061035156250e+02 8.345983698525775196e+01
4.352000122070312500e+02 6.686312308159980944e+01
4.352999877929687500e+02 5.978195594787350586e+01
4.353999938964843750e+02 6.245031691564470577e+01
4.355000000000000000e+02 6.127568947089864793e+01
4.356000061035156250e+02 5.798086674429329435e+01
4.357000122070312500e+02 6.099701778235777283e+01
4.357999877929687500e+02 6.472001606682171371e+01
4.358999938964843750e+02 5.581654137017203254e+01
4.360000000000000000e+02 5.547605714080957995e+01
4.361000061035156250e+02 7.391059318323469540e+01
4.362000122070312500e+02 7.990837187932598340e+01
4.362999877929687500e+02 9.332649196157758809e+01
4.363999938964843750e+02 7.645186768660367704e+01
4.365000000000000000e+02 7.414846965661264733e+01
4.366000061035156250e+02 7.041292077359645418e+01
4.367000122070312500e+02 6.716739207792920752e+01
4.367999877929687500e+02 5.538550063376439425e+01
4.368999938964843750e+02 4.559380895667437983e+01
4.370000000000000000e+02 5.715503621805176238e+01
4.371000061035156250e+02 6.317032832349172367e+01
4.372000122070312500e+02 7.071686320782674784e+01
4.372999877929687500e+02 5.231699886162874691e+01
4.373999938964843750e+02 5.925385928122242518e+01
4.375000000000000000e+02 7.409899040468449982e+01
4.376000061035156250e+02 8.101872942660408228e+01
4.377000122070312500e+02 8.555002473561503962e+01
4.377999877929687500e+02 8.831451495071284796e+01
4.378999938964843750e+02 6.040419270129437734e+01
4.380000000000000000e+02 6.174640597643677609e+01
4.381000061035156250e+02 6.264252452253643355e+01
4.382000122070312500e+02 7.089703388474478629e+01
4.382999877929687500e+02 7.078222163584020166e+01
4.383999938964843750e+02 6.993473559682702501e+01
4.385000000000000000e+02 8.155789812613649303e+01
4.386000061035156250e+02 7.853179224399563907e+01
4.387000122070312500e+02 6.681499190372785790e+01
4.387999877929687500e+02 6.487419133153700557e+01
4.388999938964843750e+02 4.800751200025797516e+01
4.390000000000000000e+02 5.436870010902601535e+01
4.391000061035156250e+02 5.725479623382700112e+01
4.392000122070312500e+02 4.189943394370568086e+01
4.392999877929687500e+02 4.691664032565889642e+01
4.393999938964843750e+02 5.543370004202228785e+01
4.395000000000000000e+02 6.264393318278925449e+01
4.396000061035156250e+02 4.569590047333002047e+01
4.397000122070312500e+02 7.126798077555480404e+01
4.397999877929687500e+02 4.137193027257777800e+01
4.398999938964843750e+02 4.417352845604311540e+01
4.400000000000000000e+02 4.608069194017842563e+01
4.401000061035156250e+02 6.038525620675638095e+01
4.402000122070312500e+02 6.468963906631216787e+01
4.402999877929687500e+02 6.688764369284790234e+01
4.403999938964843750e+02 7.895932225597346132e+01
4.405000000000000000e+02 7.118362298658600196e+01
4.406000061035156250e+02 6.977371655574360432e+01
4.407000122070312500e+02 9.549451798641027267e+01
4.407999877929687500e+02 8.304852672772450717e+01
4.408999938964843750e+02 7.942410712607330936e+01
4.410000000000000000e+02 7.865386981387018750e+01
4.411000061035156250e+02 7.922733798235947233e+01
4.412000122070312500e+02 8.888211153036874634e+01
4.412999877929687500e+02 7.684548346581618716e+01
4.413999938964843750e+02 7.065232597665804803e+01
4.415000000000000000e+02 6.138473008442807100e+01
4.416000061035156250e+02 5.037290136655047235e+01
4.417000122070312500e+02 5.710932005709612724e+01
4.417999877929687500e+02 4.514541946478860268e+01
4.418999938964843750e+02 5.512913969162519834e+01
4.420000000000000000e+02 4.871787842287518089e+01
4.421000061035156250e+02 7.628092901839184492e+01
4.422000122070312500e+02 4.529792460494444839e+01
4.422999877929687500e+02 4.071661397284170647e+01
4.423999938964843750e+02 2.989252710740496966e+01
4.425000000000000000e+02 3.033538531491008072e+01
4.426000061035156250e+02 2.434972414141735086e+01
4.427000122070312500e+02 3.217275542188247073e+01
4.427999877929687500e+02 2.553015848780427177e+01
4.428999938964843750e+02 2.727437311041784795e+01
4.430000000000000000e+02 2.646413925571423320e+01
4.431000061035156250e+02 2.146923948796300152e+01
4.432000122070312500e+02 1.810709034687903340e+01
4.432999877929687500e+02 1.937944844670821354e+01
4.433999938964843750e+02 2.516353364678041160e+01
4.435000000000000000e+02 3.266926610926908836e+01
4.436000061035156250e+02 2.502017592990838324e+01
4.437000122070312500e+02 5.555255277814448078e+01
4.437999877929687500e+02 7.496832231405925029e+01
4.438999938964843750e+02 6.655594223946167176e+01
4.440000000000000000e+02 5.000751925745815640e+01
4.441000061035156250e+02 5.673247569979630356e+01
4.442000122070312500e+02 7.688754577697942239e+01
4.442999877929687500e+02 7.749738732355218929e+01
4.443999938964843750e+02 5.712835601093309634e+01
4.445000000000000000e+02 3.928375827960910982e+01
4.446000061035156250e+02 4.185344906471103599e+01
4.447000122070312500e+02 3.600434813160585179e+01
4.447999877929687500e+02 3.233319224963378957e+01
4.448999938964843750e+02 3.612020990725485348e+01
4.450000000000000000e+02 4.669670697135459392e+01
4.451000061035156250e+02 3.854878913993964318e+01
4.452000122070312500e+02 4.110740692811133101e+01
4.452999877929687500e+02 4.097988153932620747e+01
4.453999938964843750e+02 6.510326976533548304e+01
4.455000000000000000e+02 7.203962555627147424e+01
4.456000061035156250e+02 5.341358040209735236e+01
4.457000122070312500e+02 4.691494358928213160e+01
4.457999877929687500e+02 5.224391313346124122e+01
4.458999938964843750e+02 5.151791347612425653e+01
4.460000000000000000e+02 2.990900043129920505e+01
4.461000061035156250e+02 4.002217821914793916e+01
4.462000122070312500e+02 3.604346893573607957e+01
4.462999877929687500e+02 1.858419380326061443e+01
4.463999938964843750e+02 2.553505976074908901e+01
4.465000000000000000e+02 3.246526046977289326e+01
4.466000061035156250e+02 4.066804682866383303e+01
4.467000122070312500e+02 4.847194099936753275e+01
4.467999877929687500e+02 3.549007304483169634e+01
4.468999938964843750e+02 5.635367983576838924e+01
4.470000000000000000e+02 5.432256509518921916e+01
4.471000061035156250e+02 5.636133838337757851e+01
4.472000122070312500e+02 6.711120702932899462e+01
4.472999877929687500e+02 6.796712876205457121e+01
4.473999938964843750e+02 6.225938397307807293e+01
4.475000000000000000e+02 5.857746530497766457e+01
4.476000061035156250e+02 7.219329083859469165e+01
4.477000122070312500e+02 8.368342998620198614e+01
4.477999877929687500e+02 7.839903394389844493e+01
4.478999938964843750e+02 9.179761392812234533e+01
4.480000000000000000e+02 8.690469541648748475e+01
4.481000061035156250e+02 8.426383519070347461e+01
4.482000122070312500e+02 9.581912044599950207e+01
4.482999877929687500e+02 8.532132104613941692e+01
4.483999938964843750e+02 7.433412384362607384e+01
4.485000000000000000e+02 8.401496483619783362e+01
4.486000061035156250e+02 8.888793075384562314e+01
4.487000122070312500e+02 8.122787509527768179e+01
4.487999877929687500e+02 6.526796493835259128e+01
4.488999938964843750e+02 4.040963639978728139e+01
4.490000000000000000e+02 3.922307918913998748e+01
4.491000061035156250e+02 4.284520891378873131e+01
4.492000122070312500e+02 5.246913201522671955e+01
4.492999877929687500e+02 3.866700962859881940e+01
4.493999938964843750e+02 4.691216955257124255e+01
4.495000000000000000e+02 5.684488140766453057e+01
4.496000061035156250e+02 6.689474388062599530e+01
4.497000122070312500e+02 5.315928607514868531e+01
4.497999877929687500e+02 5.589032102596131324e+01
4.498999938964843750e+02 5.176248377098987419e+01
4.500000000000000000e+02 2.968194900644621370e+01
4.501000061035156250e+02 3.494272425752185285e+01
4.502000122070312500e+02 3.430406897292288448e+01
4.502999877929687500e+02 3.847921100033359920e+01
4.503999938964843750e+02 3.396925935122749252e+01
4.505000000000000000e+02 5.301635464931727171e+01
4.506000061035156250e+02 5.380889570766723295e+01
4.507000122070312500e+02 5.955248249571711483e+01
4.507999877929687500e+02 6.421064642735987604e+01
4.508999938964843750e+02 6.319306854623144432e+01
4.510000000000000000e+02 5.799469928167766142e+01
4.511000061035156250e+02 5.587723790409443581e+01
4.512000122070312500e+02 6.303896514284642194e+01
4.512999877929687500e+02 5.457177119106611940e+01
4.513999938964843750e+02 4.962525975840058123e+01
4.515000000000000000e+02 4.513170381880172499e+01
4.516000061035156250e+02 5.720337919840047647e+01
4.517000122070312500e+02 4.162740465310569959e+01
4.517999877929687500e+02 3.142079930671763677e+01
4.518999938964843750e+02 3.364066267800215115e+01
4.520000000000000000e+02 6.176801997463018523e+01
4.521000061035156250e+02 5.668189893466922058e+01
4.522000122070312500e+02 6.315098297832150109e+01
4.522999877929687500e+02 5.483477978357755234e+01
4.523999938964843750e+02 6.300106524342307779e+01
4.525000000000000000e+02 7.184427572982039578e+01
4.526000061035156250e+02 8.547610853867638525e+01
4.527000122070312500e+02 8.920601584517646643e+01
4.527999877929687500e+02 9.363646198695830947e+01
4.528999938964843750e+02 7.879507889998670578e+01
4.530000000000000000e+02 6.466620868618460349e+01
4.531000061035156250e+02 5.952259306290614660e+01
4.532000122070312500e+02 4.972431300639912166e+01
4.532999877929687500e+02 4.748390422639203479e+01
4.533999938964843750e+02 6.126071858578907126e+01
4.535000000000000000e+02 6.963472783878818007e+01
4.536000061035156250e+02 7.385611319087821869e+01
4.537000122070312500e+02 6.986318245312708086e+01
4.537999877929687500e+02 7.287984456332999628e+01
4.538999938964843750e+02 6.564321943660971215e+01
4.540000000000000000e+02 5.339214344450688543e+01
4.541000061035156250e+02 5.323414200953154563e+01
4.542000122070312500e+02 4.425426785308101785e+01
4.542999877929687500e+02 3.213816289992585951e+01
4.543999938964843750e+02 2.404840898007366334e+01
4.545000000000000000e+02 3.024240019794711287e+01
4.546000061035156250e+02 2.994473605383666026e+01
4.547000122070312500e+02 3.224864784709797760e+01
4.547999877929687500e+02 3.953151410389599363e+01
4.548999938964843750e+02 4.680741020634994953e+01
4.550000000000000000e+02 4.392808731856968052e+01
4.551000061035156250e+02 7.741614350534263167e+01
4.552000122070312500e+02 5.086399087632265292e+01
4.552999877929687500e+02 5.321519712121499879e+01
4.553999938964843750e+02 5.318847340712711969e+01
4.555000000000000000e+02 4.487450816619093530e+01
4.556000061035156250e+02 4.902146198103216790e+01
4.557000122070312500e+02 4.555173206803877406e+01
4.557999877929687500e+02 7.052934259551608420e+01
4.558999938964843750e+02 6.094713175655687110e+01
4.560000000000000000e+02 5.404390469323988100e+01
4.561000061035156250e+02 6.455699925366317871e+01
4.562000122070312500e+02 6.382842651050813743e+01
4.562999877929687500e+02 6.444085658323592725e+01
4.563999938964843750e+02 6.247174997964231125e+01
4.565000000000000000e+02 5.947276984458131466e+01
4.566000061035156250e+02 6.856719051601913861e+01
4.567000122070312500e+02 6.452994524894567974e+01
4.567999877929687500e+02 5.766703073862382212e+01
4.568999938964843750e+02 5.995978817457205423e+01
4.570000000000000000e+02 5.273934703689182868e+01
4.571000061035156250e+02 5.653433964208828399e+01
4.572000122070312500e+02 5.487777337104078867e+01
4.572999877929687500e+02 5.385692749220865494e+01
4.573999938964843750e+02 4.390740765341434582e+01
4.575000000000000000e+02 3.874119245013755375e+01
4.576000061035156250e+02 5.130419138526220735e+01
4.577000122070312500e+02 5.095178177400723030e+01
4.577999877929687500e+02 7.420050100773808310e+01
4.578999938964843750e+02 6.954943506325697911e+01
4.580000000000000000e+02 7.127753023459916903e+01
4.581000061035156250e+02 7.930072836351008903e+01
4.582000122070312500e+02 8.829268591680435918e+01
4.582999877929687500e+02 6.965050736909076079e+01
4.583999938964843750e+02 8.829325788345803971e+01
4.585000000000000000e+02 6.585236780964169157e+01
4.586000061035156250e+02 7.960705628487372110e+01
4.587000122070312500e+02 5.583547395613233277e+01
4.587999877929687500e+02 8.001529514339708271e+01
4.588999938964843750e+02 7.047902189165274933e+01
4.590000000000000000e+02 6.774491377371738565e+01
4.591000061035156250e+02 5.711344052190734288e+01
4.592000122070312500e+02 6.687845792184886307e+01
4.592999877929687500e+02 5.945333692274137860e+01
4.593999938964843750e+02 6.665198202003182359e+01
4.595000000000000000e+02 5.858332449073716219e+01
4.596000061035156250e+02 5.120580163897518844e+01
4.597000122070312500e+02 7.434357724520921806e+01
4.597999877929687500e+02 7.011947688773233267e+01
4.598999938964843750e+02 6.064611529966558834e+01
4.600000000000000000e+02 5.614322787771288858e+01
4.601000061035156250e+02 6.731189546396534240e+01
4.602000122070312500e+02 7.760292304954303688e+01
4.602999877929687500e+02 7.369980726399109017e+01
4.603999938964843750e+02 8.406618705026019711e+01
4.605000000000000000e+02 7.652340917394541009e+01
4.606000061035156250e+02 6.704567391502327212e+01
4.607000122070312500e+02 7.085759513390354414e+01
4.607999877929687500e+02 6.866552482046256500e+01
4.608999938964843750e+02 6.839028137071147739e+01
4.610000000000000000e+02 5.610115936174361906e+01
4.611000061035156250e+02 7.462614726365572437e+01
4.612000122070312500e+02 6.607437922833582888e+01
4.612999877929687500e+02 5.406599153049787532e+01
4.613999938964843750e+02 4.817616393629548810e+01
4.615000000000000000e+02 5.393081704754442995e+01
4.616000061035156250e+02 4.855125749413527814e+01
4.617000122070312500e+02 5.909783478747683461e+01
4.617999877929687500e+02 6.906229104239082517e+01
4.618999938964843750e+02 6.961535324675841707e+01
4.620000000000000000e+02 6.778837312843370455e+01
4.621000061035156250e+02 6.706733254007154699e+01
4.622000122070312500e+02 6.344378564218660443e+01
4.622999877929687500e+02 6.393013623581081362e+01
4.623999938964843750e+02 6.739163692470303602e+01
4.625000000000000000e+02 5.922631484977599570e+01
4.626000061035156250e+02 6.029660839648335724e+01
4.627000122070312500e+02 5.212165881593310957e+01
4.627999877929687500e+02 5.535241075054396731e+01
4.628999938964843750e+02 6.664267729092732395e+01
4.630000000000000000e+02 6.398710420343325467e+01
4.631000061035156250e+02 6.101291356792135190e+01
4.632000122070312500e+02 6.644672240853117273e+01
4.632999877929687500e+02 8.094490187115522417e+01
4.633999938964843750e+02 7.495219414554109960e+01
4.635000000000000000e+02 6.513518879098072034e+01
4.636000061035156250e+02 6.053067392037362993e+01
4.637000122070312500e+02 6.398484133865539292e+01
4.637999877929687500e+02 5.343179562697724805e+01
4.638999938964843750e+02 5.778950254900000516e+01
4.640000000000000000e+02 6.070815805267630338e+01
4.641000061035156250e+02 5.607720575131117613e+01
4.642000122070312500e+02 6.585525756373901629e+01
4.642999877929687500e+02 6.251287292080306202e+01
4.643999938964843750e+02 5.007037283472335076e+01
4.645000000000000000e+02 7.601487905989765181e+01
4.646000061035156250e+02 7.196420277552574873e+01
4.647000122070312500e+02 6.762883274539724709e+01
4.647999877929687500e+02 7.916068432032844271e+01
4.648999938964843750e+02 8.228291995359725775e+01
4.650000000000000000e+02 6.584769958138031143e+01
4.651000061035156250e+02 7.739324466619385134e+01
4.652000122070312500e+02 6.873886502226041273e+01
4.652999877929687500e+02 6.265559001036184839e+01
4.653999938964843750e+02 6.829442310544841632e+01
4.655000000000000000e+02 5.809323401388673602e+01
4.656000061035156250e+02 5.997405150700382848e+01
4.657000122070312500e+02 5.956610608287742537e+01
4.657999877929687500e+02 5.757769145644832776e+01
4.658999938964843750e+02 5.300366351605934767e+01
4.660000000000000000e+02 5.274036908327455109e+01
4.661000061035156250e+02 5.441595253194880399e+01
4.662000122070312500e+02 5.601900261012831095e+01
4.662999877929687500e+02 5.282695393015202256e+01
4.663999938964843750e+02 4.422468887882833144e+01
4.665000000000000000e+02 6.850573639435825157e+01
4.666000061035156250e+02 5.791967824410193089e+01
4.667000122070312500e+02 4.454748703684295918e+01
4.667999877929687500e+02 5.082903932154320614e+01
4.668999938964843750e+02 5.786745543604728681e+01
4.670000000000000000e+02 7.017066957406356664e+01
4.671000061035156250e+02 8.122428700614307218e+01
4.672000122070312500e+02 9.403901825873593623e+01
4.672999877929687500e+02 7.939307194557318326e+01
4.673999938964843750e+02 8.211370803667809071e+01
4.675000000000000000e+02 7.233207471720156434e+01
4.676000061035156250e+02 6.048108058750734273e+01
4.677000122070312500e+02 6.116531087255653887e+01
4.677999877929687500e+02 7.562872678241129165e+01
4.678999938964843750e+02 6.207309298745962423e+01
4.680000000000000000e+02 5.912162360376230907e+01
4.681000061035156250e+02 5.988301483443752460e+01
4.682000122070312500e+02 5.440613205263003493e+01
4.682999877929687500e+02 5.480026153241819031e+01
4.683999938964843750e+02 5.109746304107194703e+01
4.685000000000000000e+02 5.484729105178744391e+01
4.686000061035156250e+02 6.029885967384440448e+01
4.687000122070312500e+02 5.740149049930762715e+01
4.687999877929687500e+02 6.570860709787342557e+01
4.688999938964843750e+02 6.438623854272981362e+01
4.690000000000000000e+02 6.510750245291728788e+01
4.691000061035156250e+02 5.949796270513198948e+01
4.692000122070312500e+02 5.790249433326469131e+01
4.692999877929687500e+02 5.844338953094259637e+01
4.693999938964843750e+02 6.384681470002437464e+01
4.695000000000000000e+02 6.483722892938664017e+01
4.696000061035156250e+02 7.476604193525905373e+01
4.697000122070312500e+02 7.283709811922423683e+01
4.697999877929687500e+02 7.566287731779098635e+01
4.698999938964843750e+02 7.888710523756245152e+01
4.700000000000000000e+02 7.610407640300672938e+01
4.701000061035156250e+02 7.742323172506557682e+01
4.702000122070312500e+02 6.830488803912048468e+01
4.702999877929687500e+02 6.182491190134236092e+01
4.703999938964843750e+02 7.657149524210025504e+01
4.705000000000000000e+02 6.682068705079457516e+01
4.706000061035156250e+02 7.564089714790920027e+01
4.707000122070312500e+02 7.020382709250966968e+01
4.707999877929687500e+02 5.627629619292342511e+01
4.708999938964843750e+02 4.648645159998244480e+01
4.710000000000000000e+02 4.685088043602026886e+01
4.711000061035156250e+02 3.507302482506830188e+01
4.712000122070312500e+02 4.307436003510631650e+01
4.712999877929687500e+02 3.794851734756639416e+01
4.713999938964843750e+02 4.738961941068696149e+01
4.715000000000000000e+02 5.788582876071218664e+01
4.716000061035156250e+02 7.197031652958708037e+01
4.717000122070312500e+02 7.496276238234020184e+01
4.717999877929687500e+02 7.641439872767716679e+01
4.718999938964843750e+02 8.040654043019448238e+01
4.720000000000000000e+02 6.857575387111452869e+01
4.721000061035156250e+02 7.358843645139714340e+01
4.722000122070312500e+02 8.787957036153359525e+01
4.722999877929687500e+02 9.002971996564275514e+01
4.723999938964843750e+02 7.653578650219205315e+01
4.725000000000000000e+02 9.163886942265959590e+01
4.726000061035156250e+02 9.497258513603625829e+01
4.727000122070312500e+02 7.875660553060133395e+01
4.727999877929687500e+02 7.225811774356277795e+01
4.728999938964843750e+02 7.780895185887882803e+01
4.730000000000000000e+02 7.093159904242489233e+01
4.731000061035156250e+02 8.789508983738038239e+01
4.732000122070312500e+02 7.638812997376258807e+01
4.732999877929687500e+02 8.145327882146662546e+01
4.733999938964843750e+02 7.191069568860565653e+01
4.735000000000000000e+02 5.685854504959657163e+01
4.736000061035156250e+02 3.968768011643705762e+01
4.737000122070312500e+02 4.988193562333097475e+01
4.737999877929687500e+02 6.615477659300891844e+01
4.738999938964843750e+02 6.116184569419955608e+01
4.740000000000000000e+02 5.875947898657181412e+01
4.741000061035156250e+02 6.522030140576593737e+01
4.742000122070312500e+02 6.008829771847696577e+01
4.742999877929687500e+02 5.255028850973989307e+01
4.743999938964843750e+02 3.540836564189658731e+01
4.745000000000000000e+02 3.662690625887740481e+01
4.746000061035156250e+02 5.051137324819182339e+01
4.747000122070312500e+02 5.429697605013270589e+01
4.747999877929687500e+02 6.240660328097766296e+01
4.748999938964843750e+02 4.554907309731706988e+01
4.750000000000000000e+02 5.465157812586756592e+01
4.751000061035156250e+02 5.283691267610614517e+01
4.752000122070312500e+02 5.570470125051203780e+01
4.752999877929687500e+02 3.439189652153758914e+01
4.753999938964843750e+02 3.359489322772920161e+01
4.755000000000000000e+02 3.774488043588359432e+01
4.756000061035156250e+02 4.128152358343233885e+01
4.757000122070312500e+02 4.004910120624884939e+01
4.757999877929687500e+02 4.926866366361308280e+01
4.758999938964843750e+02 4.925311732376854224e+01
4.760000000000000000e+02 4.919443733349943670e+01
4.761000061035156250e+02 5.674360937518969905e+01
4.762000122070312500e+02 5.664692809307646826e+01
4.762999877929687500e+02 5.231651576181971564e+01
4.763999938964843750e+02 5.061294203342995957e+01
4.765000000000000000e+02 5.208587785776825996e+01
4.766000061035156250e+02 5.065714975818043087e+01
4.767000122070312500e+02 6.113334406396216991e+01
4.767999877929687500e+02 6.283146166280636180e+01
4.768999938964843750e+02 5.513306925574214290e+01
4.770000000000000000e+02 5.809288343837466329e+01
4.771000061035156250e+02 5.161871303721539306e+01
4.772000122070312500e+02 6.130456516329827821e+01
4.772999877929687500e+02 5.743153313815652439e+01
4.773999938964843750e+02 6.098327741679886316e+01
4.775000000000000000e+02 6.033661259565307944e+01
4.776000061035156250e+02 6.915875496216459339e+01
4.777000122070312500e+02 7.376294301992557223e+01
4.777999877929687500e+02 6.374491042297289312e+01
4.778999938964843750e+02 5.499120568319098368e+01
4.780000000000000000e+02 6.380350804331304460e+01
4.781000061035156250e+02 6.446559722643843315e+01
4.782000122070312500e+02 7.759613745884510649e+01
4.782999877929687500e+02 6.433666985503649016e+01
4.783999938964843750e+02 4.920916705510538947e+01
4.785000000000000000e+02 4.792930204002411898e+01
4.786000061035156250e+02 5.624950857717056607e+01
4.787000122070312500e+02 6.846648005681488769e+01
4.787999877929687500e+02 6.839378845724361611e+01
4.788999938964843750e+02 6.075693117865896653e+01
4.790000000000000000e+02 6.610867910708537920e+01
4.791000061035156250e+02 5.348399239428291452e+01
4.792000122070312500e+02 6.067787179461456049e+01
4.792999877929687500e+02 6.220495786773861369e+01
4.793999938964843750e+02 8.570645048816537326e+01
4.795000000000000000e+02 9.780147605562693514e+01
4.796000061035156250e+02 8.262845428553784188e+01
4.797000122070312500e+02 9.954023768364713476e+01
4.797999877929687500e+02 9.446454569292779979e+01
4.798999938964843750e+02 9.774275508758361752e+01
4.800000000000000000e+02 8.394309095994907466e+01
4.801000061035156250e+02 7.363238822270662354e+01
4.802000122070312500e+02 6.488674026258043170e+01
4.802999877929687500e+02 7.753268154811796364e+01
4.803999938964843750e+02 6.911135136386873512e+01
4.805000000000000000e+02 8.119216851893928322e+01
4.806000061035156250e+02 6.900721492623492281e+01
4.807000122070312500e+02 7.726556298539442480e+01
4.807999877929687500e+02 8.786602220583311862e+01
4.808999938964843750e+02 8.920752471857140620e+01
4.810000000000000000e+02 9.471333340433895387e+01
4.811000061035156250e+02 8.207487256956605393e+01
4.812000122070312500e+02 9.977808888646040941e+01
4.812999877929687500e+02 6.599608890994217347e+01
4.813999938964843750e+02 6.867117481523459332e+01
4.815000000000000000e+02 7.527847641277698187e+01
4.816000061035156250e+02 5.742349819012541445e+01
4.817000122070312500e+02 6.487520603218608528e+01
4.817999877929687500e+02 6.874971626038620798e+01
4.818999938964843750e+02 6.050785415309015747e+01
4.820000000000000000e+02 5.062520425533410418e+01
4.821000061035156250e+02 5.559656065530731439e+01
4.822000122070312500e+02 5.166724264491045204e+01
4.822999877929687500e+02 6.162120692805417121e+01
4.823999938964843750e+02 6.861730732870347538e+01
4.825000000000000000e+02 6.562350640655296274e+01
4.826000061035156250e+02 6.710942972488409453e+01
4.827000122070312500e+02 5.132147185768648256e+01
4.827999877929687500e+02 5.125804955007414065e+01
4.828999938964843750e+02 5.735317145860071264e+01
4.830000000000000000e+02 6.592837820332310628e+01
4.831000061035156250e+02 8.606202572347417856e+01
4.832000122070312500e+02 8.927371042626191411e+01
4.832999877929687500e+02 7.229473831028664677e+01
4.833999938964843750e+02 7.152967899226332804e+01
4.835000000000000000e+02 7.497533679717707855e+01
4.836000061035156250e+02 5.991326699207120754e+01
4.837000122070312500e+02 6.294001753099234264e+01
4.837999877929687500e+02 6.234201918385181784e+01
4.838999938964843750e+02 6.685731827197747634e+01
4.840000000000000000e+02 6.218156227367312283e+01
4.841000061035156250e+02 5.166757699979741147e+01
4.842000122070312500e+02 5.494380799712003949e+01
4.842999877929687500e+02 6.731034275172078196e+01
4.843999938964843750e+02 5.993493149789592422e+01
4.845000000000000000e+02 7.693804938144552352e+01
4.846000061035156250e+02 7.457363223476343705e+01
4.847000122070312500e+02 7.806819754933360400e+01
4.847999877929687500e+02 7.695848179738672457e+01
4.848999938964843750e+02 5.552265445716346193e+01
4.850000000000000000e+02 5.935654790596227315e+01
4.851000061035156250e+02 5.322863456023253548e+01
4.852000122070312500e+02 5.513824598857717518e+01
4.852999877929687500e+02 4.740765272902213212e+01
4.853999938964843750e+02 4.800353469970372799e+01
4.855000000000000000e+02 4.236991297316288296e+01
4.856000061035156250e+02 3.534763216211896264e+01
4.857000122070312500e+02 4.342987064849064893e+01
4.857999877929687500e+02 4.266294577012142497e+01
4.858999938964843750e+02 3.826726506854068788e+01
4.860000000000000000e+02 5.821574869895692927e+01
4.861000061035156250e+02 5.881896304499282735e+01
4.862000122070312500e+02 5.771810958711797923e+01
4.862999877929687500e+02 7.663935669918522819e+01
4.863999938964843750e+02 7.798141792131512773e+01
4.865000000000000000e+02 8.002716767149422594e+01
4.866000061035156250e+02 7.274793658848457767e+01
4.867000122070312500e+02 7.253373033324243124e+01
4.867999877929687500e+02 7.547884132189265927e+01
4.868999938964843750e+02 4.870891805762601479e+01
4.870000000000000000e+02 4.831380446005757534e+01
4.871000061035156250e+02 3.749653181107667166e+01
4.872000122070312500e+02 2.692693649190130500e+01
4.872999877929687500e+02 3.099060109367522031e+01
4.873999938964843750e+02 2.941303576069269710e+01
4.875000000000000000e+02 4.343761094290618274e+01
4.876000061035156250e+02 3.742096009381176458e+01
4.877000122070312500e+02 3.862129530580633485e+01
4.877999877929687500e+02 3.234833551045264954e+01
4.878999938964843750e+02 2.750759696703496715e+01
4.880000000000000000e+02 2.703615429788646907e+01
4.881000061035156250e+02 2.445595089845892289e+01
4.882000122070312500e+02 3.321615277846808567e+01
4.882999877929687500e+02 5.704960154581503673e+01
4.883999938964843750e+02 6.106293338099511914e+01
4.885000000000000000e+02 5.061515666270951641e+01
4.886000061035156250e+02 7.514362548194488056e+01
4.887000122070312500e+02 6.250485964932155269e+01
4.887999877929687500e+02 5.954638716541617072e+01
4.888999938964843750e+02 5.550108102380141162e+01
4.890000000000000000e+02 7.998158916313788325e+01
4.891000061035156250e+02 7.922361506114020813e+01
4.892000122070312500e+02 8.556391571989421152e+01
4.892999877929687500e+02 8.665015974692663292e+01
4.893999938964843750e+02 6.040605364573797686e+01
4.895000000000000000e+02 4.699915969052693043e+01
4.896000061035156250e+02 7.071033949220839077e+01
4.897000122070312500e+02 5.620131972761298300e+01
4.897999877929687500e+02 4.912793885590416920e+01
4.898999938964843750e+02 5.105339043107755259e+01
4.900000000000000000e+02 5.983720491362792160e+01
4.901000061035156250e+02 6.914529883683147204e+01
4.902000122070312500e+02 6.952352416734426299e+01
4.902999877929687500e+02 7.406787306861758680e+01
4.903999938964843750e+02 6.811853029220964117e+01
4.905000000000000000e+02 7.961571624578418493e+01
4.906000061035156250e+02 7.975084925431336558e+01
4.907000122070312500e+02 7.535761534174110921e+01
4.907999877929687500e+02 1.011626327103809757e+02
4.908999938964843750e+02 1.001505833202169669e+02
4.910000000000000000e+02 8.123512641961229974e+01
4.911000061035156250e+02 7.688599014596658776e+01
4.912000122070312500e+02 8.340905240998189640e+01
4.912999877929687500e+02 8.711012908996622173e+01
4.913999938964843750e+02 7.535662104307938591e+01
4.915000000000000000e+02 7.106964538416288235e+01
4.916000061035156250e+02 5.635961682435651454e+01
4.917000122070312500e+02 5.424718337848418770e+01
4.917999877929687500e+02 5.910726251363520589e+01
4.918999938964843750e+02 6.735104463273744102e+01
4.920000000000000000e+02 6.242681001814316488e+01
4.921000061035156250e+02 6.721388301602988236e+01
4.922000122070312500e+02 7.810870551846447540e+01
4.922999877929687500e+02 7.859970168961991988e+01
4.923999938964843750e+02 7.191686341000783500e+01
4.925000000000000000e+02 6.203464436071524801e+01
4.926000061035156250e+02 5.735459371404412821e+01
4.927000122070312500e+02 4.453605513436789920e+01
4.927999877929687500e+02 6.356301245075514572e+01
4.928999938964843750e+02 4.222835828868677766e+01
4.930000000000000000e+02 3.952914119169588503e+01
4.931000061035156250e+02 4.752142775252023910e+01
4.932000122070312500e+02 4.518734677809819544e+01
4.932999877929687500e+02 5.541446237718621859e+01
4.933999938964843750e+02 4.861840163625326738e+01
4.935000000000000000e+02 4.679028871410990575e+01
4.936000061035156250e+02 4.833131751781671426e+01
4.937000122070312500e+02 5.198873951149510475e+01
4.937999877929687500e+02 6.392508494476640379e+01
4.938999938964843750e+02 6.307236289494106529e+01
4.940000000000000000e+02 6.332716087519641945e+01
4.941000061035156250e+02 6.163782531426382150e+01
4.942000122070312500e+02 7.048457800074294255e+01
4.942999877929687500e+02 6.885765777668748910e+01
4.943999938964843750e+02 8.182155845892444290e+01
4.945000000000000000e+02 7.496262551098242000e+01
4.946000061035156250e+02 6.011953438230114699e+01
4.947000122070312500e+02 7.139472289385429349e+01
4.947999877929687500e+02 6.599459339402781666e+01
4.948999938964843750e+02 5.875375516060625358e+01
4.950000000000000000e+02 5.182125605046933003e+01
4.951000061035156250e+02 6.198114250504369238e+01
4.952000122070312500e+02 4.986204699817667318e+01
4.952999877929687500e+02 4.921857392757948446e+01
4.953999938964843750e+02 6.973655910986832396e+01
4.955000000000000000e+02 7.138290404246363607e+01
4.956000061035156250e+02 7.788417013337762285e+01
4.957000122070312500e+02 7.625710790482283130e+01
4.957999877929687500e+02 8.280689823853830944e+01
4.958999938964843750e+02 6.295018223818086511e+01
4.960000000000000000e+02 6.126076369193012994e+01
4.961000061035156250e+02 5.846649096351216457e+01
4.962000122070312500e+02 6.083280838916324029e+01
4.962999877929687500e+02 5.655934410421140512e+01
4.963999938964843750e+02 5.528547843439760356e+01
4.965000000000000000e+02 6.229692110870875155e+01
4.966000061035156250e+02 7.309025175291016296e+01
4.967000122070312500e+02 4.324312230208069252e+01
4.967999877929687500e+02 3.737177272838739839e+01
4.968999938964843750e+02 3.290518602562651296e+01
4.970000000000000000e+02 3.066315950932047585e+01
4.971000061035156250e+02 3.968222471272369489e+01
4.972000122070312500e+02 3.912668788329852276e+01
4.972999877929687500e+02 5.237310597651049449e+01
4.973999938964843750e+02 3.643223643138612999e+01
4.975000000000000000e+02 3.944985648241313925e+01
4.976000061035156250e+02 2.695640404682474767e+01
4.977000122070312500e+02 2.357590160280263092e+01
4.977999877929687500e+02 2.046649829727861203e+01
4.978999938964843750e+02 2.950283788333457835e+01
4.980000000000000000e+02 2.796658293737855061e+01
4.981000061035156250e+02 2.511012236698141109e+01
4.982000122070312500e+02 3.026890882202268429e+01
4.982999877929687500e+02 3.300682148666741966e+01
4.983999938964843750e+02 3.751377467218699024e+01
4.985000000000000000e+02 2.918157731759862372e+01
4.986000061035156250e+02 2.119876244127809173e+01
4.987000122070312500e+02 3.609512489341886976e+01
4.987999877929687500e+02 5.062400231590735444e+01
4.988999938964843750e+02 5.839884731461355472e+01
4.990000000000000000e+02 7.918463071271578713e+01
4.991000061035156250e+02 6.533584990248832014e+01
4.992000122070312500e+02 6.190713125460825950e+01
4.992999877929687500e+02 6.277761845790655570e+01
4.993999938964843750e+02 7.519682634143546807e+01
4.995000000000000000e+02 6.354528018407764023e+01
4.996000061035156250e+02 5.013226617185991074e+01
4.997000122070312500e+02 5.847618995856846169e+01
4.997999877929687500e+02 5.804348915888904514e+01
4.998999938964843750e+02 5.478377911048030313e+01
5.000000000000000000e+02 6.483345588342893961e+01
5.001000061035156250e+02 7.044960367475235330e+01
5.002000122070312500e+02 8.533974491809443919e+01
5.002999877929687500e+02 7.025415206353588360e+01
5.003999938964843750e+02 7.936891894989986440e+01
5.005000000000000000e+02 7.624266952955457555e+01
5.006000061035156250e+02 7.661176336991881897e+01
5.007000122070312500e+02 8.139182641504682181e+01
5.007999877929687500e+02 6.282436954231085480e+01
5.008999938964843750e+02 5.576872288080261342e+01
5.010000000000000000e+02 7.334258023290713879e+01
5.011000061035156250e+02 7.186167442564054397e+01
5.012000122070312500e+02 6.026703020136193345e+01
5.012999877929687500e+02 4.959921768652517926e+01
5.013999938964843750e+02 3.422179834645312013e+01
5.015000000000000000e+02 5.478412273012096989e+01
5.016000061035156250e+02 5.644459740658205504e+01
5.017000122070312500e+02 6.834748362247881914e+01
5.017999877929687500e+02 7.493641923654905668e+01
5.018999938964843750e+02 8.954154693463868853e+01
5.020000000000000000e+02 9.700434489665593674e+01
5.021000061035156250e+02 6.715491930985987779e+01
5.022000122070312500e+02 7.959937785407350930e+01
5.022999877929687500e+02 7.051613264725759223e+01
5.023999938964843750e+02 6.105757786027474765e+01
5.025000000000000000e+02 6.485362706999599425e+01
5.026000061035156250e+02 6.972347660699678329e+01
5.027000122070312500e+02 6.079469251070105429e+01
5.027999877929687500e+02 5.604543743154747659e+01
5.028999938964843750e+02 5.651240270156039713e+01
5.030000000000000000e+02 5.631609827487653774e+01
5.031000061035156250e+02 8.067346327400296957e+01
5.032000122070312500e+02 7.397267643216898136e+01
5.032999877929687500e+02 7.366295354546836904e+01
5.033999938964843750e+02 8.245314721130543489e+01
5.035000000000000000e+02 7.750656644669813033e+01
5.036000061035156250e+02 6.453931455765032865e+01
5.037000122070312500e+02 7.305163682681663317e+01
5.037999877929687500e+02 8.966849016906699887e+01
5.038999938964843750e+02 9.115767006125464889e+01
5.040000000000000000e+02 9.468323667229451246e+01
5.041000061035156250e+02 8.743387003634796883e+01
5.042000122070312500e+02 1.100419747447521530e+02
5.042999877929687500e+02 1.029644826540201450e+02
5.043999938964843750e+02 1.181522019530005707e+02
5.045000000000000000e+02 9.994707494437236051e+01
5.046000061035156250e+02 8.626415152193838765e+01
5.047000122070312500e+02 5.818131426952287200e+01
5.047999877929687500e+02 6.938237409599364014e+01
5.048999938964843750e+02 7.283340385031917208e+01
5.050000000000000000e+02 7.306781053343108567e+01
5.051000061035156250e+02 7.243961918255580201e+01
5.052000122070312500e+02 7.488372825892413687e+01
5.052999877929687500e+02 7.957685791407368470e+01
5.053999938964843750e+02 8.532961511668872845e+01
5.055000000000000000e+02 7.539234994138870150e+01
5.056000061035156250e+02 7.021583012455033668e+01
5.057000122070312500e+02 6.875907055965841153e+01
5.057999877929687500e+02 6.023124269572210210e+01
5.058999938964843750e+02 5.583481449599448609e+01
5.060000000000000000e+02 5.290048828331980246e+01
5.061000061035156250e+02 4.437946921133028866e+01
5.062000122070312500e+02 4.764167500548185075e+01
5.062999877929687500e+02 4.498206446413802695e+01
5.063999938964843750e+02 4.726739545165247591e+01
5.065000000000000000e+02 5.294104135315296134e+01
5.066000061035156250e+02 4.726294065381375731e+01
5.067000122070312500e+02 4.805136554459471654e+01
5.067999877929687500e+02 4.845417022719242084e+01
5.068999938964843750e+02 4.951922476482073421e+01
5.070000000000000000e+02 5.038911117279683083e+01
5.071000061035156250e+02 5.716431102857943358e+01
5.072000122070312500e+02 6.407513193205622315e+01
5.072999877929687500e+02 4.963251315384939488e+01
5.073999938964843750e+02 4.543228001200632349e+01
5.075000000000000000e+02 3.869349442225571778e+01
5.076000061035156250e+02 3.546802703239278998e+01
5.077000122070312500e+02 6.350136057393018518e+01
5.077999877929687500e+02 5.916162113729825478e+01
5.078999938964843750e+02 4.675034965794986164e+01
5.080000000000000000e+02 5.121378462932565157e+01
5.081000061035156250e+02 4.024365108838547656e+01
5.082000122070312500e+02 3.577656969891300776e+01
5.082999877929687500e+02 3.260328893976227249e+01
5.083999938964843750e+02 3.530701387264927149e+01
5.085000000000000000e+02 4.155700849619737625e+01
5.086000061035156250e+02 3.198311116046382452e+01
5.087000122070312500e+02 3.760166754375328679e+01
5.087999877929687500e+02 4.072135005188351897e+01
5.088999938964843750e+02 4.704555068776354432e+01
5.090000000000000000e+02 5.519427680753231158e+01
5.091000061035156250e+02 7.014237256114002150e+01
5.092000122070312500e+02 7.054604227403396521e+01
5.092999877929687500e+02 7.718805306152505352e+01
5.093999938964843750e+02 7.769507333737230681e+01
5.095000000000000000e+02 5.437130957742710535e+01
5.096000061035156250e+02 4.774987301295464448e+01
5.097000122070312500e+02 4.840696440333253037e+01
5.097999877929687500e+02 6.343890189474593200e+01
5.098999938964843750e+02 6.417515702850838011e+01
5.100000000000000000e+02 6.991776070485406080e+01
5.101000061035156250e+02 4.838040207015706784e+01
5.102000122070312500e+02 5.050969699009451119e+01
5.102999877929687500e+02 6.902918985989641953e+01
5.103999938964843750e+02 5.292426318012908837e+01
5.105000000000000000e+02 4.523881158739577302e+01
5.106000061035156250e+02 2.320527799445460460e+01
5.107000122070312500e+02 3.836289851484695390e+01
5.107999877929687500e+02 4.948659023548849234e+01
5.108999938964843750e+02 4.557106803796565231e+01
5.110000000000000000e+02 3.921904439625798489e+01
5.111000061035156250e+02 4.208138734585980956e+01
5.112000122070312500e+02 4.643256514417755909e+01
5.112999877929687500e+02 4.596593588609089664e+01
5.113999938964843750e+02 5.415289282312951968e+01
5.115000000000000000e+02 6.525141176142912514e+01
5.116000061035156250e+02 5.691992662894075039e+01
5.117000122070312500e+02 6.166697763165240787e+01
5.117999877929687500e+02 5.837375165590204062e+01
5.118999938964843750e+02 7.316833321352709163e+01
5.120000000000000000e+02 6.520718060019366646e+01
5.120999755859375000e+02 6.688373404853314241e+01
5.122000122070312500e+02 5.445878609468456943e+01
5.122999877929687500e+02 4.252989542852403559e+01
5.124000244140625000e+02 5.195001746031353917e+01
5.125000000000000000e+02 5.272153134192758728e+01
5.125999755859375000e+02 5.700635076817176383e+01
5.127000122070312500e+02 7.023412922318891560e+01
5.127999877929687500e+02 5.886994194419167314e+01
5.129000244140625000e+02 6.086135108282658024e+01
5.130000000000000000e+02 5.346937321334909399e+01
5.130999755859375000e+02 2.786167165783146871e+01
5.132000122070312500e+02 3.928874271460701806e+01
5.132999877929687500e+02 4.362517697359702140e+01
5.134000244140625000e+02 3.472953232077300356e+01
5.135000000000000000e+02 3.164052230632572815e+01
5.135999755859375000e+02 2.802057456805934521e+01
5.137000122070312500e+02 2.632454471635893256e+01
5.137999877929687500e+02 3.138704252293048569e+01
5.139000244140625000e+02 3.079276583574212722e+01
5.140000000000000000e+02 2.673293087245026811e+01
5.140999755859375000e+02 3.036180608710818163e+01
5.142000122070312500e+02 3.277266058338630472e+01
5.142999877929687500e+02 4.438797332895324388e+01
5.144000244140625000e+02 6.927197448688266945e+01
5.145000000000000000e+02 6.027719215905756300e+01
5.145999755859375000e+02 5.405170560236200572e+01
5.147000122070312500e+02 5.535295132286066178e+01
5.147999877929687500e+02 5.172474634245211433e+01
5.149000244140625000e+02 4.755186548513990630e+01
5.150000000000000000e+02 5.637971114257757677e+01
5.150999755859375000e+02 6.311868974521563302e+01
5.152000122070312500e+02 7.725847914951900464e+01
5.152999877929687500e+02 5.713397006993523064e+01
5.154000244140625000e+02 4.469579202891487313e+01
5.155000000000000000e+02 4.128946943822012372e+01
5.155999755859375000e+02 3.436810272137394406e+01
5.157000122070312500e+02 4.361495990776699472e+01
5.157999877929687500e+02 4.793416334060258777e+01
5.159000244140625000e+02 5.965913701720911888e+01
5.160000000000000000e+02 7.672663694264771550e+01
5.160999755859375000e+02 7.547082994954060098e+01
5.162000122070312500e+02 8.195663403013467985e+01
5.162999877929687500e+02 6.013568540622198100e+01
5.164000244140625000e+02 7.118945805003467342e+01
5.165000000000000000e+02 7.813638435458301501e+01
5.165999755859375000e+02 5.457275789405640154e+01
5.167000122070312500e+02 6.631541285094561999e+01
5.167999877929687500e+02 5.336415680291064945e+01
5.169000244140625000e+02 5.550705774429525263e+01
5.170000000000000000e+02 6.162154284206609134e+01
5.170999755859375000e+02 5.992396163983506341e+01
5.172000122070312500e+02 6.956727958502573017e+01
5.172999877929687500e+02 8.173064045050782056e+01
5.174000244140625000e+02 8.065524764228891286e+01
5.175000000000000000e+02 7.738320382497369110e+01
5.175999755859375000e+02 9.830234550308003350e+01
5.177000122070312500e+02 8.018722776541468988e+01
5.177999877929687500e+02 7.915383659577592823e+01
5.179000244140625000e+02 6.738825424870434233e+01
5.180000000000000000e+02 6.308878233035959227e+01
5.180999755859375000e+02 5.532859593565124356e+01
5.182000122070312500e+02 5.723934241438182369e+01
5.182999877929687500e+02 5.984517068126827866e+01
5.184000244140625000e+02 6.623614319882163670e+01
5.185000000000000000e+02 6.645276062280932194e+01
5.185999755859375000e+02 8.189574628563887870e+01
5.187000122070312500e+02 8.339993487942395234e+01
5.187999877929687500e+02 7.744428575509863322e+01
5.189000244140625000e+02 9.064039873846760997e+01
5.190000000000000000e+02 7.815902484665191707e+01
5.190999755859375000e+02 7.626349059886048565e+01
5.192000122070312500e+02 7.146645139096443700e+01
5.192999877929687500e+02 8.167437967697976831e+01
5.194000244140625000e+02 7.719152128379799649e+01
5.195000000000000000e+02 7.598622790002038130e+01
5.195999755859375000e+02 6.728709181119465654e+01
5.197000122070312500e+02 7.679924065298712321e+01
5.197999877929687500e+02 7.523817814570027451e+01
5.199000244140625000e+02 9.758549931520668963e+01
5.200000000000000000e+02 7.182599855262223798e+01
5.200999755859375000e+02 7.685206639302556653e+01
5.202000122070312500e+02 4.946153715526774164e+01
5.202999877929687500e+02 4.185761880417124559e+01
5.204000244140625000e+02 5.094806635005167550e+01
5.205000000000000000e+02 5.093179485207997459e+01
5.205999755859375000e+02 7.327024487956730070e+01
5.207000122070312500e+02 7.572805908244302486e+01
5.207999877929687500e+02 8.180840661458071850e+01
5.209000244140625000e+02 6.075875481602854222e+01
5.210000000000000000e+02 7.174600848012715915e+01
5.210999755859375000e+02 6.567427222323946978e+01
5.212000122070312500e+02 6.126933946087106619e+01
5.212999877929687500e+02 6.771515778325438362e+01
5.214000244140625000e+02 6.350755650863613511e+01
5.215000000000000000e+02 5.637244927386438320e+01
5.215999755859375000e+02 5.008142276339339105e+01
5.217000122070312500e+02 6.091498948750783882e+01
5.217999877929687500e+02 6.590849617773881164e+01
5.219000244140625000e+02 5.384452881373048427e+01
5.220000000000000000e+02 3.695521502697042848e+01
5.220999755859375000e+02 2.248791410115248013e+01
5.222000122070312500e+02 2.028605018931511239e+01
5.222999877929687500e+02 1.764960376817901633e+01
5.224000244140625000e+02 1.532958867617694487e+01
5.225000000000000000e+02 1.653002084074471867e+01
5.225999755859375000e+02 1.552741244457447500e+01
5.227000122070312500e+02 1.673939633928063486e+01
5.227999877929687500e+02 1.434179166061252886e+01
5.229000244140625000e+02 1.377778900698406339e+01
5.230000000000000000e+02 1.476865178349557972e+01
5.230999755859375000e+02 1.439983090593165116e+01
5.232000122070312500e+02 1.721039931574117077e+01
5.232999877929687500e+02 1.685218702840669280e+01
5.234000244140625000e+02 1.651537690889324850e+01
5.235000000000000000e+02 2.128308569506629766e+01
5.235999755859375000e+02 3.059629309802465258e+01
5.237000122070312500e+02 3.287763967925102548e+01
5.237999877929687500e+02 3.268918730668226402e+01
5.239000244140625000e+02 3.014788428911333185e+01
5.240000000000000000e+02 3.258681330259676656e+01
5.240999755859375000e+02 4.158354230212626845e+01
5.242000122070312500e+02 3.683856745722261650e+01
5.242999877929687500e+02 3.665450694270982979e+01
5.244000244140625000e+02 3.256951818808492760e+01
5.245000000000000000e+02 3.036995626644136692e+01
5.245999755859375000e+02 2.884410546779023932e+01
5.247000122070312500e+02 2.700597516665430575e+01
5.247999877929687500e+02 3.181751013670541539e+01
5.249000244140625000e+02 3.062113333831513629e+01
5.250000000000000000e+02 2.623326846490115827e+01
5.250999755859375000e+02 2.698551347379205367e+01
5.252000122070312500e+02 2.905675136633030675e+01
5.252999877929687500e+02 3.193780473341916704e+01
5.254000244140625000e+02 4.522264044316330001e+01
5.255000000000000000e+02 5.901287648760841620e+01
5.255999755859375000e+02 6.517271714811137429e+01
5.257000122070312500e+02 7.600752173624648833e+01
5.257999877929687500e+02 9.356094352211192700e+01
5.259000244140625000e+02 6.476095435263486877e+01
5.260000000000000000e+02 7.303361013149148562e+01
5.260999755859375000e+02 7.248007129667486481e+01
5.262000122070312500e+02 7.572816570116224000e+01
5.262999877929687500e+02 7.316129348161042856e+01
5.264000244140625000e+02 8.073931756331069209e+01
5.265000000000000000e+02 6.400117653668222317e+01
5.265999755859375000e+02 6.586098624639342347e+01
5.267000122070312500e+02 6.276775439524669054e+01
5.267999877929687500e+02 7.565867403767289545e+01
5.269000244140625000e+02 6.130478043903221419e+01
5.270000000000000000e+02 7.033527420318944223e+01
5.270999755859375000e+02 7.282492531570973426e+01
5.272000122070312500e+02 7.167539783054384372e+01
5.272999877929687500e+02 7.959903626174308044e+01
5.274000244140625000e+02 7.792268807725876911e+01
5.275000000000000000e+02 7.027666607137967958e+01
5.275999755859375000e+02 6.211457345672760511e+01
5.277000122070312500e+02 6.506544974385823821e+01
5.277999877929687500e+02 4.380495929183256010e+01
5.279000244140625000e+02 4.559807746060197786e+01
5.280000000000000000e+02 3.360426073008431302e+01
5.280999755859375000e+02 4.155134279393339369e+01
5.282000122070312500e+02 4.812266165892837222e+01
5.282999877929687500e+02 5.139421779062320184e+01
5.284000244140625000e+02 5.107738075200627037e+01
5.285000000000000000e+02 4.874807143901938389e+01
5.285999755859375000e+02 5.411650655098106455e+01
5.287000122070312500e+02 5.415536694093376724e+01
5.287999877929687500e+02 5.993454796713588451e+01
5.289000244140625000e+02 4.290918720979483680e+01
5.290000000000000000e+02 3.999345321837417089e+01
5.290999755859375000e+02 3.317818867208831790e+01
5.292000122070312500e+02 2.203780171851738601e+01
5.292999877929687500e+02 3.983582923344257409e+01
5.294000244140625000e+02 3.705220305543249282e+01
5.295000000000000000e+02 4.187788147241725767e+01
5.295999755859375000e+02 3.727218179814767041e+01
5.297000122070312500e+02 4.240370099789581104e+01
5.297999877929687500e+02 5.433349596618680977e+01
5.299000244140625000e+02 6.677848111149728538e+01
5.300000000000000000e+02 5.667466631758438211e+01
5.300999755859375000e+02 7.488696888164250254e+01
5.302000122070312500e+02 8.176732431663103284e+01
5.302999877929687500e+02 8.070221710768748835e+01
5.304000244140625000e+02 6.828702492534917212e+01
5.305000000000000000e+02 9.402478085098653082e+01
5.305999755859375000e+02 9.147127828748945433e+01
5.307000122070312500e+02 9.164426360900023383e+01
5.307999877929687500e+02 8.092857786147483523e+01
5.309000244140625000e+02 8.161159353727187238e+01
5.310000000000000000e+02 6.742271109075618085e+01
5.310999755859375000e+02 6.627442750685329997e+01
5.312000122070312500e+02 6.913024021499978744e+01
5.312999877929687500e+02 7.168023948650443344e+01
5.314000244140625000e+02 7.429621260132023508e+01
5.315000000000000000e+02 8.800914307353018273e+01
5.315999755859375000e+02 7.619823530520449140e+01
5.317000122070312500e+02 7.587032486776790563e+01
5.317999877929687500e+02 8.418733113011219871e+01
5.319000244140625000e+02 7.388577712679399667e+01
5.320000000000000000e+02 7.451273275348303571e+01
5.320999755859375000e+02 6.554283015949609137e+01
5.322000122070312500e+02 7.093209545615538048e+01
5.322999877929687500e+02 7.237652316688254928e+01
5.324000244140625000e+02 6.508915952922454551e+01
5.325000000000000000e+02 7.787635396158383116e+01
5.325999755859375000e+02 8.122901675934792820e+01
5.327000122070312500e+02 6.792801945477313552e+01
5.327999877929687500e+02 6.414934357629795159e+01
5.329000244140625000e+02 5.620119093707101854e+01
5.330000000000000000e+02 5.437205580400696192e+01
5.330999755859375000e+02 5.152027942311296727e+01
5.332000122070312500e+02 4.877131032946901712e+01
5.332999877929687500e+02 3.586644544301927340e+01
5.334000244140625000e+02 3.895480035564577292e+01
5.335000000000000000e+02 4.944650452908575744e+01
5.335999755859375000e+02 5.763324272650940117e+01
5.337000122070312500e+02 5.821974967225457220e+01
5.337999877929687500e+02 5.725492146081238332e+01
5.339000244140625000e+02 6.070151635643928500e+01
5.340000000000000000e+02 5.008983765756893547e+01
5.340999755859375000e+02 4.518854275234338047e+01
5.342000122070312500e+02 4.754582452073950094e+01
5.342999877929687500e+02 3.466729937488901214e+01
5.344000244140625000e+02 4.489582913984659740e+01
5.345000000000000000e+02 4.177926957914257855e+01
5.345999755859375000e+02 4.321358581571155355e+01
5.347000122070312500e+02 4.302623373577416288e+01
5.347999877929687500e+02 6.722111105654896335e+01
5.349000244140625000e+02 5.581098398188891707e+01
5.350000000000000000e+02 7.176997971698214940e+01
5.350999755859375000e+02 7.003883772957138376e+01
5.352000122070312500e+02 6.645374069270621931e+01
5.352999877929687500e+02 6.464672038524737729e+01
5.354000244140625000e+02 7.427119129831970668e+01
5.355000000000000000e+02 7.623037456460487249e+01
5.355999755859375000e+02 5.989231169780978092e+01
5.357000122070312500e+02 5.682277310697661221e+01
5.357999877929687500e+02 5.789419530975059303e+01
5.359000244140625000e+02 6.724676907826342642e+01
5.360000000000000000e+02 5.858094885753470038e+01
5.360999755859375000e+02 4.781375267890000202e+01
5.362000122070312500e+02 6.077208916429489705e+01
5.362999877929687500e+02 6.771239658278889806e+01
5.364000244140625000e+02 4.841196316905595154e+01
5.365000000000000000e+02 5.411581332092427488e+01
5.365999755859375000e+02 5.336930576775354496e+01
5.367000122070312500e+02 5.767816864925182330e+01
5.367999877929687500e+02 4.306919013071343016e+01
5.369000244140625000e+02 5.283230789106733738e+01
5.370000000000000000e+02 7.635441046314524272e+01
5.370999755859375000e+02 8.576629390144819354e+01
5.372000122070312500e+02 7.491301265080798544e+01
5.372999877929687500e+02 6.058804804298500812e+01
5.374000244140625000e+02 6.885159284870479723e+01
5.375000000000000000e+02 6.262365286811278509e+01
5.375999755859375000e+02 8.779191822875559126e+01
5.377000122070312500e+02 7.640278974194330885e+01
5.377999877929687500e+02 8.832917328848343175e+01
5.379000244140625000e+02 9.070102572406158004e+01
5.380000000000000000e+02 8.034649221085170723e+01
5.380999755859375000e+02 7.043439639597035296e+01
5.382000122070312500e+02 4.957823656464638162e+01
5.382999877929687500e+02 5.679623158152531204e+01
5.384000244140625000e+02 6.098330848260884807e+01
5.385000000000000000e+02 7.813453772237737383e+01
5.385999755859375000e+02 7.058424324358084334e+01
5.387000122070312500e+02 8.130818713683359533e+01
5.387999877929687500e+02 7.137413114476198928e+01
5.389000244140625000e+02 9.116781073959221260e+01
5.390000000000000000e+02 7.919809270576699589e+01
5.390999755859375000e+02 6.961950171669630549e+01
5.392000122070312500e+02 6.437849211772251579e+01
5.392999877929687500e+02 7.936995127481465317e+01
5.394000244140625000e+02 7.944554567731563566e+01
5.395000000000000000e+02 8.228886871795960190e+01
5.395999755859375000e+02 7.238826139393626136e+01
5.397000122070312500e+02 7.388258872797584331e+01
5.397999877929687500e+02 7.085146764995113244e+01
5.399000244140625000e+02 6.959781834649471932e+01
5.400000000000000000e+02 7.097718555618116909e+01
5.400999755859375000e+02 8.708279434434749078e+01
5.402000122070312500e+02 6.654410539662822544e+01
5.402999877929687500e+02 8.158223341359554581e+01
5.404000244140625000e+02 6.780184666455612330e+01
5.405000000000000000e+02 7.820852424603573638e+01
5.405999755859375000e+02 7.666693325383478452e+01
5.407000122070312500e+02 7.453261087107858884e+01
5.407999877929687500e+02 7.262944698110652553e+01
5.409000244140625000e+02 6.199329604562109353e+01
5.410000000000000000e+02 7.350277373221543087e+01
5.410999755859375000e+02 5.873188829615585149e+01
5.412000122070312500e+02 4.597303814468811112e+01
5.412999877929687500e+02 3.851435284499329725e+01
5.414000244140625000e+02 2.876335774046080829e+01
5.415000000000000000e+02 2.487018872770266498e+01
5.415999755859375000e+02 3.154141495728128319e+01
5.417000122070312500e+02 3.583772404130498046e+01
5.417999877929687500e+02 4.262368419996946045e+01
5.419000244140625000e+02 4.412662624801224354e+01
5.420000000000000000e+02 5.651936310684418174e+01
5.420999755859375000e+02 5.702926699326624771e+01
5.422000122070312500e+02 6.532662868823572921e+01
5.422999877929687500e+02 7.044757773814461643e+01
5.424000244140625000e+02 7.262954077634817907e+01
5.425000000000000000e+02 6.507939175796339271e+01
5.425999755859375000e+02 7.313667063601138807e+01
5.427000122070312500e+02 9.162914965453956029e+01
5.427999877929687500e+02 1.001517759890739541e+02
5.429000244140625000e+02 1.010017968935399892e+02
5.430000000000000000e+02 9.788889612144856756e+01
5.430999755859375000e+02 7.785364146058510926e+01
5.432000122070312500e+02 9.092538294050558534e+01
5.432999877929687500e+02 5.606852580140981956e+01
5.434000244140625000e+02 6.127717395640900122e+01
5.435000000000000000e+02 6.308453715517679683e+01
5.435999755859375000e+02 5.909286778284654673e+01
5.437000122070312500e+02 7.685475115984438332e+01
5.437999877929687500e+02 7.346775174237282613e+01
5.439000244140625000e+02 7.554608688740984235e+01
5.440000000000000000e+02 7.610640007185133982e+01
5.440999755859375000e+02 7.009171769075882708e+01
5.442000122070312500e+02 9.020679594029707005e+01
5.442999877929687500e+02 8.085686795010732908e+01
5.444000244140625000e+02 8.220679696696457484e+01
5.445000000000000000e+02 6.352045204791651400e+01
5.445999755859375000e+02 6.142376447834326569e+01
5.447000122070312500e+02 6.092603702780874642e+01
5.447999877929687500e+02 6.454404345850606717e+01
5.449000244140625000e+02 6.286892997744825351e+01
5.450000000000000000e+02 5.647851702245856131e+01
5.450999755859375000e+02 4.670605638164750673e+01
5.452000122070312500e+02 5.629178807298099230e+01
5.452999877929687500e+02 4.404273839773897237e+01
5.454000244140625000e+02 3.741579142480556897e+01
5.455000000000000000e+02 2.874533898817108835e+01
5.455999755859375000e+02 3.450014043531628971e+01
5.457000122070312500e+02 3.486433268711108013e+01
5.457999877929687500e+02 4.323648486256413292e+01
5.459000244140625000e+02 7.564906838426300340e+01
5.460000000000000000e+02 4.611767304379418420e+01
5.460999755859375000e+02 4.195900424305086318e+01
5.462000122070312500e+02 4.439211603350028668e+01
5.462999877929687500e+02 5.015658666023568202e+01
5.464000244140625000e+02 4.854980049867397440e+01
5.465000000000000000e+02 4.535454766545122141e+01
5.465999755859375000e+02 4.394510210704856235e+01
5.467000122070312500e+02 5.824827942199724617e+01
5.467999877929687500e+02 5.825927414464742782e+01
5.469000244140625000e+02 5.914388679786347325e+01
5.470000000000000000e+02 4.265588442406394165e+01
5.470999755859375000e+02 4.048538760171400241e+01
5.472000122070312500e+02 3.501751452993654823e+01
5.472999877929687500e+02 2.886725616259627714e+01
5.474000244140625000e+02 2.745186559543994775e+01
5.475000000000000000e+02 3.003191110852643675e+01
5.475999755859375000e+02 2.889213965502285930e+01
5.477000122070312500e+02 4.018341190497716298e+01
5.477999877929687500e+02 4.943863306277816605e+01
5.479000244140625000e+02 3.472658140745394206e+01
5.480000000000000000e+02 3.737825459374493420e+01
5.480999755859375000e+02 3.296213361935074460e+01
5.482000122070312500e+02 3.073985010955258090e+01
5.482999877929687500e+02 3.729508078734355081e+01
5.484000244140625000e+02 3.253654402341060603e+01
5.485000000000000000e+02 4.123089793764103916e+01
5.485999755859375000e+02 3.808698214470012289e+01
5.487000122070312500e+02 5.087838941642570489e+01
5.487999877929687500e+02 6.519200472805898983e+01
5.489000244140625000e+02 5.954992816024184066e+01
5.490000000000000000e+02 4.009425776392652097e+01
5.490999755859375000e+02 3.198693753050701005e+01
5.492000122070312500e+02 4.045532450020278503e+01
5.492999877929687500e+02 4.532976884949851382e+01
5.494000244140625000e+02 5.545081913634354720e+01
5.495000000000000000e+02 6.104734524383075467e+01
5.495999755859375000e+02 6.375799960967736268e+01
5.497000122070312500e+02 4.690969107076379885e+01
5.497999877929687500e+02 5.456151275163387027e+01
5.499000244140625000e+02 7.370082303969005011e+01
5.500000000000000000e+02 4.335383237494182396e+01
5.500999755859375000e+02 4.559642703934093078e+01
5.502000122070312500e+02 5.715511301741570804e+01
5.502999877929687500e+02 6.069315926260497207e+01
5.504000244140625000e+02 5.200165757685861934e+01
5.505000000000000000e+02 4.378014862737371971e+01
5.505999755859375000e+02 5.512772030262590306e+01
5.507000122070312500e+02 5.482629577273485211e+01
5.507999877929687500e+02 3.617346816803512866e+01
5.509000244140625000e+02 4.486547090437708363e+01
5.510000000000000000e+02 5.441052249950676156e+01
5.510999755859375000e+02 5.870810265500006153e+01
5.512000122070312500e+02 5.074071112462998201e+01
5.512999877929687500e+02 4.520699412337864942e+01
5.514000244140625000e+02 3.350495377844459455e+01
5.515000000000000000e+02 5.093012171208379613e+01
5.515999755859375000e+02 7.974180887573450605e+01
5.517000122070312500e+02 6.916154973821222995e+01
5.517999877929687500e+02 5.778571638890792173e+01
5.519000244140625000e+02 7.037154228527253963e+01
5.520000000000000000e+02 6.521402979491809049e+01
5.520999755859375000e+02 8.436469819878010412e+01
5.522000122070312500e+02 6.544918929314188460e+01
5.522999877929687500e+02 5.641565657678442136e+01
5.524000244140625000e+02 4.522404274313781514e+01
5.525000000000000000e+02 3.020194354299345818e+01
5.525999755859375000e+02 2.571082978235392247e+01
5.527000122070312500e+02 2.504933689007807729e+01
5.527999877929687500e+02 3.195386454748195604e+01
5.529000244140625000e+02 4.507006334337584263e+01
5.530000000000000000e+02 5.471926196099172302e+01
5.530999755859375000e+02 4.546280341515365819e+01
5.532000122070312500e+02 4.321593525802786218e+01
5.532999877929687500e+02 6.033387988653310430e+01
5.534000244140625000e+02 7.064969659208117037e+01
5.535000000000000000e+02 6.137222012176518149e+01
5.535999755859375000e+02 6.543756274767228831e+01
5.537000122070312500e+02 6.237277619465694301e+01
5.537999877929687500e+02 6.486720595942722412e+01
5.539000244140625000e+02 6.923838300934923495e+01
5.540000000000000000e+02 7.232212742526424165e+01
5.540999755859375000e+02 7.235917610606027495e+01
5.542000122070312500e+02 8.123978245586371827e+01
5.542999877929687500e+02 6.535164965138913828e+01
5.544000244140625000e+02 4.317344859576103033e+01
5.545000000000000000e+02 3.208950036359439650e+01
5.545999755859375000e+02 4.789924129309361689e+01
5.547000122070312500e+02 4.357105760490683366e+01
5.547999877929687500e+02 5.428802126419484608e+01
5.549000244140625000e+02 5.458966657670161027e+01
5.550000000000000000e+02 4.685014123381862561e+01
5.550999755859375000e+02 4.829167820755078111e+01
5.552000122070312500e+02 4.776230005439149551e+01
5.552999877929687500e+02 5.282594962224176527e+01
5.554000244140625000e+02 5.262497084260801472e+01
5.555000000000000000e+02 5.406051263442086707e+01
5.555999755859375000e+02 5.349459239684182421e+01
5.557000122070312500e+02 5.264481574341390768e+01
5.557999877929687500e+02 5.044069929380256667e+01
5.559000244140625000e+02 4.783433023484361257e+01
5.560000000000000000e+02 4.080408689050966586e+01
5.560999755859375000e+02 4.577334414711470600e+01
5.562000122070312500e+02 4.047782103928538788e+01
5.562999877929687500e+02 4.538465918102476593e+01
5.564000244140625000e+02 5.496715797888457189e+01
5.565000000000000000e+02 5.524472401916533926e+01
5.565999755859375000e+02 6.378045547320134290e+01
5.567000122070312500e+02 6.909981489622265372e+01
5.567999877929687500e+02 5.898430184391860109e+01
5.569000244140625000e+02 5.340082448023483153e+01
5.570000000000000000e+02 7.719931352783969203e+01
5.570999755859375000e+02 7.261793452248420522e+01
5.572000122070312500e+02 7.542155746480555933e+01
5.572999877929687500e+02 7.765458528389679316e+01
5.574000244140625000e+02 7.582725225696313487e+01
5.575000000000000000e+02 5.487973027216465738e+01
5.575999755859375000e+02 6.747210681666832954e+01
5.577000122070312500e+02 6.872443520637392567e+01
5.577999877929687500e+02 6.287334157988695438e+01
5.579000244140625000e+02 5.594478755061381037e+01
5.580000000000000000e+02 5.862195255342751210e+01
5.580999755859375000e+02 7.870041627777207793e+01
5.582000122070312500e+02 7.163698188404349310e+01
5.582999877929687500e+02 6.043791567848671775e+01
5.584000244140625000e+02 4.560785727221993824e+01
5.585000000000000000e+02 5.468306507821989015e+01
5.585999755859375000e+02 5.576428843829751258e+01
5.587000122070312500e+02 5.774095615622660205e+01
5.587999877929687500e+02 4.700214068403164447e+01
5.589000244140625000e+02 4.093596384531753074e+01
5.590000000000000000e+02 4.865425121832673483e+01
5.590999755859375000e+02 5.274416484952431006e+01
5.592000122070312500e+02 4.221681018886186365e+01
5.592999877929687500e+02 4.506709731166355226e+01
5.594000244140625000e+02 5.144373231322922635e+01
5.595000000000000000e+02 5.260021849343651468e+01
5.595999755859375000e+02 7.389186660956313801e+01
5.597000122070312500e+02 6.198359474181982165e+01
5.597999877929687500e+02 7.686505585925503681e+01
5.599000244140625000e+02 6.353738377764705092e+01
5.600000000000000000e+02 5.699085162131628834e+01
5.600999755859375000e+02 5.184643605493139518e+01
5.602000122070312500e+02 7.082977010642606785e+01
5.602999877929687500e+02 7.209024534393984140e+01
5.604000244140625000e+02 6.846908634393305704e+01
5.605000000000000000e+02 7.178906095949589883e+01
5.605999755859375000e+02 7.789057277095632514e+01
5.607000122070312500e+02 8.099457392833092229e+01
5.607999877929687500e+02 9.129876898691507847e+01
5.609000244140625000e+02 8.493050363800365687e+01
5.610000000000000000e+02 6.681005893052493150e+01
5.610999755859375000e+02 8.522985085012021500e+01
5.612000122070312500e+02 9.318483967512200650e+01
5.612999877929687500e+02 8.148352268899664352e+01
5.614000244140625000e+02 7.457264700219297993e+01
5.615000000000000000e+02 5.404341657028778201e+01
5.615999755859375000e+02 4.336587550635990596e+01
5.617000122070312500e+02 6.514023701030352242e+01
5.617999877929687500e+02 4.564198423417666106e+01
5.619000244140625000e+02 5.192872786888015213e+01
5.620000000000000000e+02 5.141520297908034109e+01
5.620999755859375000e+02 4.299215133650142917e+01
5.622000122070312500e+02 3.211409799617124605e+01
5.622999877929687500e+02 3.925854060112381205e+01
5.624000244140625000e+02 3.016989591976933482e+01
5.625000000000000000e+02 2.594100773526735892e+01
5.625999755859375000e+02 2.816597055999116961e+01
5.627000122070312500e+02 5.339942727244226717e+01
5.627999877929687500e+02 6.506292002220639858e+01
5.629000244140625000e+02 5.748214052296332000e+01
5.630000000000000000e+02 6.604683607997245076e+01
5.630999755859375000e+02 7.923728244464849979e+01
5.632000122070312500e+02 6.616561682941809863e+01
5.632999877929687500e+02 6.235779513063729951e+01
5.634000244140625000e+02 6.305310862166934527e+01
5.635000000000000000e+02 4.350167470372553424e+01
5.635999755859375000e+02 4.962770012180011747e+01
5.637000122070312500e+02 5.735876866009289188e+01
5.637999877929687500e+02 5.800305583001598819e+01
5.639000244140625000e+02 5.901386899258074692e+01
5.640000000000000000e+02 6.369754803618952366e+01
5.640999755859375000e+02 7.468910002604971510e+01
5.642000122070312500e+02 6.979613297978053765e+01
5.642999877929687500e+02 8.537731232325924680e+01
5.644000244140625000e+02 8.410814375908618956e+01
5.645000000000000000e+02 7.553936028440874395e+01
5.645999755859375000e+02 7.334184293543295041e+01
5.647000122070312500e+02 6.702780595893119653e+01
5.647999877929687500e+02 9.273548335949710975e+01
5.649000244140625000e+02 7.916210216559854018e+01
5.650000000000000000e+02 7.235049058853265080e+01
5.650999755859375000e+02 7.710962100674355213e+01
5.652000122070312500e+02 7.705726574547274765e+01
5.652999877929687500e+02 6.703976228610729038e+01
5.654000244140625000e+02 6.515301782736209191e+01
5.655000000000000000e+02 6.264806685288795762e+01
5.655999755859375000e+02 7.010750092907288433e+01
5.657000122070312500e+02 5.829727405013706232e+01
5.657999877929687500e+02 4.623408307185886912e+01
5.659000244140625000e+02 5.040318800421804468e+01
5.660000000000000000e+02 5.636558590534866653e+01
5.660999755859375000e+02 7.571888520318248084e+01
5.662000122070312500e+02 4.847338243813843661e+01
5.662999877929687500e+02 6.457267400495447873e+01
5.664000244140625000e+02 6.843609745473378325e+01
5.665000000000000000e+02 5.410185092191188261e+01
5.665999755859375000e+02 6.499953344830376523e+01
5.667000122070312500e+02 4.920455351129835719e+01
5.667999877929687500e+02 4.031552296408136726e+01
5.669000244140625000e+02 5.399499613138738852e+01
5.670000000000000000e+02 4.543909270319776539e+01
5.670999755859375000e+02 6.129903298685923829e+01
5.672000122070312500e+02 6.479177641193028592e+01
5.672999877929687500e+02 5.781994841586158174e+01
5.674000244140625000e+02 6.450109366001890976e+01
5.675000000000000000e+02 8.774782782234599665e+01
5.675999755859375000e+02 8.477019609078467965e+01
5.677000122070312500e+02 6.311305887738487286e+01
5.677999877929687500e+02 7.671543825588582877e+01
5.679000244140625000e+02 5.428196061487713564e+01
5.680000000000000000e+02 8.260914120799205307e+01
5.680999755859375000e+02 8.749913980031993788e+01
5.682000122070312500e+02 9.511630306262864565e+01
5.682999877929687500e+02 6.822370146235805066e+01
5.684000244140625000e+02 7.157841938299861795e+01
5.685000000000000000e+02 7.941419849175949253e+01
5.685999755859375000e+02 7.289710768057385337e+01
5.687000122070312500e+02 7.075033881805924807e+01
5.687999877929687500e+02 8.507184521335997829e+01
5.689000244140625000e+02 7.308006131914181935e+01
5.690000000000000000e+02 8.194037087737636682e+01
5.690999755859375000e+02 7.730365526982436108e+01
5.692000122070312500e+02 9.223704298377778343e+01
5.692999877929687500e+02 8.957812153222937468e+01
5.694000244140625000e+02 9.172626695662674479e+01
5.695000000000000000e+02 7.989405620832566512e+01
5.695999755859375000e+02 6.955726267775560245e+01
5.697000122070312500e+02 9.436088166813941314e+01
5.697999877929687500e+02 9.360030768092219944e+01
5.699000244140625000e+02 9.119910758630736325e+01
5.700000000000000000e+02 8.991179205243629724e+01
5.700999755859375000e+02 8.558251843186977226e+01
5.702000122070312500e+02 9.059263012882775001e+01
5.702999877929687500e+02 7.654353093834812682e+01
5.704000244140625000e+02 7.635812793065288417e+01
5.705000000000000000e+02 6.896576910501008228e+01
5.705999755859375000e+02 5.443996666393946526e+01
5.707000122070312500e+02 5.884012753228146408e+01
5.707999877929687500e+02 6.017626151002509971e+01
5.709000244140625000e+02 5.681739310488595152e+01
5.710000000000000000e+02 4.708574842650509140e+01
5.710999755859375000e+02 6.166056010050498060e+01
5.712000122070312500e+02 6.161019989291828836e+01
5.712999877929687500e+02 6.736405806673603536e+01
5.714000244140625000e+02 5.772394378841687512e+01
5.715000000000000000e+02 6.457174311587299087e+01
5.715999755859375000e+02 6.472717768244213232e+01
5.717000122070312500e+02 7.340906041526233139e+01
5.717999877929687500e+02 7.146265820607358421e+01
5.719000244140625000e+02 7.226115989313925070e+01
5.720000000000000000e+02 5.442344157068865229e+01
5.720999755859375000e+02 5.397021629055024761e+01
5.722000122070312500e+02 5.439983403861445055e+01
5.722999877929687500e+02 5.911978135508481103e+01
5.724000244140625000e+02 5.476722558579576372e+01
5.725000000000000000e+02 7.536751420535331647e+01
5.725999755859375000e+02 7.079626955937375499e+01
5.727000122070312500e+02 7.118688317174265023e+01
5.727999877929687500e+02 6.685002531303244666e+01
5.729000244140625000e+02 6.900876636399551955e+01
5.730000000000000000e+02 6.409715981155218856e+01
5.730999755859375000e+02 7.124966783437631079e+01
5.732000122070312500e+02 7.923462068112122836e+01
5.732999877929687500e+02 8.328944779973777202e+01
5.734000244140625000e+02 6.708101859307953418e+01
5.735000000000000000e+02 6.296122921397203953e+01
5.735999755859375000e+02 5.926516402477335532e+01
5.737000122070312500e+02 7.107186146676686178e+01
5.737999877929687500e+02 5.861028716962256624e+01
5.739000244140625000e+02 6.695300238525625502e+01
5.740000000000000000e+02 8.347405155888634454e+01
5.740999755859375000e+02 8.480062595758653288e+01
5.742000122070312500e+02 8.874963347300105454e+01
5.742999877929687500e+02 8.371708803571679880e+01
5.744000244140625000e+02 7.461560351346814457e+01
5.745000000000000000e+02 7.572204884479822340e+01
5.745999755859375000e+02 7.818393356741370326e+01
5.747000122070312500e+02 7.270533261500376909e+01
5.747999877929687500e+02 6.833481996250115742e+01
5.749000244140625000e+02 8.511798915200137117e+01
5.750000000000000000e+02 6.871863581251680841e+01
5.750999755859375000e+02 7.751979528949256348e+01
5.752000122070312500e+02 5.927133592419853159e+01
5.752999877929687500e+02 5.647529806161325894e+01
5.754000244140625000e+02 5.728695639591474276e+01
5.755000000000000000e+02 5.629217460405548223e+01
5.755999755859375000e+02 5.804959826536895662e+01
5.757000122070312500e+02 5.520166821957266023e+01
5.757999877929687500e+02 4.449860951485412386e+01
5.759000244140625000e+02 4.467040346279475926e+01
5.760000000000000000e+02 3.979849472263185817e+01
5.760999755859375000e+02 5.053775370998615557e+01
5.762000122070312500e+02 4.506912632287374976e+01
5.762999877929687500e+02 4.843744921668263714e+01
5.764000244140625000e+02 4.254680053502976023e+01
5.765000000000000000e+02 3.772436947898097515e+01
5.765999755859375000e+02 3.996845216048172489e+01
5.767000122070312500e+02 3.450954029022769731e+01
5.767999877929687500e+02 2.354639393436928430e+01
5.769000244140625000e+02 2.523082854225921423e+01
5.770000000000000000e+02 3.237746176652004237e+01
5.770999755859375000e+02 2.878333438015464552e+01
5.772000122070312500e+02 4.783447568896018254e+01
5.772999877929687500e+02 5.396665533759050248e+01
5.774000244140625000e+02 3.858644695461134688e+01
5.775000000000000000e+02 2.802764617676080405e+01
5.775999755859375000e+02 2.579253636761881552e+01
5.777000122070312500e+02 2.188997914583167770e+01
5.777999877929687500e+02 2.347451541315161094e+01
5.779000244140625000e+02 2.508884707880274689e+01
5.780000000000000000e+02 3.105747359994867551e+01
5.780999755859375000e+02 3.804441654023321462e+01
5.782000122070312500e+02 2.938118810069967068e+01
5.782999877929687500e+02 3.501720980843254694e+01
5.784000244140625000e+02 5.185290279202056496e+01
5.785000000000000000e+02 4.356001319775094771e+01
5.785999755859375000e+02 3.538355680522566615e+01
5.787000122070312500e+02 3.516725320643762132e+01
5.787999877929687500e+02 3.913246052334943670e+01
5.789000244140625000e+02 4.693624476971354653e+01
5.790000000000000000e+02 4.338883591510949600e+01
5.790999755859375000e+02 3.460758356812670655e+01
5.792000122070312500e+02 2.448552438126075259e+01
5.792999877929687500e+02 2.575135064392215511e+01
5.794000244140625000e+02 2.088056418852356444e+01
5.795000000000000000e+02 3.097528597104292558e+01
5.795999755859375000e+02 3.813987287664097181e+01
5.797000122070312500e+02 3.853927922580391652e+01
5.797999877929687500e+02 4.581272301687165793e+01
5.799000244140625000e+02 7.584176670370261775e+01
5.800000000000000000e+02 8.591669680814587196e+01
5.800999755859375000e+02 8.830570944334057515e+01
5.802000122070312500e+02 8.999086534200614551e+01
5.802999877929687500e+02 6.895959077606940468e+01
5.804000244140625000e+02 7.527504507108649534e+01
5.805000000000000000e+02 8.428993013092537012e+01
5.805999755859375000e+02 7.989543222638729958e+01
5.807000122070312500e+02 9.150034862510021583e+01
5.807999877929687500e+02 6.174586264811622272e+01
5.809000244140625000e+02 7.394845205048973469e+01
5.810000000000000000e+02 8.801233862830197552e+01
5.810999755859375000e+02 8.019782490045741952e+01
5.812000122070312500e+02 7.696436587254926565e+01
5.812999877929687500e+02 7.958153521174519085e+01
5.814000244140625000e+02 6.077604048843986106e+01
5.815000000000000000e+02 7.487201330702758639e+01
5.815999755859375000e+02 6.692042904946806914e+01
5.817000122070312500e+02 6.430897110769122094e+01
5.817999877929687500e+02 7.593389316389114185e+01
5.819000244140625000e+02 7.116618599957158153e+01
5.820000000000000000e+02 6.868401253897731351e+01
5.820999755859375000e+02 5.849705114940790907e+01
5.822000122070312500e+02 5.776578898380135030e+01
5.822999877929687500e+02 6.213660379220654306e+01
5.824000244140625000e+02 5.941312655762145312e+01
5.825000000000000000e+02 5.753056858777080862e+01
5.825999755859375000e+02 6.720514352339169761e+01
5.827000122070312500e+02 5.730422660754349806e+01
5.827999877929687500e+02 7.115390980533790355e+01
5.829000244140625000e+02 7.213108239048874282e+01
5.830000000000000000e+02 8.222647527290814651e+01
5.830999755859375000e+02 7.563427000440270831e+01
5.832000122070312500e+02 6.443363774617225204e+01
5.832999877929687500e+02 7.445547180327814374e+01
5.834000244140625000e+02 7.794550095564399328e+01
5.835000000000000000e+02 8.375719584652323135e+01
5.835999755859375000e+02 6.797867024012820991e+01
5.837000122070312500e+02 7.594673158967250970e+01
5.837999877929687500e+02 7.845002280446789200e+01
5.839000244140625000e+02 6.986096552640036350e+01
5.840000000000000000e+02 6.482223729642795718e+01
5.840999755859375000e+02 7.704296720275004873e+01
5.842000122070312500e+02 7.083526185315437829e+01
5.842999877929687500e+02 6.611203311427171059e+01
5.844000244140625000e+02 5.749958039066921600e+01
5.845000000000000000e+02 5.973942807649088849e+01
5.845999755859375000e+02 5.344639841125019331e+01
5.847000122070312500e+02 5.071540567251626896e+01
5.847999877929687500e+02 5.374191686399080936e+01
5.849000244140625000e+02 5.403210563636856278e+01
5.850000000000000000e+02 7.082475783768681765e+01
5.850999755859375000e+02 8.280539810384431121e+01
5.852000122070312500e+02 7.994786441505497976e+01
5.852999877929687500e+02 8.317212568811631002e+01
5.854000244140625000e+02 8.163807546397838166e+01
5.855000000000000000e+02 8.324337608468334793e+01
5.855999755859375000e+02 8.331216436170628015e+01
5.857000122070312500e+02 7.782964598648385390e+01
5.857999877929687500e+02 7.568384170147743362e+01
5.859000244140625000e+02 7.214350900245422338e+01
5.860000000000000000e+02 5.808167975801042360e+01
5.860999755859375000e+02 5.879119236653577474e+01
5.862000122070312500e+02 8.214540788459386533e+01
5.862999877929687500e+02 7.854543746594769971e+01
5.864000244140625000e+02 8.102937421737735235e+01
5.865000000000000000e+02 7.812568080739363552e+01
5.865999755859375000e+02 7.401423742069837886e+01
5.867000122070312500e+02 4.800879128715433097e+01
5.867999877929687500e+02 6.367924365329948699e+01
5.869000244140625000e+02 6.412058486381845057e+01
5.870000000000000000e+02 5.496759950750506363e+01
5.870999755859375000e+02 5.363288678252830977e+01
5.872000122070312500e+02 4.145781441439084603e+01
5.872999877929687500e+02 4.391756168610610445e+01
5.874000244140625000e+02 3.895053170784422747e+01
5.875000000000000000e+02 5.385894102793459126e+01
5.875999755859375000e+02 7.646303884136241891e+01
5.877000122070312500e+02 7.470634775008436179e+01
5.877999877929687500e+02 6.982004819476213697e+01
5.879000244140625000e+02 5.907605000626127634e+01
5.880000000000000000e+02 4.167746515788710582e+01
5.880999755859375000e+02 4.215729742377503442e+01
5.882000122070312500e+02 3.512162733603756948e+01
5.882999877929687500e+02 4.073717682781893501e+01
5.884000244140625000e+02 4.415979465697818540e+01
5.885000000000000000e+02 4.897844185271325301e+01
5.885999755859375000e+02 4.541968195113064155e+01
5.887000122070312500e+02 5.110775925359054384e+01
5.887999877929687500e+02 6.528597038490575244e+01
5.889000244140625000e+02 7.447113159476815269e+01
5.890000000000000000e+02 6.758598008536802126e+01
5.890999755859375000e+02 7.825062553265652809e+01
5.892000122070312500e+02 8.888592201785361624e+01
5.892999877929687500e+02 9.834678566250889276e+01
5.894000244140625000e+02 7.888814951122107288e+01
5.895000000000000000e+02 7.497691051832184428e+01
5.895999755859375000e+02 8.615182671089002042e+01
5.897000122070312500e+02 8.944959892868173768e+01
5.897999877929687500e+02 9.447347947066197094e+01
5.899000244140625000e+02 1.017991558330013504e+02
5.900000000000000000e+02 8.736880556792455366e+01
5.900999755859375000e+02 8.130152931101919478e+01
5.902000122070312500e+02 8.557115668290582278e+01
5.902999877929687500e+02 7.798619836466690458e+01
5.904000244140625000e+02 7.126478967839668144e+01
5.905000000000000000e+02 5.038357963125480410e+01
5.905999755859375000e+02 4.734759535840037614e+01
5.907000122070312500e+02 5.324865077205917885e+01
5.907999877929687500e+02 5.730893281086035529e+01
5.909000244140625000e+02 5.966699093275083499e+01
5.910000000000000000e+02 5.167278987355592790e+01
5.910999755859375000e+02 5.203626539338294066e+01
5.912000122070312500e+02 6.558007616936936301e+01
5.912999877929687500e+02 6.375427626919976376e+01
5.914000244140625000e+02 5.789117792836943721e+01
5.915000000000000000e+02 4.772832880565883329e+01
5.915999755859375000e+02 5.786702044794285626e+01
5.917000122070312500e+02 6.282443569099467595e+01
5.917999877929687500e+02 7.256422487308849156e+01
5.919000244140625000e+02 7.578173057367433785e+01
5.920000000000000000e+02 5.991091721738347786e+01
5.920999755859375000e+02 6.218313426937931609e+01
5.922000122070312500e+02 6.276114691966179038e+01
5.922999877929687500e+02 4.550456482650617573e+01
5.924000244140625000e+02 5.767403400649679668e+01
5.925000000000000000e+02 4.715467612101053163e+01
5.925999755859375000e+02 6.499744504087122721e+01
5.927000122070312500e+02 6.103717410329061011e+01
5.927999877929687500e+02 5.885800976699540854e+01
5.929000244140625000e+02 4.362603795044801558e+01
5.930000000000000000e+02 4.418138208083489360e+01
5.930999755859375000e+02 4.511622142921669365e+01
5.932000122070312500e+02 4.468567414375218050e+01
5.932999877929687500e+02 5.662131372615031921e+01
5.934000244140625000e+02 4.297459022790967964e+01
5.935000000000000000e+02 6.067782537961158340e+01
5.935999755859375000e+02 5.212584610265162866e+01
5.937000122070312500e+02 4.623694886227291789e+01
5.937999877929687500e+02 2.965183346514107754e+01
5.939000244140625000e+02 2.353070812421319147e+01
5.940000000000000000e+02 2.710296247992081575e+01
5.940999755859375000e+02 2.374386259665649135e+01
5.942000122070312500e+02 2.216878301622765690e+01
5.942999877929687500e+02 2.378124970914684511e+01
5.944000244140625000e+02 2.144383123414699099e+01
5.945000000000000000e+02 2.316085090455073470e+01
5.945999755859375000e+02 3.774886410870801257e+01
5.947000122070312500e+02 5.271330047328387280e+01
5.947999877929687500e+02 7.247937285054369738e+01
5.949000244140625000e+02 6.251478909115078153e+01
5.950000000000000000e+02 6.199813836373988352e+01
5.950999755859375000e+02 5.840252411976634761e+01
5.952000122070312500e+02 4.763546441956852817e+01
5.952999877929687500e+02 4.721661121210510714e+01
