0.000000000000000000e+00 3.600000000000000000e+01
1.000000014901161194e-01 3.200000000000000000e+01
2.000000029802322388e-01 3.500000000000000000e+01
3.000000119209289551e-01 2.700000000000000000e+01
4.000000059604644775e-01 2.700000000000000000e+01
5.000000000000000000e-01 3.000000000000000000e+01
6.000000238418579102e-01 2.600000000000000000e+01
6.999999880790710449e-01 2.700000000000000000e+01
8.000000119209289551e-01 3.100000000000000000e+01
8.999999761581420898e-01 2.400000000000000000e+01
1.000000000000000000e+00 3.000000000000000000e+01
1.100000023841857910e+00 2.800000000000000000e+01
1.200000047683715820e+00 3.100000000000000000e+01
1.299999952316284180e+00 3.100000000000000000e+01
1.399999976158142090e+00 3.200000000000000000e+01
1.500000000000000000e+00 3.200000000000000000e+01
1.600000023841857910e+00 2.700000000000000000e+01
1.700000047683715820e+00 2.800000000000000000e+01
1.799999952316284180e+00 2.500000000000000000e+01
1.899999976158142090e+00 2.800000000000000000e+01
2.000000000000000000e+00 2.900000000000000000e+01
2.099999904632568359e+00 3.100000000000000000e+01
2.200000047683715820e+00 2.700000000000000000e+01
2.299999952316284180e+00 2.900000000000000000e+01
2.400000095367431641e+00 3.000000000000000000e+01
2.500000000000000000e+00 2.800000000000000000e+01
2.599999904632568359e+00 3.100000000000000000e+01
2.700000047683715820e+00 3.300000000000000000e+01
2.799999952316284180e+00 3.100000000000000000e+01
2.900000095367431641e+00 3.700000000000000000e+01
3.000000000000000000e+00 3.600000000000000000e+01
3.099999904632568359e+00 3.300000000000000000e+01
3.200000047683715820e+00 3.600000000000000000e+01
3.299999952316284180e+00 3.200000000000000000e+01
3.400000095367431641e+00 3.300000000000000000e+01
3.500000000000000000e+00 2.200000000000000000e+01
3.599999904632568359e+00 2.900000000000000000e+01
3.700000047683715820e+00 2.800000000000000000e+01
3.799999952316284180e+00 3.100000000000000000e+01
3.900000095367431641e+00 2.700000000000000000e+01
4.000000000000000000e+00 2.500000000000000000e+01
4.099999904632568359e+00 2.700000000000000000e+01
4.199999809265136719e+00 2.800000000000000000e+01
4.300000190734863281e+00 3.000000000000000000e+01
4.400000095367431641e+00 3.100000000000000000e+01
4.500000000000000000e+00 2.700000000000000000e+01
4.599999904632568359e+00 3.000000000000000000e+01
4.699999809265136719e+00 2.800000000000000000e+01
4.800000190734863281e+00 3.000000000000000000e+01
4.900000095367431641e+00 2.700000000000000000e+01
5.000000000000000000e+00 2.700000000000000000e+01
5.099999904632568359e+00 2.900000000000000000e+01
5.199999809265136719e+00 2.800000000000000000e+01
5.300000190734863281e+00 2.600000000000000000e+01
5.400000095367431641e+00 2.800000000000000000e+01
5.500000000000000000e+00 2.600000000000000000e+01
5.599999904632568359e+00 2.800000000000000000e+01
5.699999809265136719e+00 2.900000000000000000e+01
5.800000190734863281e+00 2.400000000000000000e+01
5.900000095367431641e+00 2.600000000000000000e+01
6.000000000000000000e+00 2.800000000000000000e+01
6.099999904632568359e+00 3.000000000000000000e+01
6.199999809265136719e+00 3.300000000000000000e+01
6.300000190734863281e+00 2.700000000000000000e+01
6.400000095367431641e+00 2.500000000000000000e+01
6.500000000000000000e+00 2.800000000000000000e+01
6.599999904632568359e+00 2.600000000000000000e+01
6.699999809265136719e+00 3.100000000000000000e+01
6.800000190734863281e+00 2.600000000000000000e+01
6.900000095367431641e+00 2.500000000000000000e+01
7.000000000000000000e+00 2.800000000000000000e+01
7.099999904632568359e+00 2.400000000000000000e+01
7.199999809265136719e+00 2.300000000000000000e+01
7.300000190734863281e+00 2.300000000000000000e+01
7.400000095367431641e+00 2.500000000000000000e+01
7.500000000000000000e+00 2.600000000000000000e+01
7.599999904632568359e+00 2.500000000000000000e+01
7.699999809265136719e+00 2.300000000000000000e+01
7.800000190734863281e+00 2.400000000000000000e+01
7.900000095367431641e+00 2.600000000000000000e+01
8.000000000000000000e+00 2.700000000000000000e+01
8.100000381469726562e+00 2.200000000000000000e+01
8.199999809265136719e+00 2.700000000000000000e+01
8.300000190734863281e+00 2.700000000000000000e+01
8.399999618530273438e+00 2.500000000000000000e+01
8.500000000000000000e+00 2.400000000000000000e+01
8.600000381469726562e+00 2.200000000000000000e+01
8.699999809265136719e+00 2.800000000000000000e+01
8.800000190734863281e+00 2.800000000000000000e+01
8.899999618530273438e+00 2.900000000000000000e+01
9.000000000000000000e+00 2.700000000000000000e+01
9.100000381469726562e+00 2.900000000000000000e+01
9.199999809265136719e+00 3.100000000000000000e+01
9.300000190734863281e+00 2.700000000000000000e+01
9.399999618530273438e+00 3.100000000000000000e+01
9.500000000000000000e+00 3.200000000000000000e+01
9.600000381469726562e+00 2.800000000000000000e+01
9.699999809265136719e+00 2.200000000000000000e+01
9.800000190734863281e+00 2.500000000000000000e+01
9.899999618530273438e+00 2.500000000000000000e+01
1.000000000000000000e+01 2.600000000000000000e+01
1.010000038146972656e+01 3.300000000000000000e+01
1.019999980926513672e+01 3.100000000000000000e+01
1.030000019073486328e+01 2.700000000000000000e+01
1.039999961853027344e+01 2.600000000000000000e+01
1.050000000000000000e+01 2.700000000000000000e+01
1.060000038146972656e+01 3.000000000000000000e+01
1.069999980926513672e+01 3.200000000000000000e+01
1.080000019073486328e+01 3.000000000000000000e+01
1.089999961853027344e+01 3.200000000000000000e+01
1.100000000000000000e+01 2.900000000000000000e+01
1.110000038146972656e+01 2.800000000000000000e+01
1.119999980926513672e+01 2.900000000000000000e+01
1.130000019073486328e+01 2.600000000000000000e+01
1.139999961853027344e+01 2.900000000000000000e+01
1.150000000000000000e+01 3.100000000000000000e+01
1.160000038146972656e+01 3.400000000000000000e+01
1.169999980926513672e+01 3.500000000000000000e+01
1.180000019073486328e+01 3.400000000000000000e+01
1.189999961853027344e+01 3.300000000000000000e+01
1.200000000000000000e+01 3.800000000000000000e+01
1.210000038146972656e+01 3.500000000000000000e+01
1.219999980926513672e+01 3.600000000000000000e+01
1.230000019073486328e+01 3.700000000000000000e+01
1.239999961853027344e+01 3.300000000000000000e+01
1.250000000000000000e+01 3.300000000000000000e+01
1.260000038146972656e+01 3.300000000000000000e+01
1.269999980926513672e+01 3.500000000000000000e+01
1.280000019073486328e+01 3.500000000000000000e+01
1.289999961853027344e+01 3.700000000000000000e+01
1.300000000000000000e+01 3.200000000000000000e+01
1.310000038146972656e+01 3.100000000000000000e+01
1.319999980926513672e+01 3.000000000000000000e+01
1.330000019073486328e+01 2.800000000000000000e+01
1.339999961853027344e+01 2.900000000000000000e+01
1.350000000000000000e+01 2.400000000000000000e+01
1.360000038146972656e+01 2.900000000000000000e+01
1.369999980926513672e+01 2.500000000000000000e+01
1.380000019073486328e+01 2.700000000000000000e+01
1.389999961853027344e+01 2.900000000000000000e+01
1.400000000000000000e+01 2.500000000000000000e+01
1.410000038146972656e+01 2.800000000000000000e+01
1.419999980926513672e+01 2.900000000000000000e+01
1.430000019073486328e+01 3.000000000000000000e+01
1.439999961853027344e+01 3.000000000000000000e+01
1.450000000000000000e+01 2.700000000000000000e+01
1.460000038146972656e+01 2.900000000000000000e+01
1.469999980926513672e+01 2.800000000000000000e+01
1.480000019073486328e+01 2.400000000000000000e+01
1.489999961853027344e+01 2.900000000000000000e+01
1.500000000000000000e+01 3.000000000000000000e+01
1.510000038146972656e+01 2.800000000000000000e+01
1.519999980926513672e+01 2.800000000000000000e+01
1.530000019073486328e+01 2.900000000000000000e+01
1.539999961853027344e+01 2.800000000000000000e+01
1.550000000000000000e+01 2.500000000000000000e+01
1.560000038146972656e+01 2.800000000000000000e+01
1.569999980926513672e+01 2.400000000000000000e+01
1.580000019073486328e+01 2.600000000000000000e+01
1.589999961853027344e+01 2.500000000000000000e+01
1.600000000000000000e+01 2.800000000000000000e+01
1.610000038146972656e+01 2.500000000000000000e+01
1.620000076293945312e+01 2.500000000000000000e+01
1.629999923706054688e+01 2.800000000000000000e+01
1.639999961853027344e+01 2.300000000000000000e+01
1.650000000000000000e+01 2.500000000000000000e+01
1.660000038146972656e+01 2.500000000000000000e+01
1.670000076293945312e+01 2.400000000000000000e+01
1.679999923706054688e+01 2.600000000000000000e+01
1.689999961853027344e+01 2.900000000000000000e+01
1.700000000000000000e+01 2.800000000000000000e+01
1.710000038146972656e+01 3.100000000000000000e+01
1.720000076293945312e+01 2.600000000000000000e+01
1.729999923706054688e+01 2.700000000000000000e+01
1.739999961853027344e+01 2.900000000000000000e+01
1.750000000000000000e+01 2.900000000000000000e+01
1.760000038146972656e+01 2.500000000000000000e+01
1.770000076293945312e+01 2.700000000000000000e+01
1.779999923706054688e+01 2.500000000000000000e+01
1.789999961853027344e+01 2.900000000000000000e+01
1.800000000000000000e+01 2.700000000000000000e+01
1.810000038146972656e+01 2.600000000000000000e+01
1.820000076293945312e+01 2.800000000000000000e+01
1.829999923706054688e+01 2.800000000000000000e+01
1.839999961853027344e+01 3.000000000000000000e+01
1.850000000000000000e+01 2.700000000000000000e+01
1.860000038146972656e+01 2.500000000000000000e+01
1.870000076293945312e+01 2.500000000000000000e+01
1.879999923706054688e+01 2.800000000000000000e+01
1.889999961853027344e+01 2.700000000000000000e+01
1.900000000000000000e+01 3.000000000000000000e+01
1.910000038146972656e+01 2.500000000000000000e+01
1.920000076293945312e+01 2.500000000000000000e+01
1.929999923706054688e+01 2.800000000000000000e+01
1.939999961853027344e+01 2.900000000000000000e+01
1.950000000000000000e+01 2.300000000000000000e+01
1.960000038146972656e+01 2.900000000000000000e+01
1.970000076293945312e+01 2.800000000000000000e+01
1.979999923706054688e+01 2.800000000000000000e+01
1.989999961853027344e+01 2.500000000000000000e+01
2.000000000000000000e+01 2.400000000000000000e+01
2.010000038146972656e+01 3.000000000000000000e+01
2.020000076293945312e+01 2.700000000000000000e+01
2.029999923706054688e+01 3.000000000000000000e+01
2.039999961853027344e+01 3.200000000000000000e+01
2.050000000000000000e+01 3.400000000000000000e+01
2.060000038146972656e+01 3.100000000000000000e+01
2.070000076293945312e+01 3.200000000000000000e+01
2.079999923706054688e+01 3.000000000000000000e+01
2.089999961853027344e+01 3.400000000000000000e+01
2.100000000000000000e+01 3.500000000000000000e+01
2.110000038146972656e+01 3.900000000000000000e+01
2.120000076293945312e+01 3.400000000000000000e+01
2.129999923706054688e+01 3.600000000000000000e+01
2.139999961853027344e+01 3.200000000000000000e+01
2.150000000000000000e+01 3.200000000000000000e+01
2.160000038146972656e+01 3.000000000000000000e+01
2.170000076293945312e+01 3.200000000000000000e+01
2.179999923706054688e+01 3.000000000000000000e+01
2.189999961853027344e+01 2.900000000000000000e+01
2.200000000000000000e+01 2.900000000000000000e+01
2.210000038146972656e+01 3.100000000000000000e+01
2.220000076293945312e+01 2.800000000000000000e+01
2.229999923706054688e+01 2.900000000000000000e+01
2.239999961853027344e+01 3.000000000000000000e+01
2.250000000000000000e+01 2.800000000000000000e+01
2.260000038146972656e+01 2.900000000000000000e+01
2.270000076293945312e+01 3.000000000000000000e+01
2.279999923706054688e+01 2.800000000000000000e+01
2.289999961853027344e+01 2.700000000000000000e+01
2.300000000000000000e+01 2.900000000000000000e+01
2.310000038146972656e+01 2.700000000000000000e+01
2.320000076293945312e+01 2.900000000000000000e+01
2.329999923706054688e+01 2.400000000000000000e+01
2.339999961853027344e+01 2.500000000000000000e+01
2.350000000000000000e+01 2.600000000000000000e+01
2.360000038146972656e+01 3.000000000000000000e+01
2.370000076293945312e+01 3.200000000000000000e+01
2.379999923706054688e+01 3.200000000000000000e+01
2.389999961853027344e+01 3.000000000000000000e+01
2.400000000000000000e+01 2.900000000000000000e+01
2.410000038146972656e+01 2.800000000000000000e+01
2.420000076293945312e+01 2.700000000000000000e+01
2.429999923706054688e+01 2.700000000000000000e+01
2.439999961853027344e+01 2.800000000000000000e+01
2.450000000000000000e+01 2.900000000000000000e+01
2.460000038146972656e+01 2.900000000000000000e+01
2.470000076293945312e+01 2.900000000000000000e+01
2.479999923706054688e+01 2.700000000000000000e+01
2.489999961853027344e+01 2.700000000000000000e+01
2.500000000000000000e+01 3.200000000000000000e+01
2.510000038146972656e+01 2.400000000000000000e+01
2.520000076293945312e+01 3.000000000000000000e+01
2.529999923706054688e+01 2.900000000000000000e+01
2.539999961853027344e+01 3.100000000000000000e+01
2.550000000000000000e+01 3.300000000000000000e+01
2.560000038146972656e+01 3.100000000000000000e+01
2.570000076293945312e+01 3.000000000000000000e+01
2.579999923706054688e+01 2.900000000000000000e+01
2.589999961853027344e+01 3.100000000000000000e+01
2.600000000000000000e+01 3.200000000000000000e+01
2.610000038146972656e+01 2.900000000000000000e+01
2.620000076293945312e+01 2.500000000000000000e+01
2.629999923706054688e+01 2.700000000000000000e+01
2.639999961853027344e+01 2.800000000000000000e+01
2.650000000000000000e+01 2.900000000000000000e+01
2.660000038146972656e+01 2.900000000000000000e+01
2.670000076293945312e+01 3.000000000000000000e+01
2.679999923706054688e+01 3.000000000000000000e+01
2.689999961853027344e+01 2.900000000000000000e+01
2.700000000000000000e+01 2.600000000000000000e+01
2.710000038146972656e+01 2.900000000000000000e+01
2.720000076293945312e+01 2.800000000000000000e+01
2.729999923706054688e+01 2.800000000000000000e+01
2.739999961853027344e+01 2.800000000000000000e+01
2.750000000000000000e+01 3.100000000000000000e+01
2.760000038146972656e+01 2.900000000000000000e+01
2.770000076293945312e+01 2.500000000000000000e+01
2.779999923706054688e+01 2.800000000000000000e+01
2.789999961853027344e+01 3.000000000000000000e+01
2.800000000000000000e+01 2.300000000000000000e+01
2.810000038146972656e+01 2.900000000000000000e+01
2.820000076293945312e+01 3.400000000000000000e+01
2.829999923706054688e+01 2.600000000000000000e+01
2.839999961853027344e+01 2.500000000000000000e+01
2.850000000000000000e+01 2.700000000000000000e+01
2.860000038146972656e+01 3.000000000000000000e+01
2.870000076293945312e+01 3.100000000000000000e+01
2.879999923706054688e+01 3.000000000000000000e+01
2.889999961853027344e+01 2.700000000000000000e+01
2.900000000000000000e+01 3.000000000000000000e+01
2.910000038146972656e+01 2.800000000000000000e+01
2.920000076293945312e+01 3.000000000000000000e+01
2.929999923706054688e+01 2.500000000000000000e+01
2.939999961853027344e+01 2.600000000000000000e+01
2.950000000000000000e+01 2.900000000000000000e+01
2.960000038146972656e+01 2.600000000000000000e+01
2.970000076293945312e+01 2.700000000000000000e+01
2.979999923706054688e+01 2.900000000000000000e+01
2.989999961853027344e+01 2.900000000000000000e+01
3.000000000000000000e+01 2.500000000000000000e+01
3.010000038146972656e+01 2.600000000000000000e+01
3.020000076293945312e+01 3.200000000000000000e+01
3.029999923706054688e+01 2.500000000000000000e+01
3.039999961853027344e+01 3.000000000000000000e+01
3.050000000000000000e+01 2.400000000000000000e+01
3.060000038146972656e+01 2.900000000000000000e+01
3.070000076293945312e+01 3.000000000000000000e+01
3.079999923706054688e+01 3.700000000000000000e+01
3.089999961853027344e+01 2.800000000000000000e+01
3.100000000000000000e+01 2.900000000000000000e+01
3.110000038146972656e+01 3.200000000000000000e+01
3.120000076293945312e+01 3.000000000000000000e+01
3.129999923706054688e+01 3.300000000000000000e+01
3.139999961853027344e+01 3.600000000000000000e+01
3.150000000000000000e+01 3.200000000000000000e+01
3.160000038146972656e+01 3.200000000000000000e+01
3.170000076293945312e+01 3.100000000000000000e+01
3.179999923706054688e+01 3.000000000000000000e+01
3.189999961853027344e+01 3.200000000000000000e+01
3.200000000000000000e+01 3.200000000000000000e+01
3.209999847412109375e+01 2.900000000000000000e+01
3.220000076293945312e+01 2.900000000000000000e+01
3.229999923706054688e+01 3.200000000000000000e+01
3.240000152587890625e+01 2.700000000000000000e+01
3.250000000000000000e+01 2.200000000000000000e+01
3.259999847412109375e+01 2.900000000000000000e+01
3.270000076293945312e+01 3.000000000000000000e+01
3.279999923706054688e+01 3.100000000000000000e+01
3.290000152587890625e+01 2.600000000000000000e+01
3.300000000000000000e+01 2.700000000000000000e+01
3.309999847412109375e+01 2.700000000000000000e+01
3.320000076293945312e+01 2.700000000000000000e+01
3.329999923706054688e+01 2.700000000000000000e+01
3.340000152587890625e+01 2.800000000000000000e+01
3.350000000000000000e+01 2.800000000000000000e+01
3.359999847412109375e+01 3.000000000000000000e+01
3.370000076293945312e+01 3.200000000000000000e+01
3.379999923706054688e+01 3.700000000000000000e+01
3.390000152587890625e+01 3.000000000000000000e+01
3.400000000000000000e+01 3.700000000000000000e+01
3.409999847412109375e+01 3.400000000000000000e+01
3.420000076293945312e+01 3.200000000000000000e+01
3.429999923706054688e+01 3.700000000000000000e+01
3.440000152587890625e+01 3.200000000000000000e+01
3.450000000000000000e+01 3.000000000000000000e+01
3.459999847412109375e+01 3.100000000000000000e+01
3.470000076293945312e+01 3.200000000000000000e+01
3.479999923706054688e+01 2.900000000000000000e+01
3.490000152587890625e+01 3.000000000000000000e+01
3.500000000000000000e+01 3.600000000000000000e+01
3.509999847412109375e+01 4.100000000000000000e+01
3.520000076293945312e+01 3.100000000000000000e+01
3.529999923706054688e+01 3.200000000000000000e+01
3.540000152587890625e+01 2.500000000000000000e+01
3.550000000000000000e+01 3.300000000000000000e+01
3.559999847412109375e+01 3.000000000000000000e+01
3.570000076293945312e+01 3.000000000000000000e+01
3.579999923706054688e+01 3.700000000000000000e+01
3.590000152587890625e+01 3.200000000000000000e+01
3.600000000000000000e+01 3.400000000000000000e+01
3.609999847412109375e+01 3.600000000000000000e+01
3.620000076293945312e+01 2.800000000000000000e+01
3.629999923706054688e+01 3.500000000000000000e+01
3.640000152587890625e+01 3.500000000000000000e+01
3.650000000000000000e+01 3.100000000000000000e+01
3.659999847412109375e+01 3.000000000000000000e+01
3.670000076293945312e+01 2.500000000000000000e+01
3.679999923706054688e+01 3.000000000000000000e+01
3.690000152587890625e+01 2.900000000000000000e+01
3.700000000000000000e+01 3.000000000000000000e+01
3.709999847412109375e+01 3.000000000000000000e+01
3.720000076293945312e+01 3.500000000000000000e+01
3.729999923706054688e+01 3.400000000000000000e+01
3.740000152587890625e+01 2.900000000000000000e+01
3.750000000000000000e+01 3.300000000000000000e+01
3.759999847412109375e+01 3.000000000000000000e+01
3.770000076293945312e+01 3.300000000000000000e+01
3.779999923706054688e+01 3.500000000000000000e+01
3.790000152587890625e+01 3.100000000000000000e+01
3.800000000000000000e+01 3.500000000000000000e+01
3.809999847412109375e+01 3.100000000000000000e+01
3.820000076293945312e+01 2.800000000000000000e+01
3.829999923706054688e+01 2.200000000000000000e+01
3.840000152587890625e+01 2.400000000000000000e+01
3.850000000000000000e+01 2.200000000000000000e+01
3.859999847412109375e+01 3.000000000000000000e+01
3.870000076293945312e+01 2.600000000000000000e+01
3.879999923706054688e+01 3.300000000000000000e+01
3.890000152587890625e+01 3.100000000000000000e+01
3.900000000000000000e+01 2.300000000000000000e+01
3.909999847412109375e+01 3.300000000000000000e+01
3.920000076293945312e+01 3.100000000000000000e+01
3.929999923706054688e+01 3.000000000000000000e+01
3.940000152587890625e+01 2.900000000000000000e+01
3.950000000000000000e+01 2.900000000000000000e+01
3.959999847412109375e+01 2.700000000000000000e+01
3.970000076293945312e+01 2.700000000000000000e+01
3.979999923706054688e+01 2.900000000000000000e+01
3.990000152587890625e+01 3.600000000000000000e+01
4.000000000000000000e+01 2.600000000000000000e+01
4.009999847412109375e+01 2.800000000000000000e+01
4.020000076293945312e+01 2.700000000000000000e+01
4.029999923706054688e+01 2.700000000000000000e+01
4.040000152587890625e+01 2.800000000000000000e+01
4.050000000000000000e+01 2.700000000000000000e+01
4.059999847412109375e+01 3.300000000000000000e+01
4.070000076293945312e+01 2.900000000000000000e+01
4.079999923706054688e+01 2.800000000000000000e+01
4.090000152587890625e+01 3.400000000000000000e+01
4.100000000000000000e+01 2.900000000000000000e+01
4.109999847412109375e+01 3.100000000000000000e+01
4.120000076293945312e+01 3.300000000000000000e+01
4.129999923706054688e+01 3.600000000000000000e+01
4.140000152587890625e+01 3.500000000000000000e+01
4.150000000000000000e+01 3.400000000000000000e+01
4.159999847412109375e+01 3.700000000000000000e+01
4.170000076293945312e+01 3.300000000000000000e+01
4.179999923706054688e+01 3.600000000000000000e+01
4.190000152587890625e+01 2.600000000000000000e+01
4.200000000000000000e+01 3.200000000000000000e+01
4.209999847412109375e+01 3.600000000000000000e+01
4.220000076293945312e+01 3.500000000000000000e+01
4.229999923706054688e+01 4.100000000000000000e+01
4.240000152587890625e+01 4.100000000000000000e+01
4.250000000000000000e+01 4.100000000000000000e+01
4.259999847412109375e+01 3.800000000000000000e+01
4.270000076293945312e+01 3.900000000000000000e+01
4.279999923706054688e+01 3.800000000000000000e+01
4.290000152587890625e+01 3.500000000000000000e+01
4.300000000000000000e+01 3.800000000000000000e+01
4.309999847412109375e+01 3.300000000000000000e+01
4.320000076293945312e+01 3.200000000000000000e+01
4.329999923706054688e+01 3.700000000000000000e+01
4.340000152587890625e+01 3.700000000000000000e+01
4.350000000000000000e+01 3.400000000000000000e+01
4.359999847412109375e+01 3.700000000000000000e+01
4.370000076293945312e+01 3.900000000000000000e+01
4.379999923706054688e+01 3.900000000000000000e+01
4.390000152587890625e+01 3.800000000000000000e+01
4.400000000000000000e+01 3.800000000000000000e+01
4.409999847412109375e+01 3.700000000000000000e+01
4.420000076293945312e+01 3.700000000000000000e+01
4.429999923706054688e+01 3.600000000000000000e+01
4.440000152587890625e+01 3.400000000000000000e+01
4.450000000000000000e+01 3.200000000000000000e+01
4.459999847412109375e+01 3.700000000000000000e+01
4.470000076293945312e+01 3.700000000000000000e+01
4.479999923706054688e+01 3.500000000000000000e+01
4.490000152587890625e+01 3.900000000000000000e+01
4.500000000000000000e+01 3.900000000000000000e+01
4.509999847412109375e+01 3.700000000000000000e+01
4.520000076293945312e+01 3.700000000000000000e+01
4.529999923706054688e+01 3.700000000000000000e+01
4.540000152587890625e+01 3.500000000000000000e+01
4.550000000000000000e+01 3.800000000000000000e+01
4.559999847412109375e+01 3.900000000000000000e+01
4.570000076293945312e+01 3.800000000000000000e+01
4.579999923706054688e+01 3.700000000000000000e+01
4.590000152587890625e+01 3.500000000000000000e+01
4.600000000000000000e+01 4.100000000000000000e+01
4.609999847412109375e+01 3.500000000000000000e+01
4.620000076293945312e+01 3.400000000000000000e+01
4.629999923706054688e+01 3.700000000000000000e+01
4.640000152587890625e+01 3.500000000000000000e+01
4.650000000000000000e+01 3.900000000000000000e+01
4.659999847412109375e+01 3.400000000000000000e+01
4.670000076293945312e+01 4.100000000000000000e+01
4.679999923706054688e+01 3.900000000000000000e+01
4.690000152587890625e+01 3.500000000000000000e+01
4.700000000000000000e+01 3.200000000000000000e+01
4.709999847412109375e+01 3.500000000000000000e+01
4.720000076293945312e+01 3.600000000000000000e+01
4.729999923706054688e+01 3.400000000000000000e+01
4.740000152587890625e+01 3.600000000000000000e+01
4.750000000000000000e+01 3.400000000000000000e+01
4.759999847412109375e+01 3.700000000000000000e+01
4.770000076293945312e+01 3.500000000000000000e+01
4.779999923706054688e+01 3.400000000000000000e+01
4.790000152587890625e+01 3.700000000000000000e+01
4.800000000000000000e+01 3.400000000000000000e+01
4.809999847412109375e+01 3.800000000000000000e+01
4.820000076293945312e+01 3.600000000000000000e+01
4.829999923706054688e+01 3.800000000000000000e+01
4.840000152587890625e+01 3.700000000000000000e+01
4.850000000000000000e+01 3.600000000000000000e+01
4.859999847412109375e+01 3.600000000000000000e+01
4.870000076293945312e+01 3.600000000000000000e+01
4.879999923706054688e+01 3.700000000000000000e+01
4.890000152587890625e+01 3.800000000000000000e+01
4.900000000000000000e+01 3.700000000000000000e+01
4.909999847412109375e+01 4.100000000000000000e+01
4.920000076293945312e+01 3.800000000000000000e+01
4.929999923706054688e+01 4.000000000000000000e+01
4.940000152587890625e+01 3.900000000000000000e+01
4.950000000000000000e+01 3.900000000000000000e+01
4.959999847412109375e+01 3.900000000000000000e+01
4.970000076293945312e+01 3.600000000000000000e+01
4.979999923706054688e+01 3.600000000000000000e+01
4.990000152587890625e+01 3.400000000000000000e+01
5.000000000000000000e+01 3.400000000000000000e+01
5.009999847412109375e+01 2.800000000000000000e+01
5.020000076293945312e+01 2.900000000000000000e+01
5.029999923706054688e+01 3.100000000000000000e+01
5.040000152587890625e+01 3.100000000000000000e+01
5.050000000000000000e+01 3.400000000000000000e+01
5.059999847412109375e+01 2.800000000000000000e+01
5.070000076293945312e+01 2.700000000000000000e+01
5.079999923706054688e+01 2.700000000000000000e+01
5.090000152587890625e+01 2.600000000000000000e+01
5.100000000000000000e+01 2.900000000000000000e+01
5.109999847412109375e+01 2.700000000000000000e+01
5.120000076293945312e+01 2.400000000000000000e+01
5.129999923706054688e+01 2.900000000000000000e+01
5.140000152587890625e+01 3.100000000000000000e+01
5.150000000000000000e+01 2.900000000000000000e+01
5.159999847412109375e+01 3.200000000000000000e+01
5.170000076293945312e+01 3.400000000000000000e+01
5.179999923706054688e+01 2.800000000000000000e+01
5.190000152587890625e+01 2.700000000000000000e+01
5.200000000000000000e+01 3.000000000000000000e+01
5.209999847412109375e+01 3.400000000000000000e+01
5.220000076293945312e+01 3.600000000000000000e+01
5.229999923706054688e+01 3.500000000000000000e+01
5.240000152587890625e+01 2.900000000000000000e+01
5.250000000000000000e+01 3.100000000000000000e+01
5.259999847412109375e+01 3.100000000000000000e+01
5.270000076293945312e+01 2.700000000000000000e+01
5.279999923706054688e+01 2.600000000000000000e+01
5.290000152587890625e+01 3.100000000000000000e+01
5.300000000000000000e+01 3.200000000000000000e+01
5.309999847412109375e+01 3.300000000000000000e+01
5.320000076293945312e+01 3.000000000000000000e+01
5.329999923706054688e+01 2.700000000000000000e+01
5.340000152587890625e+01 2.800000000000000000e+01
5.350000000000000000e+01 2.600000000000000000e+01
5.359999847412109375e+01 2.900000000000000000e+01
5.370000076293945312e+01 2.900000000000000000e+01
5.379999923706054688e+01 2.700000000000000000e+01
5.390000152587890625e+01 3.000000000000000000e+01
5.400000000000000000e+01 2.900000000000000000e+01
5.409999847412109375e+01 3.400000000000000000e+01
5.420000076293945312e+01 2.600000000000000000e+01
5.429999923706054688e+01 2.600000000000000000e+01
5.440000152587890625e+01 3.000000000000000000e+01
5.450000000000000000e+01 2.900000000000000000e+01
5.459999847412109375e+01 2.900000000000000000e+01
5.470000076293945312e+01 3.600000000000000000e+01
5.479999923706054688e+01 3.200000000000000000e+01
5.490000152587890625e+01 3.000000000000000000e+01
5.500000000000000000e+01 3.100000000000000000e+01
5.509999847412109375e+01 3.200000000000000000e+01
5.520000076293945312e+01 3.500000000000000000e+01
5.529999923706054688e+01 3.000000000000000000e+01
5.540000152587890625e+01 3.000000000000000000e+01
5.550000000000000000e+01 3.500000000000000000e+01
5.559999847412109375e+01 3.600000000000000000e+01
5.570000076293945312e+01 3.800000000000000000e+01
5.579999923706054688e+01 3.800000000000000000e+01
5.590000152587890625e+01 3.300000000000000000e+01
5.600000000000000000e+01 2.900000000000000000e+01
5.609999847412109375e+01 3.600000000000000000e+01
5.620000076293945312e+01 3.400000000000000000e+01
5.629999923706054688e+01 3.100000000000000000e+01
5.640000152587890625e+01 3.500000000000000000e+01
5.650000000000000000e+01 2.900000000000000000e+01
5.659999847412109375e+01 2.700000000000000000e+01
5.670000076293945312e+01 2.900000000000000000e+01
5.679999923706054688e+01 2.900000000000000000e+01
5.690000152587890625e+01 3.000000000000000000e+01
5.700000000000000000e+01 2.700000000000000000e+01
5.709999847412109375e+01 3.400000000000000000e+01
5.720000076293945312e+01 3.000000000000000000e+01
5.729999923706054688e+01 3.800000000000000000e+01
5.740000152587890625e+01 3.400000000000000000e+01
5.750000000000000000e+01 3.400000000000000000e+01
5.759999847412109375e+01 3.800000000000000000e+01
5.770000076293945312e+01 3.900000000000000000e+01
5.779999923706054688e+01 4.000000000000000000e+01
5.790000152587890625e+01 3.500000000000000000e+01
5.800000000000000000e+01 3.500000000000000000e+01
5.809999847412109375e+01 3.100000000000000000e+01
5.820000076293945312e+01 3.400000000000000000e+01
5.829999923706054688e+01 3.600000000000000000e+01
5.840000152587890625e+01 3.300000000000000000e+01
5.850000000000000000e+01 3.000000000000000000e+01
5.859999847412109375e+01 3.500000000000000000e+01
5.870000076293945312e+01 3.300000000000000000e+01
5.879999923706054688e+01 3.100000000000000000e+01
5.890000152587890625e+01 3.200000000000000000e+01
5.900000000000000000e+01 3.100000000000000000e+01
5.909999847412109375e+01 3.300000000000000000e+01
5.920000076293945312e+01 3.400000000000000000e+01
5.929999923706054688e+01 3.100000000000000000e+01
5.940000152587890625e+01 3.500000000000000000e+01
5.950000000000000000e+01 3.400000000000000000e+01
5.959999847412109375e+01 3.400000000000000000e+01
5.970000076293945312e+01 3.100000000000000000e+01
5.979999923706054688e+01 2.900000000000000000e+01
5.990000152587890625e+01 3.400000000000000000e+01
6.000000000000000000e+01 3.300000000000000000e+01
6.009999847412109375e+01 3.600000000000000000e+01
6.020000076293945312e+01 3.000000000000000000e+01
6.029999923706054688e+01 3.200000000000000000e+01
6.040000152587890625e+01 3.700000000000000000e+01
6.050000000000000000e+01 3.600000000000000000e+01
6.059999847412109375e+01 3.700000000000000000e+01
6.070000076293945312e+01 3.600000000000000000e+01
6.079999923706054688e+01 3.000000000000000000e+01
6.090000152587890625e+01 3.300000000000000000e+01
6.100000000000000000e+01 2.800000000000000000e+01
6.109999847412109375e+01 3.200000000000000000e+01
6.120000076293945312e+01 3.300000000000000000e+01
6.129999923706054688e+01 3.300000000000000000e+01
6.140000152587890625e+01 3.400000000000000000e+01
6.150000000000000000e+01 3.200000000000000000e+01
6.159999847412109375e+01 3.100000000000000000e+01
6.170000076293945312e+01 3.500000000000000000e+01
6.179999923706054688e+01 2.800000000000000000e+01
6.190000152587890625e+01 3.300000000000000000e+01
6.200000000000000000e+01 3.500000000000000000e+01
6.209999847412109375e+01 3.000000000000000000e+01
6.220000076293945312e+01 2.800000000000000000e+01
6.229999923706054688e+01 3.300000000000000000e+01
6.240000152587890625e+01 3.100000000000000000e+01
6.250000000000000000e+01 3.000000000000000000e+01
6.259999847412109375e+01 2.700000000000000000e+01
6.270000076293945312e+01 3.000000000000000000e+01
6.279999923706054688e+01 2.200000000000000000e+01
6.290000152587890625e+01 2.800000000000000000e+01
6.300000000000000000e+01 2.900000000000000000e+01
6.309999847412109375e+01 3.100000000000000000e+01
6.320000076293945312e+01 2.700000000000000000e+01
6.329999923706054688e+01 2.800000000000000000e+01
6.340000152587890625e+01 3.000000000000000000e+01
6.350000000000000000e+01 3.500000000000000000e+01
6.359999847412109375e+01 3.300000000000000000e+01
6.370000076293945312e+01 3.600000000000000000e+01
6.379999923706054688e+01 3.500000000000000000e+01
6.390000152587890625e+01 3.400000000000000000e+01
6.400000000000000000e+01 2.600000000000000000e+01
6.409999847412109375e+01 3.000000000000000000e+01
6.419999694824218750e+01 2.600000000000000000e+01
6.430000305175781250e+01 2.900000000000000000e+01
6.440000152587890625e+01 2.600000000000000000e+01
6.450000000000000000e+01 3.200000000000000000e+01
6.459999847412109375e+01 3.300000000000000000e+01
6.469999694824218750e+01 3.000000000000000000e+01
6.480000305175781250e+01 3.600000000000000000e+01
6.490000152587890625e+01 3.400000000000000000e+01
6.500000000000000000e+01 3.400000000000000000e+01
6.509999847412109375e+01 3.400000000000000000e+01
6.519999694824218750e+01 3.400000000000000000e+01
6.530000305175781250e+01 2.800000000000000000e+01
6.540000152587890625e+01 3.200000000000000000e+01
6.550000000000000000e+01 3.400000000000000000e+01
6.559999847412109375e+01 2.900000000000000000e+01
6.569999694824218750e+01 3.100000000000000000e+01
6.580000305175781250e+01 3.300000000000000000e+01
6.590000152587890625e+01 3.200000000000000000e+01
6.600000000000000000e+01 3.400000000000000000e+01
6.609999847412109375e+01 2.800000000000000000e+01
6.619999694824218750e+01 2.900000000000000000e+01
6.630000305175781250e+01 2.900000000000000000e+01
6.640000152587890625e+01 3.100000000000000000e+01
6.650000000000000000e+01 3.000000000000000000e+01
6.659999847412109375e+01 3.200000000000000000e+01
6.669999694824218750e+01 3.300000000000000000e+01
6.680000305175781250e+01 3.100000000000000000e+01
6.690000152587890625e+01 3.100000000000000000e+01
6.700000000000000000e+01 3.100000000000000000e+01
6.709999847412109375e+01 3.300000000000000000e+01
6.719999694824218750e+01 3.700000000000000000e+01
6.730000305175781250e+01 3.500000000000000000e+01
6.740000152587890625e+01 3.400000000000000000e+01
6.750000000000000000e+01 3.400000000000000000e+01
6.759999847412109375e+01 2.800000000000000000e+01
6.769999694824218750e+01 3.500000000000000000e+01
6.780000305175781250e+01 3.400000000000000000e+01
6.790000152587890625e+01 3.200000000000000000e+01
6.800000000000000000e+01 3.100000000000000000e+01
6.809999847412109375e+01 3.400000000000000000e+01
6.819999694824218750e+01 3.200000000000000000e+01
6.830000305175781250e+01 3.000000000000000000e+01
6.840000152587890625e+01 3.300000000000000000e+01
6.850000000000000000e+01 3.400000000000000000e+01
6.859999847412109375e+01 3.100000000000000000e+01
6.869999694824218750e+01 2.900000000000000000e+01
6.880000305175781250e+01 3.200000000000000000e+01
6.890000152587890625e+01 3.500000000000000000e+01
6.900000000000000000e+01 3.000000000000000000e+01
6.909999847412109375e+01 3.200000000000000000e+01
6.919999694824218750e+01 2.900000000000000000e+01
6.930000305175781250e+01 2.800000000000000000e+01
6.940000152587890625e+01 3.400000000000000000e+01
6.950000000000000000e+01 2.800000000000000000e+01
6.959999847412109375e+01 2.800000000000000000e+01
6.969999694824218750e+01 2.800000000000000000e+01
6.980000305175781250e+01 3.600000000000000000e+01
6.990000152587890625e+01 3.900000000000000000e+01
7.000000000000000000e+01 3.300000000000000000e+01
7.009999847412109375e+01 3.400000000000000000e+01
7.019999694824218750e+01 3.100000000000000000e+01
7.030000305175781250e+01 3.600000000000000000e+01
7.040000152587890625e+01 3.300000000000000000e+01
7.050000000000000000e+01 2.900000000000000000e+01
7.059999847412109375e+01 3.200000000000000000e+01
7.069999694824218750e+01 2.600000000000000000e+01
7.080000305175781250e+01 2.900000000000000000e+01
7.090000152587890625e+01 2.800000000000000000e+01
7.100000000000000000e+01 3.000000000000000000e+01
7.109999847412109375e+01 3.100000000000000000e+01
7.119999694824218750e+01 3.000000000000000000e+01
7.130000305175781250e+01 2.700000000000000000e+01
7.140000152587890625e+01 2.800000000000000000e+01
7.150000000000000000e+01 2.800000000000000000e+01
7.159999847412109375e+01 2.700000000000000000e+01
7.169999694824218750e+01 2.700000000000000000e+01
7.180000305175781250e+01 2.600000000000000000e+01
7.190000152587890625e+01 3.400000000000000000e+01
7.200000000000000000e+01 2.700000000000000000e+01
7.209999847412109375e+01 3.000000000000000000e+01
7.219999694824218750e+01 3.100000000000000000e+01
7.230000305175781250e+01 3.000000000000000000e+01
7.240000152587890625e+01 2.800000000000000000e+01
7.250000000000000000e+01 2.800000000000000000e+01
7.259999847412109375e+01 3.100000000000000000e+01
7.269999694824218750e+01 2.900000000000000000e+01
7.280000305175781250e+01 3.100000000000000000e+01
7.290000152587890625e+01 2.800000000000000000e+01
7.300000000000000000e+01 2.900000000000000000e+01
7.309999847412109375e+01 3.100000000000000000e+01
7.319999694824218750e+01 3.400000000000000000e+01
7.330000305175781250e+01 3.200000000000000000e+01
7.340000152587890625e+01 3.000000000000000000e+01
7.350000000000000000e+01 3.000000000000000000e+01
7.359999847412109375e+01 3.000000000000000000e+01
7.369999694824218750e+01 2.700000000000000000e+01
7.380000305175781250e+01 2.900000000000000000e+01
7.390000152587890625e+01 2.700000000000000000e+01
7.400000000000000000e+01 2.800000000000000000e+01
7.409999847412109375e+01 2.600000000000000000e+01
7.419999694824218750e+01 2.700000000000000000e+01
7.430000305175781250e+01 2.600000000000000000e+01
7.440000152587890625e+01 2.600000000000000000e+01
7.450000000000000000e+01 2.900000000000000000e+01
7.459999847412109375e+01 2.500000000000000000e+01
7.469999694824218750e+01 2.700000000000000000e+01
7.480000305175781250e+01 2.800000000000000000e+01
7.490000152587890625e+01 2.600000000000000000e+01
7.500000000000000000e+01 2.300000000000000000e+01
7.509999847412109375e+01 2.100000000000000000e+01
7.519999694824218750e+01 2.600000000000000000e+01
7.530000305175781250e+01 2.300000000000000000e+01
7.540000152587890625e+01 3.100000000000000000e+01
7.550000000000000000e+01 2.800000000000000000e+01
7.559999847412109375e+01 2.600000000000000000e+01
7.569999694824218750e+01 3.300000000000000000e+01
7.580000305175781250e+01 3.000000000000000000e+01
7.590000152587890625e+01 3.200000000000000000e+01
7.600000000000000000e+01 2.800000000000000000e+01
7.609999847412109375e+01 3.000000000000000000e+01
7.619999694824218750e+01 3.000000000000000000e+01
7.630000305175781250e+01 3.700000000000000000e+01
7.640000152587890625e+01 3.200000000000000000e+01
7.650000000000000000e+01 2.900000000000000000e+01
7.659999847412109375e+01 2.000000000000000000e+01
7.669999694824218750e+01 2.700000000000000000e+01
7.680000305175781250e+01 3.200000000000000000e+01
7.690000152587890625e+01 3.200000000000000000e+01
7.700000000000000000e+01 3.500000000000000000e+01
7.709999847412109375e+01 3.400000000000000000e+01
7.719999694824218750e+01 3.700000000000000000e+01
7.730000305175781250e+01 3.300000000000000000e+01
7.740000152587890625e+01 2.900000000000000000e+01
7.750000000000000000e+01 2.800000000000000000e+01
7.759999847412109375e+01 3.100000000000000000e+01
7.769999694824218750e+01 2.600000000000000000e+01
7.780000305175781250e+01 2.600000000000000000e+01
7.790000152587890625e+01 2.900000000000000000e+01
7.800000000000000000e+01 2.600000000000000000e+01
7.809999847412109375e+01 2.700000000000000000e+01
7.819999694824218750e+01 2.900000000000000000e+01
7.830000305175781250e+01 3.100000000000000000e+01
7.840000152587890625e+01 3.300000000000000000e+01
7.850000000000000000e+01 3.200000000000000000e+01
7.859999847412109375e+01 2.800000000000000000e+01
7.869999694824218750e+01 3.000000000000000000e+01
7.880000305175781250e+01 3.300000000000000000e+01
7.890000152587890625e+01 3.500000000000000000e+01
7.900000000000000000e+01 3.500000000000000000e+01
7.909999847412109375e+01 3.600000000000000000e+01
7.919999694824218750e+01 3.400000000000000000e+01
7.930000305175781250e+01 3.400000000000000000e+01
7.940000152587890625e+01 3.400000000000000000e+01
7.950000000000000000e+01 4.000000000000000000e+01
7.959999847412109375e+01 4.200000000000000000e+01
7.969999694824218750e+01 3.500000000000000000e+01
7.980000305175781250e+01 3.400000000000000000e+01
7.990000152587890625e+01 3.600000000000000000e+01
8.000000000000000000e+01 3.800000000000000000e+01
8.009999847412109375e+01 2.900000000000000000e+01
8.019999694824218750e+01 3.600000000000000000e+01
8.030000305175781250e+01 3.400000000000000000e+01
8.040000152587890625e+01 3.400000000000000000e+01
8.050000000000000000e+01 3.300000000000000000e+01
8.059999847412109375e+01 3.500000000000000000e+01
8.069999694824218750e+01 3.200000000000000000e+01
8.080000305175781250e+01 3.300000000000000000e+01
8.090000152587890625e+01 3.400000000000000000e+01
8.100000000000000000e+01 3.700000000000000000e+01
8.109999847412109375e+01 3.200000000000000000e+01
8.119999694824218750e+01 3.800000000000000000e+01
8.130000305175781250e+01 3.500000000000000000e+01
8.140000152587890625e+01 3.800000000000000000e+01
8.150000000000000000e+01 3.700000000000000000e+01
8.159999847412109375e+01 3.200000000000000000e+01
8.169999694824218750e+01 3.800000000000000000e+01
8.180000305175781250e+01 3.100000000000000000e+01
8.190000152587890625e+01 3.400000000000000000e+01
8.200000000000000000e+01 3.100000000000000000e+01
8.209999847412109375e+01 3.700000000000000000e+01
8.219999694824218750e+01 3.500000000000000000e+01
8.230000305175781250e+01 3.600000000000000000e+01
8.240000152587890625e+01 3.500000000000000000e+01
8.250000000000000000e+01 3.000000000000000000e+01
8.259999847412109375e+01 3.200000000000000000e+01
8.269999694824218750e+01 3.700000000000000000e+01
8.280000305175781250e+01 3.600000000000000000e+01
8.290000152587890625e+01 3.600000000000000000e+01
8.300000000000000000e+01 3.400000000000000000e+01
8.309999847412109375e+01 4.000000000000000000e+01
8.319999694824218750e+01 3.200000000000000000e+01
8.330000305175781250e+01 3.100000000000000000e+01
8.340000152587890625e+01 3.000000000000000000e+01
8.350000000000000000e+01 3.000000000000000000e+01
8.359999847412109375e+01 3.200000000000000000e+01
8.369999694824218750e+01 3.000000000000000000e+01
8.380000305175781250e+01 3.400000000000000000e+01
8.390000152587890625e+01 2.500000000000000000e+01
8.400000000000000000e+01 2.600000000000000000e+01
8.409999847412109375e+01 3.600000000000000000e+01
8.419999694824218750e+01 3.500000000000000000e+01
8.430000305175781250e+01 3.600000000000000000e+01
8.440000152587890625e+01 3.300000000000000000e+01
8.450000000000000000e+01 3.700000000000000000e+01
8.459999847412109375e+01 3.700000000000000000e+01
8.469999694824218750e+01 3.600000000000000000e+01
8.480000305175781250e+01 3.600000000000000000e+01
8.490000152587890625e+01 3.600000000000000000e+01
8.500000000000000000e+01 3.600000000000000000e+01
8.509999847412109375e+01 3.600000000000000000e+01
8.519999694824218750e+01 3.800000000000000000e+01
8.530000305175781250e+01 4.000000000000000000e+01
8.540000152587890625e+01 3.800000000000000000e+01
8.550000000000000000e+01 3.900000000000000000e+01
8.559999847412109375e+01 3.600000000000000000e+01
8.569999694824218750e+01 3.500000000000000000e+01
8.580000305175781250e+01 3.600000000000000000e+01
8.590000152587890625e+01 3.500000000000000000e+01
8.600000000000000000e+01 3.400000000000000000e+01
8.609999847412109375e+01 3.400000000000000000e+01
8.619999694824218750e+01 3.300000000000000000e+01
8.630000305175781250e+01 2.900000000000000000e+01
8.640000152587890625e+01 3.500000000000000000e+01
8.650000000000000000e+01 3.600000000000000000e+01
8.659999847412109375e+01 3.100000000000000000e+01
8.669999694824218750e+01 3.200000000000000000e+01
8.680000305175781250e+01 2.900000000000000000e+01
8.690000152587890625e+01 3.200000000000000000e+01
8.700000000000000000e+01 2.900000000000000000e+01
8.709999847412109375e+01 3.300000000000000000e+01
8.719999694824218750e+01 3.600000000000000000e+01
8.730000305175781250e+01 3.400000000000000000e+01
8.740000152587890625e+01 3.100000000000000000e+01
8.750000000000000000e+01 3.400000000000000000e+01
8.759999847412109375e+01 3.700000000000000000e+01
8.769999694824218750e+01 3.500000000000000000e+01
8.780000305175781250e+01 3.300000000000000000e+01
8.790000152587890625e+01 3.100000000000000000e+01
8.800000000000000000e+01 3.100000000000000000e+01
8.809999847412109375e+01 2.800000000000000000e+01
8.819999694824218750e+01 2.900000000000000000e+01
8.830000305175781250e+01 3.100000000000000000e+01
8.840000152587890625e+01 3.000000000000000000e+01
8.850000000000000000e+01 3.200000000000000000e+01
8.859999847412109375e+01 3.300000000000000000e+01
8.869999694824218750e+01 3.200000000000000000e+01
8.880000305175781250e+01 3.800000000000000000e+01
8.890000152587890625e+01 3.400000000000000000e+01
8.900000000000000000e+01 3.200000000000000000e+01
8.909999847412109375e+01 3.600000000000000000e+01
8.919999694824218750e+01 3.600000000000000000e+01
8.930000305175781250e+01 3.500000000000000000e+01
8.940000152587890625e+01 3.500000000000000000e+01
8.950000000000000000e+01 3.800000000000000000e+01
8.959999847412109375e+01 3.700000000000000000e+01
8.969999694824218750e+01 3.400000000000000000e+01
8.980000305175781250e+01 3.500000000000000000e+01
8.990000152587890625e+01 3.900000000000000000e+01
9.000000000000000000e+01 3.800000000000000000e+01
9.009999847412109375e+01 3.600000000000000000e+01
9.019999694824218750e+01 3.100000000000000000e+01
9.030000305175781250e+01 2.900000000000000000e+01
9.040000152587890625e+01 3.300000000000000000e+01
9.050000000000000000e+01 3.200000000000000000e+01
9.059999847412109375e+01 2.900000000000000000e+01
9.069999694824218750e+01 3.300000000000000000e+01
9.080000305175781250e+01 3.300000000000000000e+01
9.090000152587890625e+01 2.900000000000000000e+01
9.100000000000000000e+01 2.900000000000000000e+01
9.109999847412109375e+01 3.100000000000000000e+01
9.119999694824218750e+01 2.800000000000000000e+01
9.130000305175781250e+01 2.600000000000000000e+01
9.140000152587890625e+01 2.800000000000000000e+01
9.150000000000000000e+01 3.000000000000000000e+01
9.159999847412109375e+01 2.800000000000000000e+01
9.169999694824218750e+01 3.000000000000000000e+01
9.180000305175781250e+01 3.000000000000000000e+01
9.190000152587890625e+01 2.700000000000000000e+01
9.200000000000000000e+01 3.400000000000000000e+01
9.209999847412109375e+01 3.100000000000000000e+01
9.219999694824218750e+01 3.600000000000000000e+01
9.230000305175781250e+01 3.800000000000000000e+01
9.240000152587890625e+01 3.800000000000000000e+01
9.250000000000000000e+01 3.600000000000000000e+01
9.259999847412109375e+01 3.500000000000000000e+01
9.269999694824218750e+01 3.700000000000000000e+01
9.280000305175781250e+01 3.600000000000000000e+01
9.290000152587890625e+01 3.700000000000000000e+01
9.300000000000000000e+01 3.300000000000000000e+01
9.309999847412109375e+01 3.300000000000000000e+01
9.319999694824218750e+01 3.100000000000000000e+01
9.330000305175781250e+01 3.500000000000000000e+01
9.340000152587890625e+01 3.300000000000000000e+01
9.350000000000000000e+01 3.300000000000000000e+01
9.359999847412109375e+01 3.500000000000000000e+01
9.369999694824218750e+01 3.000000000000000000e+01
9.380000305175781250e+01 3.300000000000000000e+01
9.390000152587890625e+01 2.900000000000000000e+01
9.400000000000000000e+01 3.000000000000000000e+01
9.409999847412109375e+01 3.100000000000000000e+01
9.419999694824218750e+01 3.500000000000000000e+01
9.430000305175781250e+01 3.000000000000000000e+01
9.440000152587890625e+01 3.300000000000000000e+01
9.450000000000000000e+01 3.300000000000000000e+01
9.459999847412109375e+01 3.000000000000000000e+01
9.469999694824218750e+01 3.000000000000000000e+01
9.480000305175781250e+01 3.400000000000000000e+01
9.490000152587890625e+01 3.400000000000000000e+01
9.500000000000000000e+01 3.700000000000000000e+01
9.509999847412109375e+01 3.200000000000000000e+01
9.519999694824218750e+01 2.900000000000000000e+01
9.530000305175781250e+01 3.200000000000000000e+01
9.540000152587890625e+01 3.900000000000000000e+01
9.550000000000000000e+01 4.200000000000000000e+01
9.559999847412109375e+01 3.500000000000000000e+01
9.569999694824218750e+01 3.800000000000000000e+01
9.580000305175781250e+01 3.600000000000000000e+01
9.590000152587890625e+01 3.500000000000000000e+01
9.600000000000000000e+01 3.500000000000000000e+01
9.609999847412109375e+01 3.300000000000000000e+01
9.619999694824218750e+01 3.000000000000000000e+01
9.630000305175781250e+01 3.200000000000000000e+01
9.640000152587890625e+01 2.700000000000000000e+01
9.650000000000000000e+01 2.500000000000000000e+01
9.659999847412109375e+01 2.400000000000000000e+01
9.669999694824218750e+01 3.000000000000000000e+01
9.680000305175781250e+01 2.900000000000000000e+01
9.690000152587890625e+01 2.400000000000000000e+01
9.700000000000000000e+01 2.800000000000000000e+01
9.709999847412109375e+01 3.000000000000000000e+01
9.719999694824218750e+01 3.200000000000000000e+01
9.730000305175781250e+01 3.600000000000000000e+01
9.740000152587890625e+01 3.100000000000000000e+01
9.750000000000000000e+01 3.600000000000000000e+01
9.759999847412109375e+01 3.200000000000000000e+01
9.769999694824218750e+01 3.600000000000000000e+01
9.780000305175781250e+01 3.200000000000000000e+01
9.790000152587890625e+01 3.600000000000000000e+01
9.800000000000000000e+01 3.000000000000000000e+01
9.809999847412109375e+01 3.000000000000000000e+01
9.819999694824218750e+01 3.200000000000000000e+01
9.830000305175781250e+01 3.800000000000000000e+01
9.840000152587890625e+01 3.200000000000000000e+01
9.850000000000000000e+01 3.200000000000000000e+01
9.859999847412109375e+01 3.200000000000000000e+01
9.869999694824218750e+01 3.200000000000000000e+01
9.880000305175781250e+01 3.400000000000000000e+01
9.890000152587890625e+01 3.200000000000000000e+01
9.900000000000000000e+01 3.300000000000000000e+01
9.909999847412109375e+01 3.600000000000000000e+01
9.919999694824218750e+01 2.900000000000000000e+01
9.930000305175781250e+01 3.400000000000000000e+01
9.940000152587890625e+01 3.300000000000000000e+01
9.950000000000000000e+01 3.200000000000000000e+01
9.959999847412109375e+01 2.700000000000000000e+01
9.969999694824218750e+01 3.100000000000000000e+01
9.980000305175781250e+01 2.900000000000000000e+01
9.990000152587890625e+01 3.400000000000000000e+01
1.000000000000000000e+02 3.500000000000000000e+01
1.000999984741210938e+02 3.100000000000000000e+01
1.001999969482421875e+02 2.900000000000000000e+01
1.003000030517578125e+02 3.300000000000000000e+01
1.004000015258789062e+02 3.600000000000000000e+01
1.005000000000000000e+02 3.500000000000000000e+01
1.005999984741210938e+02 3.500000000000000000e+01
1.006999969482421875e+02 3.500000000000000000e+01
1.008000030517578125e+02 2.400000000000000000e+01
1.009000015258789062e+02 2.800000000000000000e+01
1.010000000000000000e+02 3.000000000000000000e+01
1.010999984741210938e+02 3.200000000000000000e+01
1.011999969482421875e+02 2.900000000000000000e+01
1.013000030517578125e+02 2.400000000000000000e+01
1.014000015258789062e+02 2.400000000000000000e+01
1.015000000000000000e+02 2.400000000000000000e+01
1.015999984741210938e+02 2.400000000000000000e+01
1.016999969482421875e+02 2.600000000000000000e+01
1.018000030517578125e+02 2.500000000000000000e+01
1.019000015258789062e+02 2.900000000000000000e+01
1.020000000000000000e+02 3.300000000000000000e+01
1.020999984741210938e+02 2.700000000000000000e+01
1.021999969482421875e+02 3.300000000000000000e+01
1.023000030517578125e+02 3.000000000000000000e+01
1.024000015258789062e+02 3.100000000000000000e+01
1.025000000000000000e+02 2.700000000000000000e+01
1.025999984741210938e+02 3.400000000000000000e+01
1.026999969482421875e+02 2.700000000000000000e+01
1.028000030517578125e+02 3.200000000000000000e+01
1.029000015258789062e+02 3.200000000000000000e+01
1.030000000000000000e+02 2.900000000000000000e+01
1.030999984741210938e+02 3.200000000000000000e+01
1.031999969482421875e+02 2.500000000000000000e+01
1.033000030517578125e+02 2.600000000000000000e+01
1.034000015258789062e+02 3.200000000000000000e+01
1.035000000000000000e+02 3.300000000000000000e+01
1.035999984741210938e+02 3.300000000000000000e+01
1.036999969482421875e+02 3.400000000000000000e+01
1.038000030517578125e+02 3.000000000000000000e+01
1.039000015258789062e+02 2.900000000000000000e+01
1.040000000000000000e+02 3.300000000000000000e+01
1.040999984741210938e+02 3.500000000000000000e+01
1.041999969482421875e+02 3.000000000000000000e+01
1.043000030517578125e+02 3.200000000000000000e+01
1.044000015258789062e+02 3.200000000000000000e+01
1.045000000000000000e+02 3.200000000000000000e+01
1.045999984741210938e+02 3.000000000000000000e+01
1.046999969482421875e+02 3.100000000000000000e+01
1.048000030517578125e+02 3.400000000000000000e+01
1.049000015258789062e+02 3.200000000000000000e+01
1.050000000000000000e+02 3.100000000000000000e+01
1.050999984741210938e+02 3.100000000000000000e+01
1.051999969482421875e+02 3.400000000000000000e+01
1.053000030517578125e+02 2.700000000000000000e+01
1.054000015258789062e+02 3.100000000000000000e+01
1.055000000000000000e+02 3.200000000000000000e+01
1.055999984741210938e+02 3.200000000000000000e+01
1.056999969482421875e+02 2.700000000000000000e+01
1.058000030517578125e+02 2.900000000000000000e+01
1.059000015258789062e+02 3.100000000000000000e+01
1.060000000000000000e+02 3.500000000000000000e+01
1.060999984741210938e+02 3.200000000000000000e+01
1.061999969482421875e+02 3.000000000000000000e+01
1.063000030517578125e+02 3.200000000000000000e+01
1.064000015258789062e+02 3.300000000000000000e+01
1.065000000000000000e+02 2.800000000000000000e+01
1.065999984741210938e+02 3.000000000000000000e+01
1.066999969482421875e+02 3.200000000000000000e+01
1.068000030517578125e+02 2.900000000000000000e+01
1.069000015258789062e+02 2.700000000000000000e+01
1.070000000000000000e+02 3.500000000000000000e+01
1.070999984741210938e+02 2.900000000000000000e+01
1.071999969482421875e+02 2.500000000000000000e+01
1.073000030517578125e+02 2.400000000000000000e+01
1.074000015258789062e+02 2.200000000000000000e+01
1.075000000000000000e+02 2.600000000000000000e+01
1.075999984741210938e+02 1.900000000000000000e+01
1.076999969482421875e+02 3.200000000000000000e+01
1.078000030517578125e+02 2.500000000000000000e+01
1.079000015258789062e+02 3.100000000000000000e+01
1.080000000000000000e+02 2.900000000000000000e+01
1.080999984741210938e+02 2.400000000000000000e+01
1.081999969482421875e+02 3.100000000000000000e+01
1.083000030517578125e+02 2.800000000000000000e+01
1.084000015258789062e+02 2.900000000000000000e+01
1.085000000000000000e+02 2.500000000000000000e+01
1.085999984741210938e+02 1.800000000000000000e+01
1.086999969482421875e+02 1.700000000000000000e+01
1.088000030517578125e+02 2.000000000000000000e+01
1.089000015258789062e+02 2.400000000000000000e+01
1.090000000000000000e+02 2.200000000000000000e+01
1.090999984741210938e+02 1.200000000000000000e+01
1.091999969482421875e+02 2.200000000000000000e+01
1.093000030517578125e+02 2.200000000000000000e+01
1.094000015258789062e+02 2.100000000000000000e+01
1.095000000000000000e+02 2.400000000000000000e+01
1.095999984741210938e+02 2.700000000000000000e+01
1.096999969482421875e+02 3.000000000000000000e+01
1.098000030517578125e+02 2.500000000000000000e+01
1.099000015258789062e+02 2.500000000000000000e+01
1.100000000000000000e+02 2.400000000000000000e+01
1.100999984741210938e+02 2.500000000000000000e+01
1.101999969482421875e+02 2.100000000000000000e+01
1.103000030517578125e+02 2.800000000000000000e+01
1.104000015258789062e+02 2.000000000000000000e+01
1.105000000000000000e+02 2.600000000000000000e+01
1.105999984741210938e+02 2.600000000000000000e+01
1.106999969482421875e+02 2.700000000000000000e+01
1.108000030517578125e+02 2.300000000000000000e+01
1.109000015258789062e+02 2.100000000000000000e+01
1.110000000000000000e+02 2.500000000000000000e+01
1.110999984741210938e+02 2.500000000000000000e+01
1.111999969482421875e+02 2.700000000000000000e+01
1.113000030517578125e+02 2.800000000000000000e+01
1.114000015258789062e+02 2.700000000000000000e+01
1.115000000000000000e+02 2.400000000000000000e+01
1.115999984741210938e+02 2.900000000000000000e+01
1.116999969482421875e+02 3.500000000000000000e+01
1.118000030517578125e+02 3.100000000000000000e+01
1.119000015258789062e+02 2.700000000000000000e+01
1.120000000000000000e+02 2.700000000000000000e+01
1.120999984741210938e+02 3.100000000000000000e+01
1.121999969482421875e+02 2.800000000000000000e+01
1.123000030517578125e+02 2.900000000000000000e+01
1.124000015258789062e+02 2.800000000000000000e+01
1.125000000000000000e+02 2.600000000000000000e+01
1.125999984741210938e+02 3.000000000000000000e+01
1.126999969482421875e+02 2.900000000000000000e+01
1.128000030517578125e+02 3.200000000000000000e+01
1.129000015258789062e+02 3.100000000000000000e+01
1.130000000000000000e+02 3.000000000000000000e+01
1.130999984741210938e+02 3.100000000000000000e+01
1.131999969482421875e+02 3.400000000000000000e+01
1.133000030517578125e+02 3.000000000000000000e+01
1.134000015258789062e+02 2.900000000000000000e+01
1.135000000000000000e+02 3.200000000000000000e+01
1.135999984741210938e+02 3.200000000000000000e+01
1.136999969482421875e+02 2.700000000000000000e+01
1.138000030517578125e+02 2.900000000000000000e+01
1.139000015258789062e+02 3.200000000000000000e+01
1.140000000000000000e+02 2.800000000000000000e+01
1.140999984741210938e+02 3.000000000000000000e+01
1.141999969482421875e+02 2.200000000000000000e+01
1.143000030517578125e+02 2.700000000000000000e+01
1.144000015258789062e+02 2.800000000000000000e+01
1.145000000000000000e+02 3.200000000000000000e+01
1.145999984741210938e+02 2.800000000000000000e+01
1.146999969482421875e+02 2.900000000000000000e+01
1.148000030517578125e+02 2.800000000000000000e+01
1.149000015258789062e+02 3.000000000000000000e+01
1.150000000000000000e+02 2.800000000000000000e+01
1.150999984741210938e+02 3.300000000000000000e+01
1.151999969482421875e+02 2.900000000000000000e+01
1.153000030517578125e+02 2.400000000000000000e+01
1.154000015258789062e+02 2.900000000000000000e+01
1.155000000000000000e+02 2.600000000000000000e+01
1.155999984741210938e+02 2.700000000000000000e+01
1.156999969482421875e+02 2.900000000000000000e+01
1.158000030517578125e+02 2.700000000000000000e+01
1.159000015258789062e+02 3.000000000000000000e+01
1.160000000000000000e+02 3.500000000000000000e+01
1.160999984741210938e+02 2.900000000000000000e+01
1.161999969482421875e+02 2.800000000000000000e+01
1.163000030517578125e+02 2.900000000000000000e+01
1.164000015258789062e+02 2.900000000000000000e+01
1.165000000000000000e+02 3.000000000000000000e+01
1.165999984741210938e+02 2.800000000000000000e+01
1.166999969482421875e+02 2.700000000000000000e+01
1.168000030517578125e+02 2.700000000000000000e+01
1.169000015258789062e+02 2.500000000000000000e+01
1.170000000000000000e+02 3.100000000000000000e+01
1.170999984741210938e+02 2.900000000000000000e+01
1.171999969482421875e+02 2.400000000000000000e+01
1.173000030517578125e+02 3.200000000000000000e+01
1.174000015258789062e+02 3.200000000000000000e+01
1.175000000000000000e+02 3.100000000000000000e+01
1.175999984741210938e+02 3.000000000000000000e+01
1.176999969482421875e+02 2.700000000000000000e+01
1.178000030517578125e+02 3.000000000000000000e+01
1.179000015258789062e+02 3.200000000000000000e+01
1.180000000000000000e+02 2.500000000000000000e+01
1.180999984741210938e+02 2.600000000000000000e+01
1.181999969482421875e+02 2.900000000000000000e+01
1.183000030517578125e+02 2.400000000000000000e+01
1.184000015258789062e+02 2.600000000000000000e+01
1.185000000000000000e+02 2.800000000000000000e+01
1.185999984741210938e+02 2.500000000000000000e+01
1.186999969482421875e+02 2.500000000000000000e+01
1.188000030517578125e+02 2.800000000000000000e+01
1.189000015258789062e+02 2.900000000000000000e+01
1.190000000000000000e+02 2.600000000000000000e+01
1.190999984741210938e+02 2.600000000000000000e+01
1.191999969482421875e+02 2.600000000000000000e+01
1.193000030517578125e+02 3.200000000000000000e+01
1.194000015258789062e+02 3.300000000000000000e+01
1.195000000000000000e+02 3.100000000000000000e+01
1.195999984741210938e+02 3.300000000000000000e+01
1.196999969482421875e+02 3.100000000000000000e+01
1.198000030517578125e+02 2.900000000000000000e+01
1.199000015258789062e+02 3.000000000000000000e+01
1.200000000000000000e+02 3.100000000000000000e+01
1.200999984741210938e+02 2.600000000000000000e+01
1.201999969482421875e+02 2.700000000000000000e+01
1.203000030517578125e+02 2.200000000000000000e+01
1.204000015258789062e+02 2.500000000000000000e+01
1.205000000000000000e+02 2.900000000000000000e+01
1.205999984741210938e+02 2.900000000000000000e+01
1.206999969482421875e+02 3.100000000000000000e+01
1.208000030517578125e+02 3.100000000000000000e+01
1.209000015258789062e+02 2.900000000000000000e+01
1.210000000000000000e+02 3.000000000000000000e+01
1.210999984741210938e+02 3.300000000000000000e+01
1.211999969482421875e+02 3.200000000000000000e+01
1.213000030517578125e+02 3.500000000000000000e+01
1.214000015258789062e+02 3.600000000000000000e+01
1.215000000000000000e+02 3.300000000000000000e+01
1.215999984741210938e+02 3.200000000000000000e+01
1.216999969482421875e+02 3.300000000000000000e+01
1.218000030517578125e+02 3.200000000000000000e+01
1.219000015258789062e+02 2.600000000000000000e+01
1.220000000000000000e+02 3.200000000000000000e+01
1.220999984741210938e+02 3.500000000000000000e+01
1.221999969482421875e+02 3.300000000000000000e+01
1.223000030517578125e+02 2.800000000000000000e+01
1.224000015258789062e+02 3.200000000000000000e+01
1.225000000000000000e+02 2.700000000000000000e+01
1.225999984741210938e+02 3.000000000000000000e+01
1.226999969482421875e+02 3.100000000000000000e+01
1.228000030517578125e+02 3.400000000000000000e+01
1.229000015258789062e+02 3.500000000000000000e+01
1.230000000000000000e+02 2.900000000000000000e+01
1.230999984741210938e+02 3.100000000000000000e+01
1.231999969482421875e+02 3.200000000000000000e+01
1.233000030517578125e+02 2.500000000000000000e+01
1.234000015258789062e+02 3.000000000000000000e+01
1.235000000000000000e+02 3.000000000000000000e+01
1.235999984741210938e+02 2.700000000000000000e+01
1.236999969482421875e+02 2.800000000000000000e+01
1.238000030517578125e+02 3.200000000000000000e+01
1.239000015258789062e+02 2.800000000000000000e+01
1.240000000000000000e+02 3.300000000000000000e+01
1.240999984741210938e+02 2.500000000000000000e+01
1.241999969482421875e+02 2.300000000000000000e+01
1.243000030517578125e+02 3.300000000000000000e+01
1.244000015258789062e+02 3.200000000000000000e+01
1.245000000000000000e+02 2.600000000000000000e+01
1.245999984741210938e+02 2.700000000000000000e+01
1.246999969482421875e+02 2.800000000000000000e+01
1.248000030517578125e+02 2.700000000000000000e+01
1.249000015258789062e+02 2.700000000000000000e+01
1.250000000000000000e+02 3.000000000000000000e+01
1.250999984741210938e+02 2.900000000000000000e+01
1.251999969482421875e+02 3.000000000000000000e+01
1.253000030517578125e+02 3.000000000000000000e+01
1.254000015258789062e+02 3.000000000000000000e+01
1.255000000000000000e+02 2.300000000000000000e+01
1.255999984741210938e+02 2.400000000000000000e+01
1.256999969482421875e+02 2.800000000000000000e+01
1.258000030517578125e+02 2.700000000000000000e+01
1.259000015258789062e+02 3.200000000000000000e+01
1.260000000000000000e+02 3.200000000000000000e+01
1.260999984741210938e+02 2.300000000000000000e+01
1.261999969482421875e+02 2.600000000000000000e+01
1.263000030517578125e+02 2.800000000000000000e+01
1.264000015258789062e+02 2.600000000000000000e+01
1.265000000000000000e+02 3.100000000000000000e+01
1.265999984741210938e+02 3.300000000000000000e+01
1.266999969482421875e+02 2.800000000000000000e+01
1.268000030517578125e+02 2.500000000000000000e+01
1.269000015258789062e+02 2.500000000000000000e+01
1.270000000000000000e+02 2.900000000000000000e+01
1.270999984741210938e+02 2.800000000000000000e+01
1.271999969482421875e+02 3.300000000000000000e+01
1.273000030517578125e+02 2.800000000000000000e+01
1.274000015258789062e+02 3.200000000000000000e+01
1.275000000000000000e+02 3.300000000000000000e+01
1.275999984741210938e+02 2.900000000000000000e+01
1.276999969482421875e+02 2.600000000000000000e+01
1.278000030517578125e+02 2.800000000000000000e+01
1.279000015258789062e+02 2.700000000000000000e+01
1.280000000000000000e+02 3.100000000000000000e+01
1.281000061035156250e+02 3.100000000000000000e+01
1.281999969482421875e+02 3.300000000000000000e+01
1.283000030517578125e+02 3.000000000000000000e+01
1.283999938964843750e+02 2.900000000000000000e+01
1.285000000000000000e+02 2.700000000000000000e+01
1.286000061035156250e+02 2.500000000000000000e+01
1.286999969482421875e+02 3.200000000000000000e+01
1.288000030517578125e+02 3.400000000000000000e+01
1.288999938964843750e+02 3.000000000000000000e+01
1.290000000000000000e+02 2.800000000000000000e+01
1.291000061035156250e+02 3.300000000000000000e+01
1.291999969482421875e+02 3.100000000000000000e+01
1.293000030517578125e+02 3.000000000000000000e+01
1.293999938964843750e+02 3.000000000000000000e+01
1.295000000000000000e+02 3.400000000000000000e+01
1.296000061035156250e+02 2.900000000000000000e+01
1.296999969482421875e+02 2.700000000000000000e+01
1.298000030517578125e+02 3.200000000000000000e+01
1.298999938964843750e+02 3.200000000000000000e+01
1.300000000000000000e+02 2.900000000000000000e+01
1.301000061035156250e+02 2.700000000000000000e+01
1.301999969482421875e+02 2.900000000000000000e+01
1.303000030517578125e+02 2.600000000000000000e+01
1.303999938964843750e+02 3.400000000000000000e+01
1.305000000000000000e+02 2.600000000000000000e+01
1.306000061035156250e+02 3.200000000000000000e+01
1.306999969482421875e+02 3.300000000000000000e+01
1.308000030517578125e+02 3.700000000000000000e+01
1.308999938964843750e+02 3.300000000000000000e+01
1.310000000000000000e+02 2.800000000000000000e+01
1.311000061035156250e+02 3.100000000000000000e+01
1.311999969482421875e+02 2.800000000000000000e+01
1.313000030517578125e+02 3.300000000000000000e+01
1.313999938964843750e+02 3.400000000000000000e+01
1.315000000000000000e+02 3.200000000000000000e+01
1.316000061035156250e+02 3.300000000000000000e+01
1.316999969482421875e+02 2.900000000000000000e+01
1.318000030517578125e+02 3.200000000000000000e+01
1.318999938964843750e+02 3.300000000000000000e+01
1.320000000000000000e+02 3.400000000000000000e+01
1.321000061035156250e+02 3.300000000000000000e+01
1.321999969482421875e+02 3.100000000000000000e+01
1.323000030517578125e+02 3.000000000000000000e+01
1.323999938964843750e+02 2.900000000000000000e+01
1.325000000000000000e+02 3.300000000000000000e+01
1.326000061035156250e+02 3.100000000000000000e+01
1.326999969482421875e+02 2.800000000000000000e+01
1.328000030517578125e+02 2.800000000000000000e+01
1.328999938964843750e+02 3.300000000000000000e+01
1.330000000000000000e+02 2.900000000000000000e+01
1.331000061035156250e+02 3.100000000000000000e+01
1.331999969482421875e+02 2.900000000000000000e+01
1.333000030517578125e+02 3.000000000000000000e+01
1.333999938964843750e+02 3.100000000000000000e+01
1.335000000000000000e+02 2.500000000000000000e+01
1.336000061035156250e+02 3.300000000000000000e+01
1.336999969482421875e+02 3.800000000000000000e+01
1.338000030517578125e+02 3.700000000000000000e+01
1.338999938964843750e+02 3.100000000000000000e+01
1.340000000000000000e+02 3.200000000000000000e+01
1.341000061035156250e+02 3.600000000000000000e+01
1.341999969482421875e+02 3.200000000000000000e+01
1.343000030517578125e+02 3.800000000000000000e+01
1.343999938964843750e+02 3.100000000000000000e+01
1.345000000000000000e+02 3.600000000000000000e+01
1.346000061035156250e+02 2.900000000000000000e+01
1.346999969482421875e+02 3.400000000000000000e+01
1.348000030517578125e+02 3.200000000000000000e+01
1.348999938964843750e+02 3.000000000000000000e+01
1.350000000000000000e+02 3.000000000000000000e+01
1.351000061035156250e+02 3.000000000000000000e+01
1.351999969482421875e+02 3.100000000000000000e+01
1.353000030517578125e+02 3.400000000000000000e+01
1.353999938964843750e+02 2.900000000000000000e+01
1.355000000000000000e+02 2.700000000000000000e+01
1.356000061035156250e+02 3.000000000000000000e+01
1.356999969482421875e+02 3.200000000000000000e+01
1.358000030517578125e+02 3.000000000000000000e+01
1.358999938964843750e+02 2.800000000000000000e+01
1.360000000000000000e+02 3.100000000000000000e+01
1.361000061035156250e+02 2.900000000000000000e+01
1.361999969482421875e+02 3.200000000000000000e+01
1.363000030517578125e+02 3.200000000000000000e+01
1.363999938964843750e+02 3.200000000000000000e+01
1.365000000000000000e+02 3.100000000000000000e+01
1.366000061035156250e+02 3.100000000000000000e+01
1.366999969482421875e+02 2.800000000000000000e+01
1.368000030517578125e+02 3.200000000000000000e+01
1.368999938964843750e+02 3.000000000000000000e+01
1.370000000000000000e+02 2.900000000000000000e+01
1.371000061035156250e+02 3.400000000000000000e+01
1.371999969482421875e+02 3.300000000000000000e+01
1.373000030517578125e+02 3.000000000000000000e+01
1.373999938964843750e+02 2.600000000000000000e+01
1.375000000000000000e+02 2.900000000000000000e+01
1.376000061035156250e+02 3.100000000000000000e+01
1.376999969482421875e+02 2.900000000000000000e+01
1.378000030517578125e+02 3.300000000000000000e+01
1.378999938964843750e+02 3.100000000000000000e+01
1.380000000000000000e+02 3.000000000000000000e+01
1.381000061035156250e+02 3.300000000000000000e+01
1.381999969482421875e+02 2.600000000000000000e+01
1.383000030517578125e+02 2.800000000000000000e+01
1.383999938964843750e+02 3.100000000000000000e+01
1.385000000000000000e+02 3.100000000000000000e+01
1.386000061035156250e+02 3.000000000000000000e+01
1.386999969482421875e+02 2.700000000000000000e+01
1.388000030517578125e+02 3.000000000000000000e+01
1.388999938964843750e+02 2.900000000000000000e+01
1.390000000000000000e+02 2.500000000000000000e+01
1.391000061035156250e+02 2.600000000000000000e+01
1.391999969482421875e+02 2.900000000000000000e+01
1.393000030517578125e+02 3.100000000000000000e+01
1.393999938964843750e+02 2.500000000000000000e+01
1.395000000000000000e+02 2.400000000000000000e+01
1.396000061035156250e+02 2.600000000000000000e+01
1.396999969482421875e+02 2.300000000000000000e+01
1.398000030517578125e+02 2.500000000000000000e+01
1.398999938964843750e+02 2.500000000000000000e+01
1.400000000000000000e+02 3.000000000000000000e+01
1.401000061035156250e+02 2.800000000000000000e+01
1.401999969482421875e+02 2.400000000000000000e+01
1.403000030517578125e+02 3.300000000000000000e+01
1.403999938964843750e+02 2.800000000000000000e+01
1.405000000000000000e+02 2.500000000000000000e+01
1.406000061035156250e+02 2.700000000000000000e+01
1.406999969482421875e+02 2.900000000000000000e+01
1.408000030517578125e+02 2.700000000000000000e+01
1.408999938964843750e+02 2.600000000000000000e+01
1.410000000000000000e+02 3.000000000000000000e+01
1.411000061035156250e+02 2.900000000000000000e+01
1.411999969482421875e+02 2.600000000000000000e+01
1.413000030517578125e+02 2.800000000000000000e+01
1.413999938964843750e+02 2.600000000000000000e+01
1.415000000000000000e+02 3.100000000000000000e+01
1.416000061035156250e+02 2.900000000000000000e+01
1.416999969482421875e+02 3.100000000000000000e+01
1.418000030517578125e+02 3.100000000000000000e+01
1.418999938964843750e+02 2.900000000000000000e+01
1.420000000000000000e+02 2.600000000000000000e+01
1.421000061035156250e+02 2.900000000000000000e+01
1.421999969482421875e+02 2.900000000000000000e+01
1.423000030517578125e+02 2.800000000000000000e+01
1.423999938964843750e+02 2.600000000000000000e+01
1.425000000000000000e+02 2.500000000000000000e+01
1.426000061035156250e+02 2.500000000000000000e+01
1.426999969482421875e+02 2.400000000000000000e+01
1.428000030517578125e+02 2.900000000000000000e+01
1.428999938964843750e+02 2.900000000000000000e+01
1.430000000000000000e+02 2.600000000000000000e+01
1.431000061035156250e+02 2.600000000000000000e+01
1.431999969482421875e+02 2.800000000000000000e+01
1.433000030517578125e+02 2.600000000000000000e+01
1.433999938964843750e+02 2.700000000000000000e+01
1.435000000000000000e+02 2.800000000000000000e+01
1.436000061035156250e+02 2.800000000000000000e+01
1.436999969482421875e+02 2.300000000000000000e+01
1.438000030517578125e+02 2.700000000000000000e+01
1.438999938964843750e+02 2.800000000000000000e+01
1.440000000000000000e+02 2.700000000000000000e+01
1.441000061035156250e+02 3.100000000000000000e+01
1.441999969482421875e+02 3.000000000000000000e+01
1.443000030517578125e+02 3.000000000000000000e+01
1.443999938964843750e+02 3.200000000000000000e+01
1.445000000000000000e+02 2.500000000000000000e+01
1.446000061035156250e+02 2.600000000000000000e+01
1.446999969482421875e+02 2.400000000000000000e+01
1.448000030517578125e+02 2.700000000000000000e+01
1.448999938964843750e+02 2.700000000000000000e+01
1.450000000000000000e+02 2.700000000000000000e+01
1.451000061035156250e+02 2.500000000000000000e+01
1.451999969482421875e+02 2.300000000000000000e+01
1.453000030517578125e+02 2.500000000000000000e+01
1.453999938964843750e+02 3.200000000000000000e+01
1.455000000000000000e+02 2.700000000000000000e+01
1.456000061035156250e+02 2.700000000000000000e+01
1.456999969482421875e+02 2.800000000000000000e+01
1.458000030517578125e+02 2.800000000000000000e+01
1.458999938964843750e+02 3.000000000000000000e+01
1.460000000000000000e+02 2.800000000000000000e+01
1.461000061035156250e+02 3.000000000000000000e+01
1.461999969482421875e+02 3.200000000000000000e+01
1.463000030517578125e+02 3.300000000000000000e+01
1.463999938964843750e+02 2.700000000000000000e+01
1.465000000000000000e+02 2.900000000000000000e+01
1.466000061035156250e+02 2.500000000000000000e+01
1.466999969482421875e+02 2.300000000000000000e+01
1.468000030517578125e+02 2.400000000000000000e+01
1.468999938964843750e+02 2.600000000000000000e+01
1.470000000000000000e+02 2.700000000000000000e+01
1.471000061035156250e+02 2.700000000000000000e+01
1.471999969482421875e+02 3.200000000000000000e+01
1.473000030517578125e+02 3.000000000000000000e+01
1.473999938964843750e+02 2.900000000000000000e+01
1.475000000000000000e+02 3.200000000000000000e+01
1.476000061035156250e+02 3.000000000000000000e+01
1.476999969482421875e+02 3.000000000000000000e+01
1.478000030517578125e+02 3.800000000000000000e+01
1.478999938964843750e+02 3.200000000000000000e+01
1.480000000000000000e+02 3.100000000000000000e+01
1.481000061035156250e+02 3.000000000000000000e+01
1.481999969482421875e+02 3.300000000000000000e+01
1.483000030517578125e+02 2.800000000000000000e+01
1.483999938964843750e+02 2.900000000000000000e+01
1.485000000000000000e+02 3.000000000000000000e+01
1.486000061035156250e+02 3.200000000000000000e+01
1.486999969482421875e+02 3.100000000000000000e+01
1.488000030517578125e+02 2.800000000000000000e+01
1.488999938964843750e+02 3.100000000000000000e+01
1.490000000000000000e+02 2.900000000000000000e+01
1.491000061035156250e+02 3.400000000000000000e+01
1.491999969482421875e+02 2.800000000000000000e+01
1.493000030517578125e+02 2.800000000000000000e+01
1.493999938964843750e+02 3.300000000000000000e+01
1.495000000000000000e+02 2.900000000000000000e+01
1.496000061035156250e+02 3.200000000000000000e+01
1.496999969482421875e+02 3.200000000000000000e+01
1.498000030517578125e+02 3.400000000000000000e+01
1.498999938964843750e+02 2.900000000000000000e+01
1.500000000000000000e+02 2.800000000000000000e+01
1.501000061035156250e+02 2.800000000000000000e+01
1.501999969482421875e+02 2.600000000000000000e+01
1.503000030517578125e+02 2.900000000000000000e+01
1.503999938964843750e+02 2.800000000000000000e+01
1.505000000000000000e+02 3.100000000000000000e+01
1.506000061035156250e+02 2.600000000000000000e+01
1.506999969482421875e+02 2.600000000000000000e+01
1.508000030517578125e+02 2.600000000000000000e+01
1.508999938964843750e+02 2.200000000000000000e+01
1.510000000000000000e+02 2.400000000000000000e+01
1.511000061035156250e+02 2.800000000000000000e+01
1.511999969482421875e+02 2.400000000000000000e+01
1.513000030517578125e+02 2.600000000000000000e+01
1.513999938964843750e+02 2.600000000000000000e+01
1.515000000000000000e+02 2.700000000000000000e+01
1.516000061035156250e+02 2.200000000000000000e+01
1.516999969482421875e+02 2.200000000000000000e+01
1.518000030517578125e+02 2.600000000000000000e+01
1.518999938964843750e+02 2.600000000000000000e+01
1.520000000000000000e+02 2.700000000000000000e+01
1.521000061035156250e+02 2.500000000000000000e+01
1.521999969482421875e+02 2.500000000000000000e+01
1.523000030517578125e+02 2.300000000000000000e+01
1.523999938964843750e+02 2.600000000000000000e+01
1.525000000000000000e+02 2.800000000000000000e+01
1.526000061035156250e+02 2.400000000000000000e+01
1.526999969482421875e+02 2.300000000000000000e+01
1.528000030517578125e+02 2.100000000000000000e+01
1.528999938964843750e+02 2.500000000000000000e+01
1.530000000000000000e+02 2.400000000000000000e+01
1.531000061035156250e+02 2.100000000000000000e+01
1.531999969482421875e+02 2.600000000000000000e+01
1.533000030517578125e+02 2.700000000000000000e+01
1.533999938964843750e+02 2.100000000000000000e+01
1.535000000000000000e+02 2.800000000000000000e+01
1.536000061035156250e+02 2.700000000000000000e+01
1.536999969482421875e+02 2.500000000000000000e+01
1.538000030517578125e+02 2.400000000000000000e+01
1.538999938964843750e+02 2.500000000000000000e+01
1.540000000000000000e+02 2.500000000000000000e+01
1.541000061035156250e+02 2.600000000000000000e+01
1.541999969482421875e+02 2.200000000000000000e+01
1.543000030517578125e+02 2.700000000000000000e+01
1.543999938964843750e+02 2.400000000000000000e+01
1.545000000000000000e+02 2.300000000000000000e+01
1.546000061035156250e+02 2.400000000000000000e+01
1.546999969482421875e+02 2.400000000000000000e+01
1.548000030517578125e+02 2.300000000000000000e+01
1.548999938964843750e+02 2.700000000000000000e+01
1.550000000000000000e+02 2.500000000000000000e+01
1.551000061035156250e+02 2.300000000000000000e+01
1.551999969482421875e+02 2.400000000000000000e+01
1.553000030517578125e+02 1.800000000000000000e+01
1.553999938964843750e+02 2.300000000000000000e+01
1.555000000000000000e+02 2.400000000000000000e+01
1.556000061035156250e+02 2.800000000000000000e+01
1.556999969482421875e+02 2.600000000000000000e+01
1.558000030517578125e+02 2.400000000000000000e+01
1.558999938964843750e+02 2.800000000000000000e+01
1.560000000000000000e+02 2.400000000000000000e+01
1.561000061035156250e+02 2.600000000000000000e+01
1.561999969482421875e+02 2.800000000000000000e+01
1.563000030517578125e+02 2.500000000000000000e+01
1.563999938964843750e+02 2.600000000000000000e+01
1.565000000000000000e+02 2.400000000000000000e+01
1.566000061035156250e+02 2.500000000000000000e+01
1.566999969482421875e+02 2.500000000000000000e+01
1.568000030517578125e+02 2.400000000000000000e+01
1.568999938964843750e+02 2.700000000000000000e+01
1.570000000000000000e+02 2.400000000000000000e+01
1.571000061035156250e+02 2.300000000000000000e+01
1.571999969482421875e+02 2.700000000000000000e+01
1.573000030517578125e+02 2.400000000000000000e+01
1.573999938964843750e+02 2.600000000000000000e+01
1.575000000000000000e+02 2.700000000000000000e+01
1.576000061035156250e+02 2.600000000000000000e+01
1.576999969482421875e+02 2.500000000000000000e+01
1.578000030517578125e+02 2.800000000000000000e+01
1.578999938964843750e+02 3.000000000000000000e+01
1.580000000000000000e+02 2.500000000000000000e+01
1.581000061035156250e+02 2.200000000000000000e+01
1.581999969482421875e+02 2.600000000000000000e+01
1.583000030517578125e+02 2.400000000000000000e+01
1.583999938964843750e+02 1.900000000000000000e+01
1.585000000000000000e+02 2.400000000000000000e+01
1.586000061035156250e+02 2.400000000000000000e+01
1.586999969482421875e+02 2.800000000000000000e+01
1.588000030517578125e+02 2.500000000000000000e+01
1.588999938964843750e+02 2.600000000000000000e+01
1.590000000000000000e+02 2.700000000000000000e+01
1.591000061035156250e+02 2.400000000000000000e+01
1.591999969482421875e+02 2.400000000000000000e+01
1.593000030517578125e+02 2.600000000000000000e+01
1.593999938964843750e+02 2.800000000000000000e+01
1.595000000000000000e+02 2.600000000000000000e+01
1.596000061035156250e+02 2.600000000000000000e+01
1.596999969482421875e+02 2.500000000000000000e+01
1.598000030517578125e+02 2.300000000000000000e+01
1.598999938964843750e+02 2.100000000000000000e+01
1.600000000000000000e+02 2.400000000000000000e+01
1.601000061035156250e+02 2.400000000000000000e+01
1.601999969482421875e+02 2.400000000000000000e+01
1.603000030517578125e+02 2.400000000000000000e+01
1.603999938964843750e+02 2.600000000000000000e+01
1.605000000000000000e+02 2.500000000000000000e+01
1.606000061035156250e+02 2.500000000000000000e+01
1.606999969482421875e+02 2.200000000000000000e+01
1.608000030517578125e+02 2.500000000000000000e+01
1.608999938964843750e+02 2.500000000000000000e+01
1.610000000000000000e+02 2.600000000000000000e+01
1.611000061035156250e+02 2.900000000000000000e+01
1.611999969482421875e+02 2.400000000000000000e+01
1.613000030517578125e+02 2.600000000000000000e+01
1.613999938964843750e+02 2.500000000000000000e+01
1.615000000000000000e+02 2.300000000000000000e+01
1.616000061035156250e+02 2.700000000000000000e+01
1.616999969482421875e+02 2.700000000000000000e+01
1.618000030517578125e+02 2.500000000000000000e+01
1.618999938964843750e+02 2.300000000000000000e+01
1.620000000000000000e+02 2.400000000000000000e+01
1.621000061035156250e+02 2.400000000000000000e+01
1.621999969482421875e+02 2.400000000000000000e+01
1.623000030517578125e+02 2.400000000000000000e+01
1.623999938964843750e+02 2.700000000000000000e+01
1.625000000000000000e+02 2.500000000000000000e+01
1.626000061035156250e+02 2.800000000000000000e+01
1.626999969482421875e+02 2.500000000000000000e+01
1.628000030517578125e+02 2.400000000000000000e+01
1.628999938964843750e+02 2.700000000000000000e+01
1.630000000000000000e+02 3.000000000000000000e+01
1.631000061035156250e+02 2.600000000000000000e+01
1.631999969482421875e+02 2.900000000000000000e+01
1.633000030517578125e+02 2.500000000000000000e+01
1.633999938964843750e+02 2.900000000000000000e+01
1.635000000000000000e+02 2.600000000000000000e+01
1.636000061035156250e+02 2.700000000000000000e+01
1.636999969482421875e+02 2.700000000000000000e+01
1.638000030517578125e+02 3.000000000000000000e+01
1.638999938964843750e+02 2.900000000000000000e+01
1.640000000000000000e+02 2.700000000000000000e+01
1.641000061035156250e+02 2.400000000000000000e+01
1.641999969482421875e+02 2.800000000000000000e+01
1.643000030517578125e+02 2.500000000000000000e+01
1.643999938964843750e+02 2.700000000000000000e+01
1.645000000000000000e+02 2.900000000000000000e+01
1.646000061035156250e+02 2.400000000000000000e+01
1.646999969482421875e+02 2.500000000000000000e+01
1.648000030517578125e+02 2.400000000000000000e+01
1.648999938964843750e+02 2.700000000000000000e+01
1.650000000000000000e+02 3.000000000000000000e+01
1.651000061035156250e+02 2.900000000000000000e+01
1.651999969482421875e+02 2.700000000000000000e+01
1.653000030517578125e+02 2.300000000000000000e+01
1.653999938964843750e+02 2.200000000000000000e+01
1.655000000000000000e+02 2.800000000000000000e+01
1.656000061035156250e+02 2.700000000000000000e+01
1.656999969482421875e+02 2.500000000000000000e+01
1.658000030517578125e+02 3.000000000000000000e+01
1.658999938964843750e+02 2.200000000000000000e+01
1.660000000000000000e+02 2.800000000000000000e+01
1.661000061035156250e+02 3.200000000000000000e+01
1.661999969482421875e+02 3.100000000000000000e+01
1.663000030517578125e+02 2.700000000000000000e+01
1.663999938964843750e+02 2.600000000000000000e+01
1.665000000000000000e+02 2.700000000000000000e+01
1.666000061035156250e+02 2.700000000000000000e+01
1.666999969482421875e+02 2.900000000000000000e+01
1.668000030517578125e+02 2.700000000000000000e+01
1.668999938964843750e+02 2.400000000000000000e+01
1.670000000000000000e+02 2.600000000000000000e+01
1.671000061035156250e+02 3.700000000000000000e+01
1.671999969482421875e+02 3.400000000000000000e+01
1.673000030517578125e+02 4.000000000000000000e+01
1.673999938964843750e+02 3.700000000000000000e+01
1.675000000000000000e+02 2.800000000000000000e+01
1.676000061035156250e+02 2.500000000000000000e+01
1.676999969482421875e+02 3.100000000000000000e+01
1.678000030517578125e+02 2.700000000000000000e+01
1.678999938964843750e+02 3.000000000000000000e+01
1.680000000000000000e+02 2.700000000000000000e+01
1.681000061035156250e+02 2.800000000000000000e+01
1.681999969482421875e+02 2.400000000000000000e+01
1.683000030517578125e+02 2.900000000000000000e+01
1.683999938964843750e+02 3.200000000000000000e+01
1.685000000000000000e+02 2.600000000000000000e+01
1.686000061035156250e+02 2.600000000000000000e+01
1.686999969482421875e+02 2.700000000000000000e+01
1.688000030517578125e+02 2.800000000000000000e+01
1.688999938964843750e+02 3.600000000000000000e+01
1.690000000000000000e+02 2.900000000000000000e+01
1.691000061035156250e+02 3.000000000000000000e+01
1.691999969482421875e+02 2.600000000000000000e+01
1.693000030517578125e+02 3.000000000000000000e+01
1.693999938964843750e+02 2.800000000000000000e+01
1.695000000000000000e+02 2.700000000000000000e+01
1.696000061035156250e+02 2.500000000000000000e+01
1.696999969482421875e+02 3.000000000000000000e+01
1.698000030517578125e+02 2.800000000000000000e+01
1.698999938964843750e+02 2.600000000000000000e+01
1.700000000000000000e+02 3.400000000000000000e+01
1.701000061035156250e+02 3.000000000000000000e+01
1.701999969482421875e+02 2.900000000000000000e+01
1.703000030517578125e+02 2.900000000000000000e+01
1.703999938964843750e+02 2.900000000000000000e+01
1.705000000000000000e+02 2.900000000000000000e+01
1.706000061035156250e+02 3.200000000000000000e+01
1.706999969482421875e+02 3.100000000000000000e+01
1.708000030517578125e+02 2.800000000000000000e+01
1.708999938964843750e+02 2.700000000000000000e+01
1.710000000000000000e+02 2.600000000000000000e+01
1.711000061035156250e+02 2.600000000000000000e+01
1.711999969482421875e+02 2.600000000000000000e+01
1.713000030517578125e+02 2.600000000000000000e+01
1.713999938964843750e+02 2.400000000000000000e+01
1.715000000000000000e+02 2.500000000000000000e+01
1.716000061035156250e+02 1.900000000000000000e+01
1.716999969482421875e+02 2.300000000000000000e+01
1.718000030517578125e+02 2.900000000000000000e+01
1.718999938964843750e+02 2.300000000000000000e+01
1.720000000000000000e+02 2.700000000000000000e+01
1.721000061035156250e+02 2.900000000000000000e+01
1.721999969482421875e+02 2.300000000000000000e+01
1.723000030517578125e+02 2.500000000000000000e+01
1.723999938964843750e+02 2.600000000000000000e+01
1.725000000000000000e+02 2.600000000000000000e+01
1.726000061035156250e+02 2.600000000000000000e+01
1.726999969482421875e+02 2.700000000000000000e+01
1.728000030517578125e+02 2.500000000000000000e+01
1.728999938964843750e+02 2.600000000000000000e+01
1.730000000000000000e+02 3.400000000000000000e+01
1.731000061035156250e+02 2.700000000000000000e+01
1.731999969482421875e+02 2.900000000000000000e+01
1.733000030517578125e+02 2.700000000000000000e+01
1.733999938964843750e+02 2.600000000000000000e+01
1.735000000000000000e+02 2.900000000000000000e+01
1.736000061035156250e+02 2.700000000000000000e+01
1.736999969482421875e+02 2.600000000000000000e+01
1.738000030517578125e+02 2.900000000000000000e+01
1.738999938964843750e+02 2.700000000000000000e+01
1.740000000000000000e+02 2.400000000000000000e+01
1.741000061035156250e+02 2.200000000000000000e+01
1.741999969482421875e+02 2.700000000000000000e+01
1.743000030517578125e+02 2.400000000000000000e+01
1.743999938964843750e+02 2.700000000000000000e+01
1.745000000000000000e+02 2.600000000000000000e+01
1.746000061035156250e+02 2.600000000000000000e+01
1.746999969482421875e+02 3.000000000000000000e+01
1.748000030517578125e+02 2.300000000000000000e+01
1.748999938964843750e+02 2.500000000000000000e+01
1.750000000000000000e+02 2.700000000000000000e+01
1.751000061035156250e+02 3.500000000000000000e+01
1.751999969482421875e+02 3.100000000000000000e+01
1.753000030517578125e+02 2.800000000000000000e+01
1.753999938964843750e+02 3.200000000000000000e+01
1.755000000000000000e+02 2.700000000000000000e+01
1.756000061035156250e+02 2.900000000000000000e+01
1.756999969482421875e+02 2.600000000000000000e+01
1.758000030517578125e+02 2.800000000000000000e+01
1.758999938964843750e+02 3.100000000000000000e+01
1.760000000000000000e+02 2.900000000000000000e+01
1.761000061035156250e+02 2.400000000000000000e+01
1.761999969482421875e+02 2.600000000000000000e+01
1.763000030517578125e+02 2.500000000000000000e+01
1.763999938964843750e+02 2.800000000000000000e+01
1.765000000000000000e+02 2.400000000000000000e+01
1.766000061035156250e+02 2.700000000000000000e+01
1.766999969482421875e+02 2.600000000000000000e+01
1.768000030517578125e+02 2.500000000000000000e+01
1.768999938964843750e+02 2.500000000000000000e+01
1.770000000000000000e+02 3.000000000000000000e+01
1.771000061035156250e+02 2.700000000000000000e+01
1.771999969482421875e+02 4.000000000000000000e+01
1.773000030517578125e+02 3.200000000000000000e+01
1.773999938964843750e+02 3.900000000000000000e+01
1.775000000000000000e+02 3.500000000000000000e+01
1.776000061035156250e+02 3.400000000000000000e+01
1.776999969482421875e+02 3.700000000000000000e+01
1.778000030517578125e+02 3.900000000000000000e+01
1.778999938964843750e+02 3.700000000000000000e+01
1.780000000000000000e+02 3.400000000000000000e+01
1.781000061035156250e+02 4.000000000000000000e+01
1.781999969482421875e+02 3.600000000000000000e+01
1.783000030517578125e+02 3.600000000000000000e+01
1.783999938964843750e+02 3.800000000000000000e+01
1.785000000000000000e+02 3.900000000000000000e+01
1.786000061035156250e+02 4.000000000000000000e+01
1.786999969482421875e+02 3.900000000000000000e+01
1.788000030517578125e+02 3.600000000000000000e+01
1.788999938964843750e+02 3.400000000000000000e+01
1.790000000000000000e+02 3.900000000000000000e+01
1.791000061035156250e+02 3.700000000000000000e+01
1.791999969482421875e+02 3.700000000000000000e+01
1.793000030517578125e+02 3.700000000000000000e+01
1.793999938964843750e+02 3.600000000000000000e+01
1.795000000000000000e+02 3.800000000000000000e+01
1.796000061035156250e+02 3.700000000000000000e+01
1.796999969482421875e+02 3.800000000000000000e+01
1.798000030517578125e+02 3.800000000000000000e+01
1.798999938964843750e+02 3.800000000000000000e+01
1.800000000000000000e+02 3.500000000000000000e+01
1.801000061035156250e+02 4.100000000000000000e+01
1.801999969482421875e+02 3.900000000000000000e+01
1.803000030517578125e+02 3.900000000000000000e+01
1.803999938964843750e+02 4.300000000000000000e+01
1.805000000000000000e+02 4.000000000000000000e+01
1.806000061035156250e+02 4.000000000000000000e+01
1.806999969482421875e+02 3.800000000000000000e+01
1.808000030517578125e+02 3.600000000000000000e+01
1.808999938964843750e+02 3.500000000000000000e+01
1.810000000000000000e+02 3.500000000000000000e+01
1.811000061035156250e+02 3.400000000000000000e+01
1.811999969482421875e+02 3.500000000000000000e+01
1.813000030517578125e+02 3.400000000000000000e+01
1.813999938964843750e+02 3.700000000000000000e+01
1.815000000000000000e+02 3.800000000000000000e+01
1.816000061035156250e+02 3.700000000000000000e+01
1.816999969482421875e+02 3.800000000000000000e+01
1.818000030517578125e+02 3.900000000000000000e+01
1.818999938964843750e+02 4.000000000000000000e+01
1.820000000000000000e+02 3.700000000000000000e+01
1.821000061035156250e+02 4.300000000000000000e+01
1.821999969482421875e+02 4.100000000000000000e+01
1.823000030517578125e+02 3.800000000000000000e+01
1.823999938964843750e+02 3.900000000000000000e+01
1.825000000000000000e+02 4.000000000000000000e+01
1.826000061035156250e+02 4.000000000000000000e+01
1.826999969482421875e+02 4.100000000000000000e+01
1.828000030517578125e+02 3.500000000000000000e+01
1.828999938964843750e+02 4.000000000000000000e+01
1.830000000000000000e+02 3.900000000000000000e+01
1.831000061035156250e+02 4.000000000000000000e+01
1.831999969482421875e+02 3.700000000000000000e+01
1.833000030517578125e+02 4.000000000000000000e+01
1.833999938964843750e+02 4.000000000000000000e+01
1.835000000000000000e+02 3.900000000000000000e+01
1.836000061035156250e+02 3.600000000000000000e+01
1.836999969482421875e+02 4.000000000000000000e+01
1.838000030517578125e+02 3.800000000000000000e+01
1.838999938964843750e+02 3.600000000000000000e+01
1.840000000000000000e+02 4.100000000000000000e+01
1.841000061035156250e+02 4.300000000000000000e+01
1.841999969482421875e+02 3.700000000000000000e+01
1.843000030517578125e+02 4.200000000000000000e+01
1.843999938964843750e+02 3.800000000000000000e+01
1.845000000000000000e+02 3.800000000000000000e+01
1.846000061035156250e+02 3.900000000000000000e+01
1.846999969482421875e+02 3.700000000000000000e+01
1.848000030517578125e+02 3.600000000000000000e+01
1.848999938964843750e+02 3.500000000000000000e+01
1.850000000000000000e+02 3.600000000000000000e+01
1.851000061035156250e+02 3.700000000000000000e+01
1.851999969482421875e+02 3.900000000000000000e+01
1.853000030517578125e+02 3.600000000000000000e+01
1.853999938964843750e+02 3.900000000000000000e+01
1.855000000000000000e+02 3.500000000000000000e+01
1.856000061035156250e+02 3.600000000000000000e+01
1.856999969482421875e+02 3.400000000000000000e+01
1.858000030517578125e+02 3.800000000000000000e+01
1.858999938964843750e+02 3.300000000000000000e+01
1.860000000000000000e+02 3.200000000000000000e+01
1.861000061035156250e+02 3.300000000000000000e+01
1.861999969482421875e+02 2.400000000000000000e+01
1.863000030517578125e+02 2.500000000000000000e+01
1.863999938964843750e+02 2.200000000000000000e+01
1.865000000000000000e+02 3.100000000000000000e+01
1.866000061035156250e+02 3.200000000000000000e+01
1.866999969482421875e+02 3.300000000000000000e+01
1.868000030517578125e+02 3.400000000000000000e+01
1.868999938964843750e+02 3.400000000000000000e+01
1.870000000000000000e+02 2.900000000000000000e+01
1.871000061035156250e+02 3.400000000000000000e+01
1.871999969482421875e+02 3.600000000000000000e+01
1.873000030517578125e+02 3.400000000000000000e+01
1.873999938964843750e+02 3.600000000000000000e+01
1.875000000000000000e+02 3.700000000000000000e+01
1.876000061035156250e+02 3.900000000000000000e+01
1.876999969482421875e+02 3.700000000000000000e+01
1.878000030517578125e+02 3.600000000000000000e+01
1.878999938964843750e+02 3.500000000000000000e+01
1.880000000000000000e+02 3.500000000000000000e+01
1.881000061035156250e+02 3.500000000000000000e+01
1.881999969482421875e+02 4.000000000000000000e+01
1.883000030517578125e+02 2.700000000000000000e+01
1.883999938964843750e+02 3.200000000000000000e+01
1.885000000000000000e+02 3.100000000000000000e+01
1.886000061035156250e+02 3.000000000000000000e+01
1.886999969482421875e+02 3.000000000000000000e+01
1.888000030517578125e+02 2.400000000000000000e+01
1.888999938964843750e+02 2.500000000000000000e+01
1.890000000000000000e+02 3.800000000000000000e+01
1.891000061035156250e+02 3.800000000000000000e+01
1.891999969482421875e+02 3.200000000000000000e+01
1.893000030517578125e+02 3.400000000000000000e+01
1.893999938964843750e+02 3.000000000000000000e+01
1.895000000000000000e+02 2.800000000000000000e+01
1.896000061035156250e+02 3.700000000000000000e+01
1.896999969482421875e+02 3.200000000000000000e+01
1.898000030517578125e+02 3.100000000000000000e+01
1.898999938964843750e+02 3.000000000000000000e+01
1.900000000000000000e+02 2.600000000000000000e+01
1.901000061035156250e+02 2.700000000000000000e+01
1.901999969482421875e+02 3.300000000000000000e+01
1.903000030517578125e+02 3.000000000000000000e+01
1.903999938964843750e+02 3.300000000000000000e+01
1.905000000000000000e+02 3.300000000000000000e+01
1.906000061035156250e+02 3.300000000000000000e+01
1.906999969482421875e+02 3.400000000000000000e+01
1.908000030517578125e+02 3.800000000000000000e+01
1.908999938964843750e+02 3.900000000000000000e+01
1.910000000000000000e+02 3.300000000000000000e+01
1.911000061035156250e+02 3.600000000000000000e+01
1.911999969482421875e+02 3.300000000000000000e+01
1.913000030517578125e+02 3.000000000000000000e+01
1.913999938964843750e+02 3.700000000000000000e+01
1.915000000000000000e+02 3.200000000000000000e+01
1.916000061035156250e+02 3.100000000000000000e+01
1.916999969482421875e+02 3.600000000000000000e+01
1.918000030517578125e+02 3.800000000000000000e+01
1.918999938964843750e+02 3.200000000000000000e+01
1.920000000000000000e+02 4.300000000000000000e+01
1.921000061035156250e+02 3.700000000000000000e+01
1.921999969482421875e+02 3.500000000000000000e+01
1.923000030517578125e+02 3.800000000000000000e+01
1.923999938964843750e+02 3.900000000000000000e+01
1.925000000000000000e+02 3.300000000000000000e+01
1.926000061035156250e+02 3.800000000000000000e+01
1.926999969482421875e+02 4.100000000000000000e+01
1.928000030517578125e+02 3.600000000000000000e+01
1.928999938964843750e+02 3.300000000000000000e+01
1.930000000000000000e+02 3.500000000000000000e+01
1.931000061035156250e+02 3.300000000000000000e+01
1.931999969482421875e+02 3.100000000000000000e+01
1.933000030517578125e+02 3.400000000000000000e+01
1.933999938964843750e+02 4.000000000000000000e+01
1.935000000000000000e+02 3.500000000000000000e+01
1.936000061035156250e+02 3.400000000000000000e+01
1.936999969482421875e+02 3.100000000000000000e+01
1.938000030517578125e+02 3.500000000000000000e+01
1.938999938964843750e+02 3.600000000000000000e+01
1.940000000000000000e+02 3.600000000000000000e+01
1.941000061035156250e+02 3.400000000000000000e+01
1.941999969482421875e+02 3.100000000000000000e+01
1.943000030517578125e+02 3.700000000000000000e+01
1.943999938964843750e+02 3.300000000000000000e+01
1.945000000000000000e+02 3.300000000000000000e+01
1.946000061035156250e+02 3.700000000000000000e+01
1.946999969482421875e+02 4.100000000000000000e+01
1.948000030517578125e+02 3.800000000000000000e+01
1.948999938964843750e+02 3.400000000000000000e+01
1.950000000000000000e+02 3.300000000000000000e+01
1.951000061035156250e+02 3.600000000000000000e+01
1.951999969482421875e+02 3.800000000000000000e+01
1.953000030517578125e+02 3.400000000000000000e+01
1.953999938964843750e+02 3.500000000000000000e+01
1.955000000000000000e+02 3.600000000000000000e+01
1.956000061035156250e+02 3.600000000000000000e+01
1.956999969482421875e+02 3.600000000000000000e+01
1.958000030517578125e+02 3.700000000000000000e+01
1.958999938964843750e+02 3.500000000000000000e+01
1.960000000000000000e+02 4.000000000000000000e+01
1.961000061035156250e+02 3.800000000000000000e+01
1.961999969482421875e+02 2.800000000000000000e+01
1.963000030517578125e+02 3.200000000000000000e+01
1.963999938964843750e+02 3.000000000000000000e+01
1.965000000000000000e+02 3.400000000000000000e+01
1.966000061035156250e+02 3.000000000000000000e+01
1.966999969482421875e+02 3.200000000000000000e+01
1.968000030517578125e+02 3.300000000000000000e+01
1.968999938964843750e+02 3.300000000000000000e+01
1.970000000000000000e+02 3.600000000000000000e+01
1.971000061035156250e+02 3.100000000000000000e+01
1.971999969482421875e+02 3.200000000000000000e+01
1.973000030517578125e+02 3.100000000000000000e+01
1.973999938964843750e+02 2.900000000000000000e+01
1.975000000000000000e+02 3.500000000000000000e+01
1.976000061035156250e+02 3.500000000000000000e+01
1.976999969482421875e+02 3.200000000000000000e+01
1.978000030517578125e+02 3.500000000000000000e+01
1.978999938964843750e+02 3.800000000000000000e+01
1.980000000000000000e+02 3.600000000000000000e+01
1.981000061035156250e+02 4.000000000000000000e+01
1.981999969482421875e+02 3.500000000000000000e+01
1.983000030517578125e+02 3.500000000000000000e+01
1.983999938964843750e+02 3.700000000000000000e+01
1.985000000000000000e+02 3.700000000000000000e+01
1.986000061035156250e+02 3.400000000000000000e+01
1.986999969482421875e+02 3.600000000000000000e+01
1.988000030517578125e+02 3.600000000000000000e+01
1.988999938964843750e+02 4.000000000000000000e+01
1.990000000000000000e+02 3.600000000000000000e+01
1.991000061035156250e+02 3.600000000000000000e+01
1.991999969482421875e+02 3.800000000000000000e+01
1.993000030517578125e+02 3.600000000000000000e+01
1.993999938964843750e+02 3.700000000000000000e+01
1.995000000000000000e+02 3.700000000000000000e+01
1.996000061035156250e+02 3.200000000000000000e+01
1.996999969482421875e+02 3.500000000000000000e+01
1.998000030517578125e+02 3.300000000000000000e+01
1.998999938964843750e+02 3.600000000000000000e+01
2.000000000000000000e+02 3.700000000000000000e+01
2.001000061035156250e+02 3.100000000000000000e+01
2.001999969482421875e+02 3.000000000000000000e+01
2.003000030517578125e+02 3.700000000000000000e+01
2.003999938964843750e+02 3.900000000000000000e+01
2.005000000000000000e+02 3.500000000000000000e+01
2.006000061035156250e+02 3.600000000000000000e+01
2.006999969482421875e+02 3.400000000000000000e+01
2.008000030517578125e+02 3.800000000000000000e+01
2.008999938964843750e+02 3.800000000000000000e+01
2.010000000000000000e+02 3.800000000000000000e+01
2.011000061035156250e+02 3.500000000000000000e+01
2.011999969482421875e+02 3.600000000000000000e+01
2.013000030517578125e+02 3.400000000000000000e+01
2.013999938964843750e+02 3.500000000000000000e+01
2.015000000000000000e+02 3.500000000000000000e+01
2.016000061035156250e+02 3.600000000000000000e+01
2.016999969482421875e+02 3.800000000000000000e+01
2.018000030517578125e+02 3.400000000000000000e+01
2.018999938964843750e+02 3.600000000000000000e+01
2.020000000000000000e+02 3.300000000000000000e+01
2.021000061035156250e+02 3.100000000000000000e+01
2.021999969482421875e+02 2.800000000000000000e+01
2.023000030517578125e+02 3.200000000000000000e+01
2.023999938964843750e+02 2.900000000000000000e+01
2.025000000000000000e+02 2.600000000000000000e+01
2.026000061035156250e+02 3.500000000000000000e+01
2.026999969482421875e+02 3.400000000000000000e+01
2.028000030517578125e+02 3.300000000000000000e+01
2.028999938964843750e+02 3.700000000000000000e+01
2.030000000000000000e+02 3.800000000000000000e+01
2.031000061035156250e+02 3.800000000000000000e+01
2.031999969482421875e+02 3.400000000000000000e+01
2.033000030517578125e+02 3.300000000000000000e+01
2.033999938964843750e+02 4.000000000000000000e+01
2.035000000000000000e+02 4.100000000000000000e+01
2.036000061035156250e+02 3.500000000000000000e+01
2.036999969482421875e+02 3.500000000000000000e+01
2.038000030517578125e+02 3.600000000000000000e+01
2.038999938964843750e+02 3.700000000000000000e+01
2.040000000000000000e+02 3.500000000000000000e+01
2.041000061035156250e+02 3.600000000000000000e+01
2.041999969482421875e+02 3.500000000000000000e+01
2.043000030517578125e+02 3.900000000000000000e+01
2.043999938964843750e+02 3.900000000000000000e+01
2.045000000000000000e+02 2.900000000000000000e+01
2.046000061035156250e+02 3.100000000000000000e+01
2.046999969482421875e+02 2.900000000000000000e+01
2.048000030517578125e+02 2.300000000000000000e+01
2.048999938964843750e+02 2.600000000000000000e+01
2.050000000000000000e+02 2.600000000000000000e+01
2.051000061035156250e+02 2.900000000000000000e+01
2.051999969482421875e+02 3.000000000000000000e+01
2.053000030517578125e+02 3.000000000000000000e+01
2.053999938964843750e+02 3.100000000000000000e+01
2.055000000000000000e+02 3.000000000000000000e+01
2.056000061035156250e+02 2.400000000000000000e+01
2.056999969482421875e+02 2.600000000000000000e+01
2.058000030517578125e+02 2.900000000000000000e+01
2.058999938964843750e+02 2.700000000000000000e+01
2.060000000000000000e+02 3.400000000000000000e+01
2.061000061035156250e+02 2.700000000000000000e+01
2.061999969482421875e+02 2.900000000000000000e+01
2.063000030517578125e+02 2.300000000000000000e+01
2.063999938964843750e+02 2.900000000000000000e+01
2.065000000000000000e+02 3.000000000000000000e+01
2.066000061035156250e+02 2.600000000000000000e+01
2.066999969482421875e+02 2.800000000000000000e+01
2.068000030517578125e+02 2.400000000000000000e+01
2.068999938964843750e+02 2.700000000000000000e+01
2.070000000000000000e+02 2.800000000000000000e+01
2.071000061035156250e+02 2.800000000000000000e+01
2.071999969482421875e+02 2.300000000000000000e+01
2.073000030517578125e+02 2.200000000000000000e+01
2.073999938964843750e+02 2.300000000000000000e+01
2.075000000000000000e+02 2.300000000000000000e+01
2.076000061035156250e+02 3.000000000000000000e+01
2.076999969482421875e+02 2.400000000000000000e+01
2.078000030517578125e+02 2.500000000000000000e+01
2.078999938964843750e+02 2.500000000000000000e+01
2.080000000000000000e+02 2.300000000000000000e+01
2.081000061035156250e+02 2.300000000000000000e+01
2.081999969482421875e+02 2.000000000000000000e+01
2.083000030517578125e+02 2.500000000000000000e+01
2.083999938964843750e+02 2.400000000000000000e+01
2.085000000000000000e+02 2.500000000000000000e+01
2.086000061035156250e+02 2.500000000000000000e+01
2.086999969482421875e+02 2.500000000000000000e+01
2.088000030517578125e+02 3.400000000000000000e+01
2.088999938964843750e+02 2.400000000000000000e+01
2.090000000000000000e+02 2.900000000000000000e+01
2.091000061035156250e+02 2.600000000000000000e+01
2.091999969482421875e+02 3.200000000000000000e+01
2.093000030517578125e+02 2.400000000000000000e+01
2.093999938964843750e+02 2.700000000000000000e+01
2.095000000000000000e+02 2.500000000000000000e+01
2.096000061035156250e+02 3.000000000000000000e+01
2.096999969482421875e+02 2.700000000000000000e+01
2.098000030517578125e+02 2.700000000000000000e+01
2.098999938964843750e+02 3.000000000000000000e+01
2.100000000000000000e+02 2.800000000000000000e+01
2.101000061035156250e+02 3.700000000000000000e+01
2.101999969482421875e+02 3.400000000000000000e+01
2.103000030517578125e+02 3.700000000000000000e+01
2.103999938964843750e+02 3.500000000000000000e+01
2.105000000000000000e+02 3.300000000000000000e+01
2.106000061035156250e+02 3.500000000000000000e+01
2.106999969482421875e+02 2.900000000000000000e+01
2.108000030517578125e+02 3.400000000000000000e+01
2.108999938964843750e+02 3.100000000000000000e+01
2.110000000000000000e+02 3.600000000000000000e+01
2.111000061035156250e+02 3.600000000000000000e+01
2.111999969482421875e+02 3.400000000000000000e+01
2.113000030517578125e+02 3.000000000000000000e+01
2.113999938964843750e+02 3.400000000000000000e+01
2.115000000000000000e+02 3.200000000000000000e+01
2.116000061035156250e+02 3.200000000000000000e+01
2.116999969482421875e+02 2.700000000000000000e+01
2.118000030517578125e+02 3.400000000000000000e+01
2.118999938964843750e+02 3.400000000000000000e+01
2.120000000000000000e+02 2.700000000000000000e+01
2.121000061035156250e+02 2.300000000000000000e+01
2.121999969482421875e+02 2.100000000000000000e+01
2.123000030517578125e+02 2.500000000000000000e+01
2.123999938964843750e+02 2.700000000000000000e+01
2.125000000000000000e+02 2.500000000000000000e+01
2.126000061035156250e+02 2.900000000000000000e+01
2.126999969482421875e+02 2.700000000000000000e+01
2.128000030517578125e+02 2.500000000000000000e+01
2.128999938964843750e+02 2.500000000000000000e+01
2.130000000000000000e+02 2.600000000000000000e+01
2.131000061035156250e+02 2.600000000000000000e+01
2.131999969482421875e+02 2.600000000000000000e+01
2.133000030517578125e+02 2.700000000000000000e+01
2.133999938964843750e+02 2.600000000000000000e+01
2.135000000000000000e+02 2.500000000000000000e+01
2.136000061035156250e+02 2.500000000000000000e+01
2.136999969482421875e+02 2.400000000000000000e+01
2.138000030517578125e+02 2.900000000000000000e+01
2.138999938964843750e+02 2.100000000000000000e+01
2.140000000000000000e+02 2.300000000000000000e+01
2.141000061035156250e+02 2.600000000000000000e+01
2.141999969482421875e+02 2.600000000000000000e+01
2.143000030517578125e+02 2.200000000000000000e+01
2.143999938964843750e+02 2.700000000000000000e+01
2.145000000000000000e+02 2.400000000000000000e+01
2.146000061035156250e+02 2.500000000000000000e+01
2.146999969482421875e+02 2.800000000000000000e+01
2.148000030517578125e+02 2.600000000000000000e+01
2.148999938964843750e+02 2.700000000000000000e+01
2.150000000000000000e+02 2.600000000000000000e+01
2.151000061035156250e+02 2.600000000000000000e+01
2.151999969482421875e+02 2.400000000000000000e+01
2.153000030517578125e+02 2.700000000000000000e+01
2.153999938964843750e+02 2.800000000000000000e+01
2.155000000000000000e+02 2.600000000000000000e+01
2.156000061035156250e+02 2.600000000000000000e+01
2.156999969482421875e+02 2.600000000000000000e+01
2.158000030517578125e+02 2.600000000000000000e+01
2.158999938964843750e+02 2.900000000000000000e+01
2.160000000000000000e+02 2.400000000000000000e+01
2.161000061035156250e+02 2.400000000000000000e+01
2.161999969482421875e+02 3.100000000000000000e+01
2.163000030517578125e+02 2.800000000000000000e+01
2.163999938964843750e+02 2.900000000000000000e+01
2.165000000000000000e+02 2.400000000000000000e+01
2.166000061035156250e+02 2.800000000000000000e+01
2.166999969482421875e+02 2.500000000000000000e+01
2.168000030517578125e+02 2.600000000000000000e+01
2.168999938964843750e+02 2.600000000000000000e+01
2.170000000000000000e+02 2.500000000000000000e+01
2.171000061035156250e+02 2.300000000000000000e+01
2.171999969482421875e+02 2.600000000000000000e+01
2.173000030517578125e+02 2.500000000000000000e+01
2.173999938964843750e+02 2.300000000000000000e+01
2.175000000000000000e+02 2.400000000000000000e+01
2.176000061035156250e+02 2.600000000000000000e+01
2.176999969482421875e+02 2.700000000000000000e+01
2.178000030517578125e+02 2.700000000000000000e+01
2.178999938964843750e+02 2.600000000000000000e+01
2.180000000000000000e+02 2.800000000000000000e+01
2.181000061035156250e+02 2.900000000000000000e+01
2.181999969482421875e+02 3.000000000000000000e+01
2.183000030517578125e+02 3.000000000000000000e+01
2.183999938964843750e+02 2.700000000000000000e+01
2.185000000000000000e+02 2.700000000000000000e+01
2.186000061035156250e+02 2.500000000000000000e+01
2.186999969482421875e+02 2.700000000000000000e+01
2.188000030517578125e+02 2.700000000000000000e+01
2.188999938964843750e+02 3.200000000000000000e+01
2.190000000000000000e+02 3.200000000000000000e+01
2.191000061035156250e+02 3.500000000000000000e+01
2.191999969482421875e+02 3.100000000000000000e+01
2.193000030517578125e+02 2.900000000000000000e+01
2.193999938964843750e+02 2.700000000000000000e+01
2.195000000000000000e+02 3.200000000000000000e+01
2.196000061035156250e+02 2.900000000000000000e+01
2.196999969482421875e+02 2.900000000000000000e+01
2.198000030517578125e+02 3.300000000000000000e+01
2.198999938964843750e+02 2.800000000000000000e+01
2.200000000000000000e+02 2.900000000000000000e+01
2.201000061035156250e+02 3.000000000000000000e+01
2.201999969482421875e+02 2.500000000000000000e+01
2.203000030517578125e+02 2.700000000000000000e+01
2.203999938964843750e+02 2.500000000000000000e+01
2.205000000000000000e+02 3.000000000000000000e+01
2.206000061035156250e+02 2.800000000000000000e+01
2.206999969482421875e+02 3.300000000000000000e+01
2.208000030517578125e+02 3.200000000000000000e+01
2.208999938964843750e+02 2.800000000000000000e+01
2.210000000000000000e+02 3.000000000000000000e+01
2.211000061035156250e+02 3.100000000000000000e+01
2.211999969482421875e+02 3.200000000000000000e+01
2.213000030517578125e+02 2.700000000000000000e+01
2.213999938964843750e+02 3.000000000000000000e+01
2.215000000000000000e+02 2.600000000000000000e+01
2.216000061035156250e+02 2.700000000000000000e+01
2.216999969482421875e+02 2.500000000000000000e+01
2.218000030517578125e+02 3.000000000000000000e+01
2.218999938964843750e+02 2.600000000000000000e+01
2.220000000000000000e+02 2.700000000000000000e+01
2.221000061035156250e+02 2.900000000000000000e+01
2.221999969482421875e+02 2.900000000000000000e+01
2.223000030517578125e+02 3.000000000000000000e+01
2.223999938964843750e+02 2.800000000000000000e+01
2.225000000000000000e+02 3.100000000000000000e+01
2.226000061035156250e+02 2.600000000000000000e+01
2.226999969482421875e+02 3.000000000000000000e+01
2.228000030517578125e+02 3.000000000000000000e+01
2.228999938964843750e+02 3.000000000000000000e+01
2.230000000000000000e+02 3.000000000000000000e+01
2.231000061035156250e+02 2.600000000000000000e+01
2.231999969482421875e+02 2.600000000000000000e+01
2.233000030517578125e+02 2.600000000000000000e+01
2.233999938964843750e+02 3.100000000000000000e+01
2.235000000000000000e+02 3.000000000000000000e+01
2.236000061035156250e+02 2.800000000000000000e+01
2.236999969482421875e+02 3.100000000000000000e+01
2.238000030517578125e+02 2.600000000000000000e+01
2.238999938964843750e+02 3.100000000000000000e+01
2.240000000000000000e+02 3.200000000000000000e+01
2.241000061035156250e+02 3.400000000000000000e+01
2.241999969482421875e+02 3.000000000000000000e+01
2.243000030517578125e+02 3.200000000000000000e+01
2.243999938964843750e+02 3.600000000000000000e+01
2.245000000000000000e+02 3.800000000000000000e+01
2.246000061035156250e+02 3.900000000000000000e+01
2.246999969482421875e+02 3.000000000000000000e+01
2.248000030517578125e+02 3.300000000000000000e+01
2.248999938964843750e+02 3.500000000000000000e+01
2.250000000000000000e+02 3.100000000000000000e+01
2.251000061035156250e+02 3.100000000000000000e+01
2.251999969482421875e+02 3.600000000000000000e+01
2.253000030517578125e+02 3.100000000000000000e+01
2.253999938964843750e+02 3.400000000000000000e+01
2.255000000000000000e+02 2.800000000000000000e+01
2.256000061035156250e+02 3.200000000000000000e+01
2.256999969482421875e+02 3.300000000000000000e+01
2.258000030517578125e+02 2.900000000000000000e+01
2.258999938964843750e+02 2.900000000000000000e+01
2.260000000000000000e+02 3.500000000000000000e+01
2.261000061035156250e+02 3.300000000000000000e+01
2.261999969482421875e+02 3.300000000000000000e+01
2.263000030517578125e+02 3.300000000000000000e+01
2.263999938964843750e+02 3.400000000000000000e+01
2.265000000000000000e+02 3.300000000000000000e+01
2.266000061035156250e+02 3.400000000000000000e+01
2.266999969482421875e+02 3.400000000000000000e+01
2.268000030517578125e+02 3.600000000000000000e+01
2.268999938964843750e+02 3.200000000000000000e+01
2.270000000000000000e+02 3.100000000000000000e+01
2.271000061035156250e+02 3.000000000000000000e+01
2.271999969482421875e+02 3.400000000000000000e+01
2.273000030517578125e+02 2.500000000000000000e+01
2.273999938964843750e+02 3.300000000000000000e+01
2.275000000000000000e+02 3.400000000000000000e+01
2.276000061035156250e+02 3.400000000000000000e+01
2.276999969482421875e+02 3.500000000000000000e+01
2.278000030517578125e+02 3.400000000000000000e+01
2.278999938964843750e+02 3.200000000000000000e+01
2.280000000000000000e+02 3.800000000000000000e+01
2.281000061035156250e+02 3.400000000000000000e+01
2.281999969482421875e+02 3.400000000000000000e+01
2.283000030517578125e+02 3.100000000000000000e+01
2.283999938964843750e+02 3.200000000000000000e+01
2.285000000000000000e+02 3.200000000000000000e+01
2.286000061035156250e+02 3.200000000000000000e+01
2.286999969482421875e+02 3.300000000000000000e+01
2.288000030517578125e+02 3.100000000000000000e+01
2.288999938964843750e+02 3.100000000000000000e+01
2.290000000000000000e+02 3.200000000000000000e+01
2.291000061035156250e+02 3.400000000000000000e+01
2.291999969482421875e+02 3.200000000000000000e+01
2.293000030517578125e+02 3.400000000000000000e+01
2.293999938964843750e+02 3.500000000000000000e+01
2.295000000000000000e+02 3.700000000000000000e+01
2.296000061035156250e+02 3.500000000000000000e+01
2.296999969482421875e+02 3.500000000000000000e+01
2.298000030517578125e+02 3.300000000000000000e+01
2.298999938964843750e+02 3.300000000000000000e+01
2.300000000000000000e+02 3.800000000000000000e+01
2.301000061035156250e+02 3.100000000000000000e+01
2.301999969482421875e+02 3.300000000000000000e+01
2.303000030517578125e+02 3.600000000000000000e+01
2.303999938964843750e+02 3.300000000000000000e+01
2.305000000000000000e+02 3.400000000000000000e+01
2.306000061035156250e+02 3.200000000000000000e+01
2.306999969482421875e+02 3.300000000000000000e+01
2.308000030517578125e+02 3.600000000000000000e+01
2.308999938964843750e+02 3.500000000000000000e+01
2.310000000000000000e+02 3.200000000000000000e+01
2.311000061035156250e+02 3.200000000000000000e+01
2.311999969482421875e+02 3.500000000000000000e+01
2.313000030517578125e+02 3.000000000000000000e+01
2.313999938964843750e+02 3.500000000000000000e+01
2.315000000000000000e+02 3.200000000000000000e+01
2.316000061035156250e+02 3.200000000000000000e+01
2.316999969482421875e+02 3.700000000000000000e+01
2.318000030517578125e+02 3.600000000000000000e+01
2.318999938964843750e+02 3.200000000000000000e+01
2.320000000000000000e+02 3.400000000000000000e+01
2.321000061035156250e+02 3.400000000000000000e+01
2.321999969482421875e+02 3.500000000000000000e+01
2.323000030517578125e+02 3.800000000000000000e+01
2.323999938964843750e+02 3.300000000000000000e+01
2.325000000000000000e+02 3.000000000000000000e+01
2.326000061035156250e+02 3.100000000000000000e+01
2.326999969482421875e+02 3.500000000000000000e+01
2.328000030517578125e+02 3.100000000000000000e+01
2.328999938964843750e+02 3.300000000000000000e+01
2.330000000000000000e+02 3.000000000000000000e+01
2.331000061035156250e+02 3.300000000000000000e+01
2.331999969482421875e+02 4.000000000000000000e+01
2.333000030517578125e+02 3.000000000000000000e+01
2.333999938964843750e+02 2.900000000000000000e+01
2.335000000000000000e+02 3.300000000000000000e+01
2.336000061035156250e+02 3.200000000000000000e+01
2.336999969482421875e+02 3.400000000000000000e+01
2.338000030517578125e+02 2.800000000000000000e+01
2.338999938964843750e+02 3.100000000000000000e+01
2.340000000000000000e+02 3.700000000000000000e+01
2.341000061035156250e+02 3.500000000000000000e+01
2.341999969482421875e+02 3.000000000000000000e+01
2.343000030517578125e+02 3.700000000000000000e+01
2.343999938964843750e+02 3.800000000000000000e+01
2.345000000000000000e+02 3.400000000000000000e+01
2.346000061035156250e+02 3.700000000000000000e+01
2.346999969482421875e+02 3.200000000000000000e+01
2.348000030517578125e+02 3.100000000000000000e+01
2.348999938964843750e+02 3.100000000000000000e+01
2.350000000000000000e+02 3.300000000000000000e+01
2.351000061035156250e+02 3.100000000000000000e+01
2.351999969482421875e+02 3.400000000000000000e+01
2.353000030517578125e+02 3.200000000000000000e+01
2.353999938964843750e+02 3.500000000000000000e+01
2.355000000000000000e+02 3.300000000000000000e+01
2.356000061035156250e+02 3.300000000000000000e+01
2.356999969482421875e+02 3.400000000000000000e+01
2.358000030517578125e+02 3.600000000000000000e+01
2.358999938964843750e+02 3.300000000000000000e+01
2.360000000000000000e+02 3.600000000000000000e+01
2.361000061035156250e+02 3.400000000000000000e+01
2.361999969482421875e+02 3.700000000000000000e+01
2.363000030517578125e+02 3.400000000000000000e+01
2.363999938964843750e+02 3.500000000000000000e+01
2.365000000000000000e+02 3.800000000000000000e+01
2.366000061035156250e+02 3.300000000000000000e+01
2.366999969482421875e+02 3.000000000000000000e+01
2.368000030517578125e+02 3.300000000000000000e+01
2.368999938964843750e+02 3.000000000000000000e+01
2.370000000000000000e+02 3.200000000000000000e+01
2.371000061035156250e+02 3.000000000000000000e+01
2.371999969482421875e+02 2.900000000000000000e+01
2.373000030517578125e+02 3.200000000000000000e+01
2.373999938964843750e+02 2.900000000000000000e+01
2.375000000000000000e+02 3.000000000000000000e+01
2.376000061035156250e+02 3.700000000000000000e+01
2.376999969482421875e+02 3.200000000000000000e+01
2.378000030517578125e+02 3.200000000000000000e+01
2.378999938964843750e+02 3.600000000000000000e+01
2.380000000000000000e+02 3.000000000000000000e+01
2.381000061035156250e+02 3.300000000000000000e+01
2.381999969482421875e+02 3.200000000000000000e+01
2.383000030517578125e+02 3.200000000000000000e+01
2.383999938964843750e+02 3.600000000000000000e+01
2.385000000000000000e+02 3.700000000000000000e+01
2.386000061035156250e+02 3.600000000000000000e+01
2.386999969482421875e+02 3.000000000000000000e+01
2.388000030517578125e+02 2.900000000000000000e+01
2.388999938964843750e+02 3.400000000000000000e+01
2.390000000000000000e+02 3.400000000000000000e+01
2.391000061035156250e+02 3.500000000000000000e+01
2.391999969482421875e+02 3.600000000000000000e+01
2.393000030517578125e+02 3.200000000000000000e+01
2.393999938964843750e+02 3.400000000000000000e+01
2.395000000000000000e+02 3.300000000000000000e+01
2.396000061035156250e+02 3.100000000000000000e+01
2.396999969482421875e+02 3.500000000000000000e+01
2.398000030517578125e+02 2.900000000000000000e+01
2.398999938964843750e+02 3.800000000000000000e+01
2.400000000000000000e+02 3.500000000000000000e+01
2.401000061035156250e+02 3.800000000000000000e+01
2.401999969482421875e+02 2.900000000000000000e+01
2.403000030517578125e+02 3.400000000000000000e+01
2.403999938964843750e+02 3.400000000000000000e+01
2.405000000000000000e+02 3.700000000000000000e+01
2.406000061035156250e+02 3.100000000000000000e+01
2.406999969482421875e+02 3.300000000000000000e+01
2.408000030517578125e+02 2.900000000000000000e+01
2.408999938964843750e+02 3.300000000000000000e+01
2.410000000000000000e+02 3.200000000000000000e+01
2.411000061035156250e+02 3.400000000000000000e+01
2.411999969482421875e+02 2.700000000000000000e+01
2.413000030517578125e+02 3.100000000000000000e+01
2.413999938964843750e+02 3.100000000000000000e+01
2.415000000000000000e+02 3.200000000000000000e+01
2.416000061035156250e+02 3.100000000000000000e+01
2.416999969482421875e+02 3.400000000000000000e+01
2.418000030517578125e+02 3.800000000000000000e+01
2.418999938964843750e+02 3.000000000000000000e+01
2.420000000000000000e+02 3.100000000000000000e+01
2.421000061035156250e+02 3.300000000000000000e+01
2.421999969482421875e+02 3.400000000000000000e+01
2.423000030517578125e+02 3.300000000000000000e+01
2.423999938964843750e+02 3.100000000000000000e+01
2.425000000000000000e+02 2.800000000000000000e+01
2.426000061035156250e+02 3.200000000000000000e+01
2.426999969482421875e+02 3.500000000000000000e+01
2.428000030517578125e+02 3.300000000000000000e+01
2.428999938964843750e+02 3.000000000000000000e+01
2.430000000000000000e+02 3.300000000000000000e+01
2.431000061035156250e+02 3.000000000000000000e+01
2.431999969482421875e+02 3.100000000000000000e+01
2.433000030517578125e+02 3.300000000000000000e+01
2.433999938964843750e+02 3.300000000000000000e+01
2.435000000000000000e+02 3.100000000000000000e+01
2.436000061035156250e+02 3.400000000000000000e+01
2.436999969482421875e+02 3.400000000000000000e+01
2.438000030517578125e+02 2.900000000000000000e+01
2.438999938964843750e+02 3.000000000000000000e+01
2.440000000000000000e+02 3.100000000000000000e+01
2.441000061035156250e+02 2.900000000000000000e+01
2.441999969482421875e+02 3.700000000000000000e+01
2.443000030517578125e+02 3.600000000000000000e+01
2.443999938964843750e+02 3.300000000000000000e+01
2.445000000000000000e+02 3.600000000000000000e+01
2.446000061035156250e+02 3.400000000000000000e+01
2.446999969482421875e+02 3.500000000000000000e+01
2.448000030517578125e+02 3.500000000000000000e+01
2.448999938964843750e+02 3.200000000000000000e+01
2.450000000000000000e+02 2.800000000000000000e+01
2.451000061035156250e+02 3.300000000000000000e+01
2.451999969482421875e+02 3.200000000000000000e+01
2.453000030517578125e+02 3.200000000000000000e+01
2.453999938964843750e+02 2.600000000000000000e+01
2.455000000000000000e+02 2.700000000000000000e+01
2.456000061035156250e+02 3.400000000000000000e+01
2.456999969482421875e+02 3.000000000000000000e+01
2.458000030517578125e+02 2.900000000000000000e+01
2.458999938964843750e+02 3.200000000000000000e+01
2.460000000000000000e+02 2.700000000000000000e+01
2.461000061035156250e+02 2.800000000000000000e+01
2.461999969482421875e+02 2.900000000000000000e+01
2.463000030517578125e+02 2.700000000000000000e+01
2.463999938964843750e+02 2.700000000000000000e+01
2.465000000000000000e+02 2.600000000000000000e+01
2.466000061035156250e+02 3.200000000000000000e+01
2.466999969482421875e+02 2.700000000000000000e+01
2.468000030517578125e+02 3.200000000000000000e+01
2.468999938964843750e+02 3.000000000000000000e+01
2.470000000000000000e+02 2.800000000000000000e+01
2.471000061035156250e+02 2.700000000000000000e+01
2.471999969482421875e+02 2.900000000000000000e+01
2.473000030517578125e+02 2.900000000000000000e+01
2.473999938964843750e+02 2.900000000000000000e+01
2.475000000000000000e+02 3.100000000000000000e+01
2.476000061035156250e+02 3.200000000000000000e+01
2.476999969482421875e+02 3.300000000000000000e+01
2.478000030517578125e+02 3.000000000000000000e+01
2.478999938964843750e+02 2.600000000000000000e+01
2.480000000000000000e+02 3.200000000000000000e+01
2.481000061035156250e+02 2.900000000000000000e+01
2.481999969482421875e+02 2.900000000000000000e+01
2.483000030517578125e+02 3.200000000000000000e+01
2.483999938964843750e+02 3.000000000000000000e+01
2.485000000000000000e+02 3.300000000000000000e+01
2.486000061035156250e+02 3.000000000000000000e+01
2.486999969482421875e+02 3.100000000000000000e+01
2.488000030517578125e+02 2.700000000000000000e+01
2.488999938964843750e+02 2.900000000000000000e+01
2.490000000000000000e+02 2.900000000000000000e+01
2.491000061035156250e+02 3.200000000000000000e+01
2.491999969482421875e+02 3.200000000000000000e+01
2.493000030517578125e+02 3.100000000000000000e+01
2.493999938964843750e+02 3.300000000000000000e+01
2.495000000000000000e+02 3.600000000000000000e+01
2.496000061035156250e+02 3.000000000000000000e+01
2.496999969482421875e+02 2.700000000000000000e+01
2.498000030517578125e+02 3.400000000000000000e+01
2.498999938964843750e+02 3.300000000000000000e+01
2.500000000000000000e+02 3.400000000000000000e+01
2.501000061035156250e+02 3.300000000000000000e+01
2.501999969482421875e+02 3.400000000000000000e+01
2.503000030517578125e+02 3.200000000000000000e+01
2.503999938964843750e+02 3.600000000000000000e+01
2.505000000000000000e+02 2.900000000000000000e+01
2.506000061035156250e+02 2.800000000000000000e+01
2.506999969482421875e+02 3.200000000000000000e+01
2.508000030517578125e+02 2.700000000000000000e+01
2.508999938964843750e+02 3.400000000000000000e+01
2.510000000000000000e+02 3.100000000000000000e+01
2.511000061035156250e+02 3.300000000000000000e+01
2.511999969482421875e+02 3.700000000000000000e+01
2.513000030517578125e+02 3.300000000000000000e+01
2.513999938964843750e+02 3.200000000000000000e+01
2.515000000000000000e+02 3.400000000000000000e+01
2.516000061035156250e+02 3.300000000000000000e+01
2.516999969482421875e+02 2.900000000000000000e+01
2.518000030517578125e+02 3.200000000000000000e+01
2.518999938964843750e+02 3.200000000000000000e+01
2.520000000000000000e+02 3.100000000000000000e+01
2.521000061035156250e+02 2.900000000000000000e+01
2.521999969482421875e+02 3.600000000000000000e+01
2.523000030517578125e+02 3.100000000000000000e+01
2.523999938964843750e+02 3.200000000000000000e+01
2.525000000000000000e+02 3.500000000000000000e+01
2.526000061035156250e+02 2.600000000000000000e+01
2.526999969482421875e+02 3.700000000000000000e+01
2.528000030517578125e+02 3.100000000000000000e+01
2.528999938964843750e+02 3.500000000000000000e+01
2.530000000000000000e+02 3.000000000000000000e+01
2.531000061035156250e+02 3.900000000000000000e+01
2.531999969482421875e+02 3.000000000000000000e+01
2.533000030517578125e+02 3.300000000000000000e+01
2.533999938964843750e+02 3.300000000000000000e+01
2.535000000000000000e+02 3.400000000000000000e+01
2.536000061035156250e+02 2.900000000000000000e+01
2.536999969482421875e+02 3.300000000000000000e+01
2.538000030517578125e+02 3.100000000000000000e+01
2.538999938964843750e+02 3.200000000000000000e+01
2.540000000000000000e+02 3.100000000000000000e+01
2.541000061035156250e+02 3.300000000000000000e+01
2.541999969482421875e+02 3.200000000000000000e+01
2.543000030517578125e+02 3.100000000000000000e+01
2.543999938964843750e+02 2.700000000000000000e+01
2.545000000000000000e+02 3.500000000000000000e+01
2.546000061035156250e+02 3.300000000000000000e+01
2.546999969482421875e+02 3.300000000000000000e+01
2.548000030517578125e+02 3.400000000000000000e+01
2.548999938964843750e+02 3.400000000000000000e+01
2.550000000000000000e+02 2.900000000000000000e+01
2.551000061035156250e+02 3.400000000000000000e+01
2.551999969482421875e+02 2.900000000000000000e+01
2.553000030517578125e+02 3.600000000000000000e+01
2.553999938964843750e+02 3.700000000000000000e+01
2.555000000000000000e+02 3.200000000000000000e+01
2.556000061035156250e+02 3.400000000000000000e+01
2.556999969482421875e+02 3.200000000000000000e+01
2.558000030517578125e+02 3.600000000000000000e+01
2.558999938964843750e+02 3.300000000000000000e+01
2.560000000000000000e+02 3.100000000000000000e+01
2.561000061035156250e+02 3.900000000000000000e+01
2.562000122070312500e+02 3.100000000000000000e+01
2.562999877929687500e+02 3.600000000000000000e+01
2.563999938964843750e+02 3.300000000000000000e+01
2.565000000000000000e+02 3.200000000000000000e+01
2.566000061035156250e+02 3.200000000000000000e+01
2.567000122070312500e+02 3.500000000000000000e+01
2.567999877929687500e+02 3.300000000000000000e+01
2.568999938964843750e+02 3.600000000000000000e+01
2.570000000000000000e+02 3.500000000000000000e+01
2.571000061035156250e+02 3.400000000000000000e+01
2.572000122070312500e+02 3.700000000000000000e+01
2.572999877929687500e+02 3.700000000000000000e+01
2.573999938964843750e+02 3.700000000000000000e+01
2.575000000000000000e+02 3.100000000000000000e+01
2.576000061035156250e+02 3.000000000000000000e+01
2.577000122070312500e+02 3.400000000000000000e+01
2.577999877929687500e+02 2.900000000000000000e+01
2.578999938964843750e+02 3.100000000000000000e+01
2.580000000000000000e+02 3.200000000000000000e+01
2.581000061035156250e+02 3.800000000000000000e+01
2.582000122070312500e+02 2.900000000000000000e+01
2.582999877929687500e+02 3.400000000000000000e+01
2.583999938964843750e+02 3.200000000000000000e+01
2.585000000000000000e+02 3.100000000000000000e+01
2.586000061035156250e+02 2.700000000000000000e+01
2.587000122070312500e+02 3.100000000000000000e+01
2.587999877929687500e+02 3.100000000000000000e+01
2.588999938964843750e+02 3.200000000000000000e+01
2.590000000000000000e+02 3.200000000000000000e+01
2.591000061035156250e+02 3.300000000000000000e+01
2.592000122070312500e+02 2.900000000000000000e+01
2.592999877929687500e+02 3.300000000000000000e+01
2.593999938964843750e+02 3.500000000000000000e+01
2.595000000000000000e+02 3.400000000000000000e+01
2.596000061035156250e+02 2.900000000000000000e+01
2.597000122070312500e+02 2.700000000000000000e+01
2.597999877929687500e+02 3.200000000000000000e+01
2.598999938964843750e+02 3.000000000000000000e+01
2.600000000000000000e+02 3.200000000000000000e+01
2.601000061035156250e+02 3.100000000000000000e+01
2.602000122070312500e+02 3.200000000000000000e+01
2.602999877929687500e+02 3.300000000000000000e+01
2.603999938964843750e+02 3.300000000000000000e+01
2.605000000000000000e+02 3.200000000000000000e+01
2.606000061035156250e+02 3.300000000000000000e+01
2.607000122070312500e+02 3.200000000000000000e+01
2.607999877929687500e+02 3.300000000000000000e+01
2.608999938964843750e+02 3.200000000000000000e+01
2.610000000000000000e+02 3.100000000000000000e+01
2.611000061035156250e+02 3.300000000000000000e+01
2.612000122070312500e+02 2.900000000000000000e+01
2.612999877929687500e+02 2.700000000000000000e+01
2.613999938964843750e+02 3.800000000000000000e+01
2.615000000000000000e+02 3.200000000000000000e+01
2.616000061035156250e+02 2.800000000000000000e+01
2.617000122070312500e+02 3.200000000000000000e+01
2.617999877929687500e+02 3.000000000000000000e+01
2.618999938964843750e+02 2.800000000000000000e+01
2.620000000000000000e+02 3.300000000000000000e+01
2.621000061035156250e+02 3.100000000000000000e+01
2.622000122070312500e+02 4.000000000000000000e+01
2.622999877929687500e+02 3.000000000000000000e+01
2.623999938964843750e+02 3.400000000000000000e+01
2.625000000000000000e+02 3.000000000000000000e+01
2.626000061035156250e+02 3.300000000000000000e+01
2.627000122070312500e+02 3.100000000000000000e+01
2.627999877929687500e+02 2.900000000000000000e+01
2.628999938964843750e+02 2.800000000000000000e+01
2.630000000000000000e+02 3.000000000000000000e+01
2.631000061035156250e+02 3.000000000000000000e+01
2.632000122070312500e+02 2.600000000000000000e+01
2.632999877929687500e+02 3.300000000000000000e+01
2.633999938964843750e+02 3.100000000000000000e+01
2.635000000000000000e+02 2.800000000000000000e+01
2.636000061035156250e+02 2.900000000000000000e+01
2.637000122070312500e+02 3.200000000000000000e+01
2.637999877929687500e+02 3.500000000000000000e+01
2.638999938964843750e+02 2.800000000000000000e+01
2.640000000000000000e+02 3.200000000000000000e+01
2.641000061035156250e+02 3.100000000000000000e+01
2.642000122070312500e+02 3.400000000000000000e+01
2.642999877929687500e+02 2.500000000000000000e+01
2.643999938964843750e+02 3.100000000000000000e+01
2.645000000000000000e+02 2.700000000000000000e+01
2.646000061035156250e+02 3.300000000000000000e+01
2.647000122070312500e+02 3.100000000000000000e+01
2.647999877929687500e+02 3.100000000000000000e+01
2.648999938964843750e+02 3.200000000000000000e+01
2.650000000000000000e+02 3.300000000000000000e+01
2.651000061035156250e+02 3.100000000000000000e+01
2.652000122070312500e+02 3.100000000000000000e+01
2.652999877929687500e+02 2.600000000000000000e+01
2.653999938964843750e+02 3.000000000000000000e+01
2.655000000000000000e+02 3.200000000000000000e+01
2.656000061035156250e+02 3.100000000000000000e+01
2.657000122070312500e+02 2.900000000000000000e+01
2.657999877929687500e+02 2.700000000000000000e+01
2.658999938964843750e+02 2.800000000000000000e+01
2.660000000000000000e+02 3.000000000000000000e+01
2.661000061035156250e+02 3.200000000000000000e+01
2.662000122070312500e+02 3.000000000000000000e+01
2.662999877929687500e+02 3.400000000000000000e+01
2.663999938964843750e+02 3.000000000000000000e+01
2.665000000000000000e+02 3.400000000000000000e+01
2.666000061035156250e+02 3.200000000000000000e+01
2.667000122070312500e+02 2.900000000000000000e+01
2.667999877929687500e+02 3.000000000000000000e+01
2.668999938964843750e+02 2.600000000000000000e+01
2.670000000000000000e+02 2.900000000000000000e+01
2.671000061035156250e+02 3.600000000000000000e+01
2.672000122070312500e+02 3.500000000000000000e+01
2.672999877929687500e+02 2.900000000000000000e+01
2.673999938964843750e+02 3.300000000000000000e+01
2.675000000000000000e+02 3.300000000000000000e+01
2.676000061035156250e+02 2.900000000000000000e+01
2.677000122070312500e+02 3.200000000000000000e+01
2.677999877929687500e+02 3.100000000000000000e+01
2.678999938964843750e+02 3.300000000000000000e+01
2.680000000000000000e+02 3.200000000000000000e+01
2.681000061035156250e+02 3.300000000000000000e+01
2.682000122070312500e+02 3.800000000000000000e+01
2.682999877929687500e+02 3.500000000000000000e+01
2.683999938964843750e+02 3.300000000000000000e+01
2.685000000000000000e+02 3.100000000000000000e+01
2.686000061035156250e+02 3.300000000000000000e+01
2.687000122070312500e+02 3.600000000000000000e+01
2.687999877929687500e+02 3.000000000000000000e+01
2.688999938964843750e+02 2.800000000000000000e+01
2.690000000000000000e+02 2.900000000000000000e+01
2.691000061035156250e+02 3.000000000000000000e+01
2.692000122070312500e+02 3.500000000000000000e+01
2.692999877929687500e+02 3.200000000000000000e+01
2.693999938964843750e+02 3.200000000000000000e+01
2.695000000000000000e+02 3.300000000000000000e+01
2.696000061035156250e+02 3.400000000000000000e+01
2.697000122070312500e+02 3.300000000000000000e+01
2.697999877929687500e+02 2.900000000000000000e+01
2.698999938964843750e+02 3.400000000000000000e+01
2.700000000000000000e+02 3.400000000000000000e+01
2.701000061035156250e+02 3.100000000000000000e+01
2.702000122070312500e+02 3.000000000000000000e+01
2.702999877929687500e+02 3.300000000000000000e+01
2.703999938964843750e+02 3.300000000000000000e+01
2.705000000000000000e+02 3.200000000000000000e+01
2.706000061035156250e+02 3.100000000000000000e+01
2.707000122070312500e+02 3.100000000000000000e+01
2.707999877929687500e+02 3.100000000000000000e+01
2.708999938964843750e+02 3.200000000000000000e+01
2.710000000000000000e+02 3.900000000000000000e+01
2.711000061035156250e+02 3.700000000000000000e+01
2.712000122070312500e+02 3.500000000000000000e+01
2.712999877929687500e+02 3.400000000000000000e+01
2.713999938964843750e+02 3.300000000000000000e+01
2.715000000000000000e+02 3.500000000000000000e+01
2.716000061035156250e+02 3.100000000000000000e+01
2.717000122070312500e+02 2.900000000000000000e+01
2.717999877929687500e+02 3.600000000000000000e+01
2.718999938964843750e+02 3.500000000000000000e+01
2.720000000000000000e+02 3.300000000000000000e+01
2.721000061035156250e+02 3.300000000000000000e+01
2.722000122070312500e+02 3.500000000000000000e+01
2.722999877929687500e+02 3.000000000000000000e+01
2.723999938964843750e+02 3.100000000000000000e+01
2.725000000000000000e+02 3.000000000000000000e+01
2.726000061035156250e+02 2.900000000000000000e+01
2.727000122070312500e+02 2.600000000000000000e+01
2.727999877929687500e+02 2.800000000000000000e+01
2.728999938964843750e+02 2.700000000000000000e+01
2.730000000000000000e+02 2.800000000000000000e+01
2.731000061035156250e+02 2.600000000000000000e+01
2.732000122070312500e+02 2.600000000000000000e+01
2.732999877929687500e+02 2.800000000000000000e+01
2.733999938964843750e+02 2.700000000000000000e+01
2.735000000000000000e+02 3.200000000000000000e+01
2.736000061035156250e+02 3.200000000000000000e+01
2.737000122070312500e+02 3.200000000000000000e+01
2.737999877929687500e+02 3.200000000000000000e+01
2.738999938964843750e+02 2.800000000000000000e+01
2.740000000000000000e+02 2.500000000000000000e+01
2.741000061035156250e+02 2.400000000000000000e+01
2.742000122070312500e+02 2.800000000000000000e+01
2.742999877929687500e+02 3.200000000000000000e+01
2.743999938964843750e+02 2.500000000000000000e+01
2.745000000000000000e+02 2.800000000000000000e+01
2.746000061035156250e+02 2.900000000000000000e+01
2.747000122070312500e+02 3.400000000000000000e+01
2.747999877929687500e+02 3.100000000000000000e+01
2.748999938964843750e+02 3.600000000000000000e+01
2.750000000000000000e+02 3.000000000000000000e+01
2.751000061035156250e+02 2.700000000000000000e+01
2.752000122070312500e+02 3.100000000000000000e+01
2.752999877929687500e+02 3.400000000000000000e+01
2.753999938964843750e+02 2.700000000000000000e+01
2.755000000000000000e+02 2.800000000000000000e+01
2.756000061035156250e+02 2.500000000000000000e+01
2.757000122070312500e+02 2.400000000000000000e+01
2.757999877929687500e+02 2.800000000000000000e+01
2.758999938964843750e+02 3.000000000000000000e+01
2.760000000000000000e+02 2.500000000000000000e+01
2.761000061035156250e+02 2.900000000000000000e+01
2.762000122070312500e+02 2.100000000000000000e+01
2.762999877929687500e+02 1.900000000000000000e+01
2.763999938964843750e+02 1.700000000000000000e+01
2.765000000000000000e+02 2.800000000000000000e+01
2.766000061035156250e+02 2.700000000000000000e+01
2.767000122070312500e+02 2.800000000000000000e+01
2.767999877929687500e+02 2.100000000000000000e+01
2.768999938964843750e+02 2.100000000000000000e+01
2.770000000000000000e+02 2.800000000000000000e+01
2.771000061035156250e+02 2.700000000000000000e+01
2.772000122070312500e+02 3.100000000000000000e+01
2.772999877929687500e+02 3.100000000000000000e+01
2.773999938964843750e+02 3.200000000000000000e+01
2.775000000000000000e+02 3.200000000000000000e+01
2.776000061035156250e+02 3.000000000000000000e+01
2.777000122070312500e+02 3.400000000000000000e+01
2.777999877929687500e+02 3.500000000000000000e+01
2.778999938964843750e+02 3.300000000000000000e+01
2.780000000000000000e+02 3.100000000000000000e+01
2.781000061035156250e+02 3.200000000000000000e+01
2.782000122070312500e+02 3.200000000000000000e+01
2.782999877929687500e+02 3.100000000000000000e+01
2.783999938964843750e+02 3.200000000000000000e+01
2.785000000000000000e+02 3.300000000000000000e+01
2.786000061035156250e+02 3.000000000000000000e+01
2.787000122070312500e+02 3.200000000000000000e+01
2.787999877929687500e+02 3.100000000000000000e+01
2.788999938964843750e+02 3.300000000000000000e+01
2.790000000000000000e+02 3.000000000000000000e+01
2.791000061035156250e+02 3.400000000000000000e+01
2.792000122070312500e+02 3.200000000000000000e+01
2.792999877929687500e+02 2.700000000000000000e+01
2.793999938964843750e+02 2.400000000000000000e+01
2.795000000000000000e+02 3.100000000000000000e+01
2.796000061035156250e+02 2.600000000000000000e+01
2.797000122070312500e+02 2.700000000000000000e+01
2.797999877929687500e+02 3.000000000000000000e+01
2.798999938964843750e+02 2.800000000000000000e+01
2.800000000000000000e+02 3.100000000000000000e+01
2.801000061035156250e+02 3.000000000000000000e+01
2.802000122070312500e+02 3.300000000000000000e+01
2.802999877929687500e+02 3.300000000000000000e+01
2.803999938964843750e+02 3.300000000000000000e+01
2.805000000000000000e+02 3.700000000000000000e+01
2.806000061035156250e+02 2.800000000000000000e+01
2.807000122070312500e+02 3.000000000000000000e+01
2.807999877929687500e+02 2.800000000000000000e+01
2.808999938964843750e+02 2.600000000000000000e+01
2.810000000000000000e+02 3.300000000000000000e+01
2.811000061035156250e+02 3.000000000000000000e+01
2.812000122070312500e+02 3.000000000000000000e+01
2.812999877929687500e+02 2.900000000000000000e+01
2.813999938964843750e+02 3.400000000000000000e+01
2.815000000000000000e+02 3.000000000000000000e+01
2.816000061035156250e+02 3.000000000000000000e+01
2.817000122070312500e+02 2.900000000000000000e+01
2.817999877929687500e+02 3.000000000000000000e+01
2.818999938964843750e+02 2.900000000000000000e+01
2.820000000000000000e+02 3.100000000000000000e+01
2.821000061035156250e+02 3.500000000000000000e+01
2.822000122070312500e+02 3.200000000000000000e+01
2.822999877929687500e+02 3.500000000000000000e+01
2.823999938964843750e+02 3.300000000000000000e+01
2.825000000000000000e+02 3.300000000000000000e+01
2.826000061035156250e+02 3.100000000000000000e+01
2.827000122070312500e+02 2.700000000000000000e+01
2.827999877929687500e+02 3.500000000000000000e+01
2.828999938964843750e+02 3.000000000000000000e+01
2.830000000000000000e+02 3.200000000000000000e+01
2.831000061035156250e+02 3.200000000000000000e+01
2.832000122070312500e+02 3.100000000000000000e+01
2.832999877929687500e+02 3.500000000000000000e+01
2.833999938964843750e+02 3.200000000000000000e+01
2.835000000000000000e+02 3.000000000000000000e+01
2.836000061035156250e+02 3.000000000000000000e+01
2.837000122070312500e+02 3.100000000000000000e+01
2.837999877929687500e+02 3.300000000000000000e+01
2.838999938964843750e+02 3.400000000000000000e+01
2.840000000000000000e+02 3.200000000000000000e+01
2.841000061035156250e+02 3.500000000000000000e+01
2.842000122070312500e+02 2.600000000000000000e+01
2.842999877929687500e+02 3.100000000000000000e+01
2.843999938964843750e+02 3.200000000000000000e+01
2.845000000000000000e+02 3.000000000000000000e+01
2.846000061035156250e+02 3.100000000000000000e+01
2.847000122070312500e+02 3.400000000000000000e+01
2.847999877929687500e+02 3.600000000000000000e+01
2.848999938964843750e+02 3.000000000000000000e+01
2.850000000000000000e+02 3.400000000000000000e+01
2.851000061035156250e+02 3.500000000000000000e+01
2.852000122070312500e+02 3.100000000000000000e+01
2.852999877929687500e+02 3.000000000000000000e+01
2.853999938964843750e+02 2.800000000000000000e+01
2.855000000000000000e+02 3.200000000000000000e+01
2.856000061035156250e+02 3.200000000000000000e+01
2.857000122070312500e+02 3.000000000000000000e+01
2.857999877929687500e+02 3.100000000000000000e+01
2.858999938964843750e+02 3.300000000000000000e+01
2.860000000000000000e+02 3.300000000000000000e+01
2.861000061035156250e+02 3.100000000000000000e+01
2.862000122070312500e+02 2.900000000000000000e+01
2.862999877929687500e+02 3.000000000000000000e+01
2.863999938964843750e+02 2.700000000000000000e+01
2.865000000000000000e+02 3.000000000000000000e+01
2.866000061035156250e+02 3.100000000000000000e+01
2.867000122070312500e+02 3.100000000000000000e+01
2.867999877929687500e+02 2.900000000000000000e+01
2.868999938964843750e+02 2.600000000000000000e+01
2.870000000000000000e+02 2.900000000000000000e+01
2.871000061035156250e+02 3.000000000000000000e+01
2.872000122070312500e+02 3.500000000000000000e+01
2.872999877929687500e+02 3.500000000000000000e+01
2.873999938964843750e+02 3.200000000000000000e+01
2.875000000000000000e+02 3.300000000000000000e+01
2.876000061035156250e+02 3.200000000000000000e+01
2.877000122070312500e+02 3.200000000000000000e+01
2.877999877929687500e+02 3.000000000000000000e+01
2.878999938964843750e+02 3.000000000000000000e+01
2.880000000000000000e+02 3.200000000000000000e+01
2.881000061035156250e+02 2.800000000000000000e+01
2.882000122070312500e+02 2.800000000000000000e+01
2.882999877929687500e+02 3.000000000000000000e+01
2.883999938964843750e+02 2.800000000000000000e+01
2.885000000000000000e+02 2.700000000000000000e+01
2.886000061035156250e+02 2.800000000000000000e+01
2.887000122070312500e+02 2.800000000000000000e+01
2.887999877929687500e+02 2.500000000000000000e+01
2.888999938964843750e+02 3.100000000000000000e+01
2.890000000000000000e+02 3.200000000000000000e+01
2.891000061035156250e+02 3.000000000000000000e+01
2.892000122070312500e+02 3.300000000000000000e+01
2.892999877929687500e+02 3.100000000000000000e+01
2.893999938964843750e+02 3.000000000000000000e+01
2.895000000000000000e+02 3.000000000000000000e+01
2.896000061035156250e+02 2.700000000000000000e+01
2.897000122070312500e+02 2.700000000000000000e+01
2.897999877929687500e+02 2.700000000000000000e+01
2.898999938964843750e+02 2.800000000000000000e+01
2.900000000000000000e+02 3.300000000000000000e+01
2.901000061035156250e+02 2.600000000000000000e+01
2.902000122070312500e+02 2.700000000000000000e+01
2.902999877929687500e+02 3.100000000000000000e+01
2.903999938964843750e+02 3.100000000000000000e+01
2.905000000000000000e+02 3.100000000000000000e+01
2.906000061035156250e+02 2.800000000000000000e+01
2.907000122070312500e+02 3.200000000000000000e+01
2.907999877929687500e+02 2.800000000000000000e+01
2.908999938964843750e+02 3.100000000000000000e+01
2.910000000000000000e+02 2.700000000000000000e+01
2.911000061035156250e+02 2.900000000000000000e+01
2.912000122070312500e+02 3.300000000000000000e+01
2.912999877929687500e+02 2.900000000000000000e+01
2.913999938964843750e+02 3.300000000000000000e+01
2.915000000000000000e+02 2.600000000000000000e+01
2.916000061035156250e+02 3.000000000000000000e+01
2.917000122070312500e+02 2.900000000000000000e+01
2.917999877929687500e+02 2.800000000000000000e+01
2.918999938964843750e+02 2.800000000000000000e+01
2.920000000000000000e+02 3.100000000000000000e+01
2.921000061035156250e+02 3.200000000000000000e+01
2.922000122070312500e+02 3.500000000000000000e+01
2.922999877929687500e+02 2.600000000000000000e+01
2.923999938964843750e+02 2.800000000000000000e+01
2.925000000000000000e+02 2.700000000000000000e+01
2.926000061035156250e+02 2.900000000000000000e+01
2.927000122070312500e+02 3.000000000000000000e+01
2.927999877929687500e+02 2.700000000000000000e+01
2.928999938964843750e+02 2.800000000000000000e+01
2.930000000000000000e+02 2.600000000000000000e+01
2.931000061035156250e+02 2.400000000000000000e+01
2.932000122070312500e+02 2.800000000000000000e+01
2.932999877929687500e+02 3.000000000000000000e+01
2.933999938964843750e+02 3.100000000000000000e+01
2.935000000000000000e+02 2.600000000000000000e+01
2.936000061035156250e+02 2.900000000000000000e+01
2.937000122070312500e+02 3.100000000000000000e+01
2.937999877929687500e+02 2.900000000000000000e+01
2.938999938964843750e+02 2.800000000000000000e+01
2.940000000000000000e+02 2.900000000000000000e+01
2.941000061035156250e+02 2.900000000000000000e+01
2.942000122070312500e+02 3.100000000000000000e+01
2.942999877929687500e+02 2.800000000000000000e+01
2.943999938964843750e+02 2.700000000000000000e+01
2.945000000000000000e+02 3.100000000000000000e+01
2.946000061035156250e+02 2.400000000000000000e+01
2.947000122070312500e+02 2.700000000000000000e+01
2.947999877929687500e+02 2.600000000000000000e+01
2.948999938964843750e+02 3.000000000000000000e+01
2.950000000000000000e+02 3.400000000000000000e+01
2.951000061035156250e+02 4.000000000000000000e+01
2.952000122070312500e+02 3.000000000000000000e+01
2.952999877929687500e+02 3.300000000000000000e+01
2.953999938964843750e+02 3.300000000000000000e+01
2.955000000000000000e+02 3.400000000000000000e+01
2.956000061035156250e+02 2.800000000000000000e+01
2.957000122070312500e+02 3.300000000000000000e+01
2.957999877929687500e+02 3.300000000000000000e+01
2.958999938964843750e+02 3.400000000000000000e+01
2.960000000000000000e+02 3.200000000000000000e+01
2.961000061035156250e+02 2.800000000000000000e+01
2.962000122070312500e+02 3.400000000000000000e+01
2.962999877929687500e+02 3.200000000000000000e+01
2.963999938964843750e+02 3.200000000000000000e+01
2.965000000000000000e+02 3.200000000000000000e+01
2.966000061035156250e+02 3.400000000000000000e+01
2.967000122070312500e+02 3.400000000000000000e+01
2.967999877929687500e+02 3.200000000000000000e+01
2.968999938964843750e+02 3.300000000000000000e+01
2.970000000000000000e+02 3.500000000000000000e+01
2.971000061035156250e+02 3.700000000000000000e+01
2.972000122070312500e+02 3.100000000000000000e+01
2.972999877929687500e+02 3.500000000000000000e+01
2.973999938964843750e+02 3.100000000000000000e+01
2.975000000000000000e+02 3.200000000000000000e+01
2.976000061035156250e+02 3.500000000000000000e+01
2.977000122070312500e+02 3.500000000000000000e+01
2.977999877929687500e+02 3.200000000000000000e+01
2.978999938964843750e+02 3.000000000000000000e+01
2.980000000000000000e+02 3.300000000000000000e+01
2.981000061035156250e+02 3.500000000000000000e+01
2.982000122070312500e+02 2.500000000000000000e+01
2.982999877929687500e+02 3.000000000000000000e+01
2.983999938964843750e+02 3.000000000000000000e+01
2.985000000000000000e+02 3.500000000000000000e+01
2.986000061035156250e+02 3.800000000000000000e+01
2.987000122070312500e+02 3.300000000000000000e+01
2.987999877929687500e+02 2.900000000000000000e+01
2.988999938964843750e+02 3.200000000000000000e+01
2.990000000000000000e+02 3.200000000000000000e+01
2.991000061035156250e+02 3.400000000000000000e+01
2.992000122070312500e+02 3.200000000000000000e+01
2.992999877929687500e+02 3.000000000000000000e+01
2.993999938964843750e+02 3.500000000000000000e+01
2.995000000000000000e+02 3.100000000000000000e+01
2.996000061035156250e+02 2.500000000000000000e+01
2.997000122070312500e+02 2.900000000000000000e+01
2.997999877929687500e+02 3.100000000000000000e+01
2.998999938964843750e+02 3.200000000000000000e+01
3.000000000000000000e+02 3.200000000000000000e+01
3.001000061035156250e+02 3.300000000000000000e+01
3.002000122070312500e+02 2.800000000000000000e+01
3.002999877929687500e+02 3.000000000000000000e+01
3.003999938964843750e+02 3.300000000000000000e+01
3.005000000000000000e+02 3.400000000000000000e+01
3.006000061035156250e+02 3.300000000000000000e+01
3.007000122070312500e+02 3.100000000000000000e+01
3.007999877929687500e+02 3.800000000000000000e+01
3.008999938964843750e+02 3.400000000000000000e+01
3.010000000000000000e+02 3.200000000000000000e+01
3.011000061035156250e+02 3.600000000000000000e+01
3.012000122070312500e+02 3.700000000000000000e+01
3.012999877929687500e+02 3.300000000000000000e+01
3.013999938964843750e+02 2.900000000000000000e+01
3.015000000000000000e+02 3.100000000000000000e+01
3.016000061035156250e+02 2.900000000000000000e+01
3.017000122070312500e+02 3.300000000000000000e+01
3.017999877929687500e+02 3.400000000000000000e+01
3.018999938964843750e+02 2.700000000000000000e+01
3.020000000000000000e+02 2.900000000000000000e+01
3.021000061035156250e+02 3.200000000000000000e+01
3.022000122070312500e+02 3.100000000000000000e+01
3.022999877929687500e+02 2.800000000000000000e+01
3.023999938964843750e+02 3.200000000000000000e+01
3.025000000000000000e+02 2.800000000000000000e+01
3.026000061035156250e+02 3.000000000000000000e+01
3.027000122070312500e+02 3.100000000000000000e+01
3.027999877929687500e+02 3.700000000000000000e+01
3.028999938964843750e+02 3.500000000000000000e+01
3.030000000000000000e+02 3.600000000000000000e+01
3.031000061035156250e+02 3.400000000000000000e+01
3.032000122070312500e+02 3.200000000000000000e+01
3.032999877929687500e+02 3.400000000000000000e+01
3.033999938964843750e+02 3.500000000000000000e+01
3.035000000000000000e+02 3.400000000000000000e+01
3.036000061035156250e+02 3.300000000000000000e+01
3.037000122070312500e+02 3.200000000000000000e+01
3.037999877929687500e+02 3.500000000000000000e+01
3.038999938964843750e+02 3.300000000000000000e+01
3.040000000000000000e+02 3.100000000000000000e+01
3.041000061035156250e+02 3.300000000000000000e+01
3.042000122070312500e+02 3.200000000000000000e+01
3.042999877929687500e+02 3.500000000000000000e+01
3.043999938964843750e+02 3.600000000000000000e+01
3.045000000000000000e+02 3.500000000000000000e+01
3.046000061035156250e+02 3.300000000000000000e+01
3.047000122070312500e+02 3.400000000000000000e+01
3.047999877929687500e+02 3.400000000000000000e+01
3.048999938964843750e+02 3.900000000000000000e+01
3.050000000000000000e+02 3.700000000000000000e+01
3.051000061035156250e+02 3.000000000000000000e+01
3.052000122070312500e+02 3.600000000000000000e+01
3.052999877929687500e+02 3.200000000000000000e+01
3.053999938964843750e+02 3.200000000000000000e+01
3.055000000000000000e+02 3.100000000000000000e+01
3.056000061035156250e+02 3.400000000000000000e+01
3.057000122070312500e+02 3.300000000000000000e+01
3.057999877929687500e+02 3.100000000000000000e+01
3.058999938964843750e+02 2.900000000000000000e+01
3.060000000000000000e+02 3.000000000000000000e+01
3.061000061035156250e+02 3.400000000000000000e+01
3.062000122070312500e+02 3.500000000000000000e+01
3.062999877929687500e+02 3.600000000000000000e+01
3.063999938964843750e+02 2.900000000000000000e+01
3.065000000000000000e+02 3.300000000000000000e+01
3.066000061035156250e+02 3.100000000000000000e+01
3.067000122070312500e+02 3.100000000000000000e+01
3.067999877929687500e+02 2.800000000000000000e+01
3.068999938964843750e+02 3.400000000000000000e+01
3.070000000000000000e+02 3.200000000000000000e+01
3.071000061035156250e+02 3.500000000000000000e+01
3.072000122070312500e+02 3.400000000000000000e+01
3.072999877929687500e+02 3.100000000000000000e+01
3.073999938964843750e+02 3.300000000000000000e+01
3.075000000000000000e+02 3.400000000000000000e+01
3.076000061035156250e+02 3.200000000000000000e+01
3.077000122070312500e+02 3.500000000000000000e+01
3.077999877929687500e+02 3.100000000000000000e+01
3.078999938964843750e+02 3.100000000000000000e+01
3.080000000000000000e+02 3.000000000000000000e+01
3.081000061035156250e+02 3.200000000000000000e+01
3.082000122070312500e+02 3.100000000000000000e+01
3.082999877929687500e+02 3.200000000000000000e+01
3.083999938964843750e+02 3.400000000000000000e+01
3.085000000000000000e+02 3.500000000000000000e+01
3.086000061035156250e+02 3.200000000000000000e+01
3.087000122070312500e+02 3.300000000000000000e+01
3.087999877929687500e+02 3.100000000000000000e+01
3.088999938964843750e+02 3.200000000000000000e+01
3.090000000000000000e+02 3.500000000000000000e+01
3.091000061035156250e+02 3.500000000000000000e+01
3.092000122070312500e+02 3.500000000000000000e+01
3.092999877929687500e+02 3.000000000000000000e+01
3.093999938964843750e+02 3.500000000000000000e+01
3.095000000000000000e+02 3.500000000000000000e+01
3.096000061035156250e+02 3.200000000000000000e+01
3.097000122070312500e+02 3.000000000000000000e+01
3.097999877929687500e+02 3.500000000000000000e+01
3.098999938964843750e+02 3.000000000000000000e+01
3.100000000000000000e+02 3.300000000000000000e+01
3.101000061035156250e+02 3.700000000000000000e+01
3.102000122070312500e+02 3.600000000000000000e+01
3.102999877929687500e+02 3.800000000000000000e+01
3.103999938964843750e+02 3.700000000000000000e+01
3.105000000000000000e+02 3.400000000000000000e+01
3.106000061035156250e+02 3.400000000000000000e+01
3.107000122070312500e+02 3.900000000000000000e+01
3.107999877929687500e+02 3.200000000000000000e+01
3.108999938964843750e+02 2.900000000000000000e+01
3.110000000000000000e+02 3.100000000000000000e+01
3.111000061035156250e+02 3.400000000000000000e+01
3.112000122070312500e+02 3.600000000000000000e+01
3.112999877929687500e+02 3.100000000000000000e+01
3.113999938964843750e+02 3.100000000000000000e+01
3.115000000000000000e+02 3.300000000000000000e+01
3.116000061035156250e+02 3.100000000000000000e+01
3.117000122070312500e+02 3.500000000000000000e+01
3.117999877929687500e+02 3.200000000000000000e+01
3.118999938964843750e+02 3.300000000000000000e+01
3.120000000000000000e+02 3.400000000000000000e+01
3.121000061035156250e+02 2.900000000000000000e+01
3.122000122070312500e+02 3.000000000000000000e+01
3.122999877929687500e+02 3.100000000000000000e+01
3.123999938964843750e+02 3.500000000000000000e+01
3.125000000000000000e+02 3.600000000000000000e+01
3.126000061035156250e+02 3.300000000000000000e+01
3.127000122070312500e+02 3.200000000000000000e+01
3.127999877929687500e+02 3.300000000000000000e+01
3.128999938964843750e+02 3.200000000000000000e+01
3.130000000000000000e+02 3.300000000000000000e+01
3.131000061035156250e+02 2.900000000000000000e+01
3.132000122070312500e+02 3.800000000000000000e+01
3.132999877929687500e+02 3.300000000000000000e+01
3.133999938964843750e+02 3.300000000000000000e+01
3.135000000000000000e+02 3.800000000000000000e+01
3.136000061035156250e+02 3.400000000000000000e+01
3.137000122070312500e+02 3.300000000000000000e+01
3.137999877929687500e+02 3.500000000000000000e+01
3.138999938964843750e+02 3.600000000000000000e+01
3.140000000000000000e+02 3.200000000000000000e+01
3.141000061035156250e+02 3.400000000000000000e+01
3.142000122070312500e+02 3.500000000000000000e+01
3.142999877929687500e+02 3.900000000000000000e+01
3.143999938964843750e+02 3.200000000000000000e+01
3.145000000000000000e+02 3.200000000000000000e+01
3.146000061035156250e+02 3.100000000000000000e+01
3.147000122070312500e+02 3.600000000000000000e+01
3.147999877929687500e+02 3.500000000000000000e+01
3.148999938964843750e+02 3.100000000000000000e+01
3.150000000000000000e+02 3.200000000000000000e+01
3.151000061035156250e+02 2.900000000000000000e+01
3.152000122070312500e+02 3.000000000000000000e+01
3.152999877929687500e+02 3.400000000000000000e+01
3.153999938964843750e+02 3.200000000000000000e+01
3.155000000000000000e+02 3.200000000000000000e+01
3.156000061035156250e+02 3.000000000000000000e+01
3.157000122070312500e+02 3.200000000000000000e+01
3.157999877929687500e+02 2.900000000000000000e+01
3.158999938964843750e+02 3.600000000000000000e+01
3.160000000000000000e+02 3.600000000000000000e+01
3.161000061035156250e+02 3.500000000000000000e+01
3.162000122070312500e+02 3.100000000000000000e+01
3.162999877929687500e+02 3.100000000000000000e+01
3.163999938964843750e+02 3.100000000000000000e+01
3.165000000000000000e+02 3.200000000000000000e+01
3.166000061035156250e+02 3.300000000000000000e+01
3.167000122070312500e+02 3.400000000000000000e+01
3.167999877929687500e+02 3.200000000000000000e+01
3.168999938964843750e+02 3.000000000000000000e+01
3.170000000000000000e+02 2.500000000000000000e+01
3.171000061035156250e+02 3.100000000000000000e+01
3.172000122070312500e+02 3.000000000000000000e+01
3.172999877929687500e+02 2.500000000000000000e+01
3.173999938964843750e+02 2.900000000000000000e+01
3.175000000000000000e+02 3.200000000000000000e+01
3.176000061035156250e+02 3.200000000000000000e+01
3.177000122070312500e+02 2.600000000000000000e+01
3.177999877929687500e+02 2.700000000000000000e+01
3.178999938964843750e+02 2.400000000000000000e+01
3.180000000000000000e+02 2.300000000000000000e+01
3.181000061035156250e+02 2.600000000000000000e+01
3.182000122070312500e+02 2.400000000000000000e+01
3.182999877929687500e+02 2.600000000000000000e+01
3.183999938964843750e+02 2.700000000000000000e+01
3.185000000000000000e+02 2.600000000000000000e+01
3.186000061035156250e+02 2.900000000000000000e+01
3.187000122070312500e+02 2.600000000000000000e+01
3.187999877929687500e+02 2.400000000000000000e+01
3.188999938964843750e+02 2.800000000000000000e+01
3.190000000000000000e+02 2.500000000000000000e+01
3.191000061035156250e+02 2.700000000000000000e+01
3.192000122070312500e+02 3.400000000000000000e+01
3.192999877929687500e+02 2.500000000000000000e+01
3.193999938964843750e+02 3.100000000000000000e+01
3.195000000000000000e+02 2.800000000000000000e+01
3.196000061035156250e+02 3.000000000000000000e+01
3.197000122070312500e+02 2.700000000000000000e+01
3.197999877929687500e+02 2.500000000000000000e+01
3.198999938964843750e+02 2.600000000000000000e+01
3.200000000000000000e+02 2.700000000000000000e+01
3.201000061035156250e+02 3.200000000000000000e+01
3.202000122070312500e+02 3.100000000000000000e+01
3.202999877929687500e+02 2.700000000000000000e+01
3.203999938964843750e+02 2.600000000000000000e+01
3.205000000000000000e+02 2.200000000000000000e+01
3.206000061035156250e+02 2.700000000000000000e+01
3.207000122070312500e+02 2.600000000000000000e+01
3.207999877929687500e+02 2.800000000000000000e+01
3.208999938964843750e+02 3.000000000000000000e+01
3.210000000000000000e+02 2.800000000000000000e+01
3.211000061035156250e+02 2.600000000000000000e+01
3.212000122070312500e+02 3.000000000000000000e+01
3.212999877929687500e+02 2.600000000000000000e+01
3.213999938964843750e+02 3.000000000000000000e+01
3.215000000000000000e+02 2.500000000000000000e+01
3.216000061035156250e+02 2.600000000000000000e+01
3.217000122070312500e+02 2.400000000000000000e+01
3.217999877929687500e+02 2.600000000000000000e+01
3.218999938964843750e+02 3.000000000000000000e+01
3.220000000000000000e+02 3.200000000000000000e+01
3.221000061035156250e+02 3.300000000000000000e+01
3.222000122070312500e+02 3.400000000000000000e+01
3.222999877929687500e+02 3.400000000000000000e+01
3.223999938964843750e+02 2.800000000000000000e+01
3.225000000000000000e+02 3.200000000000000000e+01
3.226000061035156250e+02 3.100000000000000000e+01
3.227000122070312500e+02 3.200000000000000000e+01
3.227999877929687500e+02 3.600000000000000000e+01
3.228999938964843750e+02 3.400000000000000000e+01
3.230000000000000000e+02 3.500000000000000000e+01
3.231000061035156250e+02 3.100000000000000000e+01
3.232000122070312500e+02 3.400000000000000000e+01
3.232999877929687500e+02 3.000000000000000000e+01
3.233999938964843750e+02 3.400000000000000000e+01
3.235000000000000000e+02 3.100000000000000000e+01
3.236000061035156250e+02 3.500000000000000000e+01
3.237000122070312500e+02 3.200000000000000000e+01
3.237999877929687500e+02 3.000000000000000000e+01
3.238999938964843750e+02 3.100000000000000000e+01
3.240000000000000000e+02 3.300000000000000000e+01
3.241000061035156250e+02 2.700000000000000000e+01
3.242000122070312500e+02 3.300000000000000000e+01
3.242999877929687500e+02 3.200000000000000000e+01
3.243999938964843750e+02 3.100000000000000000e+01
3.245000000000000000e+02 3.100000000000000000e+01
3.246000061035156250e+02 3.300000000000000000e+01
3.247000122070312500e+02 2.900000000000000000e+01
3.247999877929687500e+02 3.500000000000000000e+01
3.248999938964843750e+02 3.300000000000000000e+01
3.250000000000000000e+02 3.700000000000000000e+01
3.251000061035156250e+02 3.600000000000000000e+01
3.252000122070312500e+02 2.900000000000000000e+01
3.252999877929687500e+02 3.200000000000000000e+01
3.253999938964843750e+02 3.100000000000000000e+01
3.255000000000000000e+02 3.000000000000000000e+01
3.256000061035156250e+02 2.800000000000000000e+01
3.257000122070312500e+02 3.000000000000000000e+01
3.257999877929687500e+02 3.400000000000000000e+01
3.258999938964843750e+02 3.000000000000000000e+01
3.260000000000000000e+02 2.800000000000000000e+01
3.261000061035156250e+02 2.800000000000000000e+01
3.262000122070312500e+02 3.000000000000000000e+01
3.262999877929687500e+02 2.700000000000000000e+01
3.263999938964843750e+02 2.900000000000000000e+01
3.265000000000000000e+02 3.000000000000000000e+01
3.266000061035156250e+02 3.100000000000000000e+01
3.267000122070312500e+02 2.800000000000000000e+01
3.267999877929687500e+02 2.500000000000000000e+01
3.268999938964843750e+02 3.100000000000000000e+01
3.270000000000000000e+02 2.900000000000000000e+01
3.271000061035156250e+02 3.200000000000000000e+01
3.272000122070312500e+02 2.700000000000000000e+01
3.272999877929687500e+02 3.000000000000000000e+01
3.273999938964843750e+02 2.700000000000000000e+01
3.275000000000000000e+02 3.100000000000000000e+01
3.276000061035156250e+02 2.800000000000000000e+01
3.277000122070312500e+02 3.100000000000000000e+01
3.277999877929687500e+02 3.500000000000000000e+01
3.278999938964843750e+02 3.300000000000000000e+01
3.280000000000000000e+02 3.500000000000000000e+01
3.281000061035156250e+02 2.800000000000000000e+01
3.282000122070312500e+02 3.300000000000000000e+01
3.282999877929687500e+02 3.300000000000000000e+01
3.283999938964843750e+02 3.300000000000000000e+01
3.285000000000000000e+02 3.200000000000000000e+01
3.286000061035156250e+02 3.100000000000000000e+01
3.287000122070312500e+02 3.500000000000000000e+01
3.287999877929687500e+02 3.500000000000000000e+01
3.288999938964843750e+02 3.600000000000000000e+01
3.290000000000000000e+02 3.200000000000000000e+01
3.291000061035156250e+02 3.700000000000000000e+01
3.292000122070312500e+02 3.000000000000000000e+01
3.292999877929687500e+02 3.100000000000000000e+01
3.293999938964843750e+02 3.300000000000000000e+01
3.295000000000000000e+02 2.900000000000000000e+01
3.296000061035156250e+02 3.200000000000000000e+01
3.297000122070312500e+02 2.800000000000000000e+01
3.297999877929687500e+02 2.900000000000000000e+01
3.298999938964843750e+02 3.100000000000000000e+01
3.300000000000000000e+02 2.900000000000000000e+01
3.301000061035156250e+02 3.400000000000000000e+01
3.302000122070312500e+02 3.000000000000000000e+01
3.302999877929687500e+02 2.900000000000000000e+01
3.303999938964843750e+02 2.800000000000000000e+01
3.305000000000000000e+02 2.400000000000000000e+01
3.306000061035156250e+02 2.900000000000000000e+01
3.307000122070312500e+02 2.900000000000000000e+01
3.307999877929687500e+02 3.300000000000000000e+01
3.308999938964843750e+02 2.700000000000000000e+01
3.310000000000000000e+02 2.900000000000000000e+01
3.311000061035156250e+02 2.800000000000000000e+01
3.312000122070312500e+02 2.700000000000000000e+01
3.312999877929687500e+02 3.200000000000000000e+01
3.313999938964843750e+02 2.700000000000000000e+01
3.315000000000000000e+02 2.900000000000000000e+01
3.316000061035156250e+02 2.600000000000000000e+01
3.317000122070312500e+02 2.800000000000000000e+01
3.317999877929687500e+02 3.000000000000000000e+01
3.318999938964843750e+02 2.800000000000000000e+01
3.320000000000000000e+02 3.000000000000000000e+01
3.321000061035156250e+02 2.700000000000000000e+01
3.322000122070312500e+02 2.800000000000000000e+01
3.322999877929687500e+02 3.100000000000000000e+01
3.323999938964843750e+02 2.600000000000000000e+01
3.325000000000000000e+02 3.100000000000000000e+01
3.326000061035156250e+02 3.100000000000000000e+01
3.327000122070312500e+02 3.000000000000000000e+01
3.327999877929687500e+02 2.800000000000000000e+01
3.328999938964843750e+02 3.300000000000000000e+01
3.330000000000000000e+02 3.100000000000000000e+01
3.331000061035156250e+02 3.200000000000000000e+01
3.332000122070312500e+02 2.400000000000000000e+01
3.332999877929687500e+02 2.400000000000000000e+01
3.333999938964843750e+02 2.700000000000000000e+01
3.335000000000000000e+02 2.800000000000000000e+01
3.336000061035156250e+02 2.800000000000000000e+01
3.337000122070312500e+02 2.800000000000000000e+01
3.337999877929687500e+02 2.400000000000000000e+01
3.338999938964843750e+02 2.300000000000000000e+01
3.340000000000000000e+02 2.200000000000000000e+01
3.341000061035156250e+02 2.800000000000000000e+01
3.342000122070312500e+02 2.500000000000000000e+01
3.342999877929687500e+02 2.700000000000000000e+01
3.343999938964843750e+02 2.800000000000000000e+01
3.345000000000000000e+02 1.900000000000000000e+01
3.346000061035156250e+02 1.800000000000000000e+01
3.347000122070312500e+02 2.200000000000000000e+01
3.347999877929687500e+02 2.800000000000000000e+01
3.348999938964843750e+02 2.300000000000000000e+01
3.350000000000000000e+02 2.300000000000000000e+01
3.351000061035156250e+02 2.400000000000000000e+01
3.352000122070312500e+02 2.300000000000000000e+01
3.352999877929687500e+02 2.200000000000000000e+01
3.353999938964843750e+02 2.700000000000000000e+01
3.355000000000000000e+02 2.800000000000000000e+01
3.356000061035156250e+02 2.400000000000000000e+01
3.357000122070312500e+02 2.600000000000000000e+01
3.357999877929687500e+02 2.700000000000000000e+01
3.358999938964843750e+02 2.400000000000000000e+01
3.360000000000000000e+02 3.200000000000000000e+01
3.361000061035156250e+02 2.800000000000000000e+01
3.362000122070312500e+02 3.200000000000000000e+01
3.362999877929687500e+02 2.400000000000000000e+01
3.363999938964843750e+02 2.800000000000000000e+01
3.365000000000000000e+02 1.700000000000000000e+01
3.366000061035156250e+02 2.700000000000000000e+01
3.367000122070312500e+02 2.500000000000000000e+01
3.367999877929687500e+02 3.300000000000000000e+01
3.368999938964843750e+02 2.800000000000000000e+01
3.370000000000000000e+02 2.700000000000000000e+01
3.371000061035156250e+02 2.600000000000000000e+01
3.372000122070312500e+02 2.300000000000000000e+01
3.372999877929687500e+02 2.900000000000000000e+01
3.373999938964843750e+02 2.400000000000000000e+01
3.375000000000000000e+02 2.300000000000000000e+01
3.376000061035156250e+02 2.800000000000000000e+01
3.377000122070312500e+02 3.000000000000000000e+01
3.377999877929687500e+02 2.400000000000000000e+01
3.378999938964843750e+02 2.500000000000000000e+01
3.380000000000000000e+02 2.000000000000000000e+01
3.381000061035156250e+02 1.900000000000000000e+01
3.382000122070312500e+02 2.100000000000000000e+01
3.382999877929687500e+02 2.000000000000000000e+01
3.383999938964843750e+02 1.800000000000000000e+01
3.385000000000000000e+02 1.400000000000000000e+01
3.386000061035156250e+02 1.900000000000000000e+01
3.387000122070312500e+02 2.100000000000000000e+01
3.387999877929687500e+02 2.100000000000000000e+01
3.388999938964843750e+02 1.800000000000000000e+01
3.390000000000000000e+02 1.800000000000000000e+01
3.391000061035156250e+02 2.100000000000000000e+01
3.392000122070312500e+02 1.900000000000000000e+01
3.392999877929687500e+02 1.900000000000000000e+01
3.393999938964843750e+02 1.800000000000000000e+01
3.395000000000000000e+02 2.200000000000000000e+01
3.396000061035156250e+02 2.700000000000000000e+01
3.397000122070312500e+02 2.500000000000000000e+01
3.397999877929687500e+02 2.000000000000000000e+01
3.398999938964843750e+02 2.100000000000000000e+01
3.400000000000000000e+02 2.000000000000000000e+01
3.401000061035156250e+02 1.800000000000000000e+01
3.402000122070312500e+02 2.200000000000000000e+01
3.402999877929687500e+02 1.900000000000000000e+01
3.403999938964843750e+02 1.800000000000000000e+01
3.405000000000000000e+02 2.100000000000000000e+01
3.406000061035156250e+02 1.800000000000000000e+01
3.407000122070312500e+02 2.200000000000000000e+01
3.407999877929687500e+02 2.500000000000000000e+01
3.408999938964843750e+02 2.000000000000000000e+01
3.410000000000000000e+02 2.400000000000000000e+01
3.411000061035156250e+02 2.500000000000000000e+01
3.412000122070312500e+02 1.600000000000000000e+01
3.412999877929687500e+02 1.600000000000000000e+01
3.413999938964843750e+02 1.800000000000000000e+01
3.415000000000000000e+02 2.500000000000000000e+01
3.416000061035156250e+02 1.700000000000000000e+01
3.417000122070312500e+02 1.700000000000000000e+01
3.417999877929687500e+02 1.700000000000000000e+01
3.418999938964843750e+02 1.700000000000000000e+01
3.420000000000000000e+02 1.700000000000000000e+01
3.421000061035156250e+02 1.900000000000000000e+01
3.422000122070312500e+02 1.800000000000000000e+01
3.422999877929687500e+02 1.900000000000000000e+01
3.423999938964843750e+02 2.100000000000000000e+01
3.425000000000000000e+02 2.500000000000000000e+01
3.426000061035156250e+02 1.900000000000000000e+01
3.427000122070312500e+02 1.800000000000000000e+01
3.427999877929687500e+02 1.700000000000000000e+01
3.428999938964843750e+02 1.700000000000000000e+01
3.430000000000000000e+02 1.700000000000000000e+01
3.431000061035156250e+02 2.000000000000000000e+01
3.432000122070312500e+02 1.600000000000000000e+01
3.432999877929687500e+02 1.700000000000000000e+01
3.433999938964843750e+02 1.800000000000000000e+01
3.435000000000000000e+02 2.400000000000000000e+01
3.436000061035156250e+02 1.800000000000000000e+01
3.437000122070312500e+02 1.900000000000000000e+01
3.437999877929687500e+02 1.800000000000000000e+01
3.438999938964843750e+02 2.000000000000000000e+01
3.440000000000000000e+02 1.800000000000000000e+01
3.441000061035156250e+02 2.100000000000000000e+01
3.442000122070312500e+02 1.900000000000000000e+01
3.442999877929687500e+02 2.000000000000000000e+01
3.443999938964843750e+02 1.900000000000000000e+01
3.445000000000000000e+02 2.100000000000000000e+01
3.446000061035156250e+02 1.900000000000000000e+01
3.447000122070312500e+02 2.100000000000000000e+01
3.447999877929687500e+02 1.800000000000000000e+01
3.448999938964843750e+02 1.400000000000000000e+01
3.450000000000000000e+02 1.900000000000000000e+01
3.451000061035156250e+02 2.200000000000000000e+01
3.452000122070312500e+02 1.900000000000000000e+01
3.452999877929687500e+02 1.900000000000000000e+01
3.453999938964843750e+02 2.000000000000000000e+01
3.455000000000000000e+02 1.700000000000000000e+01
3.456000061035156250e+02 1.800000000000000000e+01
3.457000122070312500e+02 1.800000000000000000e+01
3.457999877929687500e+02 1.900000000000000000e+01
3.458999938964843750e+02 1.900000000000000000e+01
3.460000000000000000e+02 1.500000000000000000e+01
3.461000061035156250e+02 2.200000000000000000e+01
3.462000122070312500e+02 2.100000000000000000e+01
3.462999877929687500e+02 1.700000000000000000e+01
3.463999938964843750e+02 1.900000000000000000e+01
3.465000000000000000e+02 2.300000000000000000e+01
3.466000061035156250e+02 2.200000000000000000e+01
3.467000122070312500e+02 1.900000000000000000e+01
3.467999877929687500e+02 1.900000000000000000e+01
3.468999938964843750e+02 2.100000000000000000e+01
3.470000000000000000e+02 1.900000000000000000e+01
3.471000061035156250e+02 2.200000000000000000e+01
3.472000122070312500e+02 2.400000000000000000e+01
3.472999877929687500e+02 2.900000000000000000e+01
3.473999938964843750e+02 1.300000000000000000e+01
3.475000000000000000e+02 1.800000000000000000e+01
3.476000061035156250e+02 1.900000000000000000e+01
3.477000122070312500e+02 2.300000000000000000e+01
3.477999877929687500e+02 2.400000000000000000e+01
3.478999938964843750e+02 2.100000000000000000e+01
3.480000000000000000e+02 2.300000000000000000e+01
3.481000061035156250e+02 2.200000000000000000e+01
3.482000122070312500e+02 2.100000000000000000e+01
3.482999877929687500e+02 8.000000000000000000e+00
3.483999938964843750e+02 5.000000000000000000e+00
3.485000000000000000e+02 0.000000000000000000e+00
3.486000061035156250e+02 0.000000000000000000e+00
3.487000122070312500e+02 0.000000000000000000e+00
3.487999877929687500e+02 1.000000000000000000e+00
3.488999938964843750e+02 0.000000000000000000e+00
3.490000000000000000e+02 0.000000000000000000e+00
3.491000061035156250e+02 0.000000000000000000e+00
3.492000122070312500e+02 0.000000000000000000e+00
3.492999877929687500e+02 0.000000000000000000e+00
3.493999938964843750e+02 0.000000000000000000e+00
3.495000000000000000e+02 0.000000000000000000e+00
3.496000061035156250e+02 0.000000000000000000e+00
3.497000122070312500e+02 0.000000000000000000e+00
3.497999877929687500e+02 0.000000000000000000e+00
3.498999938964843750e+02 0.000000000000000000e+00
3.500000000000000000e+02 0.000000000000000000e+00
3.501000061035156250e+02 0.000000000000000000e+00
3.502000122070312500e+02 0.000000000000000000e+00
3.502999877929687500e+02 0.000000000000000000e+00
3.503999938964843750e+02 0.000000000000000000e+00
3.505000000000000000e+02 0.000000000000000000e+00
3.506000061035156250e+02 0.000000000000000000e+00
3.507000122070312500e+02 0.000000000000000000e+00
3.507999877929687500e+02 0.000000000000000000e+00
3.508999938964843750e+02 0.000000000000000000e+00
3.510000000000000000e+02 0.000000000000000000e+00
3.511000061035156250e+02 0.000000000000000000e+00
3.512000122070312500e+02 0.000000000000000000e+00
3.512999877929687500e+02 0.000000000000000000e+00
3.513999938964843750e+02 0.000000000000000000e+00
3.515000000000000000e+02 0.000000000000000000e+00
3.516000061035156250e+02 0.000000000000000000e+00
3.517000122070312500e+02 0.000000000000000000e+00
3.517999877929687500e+02 0.000000000000000000e+00
3.518999938964843750e+02 0.000000000000000000e+00
3.520000000000000000e+02 0.000000000000000000e+00
3.521000061035156250e+02 0.000000000000000000e+00
3.522000122070312500e+02 0.000000000000000000e+00
3.522999877929687500e+02 0.000000000000000000e+00
3.523999938964843750e+02 0.000000000000000000e+00
3.525000000000000000e+02 0.000000000000000000e+00
3.526000061035156250e+02 0.000000000000000000e+00
3.527000122070312500e+02 0.000000000000000000e+00
3.527999877929687500e+02 0.000000000000000000e+00
3.528999938964843750e+02 0.000000000000000000e+00
3.530000000000000000e+02 0.000000000000000000e+00
3.531000061035156250e+02 0.000000000000000000e+00
3.532000122070312500e+02 0.000000000000000000e+00
3.532999877929687500e+02 0.000000000000000000e+00
3.533999938964843750e+02 0.000000000000000000e+00
3.535000000000000000e+02 0.000000000000000000e+00
3.536000061035156250e+02 0.000000000000000000e+00
3.537000122070312500e+02 0.000000000000000000e+00
3.537999877929687500e+02 0.000000000000000000e+00
3.538999938964843750e+02 1.000000000000000000e+00
3.540000000000000000e+02 0.000000000000000000e+00
3.541000061035156250e+02 0.000000000000000000e+00
3.542000122070312500e+02 0.000000000000000000e+00
3.542999877929687500e+02 0.000000000000000000e+00
3.543999938964843750e+02 0.000000000000000000e+00
3.545000000000000000e+02 0.000000000000000000e+00
3.546000061035156250e+02 0.000000000000000000e+00
3.547000122070312500e+02 0.000000000000000000e+00
3.547999877929687500e+02 0.000000000000000000e+00
3.548999938964843750e+02 0.000000000000000000e+00
3.550000000000000000e+02 0.000000000000000000e+00
3.551000061035156250e+02 0.000000000000000000e+00
3.552000122070312500e+02 0.000000000000000000e+00
3.552999877929687500e+02 0.000000000000000000e+00
3.553999938964843750e+02 0.000000000000000000e+00
3.555000000000000000e+02 0.000000000000000000e+00
3.556000061035156250e+02 0.000000000000000000e+00
3.557000122070312500e+02 0.000000000000000000e+00
3.557999877929687500e+02 0.000000000000000000e+00
3.558999938964843750e+02 0.000000000000000000e+00
3.560000000000000000e+02 0.000000000000000000e+00
3.561000061035156250e+02 0.000000000000000000e+00
3.562000122070312500e+02 0.000000000000000000e+00
3.562999877929687500e+02 0.000000000000000000e+00
3.563999938964843750e+02 0.000000000000000000e+00
3.565000000000000000e+02 0.000000000000000000e+00
3.566000061035156250e+02 0.000000000000000000e+00
3.567000122070312500e+02 0.000000000000000000e+00
3.567999877929687500e+02 0.000000000000000000e+00
3.568999938964843750e+02 0.000000000000000000e+00
3.570000000000000000e+02 0.000000000000000000e+00
3.571000061035156250e+02 0.000000000000000000e+00
3.572000122070312500e+02 0.000000000000000000e+00
3.572999877929687500e+02 0.000000000000000000e+00
3.573999938964843750e+02 0.000000000000000000e+00
3.575000000000000000e+02 0.000000000000000000e+00
3.576000061035156250e+02 0.000000000000000000e+00
3.577000122070312500e+02 0.000000000000000000e+00
3.577999877929687500e+02 0.000000000000000000e+00
3.578999938964843750e+02 0.000000000000000000e+00
3.580000000000000000e+02 0.000000000000000000e+00
3.581000061035156250e+02 0.000000000000000000e+00
3.582000122070312500e+02 0.000000000000000000e+00
3.582999877929687500e+02 0.000000000000000000e+00
3.583999938964843750e+02 0.000000000000000000e+00
3.585000000000000000e+02 0.000000000000000000e+00
3.586000061035156250e+02 0.000000000000000000e+00
3.587000122070312500e+02 0.000000000000000000e+00
3.587999877929687500e+02 0.000000000000000000e+00
3.588999938964843750e+02 0.000000000000000000e+00
3.590000000000000000e+02 0.000000000000000000e+00
3.591000061035156250e+02 0.000000000000000000e+00
3.592000122070312500e+02 0.000000000000000000e+00
3.592999877929687500e+02 0.000000000000000000e+00
3.593999938964843750e+02 0.000000000000000000e+00
3.595000000000000000e+02 0.000000000000000000e+00
3.596000061035156250e+02 0.000000000000000000e+00
3.597000122070312500e+02 0.000000000000000000e+00
3.597999877929687500e+02 0.000000000000000000e+00
3.598999938964843750e+02 0.000000000000000000e+00
3.600000000000000000e+02 0.000000000000000000e+00
3.601000061035156250e+02 0.000000000000000000e+00
3.602000122070312500e+02 0.000000000000000000e+00
3.602999877929687500e+02 0.000000000000000000e+00
3.603999938964843750e+02 0.000000000000000000e+00
3.605000000000000000e+02 0.000000000000000000e+00
3.606000061035156250e+02 0.000000000000000000e+00
3.607000122070312500e+02 0.000000000000000000e+00
3.607999877929687500e+02 0.000000000000000000e+00
3.608999938964843750e+02 0.000000000000000000e+00
3.610000000000000000e+02 0.000000000000000000e+00
3.611000061035156250e+02 0.000000000000000000e+00
3.612000122070312500e+02 0.000000000000000000e+00
3.612999877929687500e+02 0.000000000000000000e+00
3.613999938964843750e+02 0.000000000000000000e+00
3.615000000000000000e+02 0.000000000000000000e+00
3.616000061035156250e+02 0.000000000000000000e+00
3.617000122070312500e+02 0.000000000000000000e+00
3.617999877929687500e+02 0.000000000000000000e+00
3.618999938964843750e+02 0.000000000000000000e+00
3.620000000000000000e+02 0.000000000000000000e+00
3.621000061035156250e+02 0.000000000000000000e+00
3.622000122070312500e+02 0.000000000000000000e+00
3.622999877929687500e+02 0.000000000000000000e+00
3.623999938964843750e+02 0.000000000000000000e+00
3.625000000000000000e+02 0.000000000000000000e+00
3.626000061035156250e+02 0.000000000000000000e+00
3.627000122070312500e+02 0.000000000000000000e+00
3.627999877929687500e+02 0.000000000000000000e+00
3.628999938964843750e+02 0.000000000000000000e+00
3.630000000000000000e+02 0.000000000000000000e+00
3.631000061035156250e+02 0.000000000000000000e+00
3.632000122070312500e+02 0.000000000000000000e+00
3.632999877929687500e+02 0.000000000000000000e+00
3.633999938964843750e+02 0.000000000000000000e+00
3.635000000000000000e+02 0.000000000000000000e+00
3.636000061035156250e+02 0.000000000000000000e+00
3.637000122070312500e+02 0.000000000000000000e+00
3.637999877929687500e+02 0.000000000000000000e+00
3.638999938964843750e+02 0.000000000000000000e+00
3.640000000000000000e+02 0.000000000000000000e+00
3.641000061035156250e+02 0.000000000000000000e+00
3.642000122070312500e+02 1.000000000000000000e+00
3.642999877929687500e+02 0.000000000000000000e+00
3.643999938964843750e+02 0.000000000000000000e+00
3.645000000000000000e+02 0.000000000000000000e+00
3.646000061035156250e+02 0.000000000000000000e+00
3.647000122070312500e+02 0.000000000000000000e+00
3.647999877929687500e+02 0.000000000000000000e+00
3.648999938964843750e+02 0.000000000000000000e+00
3.650000000000000000e+02 0.000000000000000000e+00
3.651000061035156250e+02 0.000000000000000000e+00
3.652000122070312500e+02 0.000000000000000000e+00
3.652999877929687500e+02 0.000000000000000000e+00
3.653999938964843750e+02 0.000000000000000000e+00
3.655000000000000000e+02 0.000000000000000000e+00
3.656000061035156250e+02 0.000000000000000000e+00
3.657000122070312500e+02 0.000000000000000000e+00
3.657999877929687500e+02 0.000000000000000000e+00
3.658999938964843750e+02 0.000000000000000000e+00
3.660000000000000000e+02 0.000000000000000000e+00
3.661000061035156250e+02 0.000000000000000000e+00
3.662000122070312500e+02 0.000000000000000000e+00
3.662999877929687500e+02 0.000000000000000000e+00
3.663999938964843750e+02 0.000000000000000000e+00
3.665000000000000000e+02 0.000000000000000000e+00
3.666000061035156250e+02 0.000000000000000000e+00
3.667000122070312500e+02 0.000000000000000000e+00
3.667999877929687500e+02 0.000000000000000000e+00
3.668999938964843750e+02 0.000000000000000000e+00
3.670000000000000000e+02 0.000000000000000000e+00
3.671000061035156250e+02 0.000000000000000000e+00
3.672000122070312500e+02 0.000000000000000000e+00
3.672999877929687500e+02 0.000000000000000000e+00
3.673999938964843750e+02 0.000000000000000000e+00
3.675000000000000000e+02 0.000000000000000000e+00
3.676000061035156250e+02 0.000000000000000000e+00
3.677000122070312500e+02 0.000000000000000000e+00
3.677999877929687500e+02 0.000000000000000000e+00
3.678999938964843750e+02 0.000000000000000000e+00
3.680000000000000000e+02 0.000000000000000000e+00
3.681000061035156250e+02 0.000000000000000000e+00
3.682000122070312500e+02 0.000000000000000000e+00
3.682999877929687500e+02 0.000000000000000000e+00
3.683999938964843750e+02 0.000000000000000000e+00
3.685000000000000000e+02 0.000000000000000000e+00
3.686000061035156250e+02 0.000000000000000000e+00
3.687000122070312500e+02 0.000000000000000000e+00
3.687999877929687500e+02 0.000000000000000000e+00
3.688999938964843750e+02 0.000000000000000000e+00
3.690000000000000000e+02 0.000000000000000000e+00
3.691000061035156250e+02 0.000000000000000000e+00
3.692000122070312500e+02 0.000000000000000000e+00
3.692999877929687500e+02 0.000000000000000000e+00
3.693999938964843750e+02 0.000000000000000000e+00
3.695000000000000000e+02 0.000000000000000000e+00
3.696000061035156250e+02 0.000000000000000000e+00
3.697000122070312500e+02 0.000000000000000000e+00
3.697999877929687500e+02 0.000000000000000000e+00
3.698999938964843750e+02 0.000000000000000000e+00
3.700000000000000000e+02 0.000000000000000000e+00
3.701000061035156250e+02 0.000000000000000000e+00
3.702000122070312500e+02 0.000000000000000000e+00
3.702999877929687500e+02 0.000000000000000000e+00
3.703999938964843750e+02 0.000000000000000000e+00
3.705000000000000000e+02 0.000000000000000000e+00
3.706000061035156250e+02 0.000000000000000000e+00
3.707000122070312500e+02 0.000000000000000000e+00
3.707999877929687500e+02 0.000000000000000000e+00
3.708999938964843750e+02 0.000000000000000000e+00
3.710000000000000000e+02 0.000000000000000000e+00
3.711000061035156250e+02 0.000000000000000000e+00
3.712000122070312500e+02 0.000000000000000000e+00
3.712999877929687500e+02 0.000000000000000000e+00
3.713999938964843750e+02 0.000000000000000000e+00
3.715000000000000000e+02 0.000000000000000000e+00
3.716000061035156250e+02 0.000000000000000000e+00
3.717000122070312500e+02 0.000000000000000000e+00
3.717999877929687500e+02 0.000000000000000000e+00
3.718999938964843750e+02 0.000000000000000000e+00
3.720000000000000000e+02 0.000000000000000000e+00
3.721000061035156250e+02 0.000000000000000000e+00
3.722000122070312500e+02 0.000000000000000000e+00
3.722999877929687500e+02 0.000000000000000000e+00
3.723999938964843750e+02 0.000000000000000000e+00
3.725000000000000000e+02 0.000000000000000000e+00
3.726000061035156250e+02 0.000000000000000000e+00
3.727000122070312500e+02 0.000000000000000000e+00
3.727999877929687500e+02 0.000000000000000000e+00
3.728999938964843750e+02 0.000000000000000000e+00
3.730000000000000000e+02 0.000000000000000000e+00
3.731000061035156250e+02 0.000000000000000000e+00
3.732000122070312500e+02 0.000000000000000000e+00
3.732999877929687500e+02 0.000000000000000000e+00
3.733999938964843750e+02 0.000000000000000000e+00
3.735000000000000000e+02 0.000000000000000000e+00
3.736000061035156250e+02 0.000000000000000000e+00
3.737000122070312500e+02 0.000000000000000000e+00
3.737999877929687500e+02 0.000000000000000000e+00
3.738999938964843750e+02 0.000000000000000000e+00
3.740000000000000000e+02 0.000000000000000000e+00
3.741000061035156250e+02 0.000000000000000000e+00
3.742000122070312500e+02 0.000000000000000000e+00
3.742999877929687500e+02 0.000000000000000000e+00
3.743999938964843750e+02 0.000000000000000000e+00
3.745000000000000000e+02 0.000000000000000000e+00
3.746000061035156250e+02 0.000000000000000000e+00
3.747000122070312500e+02 0.000000000000000000e+00
3.747999877929687500e+02 0.000000000000000000e+00
3.748999938964843750e+02 0.000000000000000000e+00
3.750000000000000000e+02 0.000000000000000000e+00
3.751000061035156250e+02 0.000000000000000000e+00
3.752000122070312500e+02 0.000000000000000000e+00
3.752999877929687500e+02 0.000000000000000000e+00
3.753999938964843750e+02 0.000000000000000000e+00
3.755000000000000000e+02 0.000000000000000000e+00
3.756000061035156250e+02 0.000000000000000000e+00
3.757000122070312500e+02 0.000000000000000000e+00
3.757999877929687500e+02 0.000000000000000000e+00
3.758999938964843750e+02 0.000000000000000000e+00
3.760000000000000000e+02 0.000000000000000000e+00
3.761000061035156250e+02 0.000000000000000000e+00
3.762000122070312500e+02 0.000000000000000000e+00
3.762999877929687500e+02 0.000000000000000000e+00
3.763999938964843750e+02 0.000000000000000000e+00
3.765000000000000000e+02 0.000000000000000000e+00
3.766000061035156250e+02 0.000000000000000000e+00
3.767000122070312500e+02 0.000000000000000000e+00
3.767999877929687500e+02 0.000000000000000000e+00
3.768999938964843750e+02 0.000000000000000000e+00
3.770000000000000000e+02 0.000000000000000000e+00
3.771000061035156250e+02 0.000000000000000000e+00
3.772000122070312500e+02 0.000000000000000000e+00
3.772999877929687500e+02 1.000000000000000000e+00
3.773999938964843750e+02 0.000000000000000000e+00
3.775000000000000000e+02 0.000000000000000000e+00
3.776000061035156250e+02 0.000000000000000000e+00
3.777000122070312500e+02 0.000000000000000000e+00
3.777999877929687500e+02 0.000000000000000000e+00
3.778999938964843750e+02 0.000000000000000000e+00
3.780000000000000000e+02 0.000000000000000000e+00
3.781000061035156250e+02 0.000000000000000000e+00
3.782000122070312500e+02 0.000000000000000000e+00
3.782999877929687500e+02 0.000000000000000000e+00
3.783999938964843750e+02 0.000000000000000000e+00
3.785000000000000000e+02 0.000000000000000000e+00
3.786000061035156250e+02 0.000000000000000000e+00
3.787000122070312500e+02 0.000000000000000000e+00
3.787999877929687500e+02 0.000000000000000000e+00
3.788999938964843750e+02 0.000000000000000000e+00
3.790000000000000000e+02 0.000000000000000000e+00
3.791000061035156250e+02 0.000000000000000000e+00
3.792000122070312500e+02 0.000000000000000000e+00
3.792999877929687500e+02 0.000000000000000000e+00
3.793999938964843750e+02 0.000000000000000000e+00
3.795000000000000000e+02 0.000000000000000000e+00
3.796000061035156250e+02 0.000000000000000000e+00
3.797000122070312500e+02 0.000000000000000000e+00
3.797999877929687500e+02 0.000000000000000000e+00
3.798999938964843750e+02 0.000000000000000000e+00
3.800000000000000000e+02 0.000000000000000000e+00
3.801000061035156250e+02 0.000000000000000000e+00
3.802000122070312500e+02 0.000000000000000000e+00
3.802999877929687500e+02 0.000000000000000000e+00
3.803999938964843750e+02 0.000000000000000000e+00
3.805000000000000000e+02 0.000000000000000000e+00
3.806000061035156250e+02 0.000000000000000000e+00
3.807000122070312500e+02 0.000000000000000000e+00
3.807999877929687500e+02 0.000000000000000000e+00
3.808999938964843750e+02 0.000000000000000000e+00
3.810000000000000000e+02 0.000000000000000000e+00
3.811000061035156250e+02 0.000000000000000000e+00
3.812000122070312500e+02 0.000000000000000000e+00
3.812999877929687500e+02 0.000000000000000000e+00
3.813999938964843750e+02 0.000000000000000000e+00
3.815000000000000000e+02 0.000000000000000000e+00
3.816000061035156250e+02 0.000000000000000000e+00
3.817000122070312500e+02 0.000000000000000000e+00
3.817999877929687500e+02 0.000000000000000000e+00
3.818999938964843750e+02 0.000000000000000000e+00
3.820000000000000000e+02 0.000000000000000000e+00
3.821000061035156250e+02 0.000000000000000000e+00
3.822000122070312500e+02 0.000000000000000000e+00
3.822999877929687500e+02 0.000000000000000000e+00
3.823999938964843750e+02 0.000000000000000000e+00
3.825000000000000000e+02 0.000000000000000000e+00
3.826000061035156250e+02 2.000000000000000000e+00
3.827000122070312500e+02 0.000000000000000000e+00
3.827999877929687500e+02 0.000000000000000000e+00
3.828999938964843750e+02 0.000000000000000000e+00
3.830000000000000000e+02 0.000000000000000000e+00
3.831000061035156250e+02 0.000000000000000000e+00
3.832000122070312500e+02 0.000000000000000000e+00
3.832999877929687500e+02 0.000000000000000000e+00
3.833999938964843750e+02 0.000000000000000000e+00
3.835000000000000000e+02 0.000000000000000000e+00
3.836000061035156250e+02 0.000000000000000000e+00
3.837000122070312500e+02 0.000000000000000000e+00
3.837999877929687500e+02 0.000000000000000000e+00
3.838999938964843750e+02 0.000000000000000000e+00
3.840000000000000000e+02 0.000000000000000000e+00
3.841000061035156250e+02 0.000000000000000000e+00
3.842000122070312500e+02 0.000000000000000000e+00
3.842999877929687500e+02 0.000000000000000000e+00
3.843999938964843750e+02 0.000000000000000000e+00
3.845000000000000000e+02 0.000000000000000000e+00
3.846000061035156250e+02 0.000000000000000000e+00
3.847000122070312500e+02 0.000000000000000000e+00
3.847999877929687500e+02 0.000000000000000000e+00
3.848999938964843750e+02 0.000000000000000000e+00
3.850000000000000000e+02 0.000000000000000000e+00
3.851000061035156250e+02 0.000000000000000000e+00
3.852000122070312500e+02 0.000000000000000000e+00
3.852999877929687500e+02 0.000000000000000000e+00
3.853999938964843750e+02 0.000000000000000000e+00
3.855000000000000000e+02 0.000000000000000000e+00
3.856000061035156250e+02 0.000000000000000000e+00
3.857000122070312500e+02 0.000000000000000000e+00
3.857999877929687500e+02 0.000000000000000000e+00
3.858999938964843750e+02 0.000000000000000000e+00
3.860000000000000000e+02 0.000000000000000000e+00
3.861000061035156250e+02 0.000000000000000000e+00
3.862000122070312500e+02 0.000000000000000000e+00
3.862999877929687500e+02 0.000000000000000000e+00
3.863999938964843750e+02 0.000000000000000000e+00
3.865000000000000000e+02 0.000000000000000000e+00
3.866000061035156250e+02 0.000000000000000000e+00
3.867000122070312500e+02 0.000000000000000000e+00
3.867999877929687500e+02 0.000000000000000000e+00
3.868999938964843750e+02 0.000000000000000000e+00
3.870000000000000000e+02 0.000000000000000000e+00
3.871000061035156250e+02 0.000000000000000000e+00
3.872000122070312500e+02 0.000000000000000000e+00
3.872999877929687500e+02 0.000000000000000000e+00
3.873999938964843750e+02 0.000000000000000000e+00
3.875000000000000000e+02 0.000000000000000000e+00
3.876000061035156250e+02 0.000000000000000000e+00
3.877000122070312500e+02 0.000000000000000000e+00
3.877999877929687500e+02 0.000000000000000000e+00
3.878999938964843750e+02 0.000000000000000000e+00
3.880000000000000000e+02 0.000000000000000000e+00
3.881000061035156250e+02 0.000000000000000000e+00
3.882000122070312500e+02 0.000000000000000000e+00
3.882999877929687500e+02 0.000000000000000000e+00
3.883999938964843750e+02 0.000000000000000000e+00
3.885000000000000000e+02 0.000000000000000000e+00
3.886000061035156250e+02 0.000000000000000000e+00
3.887000122070312500e+02 0.000000000000000000e+00
3.887999877929687500e+02 0.000000000000000000e+00
3.888999938964843750e+02 0.000000000000000000e+00
3.890000000000000000e+02 0.000000000000000000e+00
3.891000061035156250e+02 0.000000000000000000e+00
3.892000122070312500e+02 0.000000000000000000e+00
3.892999877929687500e+02 0.000000000000000000e+00
3.893999938964843750e+02 0.000000000000000000e+00
3.895000000000000000e+02 0.000000000000000000e+00
3.896000061035156250e+02 0.000000000000000000e+00
3.897000122070312500e+02 0.000000000000000000e+00
3.897999877929687500e+02 0.000000000000000000e+00
3.898999938964843750e+02 0.000000000000000000e+00
3.900000000000000000e+02 0.000000000000000000e+00
3.901000061035156250e+02 0.000000000000000000e+00
3.902000122070312500e+02 0.000000000000000000e+00
3.902999877929687500e+02 0.000000000000000000e+00
3.903999938964843750e+02 0.000000000000000000e+00
3.905000000000000000e+02 0.000000000000000000e+00
3.906000061035156250e+02 0.000000000000000000e+00
3.907000122070312500e+02 0.000000000000000000e+00
3.907999877929687500e+02 0.000000000000000000e+00
3.908999938964843750e+02 0.000000000000000000e+00
3.910000000000000000e+02 0.000000000000000000e+00
3.911000061035156250e+02 0.000000000000000000e+00
3.912000122070312500e+02 0.000000000000000000e+00
3.912999877929687500e+02 0.000000000000000000e+00
3.913999938964843750e+02 0.000000000000000000e+00
3.915000000000000000e+02 0.000000000000000000e+00
3.916000061035156250e+02 0.000000000000000000e+00
3.917000122070312500e+02 0.000000000000000000e+00
3.917999877929687500e+02 0.000000000000000000e+00
3.918999938964843750e+02 0.000000000000000000e+00
3.920000000000000000e+02 0.000000000000000000e+00
3.921000061035156250e+02 0.000000000000000000e+00
3.922000122070312500e+02 0.000000000000000000e+00
3.922999877929687500e+02 0.000000000000000000e+00
3.923999938964843750e+02 0.000000000000000000e+00
3.925000000000000000e+02 0.000000000000000000e+00
3.926000061035156250e+02 0.000000000000000000e+00
3.927000122070312500e+02 0.000000000000000000e+00
3.927999877929687500e+02 2.000000000000000000e+00
3.928999938964843750e+02 0.000000000000000000e+00
3.930000000000000000e+02 0.000000000000000000e+00
3.931000061035156250e+02 0.000000000000000000e+00
3.932000122070312500e+02 0.000000000000000000e+00
3.932999877929687500e+02 0.000000000000000000e+00
3.933999938964843750e+02 0.000000000000000000e+00
3.935000000000000000e+02 0.000000000000000000e+00
3.936000061035156250e+02 0.000000000000000000e+00
3.937000122070312500e+02 0.000000000000000000e+00
3.937999877929687500e+02 0.000000000000000000e+00
3.938999938964843750e+02 0.000000000000000000e+00
3.940000000000000000e+02 0.000000000000000000e+00
3.941000061035156250e+02 0.000000000000000000e+00
3.942000122070312500e+02 0.000000000000000000e+00
3.942999877929687500e+02 0.000000000000000000e+00
3.943999938964843750e+02 0.000000000000000000e+00
3.945000000000000000e+02 0.000000000000000000e+00
3.946000061035156250e+02 0.000000000000000000e+00
3.947000122070312500e+02 0.000000000000000000e+00
3.947999877929687500e+02 0.000000000000000000e+00
3.948999938964843750e+02 0.000000000000000000e+00
3.950000000000000000e+02 0.000000000000000000e+00
3.951000061035156250e+02 0.000000000000000000e+00
3.952000122070312500e+02 0.000000000000000000e+00
3.952999877929687500e+02 0.000000000000000000e+00
3.953999938964843750e+02 0.000000000000000000e+00
3.955000000000000000e+02 0.000000000000000000e+00
3.956000061035156250e+02 0.000000000000000000e+00
3.957000122070312500e+02 0.000000000000000000e+00
3.957999877929687500e+02 0.000000000000000000e+00
3.958999938964843750e+02 0.000000000000000000e+00
3.960000000000000000e+02 0.000000000000000000e+00
3.961000061035156250e+02 0.000000000000000000e+00
3.962000122070312500e+02 0.000000000000000000e+00
3.962999877929687500e+02 0.000000000000000000e+00
3.963999938964843750e+02 0.000000000000000000e+00
3.965000000000000000e+02 0.000000000000000000e+00
3.966000061035156250e+02 0.000000000000000000e+00
3.967000122070312500e+02 0.000000000000000000e+00
3.967999877929687500e+02 0.000000000000000000e+00
3.968999938964843750e+02 0.000000000000000000e+00
3.970000000000000000e+02 0.000000000000000000e+00
3.971000061035156250e+02 0.000000000000000000e+00
3.972000122070312500e+02 0.000000000000000000e+00
3.972999877929687500e+02 0.000000000000000000e+00
3.973999938964843750e+02 0.000000000000000000e+00
3.975000000000000000e+02 0.000000000000000000e+00
3.976000061035156250e+02 0.000000000000000000e+00
3.977000122070312500e+02 0.000000000000000000e+00
3.977999877929687500e+02 0.000000000000000000e+00
3.978999938964843750e+02 0.000000000000000000e+00
3.980000000000000000e+02 0.000000000000000000e+00
3.981000061035156250e+02 0.000000000000000000e+00
3.982000122070312500e+02 0.000000000000000000e+00
3.982999877929687500e+02 0.000000000000000000e+00
3.983999938964843750e+02 0.000000000000000000e+00
3.985000000000000000e+02 0.000000000000000000e+00
3.986000061035156250e+02 0.000000000000000000e+00
3.987000122070312500e+02 0.000000000000000000e+00
3.987999877929687500e+02 0.000000000000000000e+00
3.988999938964843750e+02 0.000000000000000000e+00
3.990000000000000000e+02 0.000000000000000000e+00
3.991000061035156250e+02 0.000000000000000000e+00
3.992000122070312500e+02 0.000000000000000000e+00
3.992999877929687500e+02 0.000000000000000000e+00
3.993999938964843750e+02 0.000000000000000000e+00
3.995000000000000000e+02 0.000000000000000000e+00
3.996000061035156250e+02 0.000000000000000000e+00
3.997000122070312500e+02 0.000000000000000000e+00
3.997999877929687500e+02 0.000000000000000000e+00
3.998999938964843750e+02 0.000000000000000000e+00
4.000000000000000000e+02 0.000000000000000000e+00
4.001000061035156250e+02 0.000000000000000000e+00
4.002000122070312500e+02 0.000000000000000000e+00
4.002999877929687500e+02 0.000000000000000000e+00
4.003999938964843750e+02 0.000000000000000000e+00
4.005000000000000000e+02 0.000000000000000000e+00
4.006000061035156250e+02 0.000000000000000000e+00
4.007000122070312500e+02 0.000000000000000000e+00
4.007999877929687500e+02 0.000000000000000000e+00
4.008999938964843750e+02 0.000000000000000000e+00
4.010000000000000000e+02 0.000000000000000000e+00
4.011000061035156250e+02 0.000000000000000000e+00
4.012000122070312500e+02 2.000000000000000000e+00
4.012999877929687500e+02 0.000000000000000000e+00
4.013999938964843750e+02 0.000000000000000000e+00
4.015000000000000000e+02 0.000000000000000000e+00
4.016000061035156250e+02 0.000000000000000000e+00
4.017000122070312500e+02 0.000000000000000000e+00
4.017999877929687500e+02 0.000000000000000000e+00
4.018999938964843750e+02 0.000000000000000000e+00
4.020000000000000000e+02 0.000000000000000000e+00
4.021000061035156250e+02 0.000000000000000000e+00
4.022000122070312500e+02 0.000000000000000000e+00
4.022999877929687500e+02 0.000000000000000000e+00
4.023999938964843750e+02 0.000000000000000000e+00
4.025000000000000000e+02 0.000000000000000000e+00
4.026000061035156250e+02 1.000000000000000000e+00
4.027000122070312500e+02 0.000000000000000000e+00
4.027999877929687500e+02 0.000000000000000000e+00
4.028999938964843750e+02 0.000000000000000000e+00
4.030000000000000000e+02 0.000000000000000000e+00
4.031000061035156250e+02 0.000000000000000000e+00
4.032000122070312500e+02 0.000000000000000000e+00
4.032999877929687500e+02 0.000000000000000000e+00
4.033999938964843750e+02 0.000000000000000000e+00
4.035000000000000000e+02 0.000000000000000000e+00
4.036000061035156250e+02 0.000000000000000000e+00
4.037000122070312500e+02 0.000000000000000000e+00
4.037999877929687500e+02 0.000000000000000000e+00
4.038999938964843750e+02 0.000000000000000000e+00
4.040000000000000000e+02 3.000000000000000000e+00
4.041000061035156250e+02 0.000000000000000000e+00
4.042000122070312500e+02 2.000000000000000000e+00
4.042999877929687500e+02 3.000000000000000000e+00
4.043999938964843750e+02 1.000000000000000000e+00
4.045000000000000000e+02 1.000000000000000000e+00
4.046000061035156250e+02 0.000000000000000000e+00
4.047000122070312500e+02 0.000000000000000000e+00
4.047999877929687500e+02 0.000000000000000000e+00
4.048999938964843750e+02 0.000000000000000000e+00
4.050000000000000000e+02 0.000000000000000000e+00
4.051000061035156250e+02 0.000000000000000000e+00
4.052000122070312500e+02 0.000000000000000000e+00
4.052999877929687500e+02 0.000000000000000000e+00
4.053999938964843750e+02 0.000000000000000000e+00
4.055000000000000000e+02 0.000000000000000000e+00
4.056000061035156250e+02 0.000000000000000000e+00
4.057000122070312500e+02 0.000000000000000000e+00
4.057999877929687500e+02 0.000000000000000000e+00
4.058999938964843750e+02 0.000000000000000000e+00
4.060000000000000000e+02 0.000000000000000000e+00
4.061000061035156250e+02 0.000000000000000000e+00
4.062000122070312500e+02 0.000000000000000000e+00
4.062999877929687500e+02 0.000000000000000000e+00
4.063999938964843750e+02 0.000000000000000000e+00
4.065000000000000000e+02 0.000000000000000000e+00
4.066000061035156250e+02 0.000000000000000000e+00
4.067000122070312500e+02 0.000000000000000000e+00
4.067999877929687500e+02 0.000000000000000000e+00
4.068999938964843750e+02 0.000000000000000000e+00
4.070000000000000000e+02 0.000000000000000000e+00
4.071000061035156250e+02 0.000000000000000000e+00
4.072000122070312500e+02 0.000000000000000000e+00
4.072999877929687500e+02 0.000000000000000000e+00
4.073999938964843750e+02 0.000000000000000000e+00
4.075000000000000000e+02 0.000000000000000000e+00
4.076000061035156250e+02 0.000000000000000000e+00
4.077000122070312500e+02 0.000000000000000000e+00
4.077999877929687500e+02 0.000000000000000000e+00
4.078999938964843750e+02 0.000000000000000000e+00
4.080000000000000000e+02 0.000000000000000000e+00
4.081000061035156250e+02 0.000000000000000000e+00
4.082000122070312500e+02 0.000000000000000000e+00
4.082999877929687500e+02 0.000000000000000000e+00
4.083999938964843750e+02 0.000000000000000000e+00
4.085000000000000000e+02 0.000000000000000000e+00
4.086000061035156250e+02 0.000000000000000000e+00
4.087000122070312500e+02 0.000000000000000000e+00
4.087999877929687500e+02 0.000000000000000000e+00
4.088999938964843750e+02 0.000000000000000000e+00
4.090000000000000000e+02 0.000000000000000000e+00
4.091000061035156250e+02 0.000000000000000000e+00
4.092000122070312500e+02 0.000000000000000000e+00
4.092999877929687500e+02 0.000000000000000000e+00
4.093999938964843750e+02 0.000000000000000000e+00
4.095000000000000000e+02 0.000000000000000000e+00
4.096000061035156250e+02 0.000000000000000000e+00
4.097000122070312500e+02 0.000000000000000000e+00
4.097999877929687500e+02 0.000000000000000000e+00
4.098999938964843750e+02 0.000000000000000000e+00
4.100000000000000000e+02 0.000000000000000000e+00
4.101000061035156250e+02 0.000000000000000000e+00
4.102000122070312500e+02 0.000000000000000000e+00
4.102999877929687500e+02 0.000000000000000000e+00
4.103999938964843750e+02 0.000000000000000000e+00
4.105000000000000000e+02 0.000000000000000000e+00
4.106000061035156250e+02 0.000000000000000000e+00
4.107000122070312500e+02 0.000000000000000000e+00
4.107999877929687500e+02 0.000000000000000000e+00
4.108999938964843750e+02 0.000000000000000000e+00
4.110000000000000000e+02 0.000000000000000000e+00
4.111000061035156250e+02 0.000000000000000000e+00
4.112000122070312500e+02 0.000000000000000000e+00
4.112999877929687500e+02 0.000000000000000000e+00
4.113999938964843750e+02 0.000000000000000000e+00
4.115000000000000000e+02 0.000000000000000000e+00
4.116000061035156250e+02 0.000000000000000000e+00
4.117000122070312500e+02 0.000000000000000000e+00
4.117999877929687500e+02 0.000000000000000000e+00
4.118999938964843750e+02 0.000000000000000000e+00
4.120000000000000000e+02 0.000000000000000000e+00
4.121000061035156250e+02 0.000000000000000000e+00
4.122000122070312500e+02 0.000000000000000000e+00
4.122999877929687500e+02 0.000000000000000000e+00
4.123999938964843750e+02 0.000000000000000000e+00
4.125000000000000000e+02 0.000000000000000000e+00
4.126000061035156250e+02 0.000000000000000000e+00
4.127000122070312500e+02 0.000000000000000000e+00
4.127999877929687500e+02 0.000000000000000000e+00
4.128999938964843750e+02 0.000000000000000000e+00
4.130000000000000000e+02 0.000000000000000000e+00
4.131000061035156250e+02 0.000000000000000000e+00
4.132000122070312500e+02 0.000000000000000000e+00
4.132999877929687500e+02 0.000000000000000000e+00
4.133999938964843750e+02 0.000000000000000000e+00
4.135000000000000000e+02 0.000000000000000000e+00
4.136000061035156250e+02 0.000000000000000000e+00
4.137000122070312500e+02 0.000000000000000000e+00
4.137999877929687500e+02 0.000000000000000000e+00
4.138999938964843750e+02 0.000000000000000000e+00
4.140000000000000000e+02 0.000000000000000000e+00
4.141000061035156250e+02 0.000000000000000000e+00
4.142000122070312500e+02 0.000000000000000000e+00
4.142999877929687500e+02 0.000000000000000000e+00
4.143999938964843750e+02 0.000000000000000000e+00
4.145000000000000000e+02 0.000000000000000000e+00
4.146000061035156250e+02 0.000000000000000000e+00
4.147000122070312500e+02 0.000000000000000000e+00
4.147999877929687500e+02 0.000000000000000000e+00
4.148999938964843750e+02 0.000000000000000000e+00
4.150000000000000000e+02 0.000000000000000000e+00
4.151000061035156250e+02 0.000000000000000000e+00
4.152000122070312500e+02 0.000000000000000000e+00
4.152999877929687500e+02 0.000000000000000000e+00
4.153999938964843750e+02 0.000000000000000000e+00
4.155000000000000000e+02 0.000000000000000000e+00
4.156000061035156250e+02 0.000000000000000000e+00
4.157000122070312500e+02 0.000000000000000000e+00
4.157999877929687500e+02 0.000000000000000000e+00
4.158999938964843750e+02 0.000000000000000000e+00
4.160000000000000000e+02 0.000000000000000000e+00
4.161000061035156250e+02 0.000000000000000000e+00
4.162000122070312500e+02 0.000000000000000000e+00
4.162999877929687500e+02 0.000000000000000000e+00
4.163999938964843750e+02 0.000000000000000000e+00
4.165000000000000000e+02 0.000000000000000000e+00
4.166000061035156250e+02 0.000000000000000000e+00
4.167000122070312500e+02 0.000000000000000000e+00
4.167999877929687500e+02 0.000000000000000000e+00
4.168999938964843750e+02 0.000000000000000000e+00
4.170000000000000000e+02 0.000000000000000000e+00
4.171000061035156250e+02 0.000000000000000000e+00
4.172000122070312500e+02 0.000000000000000000e+00
4.172999877929687500e+02 0.000000000000000000e+00
4.173999938964843750e+02 0.000000000000000000e+00
4.175000000000000000e+02 0.000000000000000000e+00
4.176000061035156250e+02 0.000000000000000000e+00
4.177000122070312500e+02 0.000000000000000000e+00
4.177999877929687500e+02 0.000000000000000000e+00
4.178999938964843750e+02 0.000000000000000000e+00
4.180000000000000000e+02 0.000000000000000000e+00
4.181000061035156250e+02 0.000000000000000000e+00
4.182000122070312500e+02 0.000000000000000000e+00
4.182999877929687500e+02 0.000000000000000000e+00
4.183999938964843750e+02 0.000000000000000000e+00
4.185000000000000000e+02 0.000000000000000000e+00
4.186000061035156250e+02 0.000000000000000000e+00
4.187000122070312500e+02 0.000000000000000000e+00
4.187999877929687500e+02 0.000000000000000000e+00
4.188999938964843750e+02 0.000000000000000000e+00
4.190000000000000000e+02 0.000000000000000000e+00
4.191000061035156250e+02 0.000000000000000000e+00
4.192000122070312500e+02 0.000000000000000000e+00
4.192999877929687500e+02 0.000000000000000000e+00
4.193999938964843750e+02 0.000000000000000000e+00
4.195000000000000000e+02 0.000000000000000000e+00
4.196000061035156250e+02 0.000000000000000000e+00
4.197000122070312500e+02 0.000000000000000000e+00
4.197999877929687500e+02 0.000000000000000000e+00
4.198999938964843750e+02 0.000000000000000000e+00
4.200000000000000000e+02 0.000000000000000000e+00
4.201000061035156250e+02 0.000000000000000000e+00
4.202000122070312500e+02 0.000000000000000000e+00
4.202999877929687500e+02 0.000000000000000000e+00
4.203999938964843750e+02 0.000000000000000000e+00
4.205000000000000000e+02 0.000000000000000000e+00
4.206000061035156250e+02 0.000000000000000000e+00
4.207000122070312500e+02 0.000000000000000000e+00
4.207999877929687500e+02 0.000000000000000000e+00
4.208999938964843750e+02 0.000000000000000000e+00
4.210000000000000000e+02 0.000000000000000000e+00
4.211000061035156250e+02 0.000000000000000000e+00
4.212000122070312500e+02 0.000000000000000000e+00
4.212999877929687500e+02 0.000000000000000000e+00
4.213999938964843750e+02 0.000000000000000000e+00
4.215000000000000000e+02 0.000000000000000000e+00
4.216000061035156250e+02 0.000000000000000000e+00
4.217000122070312500e+02 0.000000000000000000e+00
4.217999877929687500e+02 0.000000000000000000e+00
4.218999938964843750e+02 0.000000000000000000e+00
4.220000000000000000e+02 0.000000000000000000e+00
4.221000061035156250e+02 0.000000000000000000e+00
4.222000122070312500e+02 0.000000000000000000e+00
4.222999877929687500e+02 0.000000000000000000e+00
4.223999938964843750e+02 0.000000000000000000e+00
4.225000000000000000e+02 0.000000000000000000e+00
4.226000061035156250e+02 0.000000000000000000e+00
4.227000122070312500e+02 0.000000000000000000e+00
4.227999877929687500e+02 0.000000000000000000e+00
4.228999938964843750e+02 0.000000000000000000e+00
4.230000000000000000e+02 0.000000000000000000e+00
4.231000061035156250e+02 0.000000000000000000e+00
4.232000122070312500e+02 0.000000000000000000e+00
4.232999877929687500e+02 0.000000000000000000e+00
4.233999938964843750e+02 0.000000000000000000e+00
4.235000000000000000e+02 0.000000000000000000e+00
4.236000061035156250e+02 0.000000000000000000e+00
4.237000122070312500e+02 0.000000000000000000e+00
4.237999877929687500e+02 0.000000000000000000e+00
4.238999938964843750e+02 0.000000000000000000e+00
4.240000000000000000e+02 0.000000000000000000e+00
4.241000061035156250e+02 0.000000000000000000e+00
4.242000122070312500e+02 0.000000000000000000e+00
4.242999877929687500e+02 0.000000000000000000e+00
4.243999938964843750e+02 0.000000000000000000e+00
4.245000000000000000e+02 0.000000000000000000e+00
4.246000061035156250e+02 0.000000000000000000e+00
4.247000122070312500e+02 0.000000000000000000e+00
4.247999877929687500e+02 0.000000000000000000e+00
4.248999938964843750e+02 0.000000000000000000e+00
4.250000000000000000e+02 0.000000000000000000e+00
4.251000061035156250e+02 0.000000000000000000e+00
4.252000122070312500e+02 0.000000000000000000e+00
4.252999877929687500e+02 0.000000000000000000e+00
4.253999938964843750e+02 0.000000000000000000e+00
4.255000000000000000e+02 0.000000000000000000e+00
4.256000061035156250e+02 0.000000000000000000e+00
4.257000122070312500e+02 0.000000000000000000e+00
4.257999877929687500e+02 0.000000000000000000e+00
4.258999938964843750e+02 0.000000000000000000e+00
4.260000000000000000e+02 0.000000000000000000e+00
4.261000061035156250e+02 0.000000000000000000e+00
4.262000122070312500e+02 0.000000000000000000e+00
4.262999877929687500e+02 0.000000000000000000e+00
4.263999938964843750e+02 0.000000000000000000e+00
4.265000000000000000e+02 3.000000000000000000e+00
4.266000061035156250e+02 1.000000000000000000e+00
4.267000122070312500e+02 0.000000000000000000e+00
4.267999877929687500e+02 0.000000000000000000e+00
4.268999938964843750e+02 0.000000000000000000e+00
4.270000000000000000e+02 0.000000000000000000e+00
4.271000061035156250e+02 0.000000000000000000e+00
4.272000122070312500e+02 0.000000000000000000e+00
4.272999877929687500e+02 0.000000000000000000e+00
4.273999938964843750e+02 0.000000000000000000e+00
4.275000000000000000e+02 0.000000000000000000e+00
4.276000061035156250e+02 0.000000000000000000e+00
4.277000122070312500e+02 0.000000000000000000e+00
4.277999877929687500e+02 0.000000000000000000e+00
4.278999938964843750e+02 0.000000000000000000e+00
4.280000000000000000e+02 0.000000000000000000e+00
4.281000061035156250e+02 0.000000000000000000e+00
4.282000122070312500e+02 0.000000000000000000e+00
4.282999877929687500e+02 0.000000000000000000e+00
4.283999938964843750e+02 0.000000000000000000e+00
4.285000000000000000e+02 0.000000000000000000e+00
4.286000061035156250e+02 0.000000000000000000e+00
4.287000122070312500e+02 1.000000000000000000e+00
4.287999877929687500e+02 0.000000000000000000e+00
4.288999938964843750e+02 0.000000000000000000e+00
4.290000000000000000e+02 0.000000000000000000e+00
4.291000061035156250e+02 0.000000000000000000e+00
4.292000122070312500e+02 0.000000000000000000e+00
4.292999877929687500e+02 0.000000000000000000e+00
4.293999938964843750e+02 0.000000000000000000e+00
4.295000000000000000e+02 0.000000000000000000e+00
4.296000061035156250e+02 0.000000000000000000e+00
4.297000122070312500e+02 0.000000000000000000e+00
4.297999877929687500e+02 0.000000000000000000e+00
4.298999938964843750e+02 0.000000000000000000e+00
4.300000000000000000e+02 0.000000000000000000e+00
4.301000061035156250e+02 0.000000000000000000e+00
4.302000122070312500e+02 0.000000000000000000e+00
4.302999877929687500e+02 0.000000000000000000e+00
4.303999938964843750e+02 0.000000000000000000e+00
4.305000000000000000e+02 0.000000000000000000e+00
4.306000061035156250e+02 0.000000000000000000e+00
4.307000122070312500e+02 0.000000000000000000e+00
4.307999877929687500e+02 0.000000000000000000e+00
4.308999938964843750e+02 0.000000000000000000e+00
4.310000000000000000e+02 0.000000000000000000e+00
4.311000061035156250e+02 0.000000000000000000e+00
4.312000122070312500e+02 0.000000000000000000e+00
4.312999877929687500e+02 0.000000000000000000e+00
4.313999938964843750e+02 0.000000000000000000e+00
4.315000000000000000e+02 0.000000000000000000e+00
4.316000061035156250e+02 0.000000000000000000e+00
4.317000122070312500e+02 0.000000000000000000e+00
4.317999877929687500e+02 0.000000000000000000e+00
4.318999938964843750e+02 0.000000000000000000e+00
4.320000000000000000e+02 0.000000000000000000e+00
4.321000061035156250e+02 0.000000000000000000e+00
4.322000122070312500e+02 0.000000000000000000e+00
4.322999877929687500e+02 0.000000000000000000e+00
4.323999938964843750e+02 0.000000000000000000e+00
4.325000000000000000e+02 0.000000000000000000e+00
4.326000061035156250e+02 0.000000000000000000e+00
4.327000122070312500e+02 0.000000000000000000e+00
4.327999877929687500e+02 0.000000000000000000e+00
4.328999938964843750e+02 0.000000000000000000e+00
4.330000000000000000e+02 0.000000000000000000e+00
4.331000061035156250e+02 0.000000000000000000e+00
4.332000122070312500e+02 0.000000000000000000e+00
4.332999877929687500e+02 0.000000000000000000e+00
4.333999938964843750e+02 0.000000000000000000e+00
4.335000000000000000e+02 0.000000000000000000e+00
4.336000061035156250e+02 0.000000000000000000e+00
4.337000122070312500e+02 0.000000000000000000e+00
4.337999877929687500e+02 0.000000000000000000e+00
4.338999938964843750e+02 0.000000000000000000e+00
4.340000000000000000e+02 0.000000000000000000e+00
4.341000061035156250e+02 0.000000000000000000e+00
4.342000122070312500e+02 0.000000000000000000e+00
4.342999877929687500e+02 0.000000000000000000e+00
4.343999938964843750e+02 0.000000000000000000e+00
4.345000000000000000e+02 0.000000000000000000e+00
4.346000061035156250e+02 0.000000000000000000e+00
4.347000122070312500e+02 0.000000000000000000e+00
4.347999877929687500e+02 0.000000000000000000e+00
4.348999938964843750e+02 0.000000000000000000e+00
4.350000000000000000e+02 0.000000000000000000e+00
4.351000061035156250e+02 0.000000000000000000e+00
4.352000122070312500e+02 0.000000000000000000e+00
4.352999877929687500e+02 0.000000000000000000e+00
4.353999938964843750e+02 0.000000000000000000e+00
4.355000000000000000e+02 0.000000000000000000e+00
4.356000061035156250e+02 0.000000000000000000e+00
4.357000122070312500e+02 0.000000000000000000e+00
4.357999877929687500e+02 0.000000000000000000e+00
4.358999938964843750e+02 0.000000000000000000e+00
4.360000000000000000e+02 0.000000000000000000e+00
4.361000061035156250e+02 0.000000000000000000e+00
4.362000122070312500e+02 0.000000000000000000e+00
4.362999877929687500e+02 0.000000000000000000e+00
4.363999938964843750e+02 0.000000000000000000e+00
4.365000000000000000e+02 0.000000000000000000e+00
4.366000061035156250e+02 0.000000000000000000e+00
4.367000122070312500e+02 0.000000000000000000e+00
4.367999877929687500e+02 0.000000000000000000e+00
4.368999938964843750e+02 0.000000000000000000e+00
4.370000000000000000e+02 0.000000000000000000e+00
4.371000061035156250e+02 0.000000000000000000e+00
4.372000122070312500e+02 0.000000000000000000e+00
4.372999877929687500e+02 0.000000000000000000e+00
4.373999938964843750e+02 0.000000000000000000e+00
4.375000000000000000e+02 0.000000000000000000e+00
4.376000061035156250e+02 0.000000000000000000e+00
4.377000122070312500e+02 0.000000000000000000e+00
4.377999877929687500e+02 0.000000000000000000e+00
4.378999938964843750e+02 0.000000000000000000e+00
4.380000000000000000e+02 0.000000000000000000e+00
4.381000061035156250e+02 0.000000000000000000e+00
4.382000122070312500e+02 0.000000000000000000e+00
4.382999877929687500e+02 0.000000000000000000e+00
4.383999938964843750e+02 0.000000000000000000e+00
4.385000000000000000e+02 0.000000000000000000e+00
4.386000061035156250e+02 0.000000000000000000e+00
4.387000122070312500e+02 0.000000000000000000e+00
4.387999877929687500e+02 0.000000000000000000e+00
4.388999938964843750e+02 4.000000000000000000e+00
4.390000000000000000e+02 1.000000000000000000e+00
4.391000061035156250e+02 0.000000000000000000e+00
4.392000122070312500e+02 0.000000000000000000e+00
4.392999877929687500e+02 0.000000000000000000e+00
4.393999938964843750e+02 0.000000000000000000e+00
4.395000000000000000e+02 0.000000000000000000e+00
4.396000061035156250e+02 0.000000000000000000e+00
4.397000122070312500e+02 0.000000000000000000e+00
4.397999877929687500e+02 0.000000000000000000e+00
4.398999938964843750e+02 0.000000000000000000e+00
4.400000000000000000e+02 0.000000000000000000e+00
4.401000061035156250e+02 0.000000000000000000e+00
4.402000122070312500e+02 0.000000000000000000e+00
4.402999877929687500e+02 0.000000000000000000e+00
4.403999938964843750e+02 0.000000000000000000e+00
4.405000000000000000e+02 0.000000000000000000e+00
4.406000061035156250e+02 0.000000000000000000e+00
4.407000122070312500e+02 0.000000000000000000e+00
4.407999877929687500e+02 0.000000000000000000e+00
4.408999938964843750e+02 0.000000000000000000e+00
4.410000000000000000e+02 0.000000000000000000e+00
4.411000061035156250e+02 0.000000000000000000e+00
4.412000122070312500e+02 0.000000000000000000e+00
4.412999877929687500e+02 0.000000000000000000e+00
4.413999938964843750e+02 0.000000000000000000e+00
4.415000000000000000e+02 0.000000000000000000e+00
4.416000061035156250e+02 0.000000000000000000e+00
4.417000122070312500e+02 0.000000000000000000e+00
4.417999877929687500e+02 0.000000000000000000e+00
4.418999938964843750e+02 0.000000000000000000e+00
4.420000000000000000e+02 0.000000000000000000e+00
4.421000061035156250e+02 0.000000000000000000e+00
4.422000122070312500e+02 0.000000000000000000e+00
4.422999877929687500e+02 0.000000000000000000e+00
4.423999938964843750e+02 0.000000000000000000e+00
4.425000000000000000e+02 0.000000000000000000e+00
4.426000061035156250e+02 1.000000000000000000e+00
4.427000122070312500e+02 3.000000000000000000e+00
4.427999877929687500e+02 1.000000000000000000e+00
4.428999938964843750e+02 0.000000000000000000e+00
4.430000000000000000e+02 0.000000000000000000e+00
4.431000061035156250e+02 0.000000000000000000e+00
4.432000122070312500e+02 3.000000000000000000e+00
4.432999877929687500e+02 2.000000000000000000e+00
4.433999938964843750e+02 0.000000000000000000e+00
4.435000000000000000e+02 0.000000000000000000e+00
4.436000061035156250e+02 1.000000000000000000e+00
4.437000122070312500e+02 0.000000000000000000e+00
4.437999877929687500e+02 0.000000000000000000e+00
4.438999938964843750e+02 0.000000000000000000e+00
4.440000000000000000e+02 0.000000000000000000e+00
4.441000061035156250e+02 0.000000000000000000e+00
4.442000122070312500e+02 0.000000000000000000e+00
4.442999877929687500e+02 0.000000000000000000e+00
4.443999938964843750e+02 0.000000000000000000e+00
4.445000000000000000e+02 0.000000000000000000e+00
4.446000061035156250e+02 0.000000000000000000e+00
4.447000122070312500e+02 0.000000000000000000e+00
4.447999877929687500e+02 0.000000000000000000e+00
4.448999938964843750e+02 0.000000000000000000e+00
4.450000000000000000e+02 0.000000000000000000e+00
4.451000061035156250e+02 0.000000000000000000e+00
4.452000122070312500e+02 0.000000000000000000e+00
4.452999877929687500e+02 0.000000000000000000e+00
4.453999938964843750e+02 0.000000000000000000e+00
4.455000000000000000e+02 0.000000000000000000e+00
4.456000061035156250e+02 0.000000000000000000e+00
4.457000122070312500e+02 0.000000000000000000e+00
4.457999877929687500e+02 0.000000000000000000e+00
4.458999938964843750e+02 0.000000000000000000e+00
4.460000000000000000e+02 0.000000000000000000e+00
4.461000061035156250e+02 0.000000000000000000e+00
4.462000122070312500e+02 0.000000000000000000e+00
4.462999877929687500e+02 1.000000000000000000e+00
4.463999938964843750e+02 1.000000000000000000e+00
4.465000000000000000e+02 0.000000000000000000e+00
4.466000061035156250e+02 0.000000000000000000e+00
4.467000122070312500e+02 0.000000000000000000e+00
4.467999877929687500e+02 0.000000000000000000e+00
4.468999938964843750e+02 0.000000000000000000e+00
4.470000000000000000e+02 0.000000000000000000e+00
4.471000061035156250e+02 0.000000000000000000e+00
4.472000122070312500e+02 0.000000000000000000e+00
4.472999877929687500e+02 0.000000000000000000e+00
4.473999938964843750e+02 0.000000000000000000e+00
4.475000000000000000e+02 0.000000000000000000e+00
4.476000061035156250e+02 0.000000000000000000e+00
4.477000122070312500e+02 0.000000000000000000e+00
4.477999877929687500e+02 0.000000000000000000e+00
4.478999938964843750e+02 0.000000000000000000e+00
4.480000000000000000e+02 0.000000000000000000e+00
4.481000061035156250e+02 0.000000000000000000e+00
4.482000122070312500e+02 0.000000000000000000e+00
4.482999877929687500e+02 0.000000000000000000e+00
4.483999938964843750e+02 0.000000000000000000e+00
4.485000000000000000e+02 0.000000000000000000e+00
4.486000061035156250e+02 0.000000000000000000e+00
4.487000122070312500e+02 0.000000000000000000e+00
4.487999877929687500e+02 0.000000000000000000e+00
4.488999938964843750e+02 3.000000000000000000e+00
4.490000000000000000e+02 1.000000000000000000e+00
4.491000061035156250e+02 5.000000000000000000e+00
4.492000122070312500e+02 0.000000000000000000e+00
4.492999877929687500e+02 0.000000000000000000e+00
4.493999938964843750e+02 0.000000000000000000e+00
4.495000000000000000e+02 0.000000000000000000e+00
4.496000061035156250e+02 0.000000000000000000e+00
4.497000122070312500e+02 0.000000000000000000e+00
4.497999877929687500e+02 0.000000000000000000e+00
4.498999938964843750e+02 0.000000000000000000e+00
4.500000000000000000e+02 3.000000000000000000e+00
4.501000061035156250e+02 0.000000000000000000e+00
4.502000122070312500e+02 0.000000000000000000e+00
4.502999877929687500e+02 0.000000000000000000e+00
4.503999938964843750e+02 0.000000000000000000e+00
4.505000000000000000e+02 0.000000000000000000e+00
4.506000061035156250e+02 0.000000000000000000e+00
4.507000122070312500e+02 0.000000000000000000e+00
4.507999877929687500e+02 0.000000000000000000e+00
4.508999938964843750e+02 0.000000000000000000e+00
4.510000000000000000e+02 0.000000000000000000e+00
4.511000061035156250e+02 0.000000000000000000e+00
4.512000122070312500e+02 0.000000000000000000e+00
4.512999877929687500e+02 0.000000000000000000e+00
4.513999938964843750e+02 0.000000000000000000e+00
4.515000000000000000e+02 0.000000000000000000e+00
4.516000061035156250e+02 0.000000000000000000e+00
4.517000122070312500e+02 0.000000000000000000e+00
4.517999877929687500e+02 1.000000000000000000e+00
4.518999938964843750e+02 0.000000000000000000e+00
4.520000000000000000e+02 0.000000000000000000e+00
4.521000061035156250e+02 0.000000000000000000e+00
4.522000122070312500e+02 0.000000000000000000e+00
4.522999877929687500e+02 0.000000000000000000e+00
4.523999938964843750e+02 0.000000000000000000e+00
4.525000000000000000e+02 0.000000000000000000e+00
4.526000061035156250e+02 0.000000000000000000e+00
4.527000122070312500e+02 0.000000000000000000e+00
4.527999877929687500e+02 0.000000000000000000e+00
4.528999938964843750e+02 0.000000000000000000e+00
4.530000000000000000e+02 0.000000000000000000e+00
4.531000061035156250e+02 0.000000000000000000e+00
4.532000122070312500e+02 0.000000000000000000e+00
4.532999877929687500e+02 0.000000000000000000e+00
4.533999938964843750e+02 0.000000000000000000e+00
4.535000000000000000e+02 0.000000000000000000e+00
4.536000061035156250e+02 0.000000000000000000e+00
4.537000122070312500e+02 0.000000000000000000e+00
4.537999877929687500e+02 0.000000000000000000e+00
4.538999938964843750e+02 0.000000000000000000e+00
4.540000000000000000e+02 0.000000000000000000e+00
4.541000061035156250e+02 0.000000000000000000e+00
4.542000122070312500e+02 0.000000000000000000e+00
4.542999877929687500e+02 0.000000000000000000e+00
4.543999938964843750e+02 1.000000000000000000e+00
4.545000000000000000e+02 0.000000000000000000e+00
4.546000061035156250e+02 0.000000000000000000e+00
4.547000122070312500e+02 0.000000000000000000e+00
4.547999877929687500e+02 0.000000000000000000e+00
4.548999938964843750e+02 0.000000000000000000e+00
4.550000000000000000e+02 0.000000000000000000e+00
4.551000061035156250e+02 0.000000000000000000e+00
4.552000122070312500e+02 0.000000000000000000e+00
4.552999877929687500e+02 0.000000000000000000e+00
4.553999938964843750e+02 0.000000000000000000e+00
4.555000000000000000e+02 0.000000000000000000e+00
4.556000061035156250e+02 0.000000000000000000e+00
4.557000122070312500e+02 0.000000000000000000e+00
4.557999877929687500e+02 0.000000000000000000e+00
4.558999938964843750e+02 0.000000000000000000e+00
4.560000000000000000e+02 0.000000000000000000e+00
4.561000061035156250e+02 0.000000000000000000e+00
4.562000122070312500e+02 0.000000000000000000e+00
4.562999877929687500e+02 0.000000000000000000e+00
4.563999938964843750e+02 0.000000000000000000e+00
4.565000000000000000e+02 0.000000000000000000e+00
4.566000061035156250e+02 0.000000000000000000e+00
4.567000122070312500e+02 0.000000000000000000e+00
4.567999877929687500e+02 0.000000000000000000e+00
4.568999938964843750e+02 0.000000000000000000e+00
4.570000000000000000e+02 0.000000000000000000e+00
4.571000061035156250e+02 0.000000000000000000e+00
4.572000122070312500e+02 0.000000000000000000e+00
4.572999877929687500e+02 0.000000000000000000e+00
4.573999938964843750e+02 0.000000000000000000e+00
4.575000000000000000e+02 0.000000000000000000e+00
4.576000061035156250e+02 0.000000000000000000e+00
4.577000122070312500e+02 0.000000000000000000e+00
4.577999877929687500e+02 0.000000000000000000e+00
4.578999938964843750e+02 0.000000000000000000e+00
4.580000000000000000e+02 0.000000000000000000e+00
4.581000061035156250e+02 0.000000000000000000e+00
4.582000122070312500e+02 0.000000000000000000e+00
4.582999877929687500e+02 0.000000000000000000e+00
4.583999938964843750e+02 0.000000000000000000e+00
4.585000000000000000e+02 0.000000000000000000e+00
4.586000061035156250e+02 0.000000000000000000e+00
4.587000122070312500e+02 0.000000000000000000e+00
4.587999877929687500e+02 0.000000000000000000e+00
4.588999938964843750e+02 0.000000000000000000e+00
4.590000000000000000e+02 0.000000000000000000e+00
4.591000061035156250e+02 0.000000000000000000e+00
4.592000122070312500e+02 0.000000000000000000e+00
4.592999877929687500e+02 0.000000000000000000e+00
4.593999938964843750e+02 0.000000000000000000e+00
4.595000000000000000e+02 0.000000000000000000e+00
4.596000061035156250e+02 0.000000000000000000e+00
4.597000122070312500e+02 0.000000000000000000e+00
4.597999877929687500e+02 0.000000000000000000e+00
4.598999938964843750e+02 0.000000000000000000e+00
4.600000000000000000e+02 0.000000000000000000e+00
4.601000061035156250e+02 0.000000000000000000e+00
4.602000122070312500e+02 0.000000000000000000e+00
4.602999877929687500e+02 0.000000000000000000e+00
4.603999938964843750e+02 0.000000000000000000e+00
4.605000000000000000e+02 0.000000000000000000e+00
4.606000061035156250e+02 0.000000000000000000e+00
4.607000122070312500e+02 0.000000000000000000e+00
4.607999877929687500e+02 0.000000000000000000e+00
4.608999938964843750e+02 0.000000000000000000e+00
4.610000000000000000e+02 0.000000000000000000e+00
4.611000061035156250e+02 0.000000000000000000e+00
4.612000122070312500e+02 0.000000000000000000e+00
4.612999877929687500e+02 2.000000000000000000e+00
4.613999938964843750e+02 5.000000000000000000e+00
4.615000000000000000e+02 0.000000000000000000e+00
4.616000061035156250e+02 4.000000000000000000e+00
4.617000122070312500e+02 0.000000000000000000e+00
4.617999877929687500e+02 0.000000000000000000e+00
4.618999938964843750e+02 0.000000000000000000e+00
4.620000000000000000e+02 0.000000000000000000e+00
4.621000061035156250e+02 0.000000000000000000e+00
4.622000122070312500e+02 0.000000000000000000e+00
4.622999877929687500e+02 0.000000000000000000e+00
4.623999938964843750e+02 0.000000000000000000e+00
4.625000000000000000e+02 0.000000000000000000e+00
4.626000061035156250e+02 0.000000000000000000e+00
4.627000122070312500e+02 0.000000000000000000e+00
4.627999877929687500e+02 0.000000000000000000e+00
4.628999938964843750e+02 0.000000000000000000e+00
4.630000000000000000e+02 0.000000000000000000e+00
4.631000061035156250e+02 0.000000000000000000e+00
4.632000122070312500e+02 0.000000000000000000e+00
4.632999877929687500e+02 0.000000000000000000e+00
4.633999938964843750e+02 0.000000000000000000e+00
4.635000000000000000e+02 0.000000000000000000e+00
4.636000061035156250e+02 0.000000000000000000e+00
4.637000122070312500e+02 0.000000000000000000e+00
4.637999877929687500e+02 0.000000000000000000e+00
4.638999938964843750e+02 0.000000000000000000e+00
4.640000000000000000e+02 0.000000000000000000e+00
4.641000061035156250e+02 0.000000000000000000e+00
4.642000122070312500e+02 0.000000000000000000e+00
4.642999877929687500e+02 0.000000000000000000e+00
4.643999938964843750e+02 0.000000000000000000e+00
4.645000000000000000e+02 0.000000000000000000e+00
4.646000061035156250e+02 0.000000000000000000e+00
4.647000122070312500e+02 0.000000000000000000e+00
4.647999877929687500e+02 0.000000000000000000e+00
4.648999938964843750e+02 0.000000000000000000e+00
4.650000000000000000e+02 0.000000000000000000e+00
4.651000061035156250e+02 0.000000000000000000e+00
4.652000122070312500e+02 0.000000000000000000e+00
4.652999877929687500e+02 0.000000000000000000e+00
4.653999938964843750e+02 0.000000000000000000e+00
4.655000000000000000e+02 0.000000000000000000e+00
4.656000061035156250e+02 0.000000000000000000e+00
4.657000122070312500e+02 0.000000000000000000e+00
4.657999877929687500e+02 0.000000000000000000e+00
4.658999938964843750e+02 0.000000000000000000e+00
4.660000000000000000e+02 0.000000000000000000e+00
4.661000061035156250e+02 0.000000000000000000e+00
4.662000122070312500e+02 0.000000000000000000e+00
4.662999877929687500e+02 0.000000000000000000e+00
4.663999938964843750e+02 0.000000000000000000e+00
4.665000000000000000e+02 0.000000000000000000e+00
4.666000061035156250e+02 0.000000000000000000e+00
4.667000122070312500e+02 0.000000000000000000e+00
4.667999877929687500e+02 0.000000000000000000e+00
4.668999938964843750e+02 0.000000000000000000e+00
4.670000000000000000e+02 0.000000000000000000e+00
4.671000061035156250e+02 0.000000000000000000e+00
4.672000122070312500e+02 0.000000000000000000e+00
4.672999877929687500e+02 0.000000000000000000e+00
4.673999938964843750e+02 0.000000000000000000e+00
4.675000000000000000e+02 0.000000000000000000e+00
4.676000061035156250e+02 0.000000000000000000e+00
4.677000122070312500e+02 0.000000000000000000e+00
4.677999877929687500e+02 0.000000000000000000e+00
4.678999938964843750e+02 0.000000000000000000e+00
4.680000000000000000e+02 0.000000000000000000e+00
4.681000061035156250e+02 0.000000000000000000e+00
4.682000122070312500e+02 0.000000000000000000e+00
4.682999877929687500e+02 0.000000000000000000e+00
4.683999938964843750e+02 0.000000000000000000e+00
4.685000000000000000e+02 0.000000000000000000e+00
4.686000061035156250e+02 0.000000000000000000e+00
4.687000122070312500e+02 0.000000000000000000e+00
4.687999877929687500e+02 0.000000000000000000e+00
4.688999938964843750e+02 0.000000000000000000e+00
4.690000000000000000e+02 0.000000000000000000e+00
4.691000061035156250e+02 0.000000000000000000e+00
4.692000122070312500e+02 0.000000000000000000e+00
4.692999877929687500e+02 0.000000000000000000e+00
4.693999938964843750e+02 0.000000000000000000e+00
4.695000000000000000e+02 0.000000000000000000e+00
4.696000061035156250e+02 0.000000000000000000e+00
4.697000122070312500e+02 0.000000000000000000e+00
4.697999877929687500e+02 0.000000000000000000e+00
4.698999938964843750e+02 0.000000000000000000e+00
4.700000000000000000e+02 0.000000000000000000e+00
4.701000061035156250e+02 0.000000000000000000e+00
4.702000122070312500e+02 0.000000000000000000e+00
4.702999877929687500e+02 0.000000000000000000e+00
4.703999938964843750e+02 0.000000000000000000e+00
4.705000000000000000e+02 0.000000000000000000e+00
4.706000061035156250e+02 0.000000000000000000e+00
4.707000122070312500e+02 0.000000000000000000e+00
4.707999877929687500e+02 0.000000000000000000e+00
4.708999938964843750e+02 0.000000000000000000e+00
4.710000000000000000e+02 0.000000000000000000e+00
4.711000061035156250e+02 0.000000000000000000e+00
4.712000122070312500e+02 0.000000000000000000e+00
4.712999877929687500e+02 1.000000000000000000e+00
4.713999938964843750e+02 0.000000000000000000e+00
4.715000000000000000e+02 0.000000000000000000e+00
4.716000061035156250e+02 0.000000000000000000e+00
4.717000122070312500e+02 0.000000000000000000e+00
4.717999877929687500e+02 0.000000000000000000e+00
4.718999938964843750e+02 0.000000000000000000e+00
4.720000000000000000e+02 0.000000000000000000e+00
4.721000061035156250e+02 0.000000000000000000e+00
4.722000122070312500e+02 0.000000000000000000e+00
4.722999877929687500e+02 0.000000000000000000e+00
4.723999938964843750e+02 0.000000000000000000e+00
4.725000000000000000e+02 0.000000000000000000e+00
4.726000061035156250e+02 0.000000000000000000e+00
4.727000122070312500e+02 0.000000000000000000e+00
4.727999877929687500e+02 0.000000000000000000e+00
4.728999938964843750e+02 0.000000000000000000e+00
4.730000000000000000e+02 0.000000000000000000e+00
4.731000061035156250e+02 0.000000000000000000e+00
4.732000122070312500e+02 0.000000000000000000e+00
4.732999877929687500e+02 0.000000000000000000e+00
4.733999938964843750e+02 0.000000000000000000e+00
4.735000000000000000e+02 0.000000000000000000e+00
4.736000061035156250e+02 0.000000000000000000e+00
4.737000122070312500e+02 0.000000000000000000e+00
4.737999877929687500e+02 0.000000000000000000e+00
4.738999938964843750e+02 0.000000000000000000e+00
4.740000000000000000e+02 0.000000000000000000e+00
4.741000061035156250e+02 0.000000000000000000e+00
4.742000122070312500e+02 0.000000000000000000e+00
4.742999877929687500e+02 0.000000000000000000e+00
4.743999938964843750e+02 0.000000000000000000e+00
4.745000000000000000e+02 0.000000000000000000e+00
4.746000061035156250e+02 0.000000000000000000e+00
4.747000122070312500e+02 0.000000000000000000e+00
4.747999877929687500e+02 0.000000000000000000e+00
4.748999938964843750e+02 0.000000000000000000e+00
4.750000000000000000e+02 0.000000000000000000e+00
4.751000061035156250e+02 0.000000000000000000e+00
4.752000122070312500e+02 0.000000000000000000e+00
4.752999877929687500e+02 0.000000000000000000e+00
4.753999938964843750e+02 0.000000000000000000e+00
4.755000000000000000e+02 0.000000000000000000e+00
4.756000061035156250e+02 0.000000000000000000e+00
4.757000122070312500e+02 0.000000000000000000e+00
4.757999877929687500e+02 0.000000000000000000e+00
4.758999938964843750e+02 0.000000000000000000e+00
4.760000000000000000e+02 0.000000000000000000e+00
4.761000061035156250e+02 0.000000000000000000e+00
4.762000122070312500e+02 0.000000000000000000e+00
4.762999877929687500e+02 0.000000000000000000e+00
4.763999938964843750e+02 0.000000000000000000e+00
4.765000000000000000e+02 0.000000000000000000e+00
4.766000061035156250e+02 0.000000000000000000e+00
4.767000122070312500e+02 0.000000000000000000e+00
4.767999877929687500e+02 0.000000000000000000e+00
4.768999938964843750e+02 0.000000000000000000e+00
4.770000000000000000e+02 0.000000000000000000e+00
4.771000061035156250e+02 0.000000000000000000e+00
4.772000122070312500e+02 0.000000000000000000e+00
4.772999877929687500e+02 0.000000000000000000e+00
4.773999938964843750e+02 0.000000000000000000e+00
4.775000000000000000e+02 0.000000000000000000e+00
4.776000061035156250e+02 0.000000000000000000e+00
4.777000122070312500e+02 0.000000000000000000e+00
4.777999877929687500e+02 0.000000000000000000e+00
4.778999938964843750e+02 0.000000000000000000e+00
4.780000000000000000e+02 0.000000000000000000e+00
4.781000061035156250e+02 0.000000000000000000e+00
4.782000122070312500e+02 0.000000000000000000e+00
4.782999877929687500e+02 0.000000000000000000e+00
4.783999938964843750e+02 0.000000000000000000e+00
4.785000000000000000e+02 0.000000000000000000e+00
4.786000061035156250e+02 0.000000000000000000e+00
4.787000122070312500e+02 0.000000000000000000e+00
4.787999877929687500e+02 0.000000000000000000e+00
4.788999938964843750e+02 0.000000000000000000e+00
4.790000000000000000e+02 0.000000000000000000e+00
4.791000061035156250e+02 0.000000000000000000e+00
4.792000122070312500e+02 0.000000000000000000e+00
4.792999877929687500e+02 0.000000000000000000e+00
4.793999938964843750e+02 0.000000000000000000e+00
4.795000000000000000e+02 0.000000000000000000e+00
4.796000061035156250e+02 0.000000000000000000e+00
4.797000122070312500e+02 0.000000000000000000e+00
4.797999877929687500e+02 0.000000000000000000e+00
4.798999938964843750e+02 0.000000000000000000e+00
4.800000000000000000e+02 0.000000000000000000e+00
4.801000061035156250e+02 0.000000000000000000e+00
4.802000122070312500e+02 0.000000000000000000e+00
4.802999877929687500e+02 0.000000000000000000e+00
4.803999938964843750e+02 0.000000000000000000e+00
4.805000000000000000e+02 0.000000000000000000e+00
4.806000061035156250e+02 0.000000000000000000e+00
4.807000122070312500e+02 0.000000000000000000e+00
4.807999877929687500e+02 0.000000000000000000e+00
4.808999938964843750e+02 0.000000000000000000e+00
4.810000000000000000e+02 0.000000000000000000e+00
4.811000061035156250e+02 0.000000000000000000e+00
4.812000122070312500e+02 0.000000000000000000e+00
4.812999877929687500e+02 0.000000000000000000e+00
4.813999938964843750e+02 0.000000000000000000e+00
4.815000000000000000e+02 0.000000000000000000e+00
4.816000061035156250e+02 0.000000000000000000e+00
4.817000122070312500e+02 0.000000000000000000e+00
4.817999877929687500e+02 0.000000000000000000e+00
4.818999938964843750e+02 0.000000000000000000e+00
4.820000000000000000e+02 0.000000000000000000e+00
4.821000061035156250e+02 0.000000000000000000e+00
4.822000122070312500e+02 0.000000000000000000e+00
4.822999877929687500e+02 0.000000000000000000e+00
4.823999938964843750e+02 0.000000000000000000e+00
4.825000000000000000e+02 0.000000000000000000e+00
4.826000061035156250e+02 0.000000000000000000e+00
4.827000122070312500e+02 0.000000000000000000e+00
4.827999877929687500e+02 0.000000000000000000e+00
4.828999938964843750e+02 0.000000000000000000e+00
4.830000000000000000e+02 0.000000000000000000e+00
4.831000061035156250e+02 0.000000000000000000e+00
4.832000122070312500e+02 0.000000000000000000e+00
4.832999877929687500e+02 0.000000000000000000e+00
4.833999938964843750e+02 0.000000000000000000e+00
4.835000000000000000e+02 0.000000000000000000e+00
4.836000061035156250e+02 0.000000000000000000e+00
4.837000122070312500e+02 0.000000000000000000e+00
4.837999877929687500e+02 0.000000000000000000e+00
4.838999938964843750e+02 0.000000000000000000e+00
4.840000000000000000e+02 0.000000000000000000e+00
4.841000061035156250e+02 0.000000000000000000e+00
4.842000122070312500e+02 0.000000000000000000e+00
4.842999877929687500e+02 0.000000000000000000e+00
4.843999938964843750e+02 0.000000000000000000e+00
4.845000000000000000e+02 0.000000000000000000e+00
4.846000061035156250e+02 0.000000000000000000e+00
4.847000122070312500e+02 0.000000000000000000e+00
4.847999877929687500e+02 0.000000000000000000e+00
4.848999938964843750e+02 0.000000000000000000e+00
4.850000000000000000e+02 0.000000000000000000e+00
4.851000061035156250e+02 0.000000000000000000e+00
4.852000122070312500e+02 0.000000000000000000e+00
4.852999877929687500e+02 0.000000000000000000e+00
4.853999938964843750e+02 0.000000000000000000e+00
4.855000000000000000e+02 0.000000000000000000e+00
4.856000061035156250e+02 0.000000000000000000e+00
4.857000122070312500e+02 0.000000000000000000e+00
4.857999877929687500e+02 0.000000000000000000e+00
4.858999938964843750e+02 0.000000000000000000e+00
4.860000000000000000e+02 0.000000000000000000e+00
4.861000061035156250e+02 0.000000000000000000e+00
4.862000122070312500e+02 0.000000000000000000e+00
4.862999877929687500e+02 0.000000000000000000e+00
4.863999938964843750e+02 0.000000000000000000e+00
4.865000000000000000e+02 0.000000000000000000e+00
4.866000061035156250e+02 0.000000000000000000e+00
4.867000122070312500e+02 0.000000000000000000e+00
4.867999877929687500e+02 0.000000000000000000e+00
4.868999938964843750e+02 0.000000000000000000e+00
4.870000000000000000e+02 0.000000000000000000e+00
4.871000061035156250e+02 0.000000000000000000e+00
4.872000122070312500e+02 0.000000000000000000e+00
4.872999877929687500e+02 0.000000000000000000e+00
4.873999938964843750e+02 0.000000000000000000e+00
4.875000000000000000e+02 0.000000000000000000e+00
4.876000061035156250e+02 0.000000000000000000e+00
4.877000122070312500e+02 0.000000000000000000e+00
4.877999877929687500e+02 0.000000000000000000e+00
4.878999938964843750e+02 0.000000000000000000e+00
4.880000000000000000e+02 0.000000000000000000e+00
4.881000061035156250e+02 0.000000000000000000e+00
4.882000122070312500e+02 0.000000000000000000e+00
4.882999877929687500e+02 0.000000000000000000e+00
4.883999938964843750e+02 0.000000000000000000e+00
4.885000000000000000e+02 0.000000000000000000e+00
4.886000061035156250e+02 0.000000000000000000e+00
4.887000122070312500e+02 0.000000000000000000e+00
4.887999877929687500e+02 0.000000000000000000e+00
4.888999938964843750e+02 0.000000000000000000e+00
4.890000000000000000e+02 0.000000000000000000e+00
4.891000061035156250e+02 0.000000000000000000e+00
4.892000122070312500e+02 0.000000000000000000e+00
4.892999877929687500e+02 0.000000000000000000e+00
4.893999938964843750e+02 0.000000000000000000e+00
4.895000000000000000e+02 0.000000000000000000e+00
4.896000061035156250e+02 0.000000000000000000e+00
4.897000122070312500e+02 0.000000000000000000e+00
4.897999877929687500e+02 0.000000000000000000e+00
4.898999938964843750e+02 0.000000000000000000e+00
4.900000000000000000e+02 0.000000000000000000e+00
4.901000061035156250e+02 0.000000000000000000e+00
4.902000122070312500e+02 0.000000000000000000e+00
4.902999877929687500e+02 0.000000000000000000e+00
4.903999938964843750e+02 0.000000000000000000e+00
4.905000000000000000e+02 0.000000000000000000e+00
4.906000061035156250e+02 0.000000000000000000e+00
4.907000122070312500e+02 0.000000000000000000e+00
4.907999877929687500e+02 0.000000000000000000e+00
4.908999938964843750e+02 0.000000000000000000e+00
4.910000000000000000e+02 0.000000000000000000e+00
4.911000061035156250e+02 0.000000000000000000e+00
4.912000122070312500e+02 0.000000000000000000e+00
4.912999877929687500e+02 0.000000000000000000e+00
4.913999938964843750e+02 0.000000000000000000e+00
4.915000000000000000e+02 0.000000000000000000e+00
4.916000061035156250e+02 0.000000000000000000e+00
4.917000122070312500e+02 0.000000000000000000e+00
4.917999877929687500e+02 0.000000000000000000e+00
4.918999938964843750e+02 0.000000000000000000e+00
4.920000000000000000e+02 0.000000000000000000e+00
4.921000061035156250e+02 0.000000000000000000e+00
4.922000122070312500e+02 0.000000000000000000e+00
4.922999877929687500e+02 0.000000000000000000e+00
4.923999938964843750e+02 0.000000000000000000e+00
4.925000000000000000e+02 0.000000000000000000e+00
4.926000061035156250e+02 0.000000000000000000e+00
4.927000122070312500e+02 0.000000000000000000e+00
4.927999877929687500e+02 0.000000000000000000e+00
4.928999938964843750e+02 0.000000000000000000e+00
4.930000000000000000e+02 0.000000000000000000e+00
4.931000061035156250e+02 0.000000000000000000e+00
4.932000122070312500e+02 0.000000000000000000e+00
4.932999877929687500e+02 0.000000000000000000e+00
4.933999938964843750e+02 0.000000000000000000e+00
4.935000000000000000e+02 0.000000000000000000e+00
4.936000061035156250e+02 0.000000000000000000e+00
4.937000122070312500e+02 0.000000000000000000e+00
4.937999877929687500e+02 0.000000000000000000e+00
4.938999938964843750e+02 0.000000000000000000e+00
4.940000000000000000e+02 0.000000000000000000e+00
4.941000061035156250e+02 0.000000000000000000e+00
4.942000122070312500e+02 0.000000000000000000e+00
4.942999877929687500e+02 0.000000000000000000e+00
4.943999938964843750e+02 0.000000000000000000e+00
4.945000000000000000e+02 0.000000000000000000e+00
4.946000061035156250e+02 0.000000000000000000e+00
4.947000122070312500e+02 0.000000000000000000e+00
4.947999877929687500e+02 0.000000000000000000e+00
4.948999938964843750e+02 0.000000000000000000e+00
4.950000000000000000e+02 0.000000000000000000e+00
4.951000061035156250e+02 0.000000000000000000e+00
4.952000122070312500e+02 0.000000000000000000e+00
4.952999877929687500e+02 0.000000000000000000e+00
4.953999938964843750e+02 0.000000000000000000e+00
4.955000000000000000e+02 0.000000000000000000e+00
4.956000061035156250e+02 0.000000000000000000e+00
4.957000122070312500e+02 0.000000000000000000e+00
4.957999877929687500e+02 0.000000000000000000e+00
4.958999938964843750e+02 0.000000000000000000e+00
4.960000000000000000e+02 0.000000000000000000e+00
4.961000061035156250e+02 0.000000000000000000e+00
4.962000122070312500e+02 0.000000000000000000e+00
4.962999877929687500e+02 0.000000000000000000e+00
4.963999938964843750e+02 0.000000000000000000e+00
4.965000000000000000e+02 0.000000000000000000e+00
4.966000061035156250e+02 0.000000000000000000e+00
4.967000122070312500e+02 0.000000000000000000e+00
4.967999877929687500e+02 2.000000000000000000e+00
4.968999938964843750e+02 3.000000000000000000e+00
4.970000000000000000e+02 4.000000000000000000e+00
4.971000061035156250e+02 0.000000000000000000e+00
4.972000122070312500e+02 1.000000000000000000e+00
4.972999877929687500e+02 0.000000000000000000e+00
4.973999938964843750e+02 0.000000000000000000e+00
4.975000000000000000e+02 0.000000000000000000e+00
4.976000061035156250e+02 0.000000000000000000e+00
4.977000122070312500e+02 3.000000000000000000e+00
4.977999877929687500e+02 5.000000000000000000e+00
4.978999938964843750e+02 0.000000000000000000e+00
4.980000000000000000e+02 0.000000000000000000e+00
4.981000061035156250e+02 0.000000000000000000e+00
4.982000122070312500e+02 0.000000000000000000e+00
4.982999877929687500e+02 0.000000000000000000e+00
4.983999938964843750e+02 0.000000000000000000e+00
4.985000000000000000e+02 1.000000000000000000e+00
4.986000061035156250e+02 6.000000000000000000e+00
4.987000122070312500e+02 0.000000000000000000e+00
4.987999877929687500e+02 0.000000000000000000e+00
4.988999938964843750e+02 0.000000000000000000e+00
4.990000000000000000e+02 0.000000000000000000e+00
4.991000061035156250e+02 0.000000000000000000e+00
4.992000122070312500e+02 0.000000000000000000e+00
4.992999877929687500e+02 0.000000000000000000e+00
4.993999938964843750e+02 0.000000000000000000e+00
4.995000000000000000e+02 0.000000000000000000e+00
4.996000061035156250e+02 0.000000000000000000e+00
4.997000122070312500e+02 0.000000000000000000e+00
4.997999877929687500e+02 0.000000000000000000e+00
4.998999938964843750e+02 0.000000000000000000e+00
5.000000000000000000e+02 0.000000000000000000e+00
5.001000061035156250e+02 0.000000000000000000e+00
5.002000122070312500e+02 0.000000000000000000e+00
5.002999877929687500e+02 0.000000000000000000e+00
5.003999938964843750e+02 0.000000000000000000e+00
5.005000000000000000e+02 0.000000000000000000e+00
5.006000061035156250e+02 0.000000000000000000e+00
5.007000122070312500e+02 0.000000000000000000e+00
5.007999877929687500e+02 0.000000000000000000e+00
5.008999938964843750e+02 0.000000000000000000e+00
5.010000000000000000e+02 0.000000000000000000e+00
5.011000061035156250e+02 0.000000000000000000e+00
5.012000122070312500e+02 0.000000000000000000e+00
5.012999877929687500e+02 0.000000000000000000e+00
5.013999938964843750e+02 0.000000000000000000e+00
5.015000000000000000e+02 0.000000000000000000e+00
5.016000061035156250e+02 0.000000000000000000e+00
5.017000122070312500e+02 0.000000000000000000e+00
5.017999877929687500e+02 0.000000000000000000e+00
5.018999938964843750e+02 0.000000000000000000e+00
5.020000000000000000e+02 0.000000000000000000e+00
5.021000061035156250e+02 0.000000000000000000e+00
5.022000122070312500e+02 0.000000000000000000e+00
5.022999877929687500e+02 0.000000000000000000e+00
5.023999938964843750e+02 0.000000000000000000e+00
5.025000000000000000e+02 0.000000000000000000e+00
5.026000061035156250e+02 0.000000000000000000e+00
5.027000122070312500e+02 0.000000000000000000e+00
5.027999877929687500e+02 0.000000000000000000e+00
5.028999938964843750e+02 0.000000000000000000e+00
5.030000000000000000e+02 0.000000000000000000e+00
5.031000061035156250e+02 0.000000000000000000e+00
5.032000122070312500e+02 0.000000000000000000e+00
5.032999877929687500e+02 0.000000000000000000e+00
5.033999938964843750e+02 0.000000000000000000e+00
5.035000000000000000e+02 0.000000000000000000e+00
5.036000061035156250e+02 0.000000000000000000e+00
5.037000122070312500e+02 0.000000000000000000e+00
5.037999877929687500e+02 0.000000000000000000e+00
5.038999938964843750e+02 0.000000000000000000e+00
5.040000000000000000e+02 0.000000000000000000e+00
5.041000061035156250e+02 0.000000000000000000e+00
5.042000122070312500e+02 0.000000000000000000e+00
5.042999877929687500e+02 0.000000000000000000e+00
5.043999938964843750e+02 0.000000000000000000e+00
5.045000000000000000e+02 0.000000000000000000e+00
5.046000061035156250e+02 0.000000000000000000e+00
5.047000122070312500e+02 0.000000000000000000e+00
5.047999877929687500e+02 0.000000000000000000e+00
5.048999938964843750e+02 0.000000000000000000e+00
5.050000000000000000e+02 0.000000000000000000e+00
5.051000061035156250e+02 0.000000000000000000e+00
5.052000122070312500e+02 0.000000000000000000e+00
5.052999877929687500e+02 0.000000000000000000e+00
5.053999938964843750e+02 0.000000000000000000e+00
5.055000000000000000e+02 0.000000000000000000e+00
5.056000061035156250e+02 0.000000000000000000e+00
5.057000122070312500e+02 0.000000000000000000e+00
5.057999877929687500e+02 0.000000000000000000e+00
5.058999938964843750e+02 0.000000000000000000e+00
5.060000000000000000e+02 0.000000000000000000e+00
5.061000061035156250e+02 0.000000000000000000e+00
5.062000122070312500e+02 5.000000000000000000e+00
5.062999877929687500e+02 3.000000000000000000e+00
5.063999938964843750e+02 5.000000000000000000e+00
5.065000000000000000e+02 2.000000000000000000e+00
5.066000061035156250e+02 1.000000000000000000e+00
5.067000122070312500e+02 0.000000000000000000e+00
5.067999877929687500e+02 0.000000000000000000e+00
5.068999938964843750e+02 0.000000000000000000e+00
5.070000000000000000e+02 0.000000000000000000e+00
5.071000061035156250e+02 0.000000000000000000e+00
5.072000122070312500e+02 0.000000000000000000e+00
5.072999877929687500e+02 4.000000000000000000e+00
5.073999938964843750e+02 0.000000000000000000e+00
5.075000000000000000e+02 0.000000000000000000e+00
5.076000061035156250e+02 0.000000000000000000e+00
5.077000122070312500e+02 0.000000000000000000e+00
5.077999877929687500e+02 0.000000000000000000e+00
5.078999938964843750e+02 0.000000000000000000e+00
5.080000000000000000e+02 0.000000000000000000e+00
5.081000061035156250e+02 0.000000000000000000e+00
5.082000122070312500e+02 1.000000000000000000e+00
5.082999877929687500e+02 6.000000000000000000e+00
5.083999938964843750e+02 0.000000000000000000e+00
5.085000000000000000e+02 0.000000000000000000e+00
5.086000061035156250e+02 1.000000000000000000e+00
5.087000122070312500e+02 0.000000000000000000e+00
5.087999877929687500e+02 0.000000000000000000e+00
5.088999938964843750e+02 0.000000000000000000e+00
5.090000000000000000e+02 0.000000000000000000e+00
5.091000061035156250e+02 0.000000000000000000e+00
5.092000122070312500e+02 0.000000000000000000e+00
5.092999877929687500e+02 0.000000000000000000e+00
5.093999938964843750e+02 0.000000000000000000e+00
5.095000000000000000e+02 0.000000000000000000e+00
5.096000061035156250e+02 0.000000000000000000e+00
5.097000122070312500e+02 0.000000000000000000e+00
5.097999877929687500e+02 0.000000000000000000e+00
5.098999938964843750e+02 0.000000000000000000e+00
5.100000000000000000e+02 0.000000000000000000e+00
5.101000061035156250e+02 0.000000000000000000e+00
5.102000122070312500e+02 0.000000000000000000e+00
5.102999877929687500e+02 0.000000000000000000e+00
5.103999938964843750e+02 0.000000000000000000e+00
5.105000000000000000e+02 0.000000000000000000e+00
5.106000061035156250e+02 1.000000000000000000e+00
5.107000122070312500e+02 0.000000000000000000e+00
5.107999877929687500e+02 0.000000000000000000e+00
5.108999938964843750e+02 0.000000000000000000e+00
5.110000000000000000e+02 0.000000000000000000e+00
5.111000061035156250e+02 0.000000000000000000e+00
5.112000122070312500e+02 0.000000000000000000e+00
5.112999877929687500e+02 0.000000000000000000e+00
5.113999938964843750e+02 0.000000000000000000e+00
5.115000000000000000e+02 0.000000000000000000e+00
5.116000061035156250e+02 0.000000000000000000e+00
5.117000122070312500e+02 0.000000000000000000e+00
5.117999877929687500e+02 0.000000000000000000e+00
5.118999938964843750e+02 0.000000000000000000e+00
5.120000000000000000e+02 0.000000000000000000e+00
5.120999755859375000e+02 0.000000000000000000e+00
5.122000122070312500e+02 0.000000000000000000e+00
5.122999877929687500e+02 0.000000000000000000e+00
5.124000244140625000e+02 0.000000000000000000e+00
5.125000000000000000e+02 0.000000000000000000e+00
5.125999755859375000e+02 0.000000000000000000e+00
5.127000122070312500e+02 0.000000000000000000e+00
5.127999877929687500e+02 0.000000000000000000e+00
5.129000244140625000e+02 0.000000000000000000e+00
5.130000000000000000e+02 0.000000000000000000e+00
5.130999755859375000e+02 1.000000000000000000e+00
5.132000122070312500e+02 0.000000000000000000e+00
5.132999877929687500e+02 0.000000000000000000e+00
5.134000244140625000e+02 1.000000000000000000e+00
5.135000000000000000e+02 4.000000000000000000e+00
5.135999755859375000e+02 3.000000000000000000e+00
5.137000122070312500e+02 4.000000000000000000e+00
5.137999877929687500e+02 0.000000000000000000e+00
5.139000244140625000e+02 0.000000000000000000e+00
5.140000000000000000e+02 0.000000000000000000e+00
5.140999755859375000e+02 1.000000000000000000e+00
5.142000122070312500e+02 0.000000000000000000e+00
5.142999877929687500e+02 0.000000000000000000e+00
5.144000244140625000e+02 0.000000000000000000e+00
5.145000000000000000e+02 0.000000000000000000e+00
5.145999755859375000e+02 0.000000000000000000e+00
5.147000122070312500e+02 0.000000000000000000e+00
5.147999877929687500e+02 0.000000000000000000e+00
5.149000244140625000e+02 0.000000000000000000e+00
5.150000000000000000e+02 0.000000000000000000e+00
5.150999755859375000e+02 0.000000000000000000e+00
5.152000122070312500e+02 0.000000000000000000e+00
5.152999877929687500e+02 0.000000000000000000e+00
5.154000244140625000e+02 0.000000000000000000e+00
5.155000000000000000e+02 0.000000000000000000e+00
5.155999755859375000e+02 7.000000000000000000e+00
5.157000122070312500e+02 4.000000000000000000e+00
5.157999877929687500e+02 0.000000000000000000e+00
5.159000244140625000e+02 0.000000000000000000e+00
5.160000000000000000e+02 0.000000000000000000e+00
5.160999755859375000e+02 0.000000000000000000e+00
5.162000122070312500e+02 0.000000000000000000e+00
5.162999877929687500e+02 0.000000000000000000e+00
5.164000244140625000e+02 0.000000000000000000e+00
5.165000000000000000e+02 0.000000000000000000e+00
5.165999755859375000e+02 0.000000000000000000e+00
5.167000122070312500e+02 0.000000000000000000e+00
5.167999877929687500e+02 0.000000000000000000e+00
5.169000244140625000e+02 0.000000000000000000e+00
5.170000000000000000e+02 0.000000000000000000e+00
5.170999755859375000e+02 0.000000000000000000e+00
5.172000122070312500e+02 0.000000000000000000e+00
5.172999877929687500e+02 0.000000000000000000e+00
5.174000244140625000e+02 0.000000000000000000e+00
5.175000000000000000e+02 0.000000000000000000e+00
5.175999755859375000e+02 0.000000000000000000e+00
5.177000122070312500e+02 0.000000000000000000e+00
5.177999877929687500e+02 0.000000000000000000e+00
5.179000244140625000e+02 0.000000000000000000e+00
5.180000000000000000e+02 0.000000000000000000e+00
5.180999755859375000e+02 0.000000000000000000e+00
5.182000122070312500e+02 0.000000000000000000e+00
5.182999877929687500e+02 0.000000000000000000e+00
5.184000244140625000e+02 0.000000000000000000e+00
5.185000000000000000e+02 0.000000000000000000e+00
5.185999755859375000e+02 0.000000000000000000e+00
5.187000122070312500e+02 0.000000000000000000e+00
5.187999877929687500e+02 0.000000000000000000e+00
5.189000244140625000e+02 0.000000000000000000e+00
5.190000000000000000e+02 0.000000000000000000e+00
5.190999755859375000e+02 0.000000000000000000e+00
5.192000122070312500e+02 0.000000000000000000e+00
5.192999877929687500e+02 0.000000000000000000e+00
5.194000244140625000e+02 0.000000000000000000e+00
5.195000000000000000e+02 0.000000000000000000e+00
5.195999755859375000e+02 0.000000000000000000e+00
5.197000122070312500e+02 0.000000000000000000e+00
5.197999877929687500e+02 0.000000000000000000e+00
5.199000244140625000e+02 0.000000000000000000e+00
5.200000000000000000e+02 0.000000000000000000e+00
5.200999755859375000e+02 0.000000000000000000e+00
5.202000122070312500e+02 0.000000000000000000e+00
5.202999877929687500e+02 0.000000000000000000e+00
5.204000244140625000e+02 0.000000000000000000e+00
5.205000000000000000e+02 0.000000000000000000e+00
5.205999755859375000e+02 0.000000000000000000e+00
5.207000122070312500e+02 0.000000000000000000e+00
5.207999877929687500e+02 0.000000000000000000e+00
5.209000244140625000e+02 0.000000000000000000e+00
5.210000000000000000e+02 0.000000000000000000e+00
5.210999755859375000e+02 0.000000000000000000e+00
5.212000122070312500e+02 0.000000000000000000e+00
5.212999877929687500e+02 0.000000000000000000e+00
5.214000244140625000e+02 0.000000000000000000e+00
5.215000000000000000e+02 0.000000000000000000e+00
5.215999755859375000e+02 0.000000000000000000e+00
5.217000122070312500e+02 0.000000000000000000e+00
5.217999877929687500e+02 0.000000000000000000e+00
5.219000244140625000e+02 0.000000000000000000e+00
5.220000000000000000e+02 0.000000000000000000e+00
5.220999755859375000e+02 2.000000000000000000e+00
5.222000122070312500e+02 8.000000000000000000e+00
5.222999877929687500e+02 1.900000000000000000e+01
5.224000244140625000e+02 1.900000000000000000e+01
5.225000000000000000e+02 2.200000000000000000e+01
5.225999755859375000e+02 2.300000000000000000e+01
5.227000122070312500e+02 1.500000000000000000e+01
5.227999877929687500e+02 2.100000000000000000e+01
5.229000244140625000e+02 2.500000000000000000e+01
5.230000000000000000e+02 1.800000000000000000e+01
5.230999755859375000e+02 1.800000000000000000e+01
5.232000122070312500e+02 1.300000000000000000e+01
5.232999877929687500e+02 1.900000000000000000e+01
5.234000244140625000e+02 9.000000000000000000e+00
5.235000000000000000e+02 7.000000000000000000e+00
5.235999755859375000e+02 0.000000000000000000e+00
5.237000122070312500e+02 0.000000000000000000e+00
5.237999877929687500e+02 0.000000000000000000e+00
5.239000244140625000e+02 0.000000000000000000e+00
5.240000000000000000e+02 0.000000000000000000e+00
5.240999755859375000e+02 0.000000000000000000e+00
5.242000122070312500e+02 0.000000000000000000e+00
5.242999877929687500e+02 0.000000000000000000e+00
5.244000244140625000e+02 6.000000000000000000e+00
5.245000000000000000e+02 6.000000000000000000e+00
5.245999755859375000e+02 1.000000000000000000e+01
5.247000122070312500e+02 1.800000000000000000e+01
5.247999877929687500e+02 1.200000000000000000e+01
5.249000244140625000e+02 9.000000000000000000e+00
5.250000000000000000e+02 1.400000000000000000e+01
5.250999755859375000e+02 1.200000000000000000e+01
5.252000122070312500e+02 8.000000000000000000e+00
5.252999877929687500e+02 3.000000000000000000e+00
5.254000244140625000e+02 0.000000000000000000e+00
5.255000000000000000e+02 0.000000000000000000e+00
5.255999755859375000e+02 0.000000000000000000e+00
5.257000122070312500e+02 0.000000000000000000e+00
5.257999877929687500e+02 0.000000000000000000e+00
5.259000244140625000e+02 0.000000000000000000e+00
5.260000000000000000e+02 0.000000000000000000e+00
5.260999755859375000e+02 0.000000000000000000e+00
5.262000122070312500e+02 0.000000000000000000e+00
5.262999877929687500e+02 0.000000000000000000e+00
5.264000244140625000e+02 0.000000000000000000e+00
5.265000000000000000e+02 0.000000000000000000e+00
5.265999755859375000e+02 0.000000000000000000e+00
5.267000122070312500e+02 0.000000000000000000e+00
5.267999877929687500e+02 0.000000000000000000e+00
5.269000244140625000e+02 0.000000000000000000e+00
5.270000000000000000e+02 0.000000000000000000e+00
5.270999755859375000e+02 0.000000000000000000e+00
5.272000122070312500e+02 0.000000000000000000e+00
5.272999877929687500e+02 0.000000000000000000e+00
5.274000244140625000e+02 0.000000000000000000e+00
5.275000000000000000e+02 0.000000000000000000e+00
5.275999755859375000e+02 0.000000000000000000e+00
5.277000122070312500e+02 0.000000000000000000e+00
5.277999877929687500e+02 0.000000000000000000e+00
5.279000244140625000e+02 0.000000000000000000e+00
5.280000000000000000e+02 0.000000000000000000e+00
5.280999755859375000e+02 0.000000000000000000e+00
5.282000122070312500e+02 0.000000000000000000e+00
5.282999877929687500e+02 0.000000000000000000e+00
5.284000244140625000e+02 0.000000000000000000e+00
5.285000000000000000e+02 0.000000000000000000e+00
5.285999755859375000e+02 0.000000000000000000e+00
5.287000122070312500e+02 0.000000000000000000e+00
5.287999877929687500e+02 0.000000000000000000e+00
5.289000244140625000e+02 0.000000000000000000e+00
5.290000000000000000e+02 0.000000000000000000e+00
5.290999755859375000e+02 0.000000000000000000e+00
5.292000122070312500e+02 0.000000000000000000e+00
5.292999877929687500e+02 0.000000000000000000e+00
5.294000244140625000e+02 0.000000000000000000e+00
5.295000000000000000e+02 0.000000000000000000e+00
5.295999755859375000e+02 0.000000000000000000e+00
5.297000122070312500e+02 0.000000000000000000e+00
5.297999877929687500e+02 0.000000000000000000e+00
5.299000244140625000e+02 0.000000000000000000e+00
5.300000000000000000e+02 0.000000000000000000e+00
5.300999755859375000e+02 0.000000000000000000e+00
5.302000122070312500e+02 0.000000000000000000e+00
5.302999877929687500e+02 0.000000000000000000e+00
5.304000244140625000e+02 0.000000000000000000e+00
5.305000000000000000e+02 0.000000000000000000e+00
5.305999755859375000e+02 0.000000000000000000e+00
5.307000122070312500e+02 0.000000000000000000e+00
5.307999877929687500e+02 0.000000000000000000e+00
5.309000244140625000e+02 0.000000000000000000e+00
5.310000000000000000e+02 0.000000000000000000e+00
5.310999755859375000e+02 0.000000000000000000e+00
5.312000122070312500e+02 0.000000000000000000e+00
5.312999877929687500e+02 0.000000000000000000e+00
5.314000244140625000e+02 0.000000000000000000e+00
5.315000000000000000e+02 0.000000000000000000e+00
5.315999755859375000e+02 0.000000000000000000e+00
5.317000122070312500e+02 0.000000000000000000e+00
5.317999877929687500e+02 0.000000000000000000e+00
5.319000244140625000e+02 0.000000000000000000e+00
5.320000000000000000e+02 0.000000000000000000e+00
5.320999755859375000e+02 0.000000000000000000e+00
5.322000122070312500e+02 0.000000000000000000e+00
5.322999877929687500e+02 0.000000000000000000e+00
5.324000244140625000e+02 0.000000000000000000e+00
5.325000000000000000e+02 0.000000000000000000e+00
5.325999755859375000e+02 0.000000000000000000e+00
5.327000122070312500e+02 0.000000000000000000e+00
5.327999877929687500e+02 0.000000000000000000e+00
5.329000244140625000e+02 0.000000000000000000e+00
5.330000000000000000e+02 0.000000000000000000e+00
5.330999755859375000e+02 0.000000000000000000e+00
5.332000122070312500e+02 0.000000000000000000e+00
5.332999877929687500e+02 0.000000000000000000e+00
5.334000244140625000e+02 0.000000000000000000e+00
5.335000000000000000e+02 0.000000000000000000e+00
5.335999755859375000e+02 0.000000000000000000e+00
5.337000122070312500e+02 0.000000000000000000e+00
5.337999877929687500e+02 0.000000000000000000e+00
5.339000244140625000e+02 0.000000000000000000e+00
5.340000000000000000e+02 0.000000000000000000e+00
5.340999755859375000e+02 0.000000000000000000e+00
5.342000122070312500e+02 0.000000000000000000e+00
5.342999877929687500e+02 0.000000000000000000e+00
5.344000244140625000e+02 0.000000000000000000e+00
5.345000000000000000e+02 2.000000000000000000e+00
5.345999755859375000e+02 0.000000000000000000e+00
5.347000122070312500e+02 0.000000000000000000e+00
5.347999877929687500e+02 0.000000000000000000e+00
5.349000244140625000e+02 0.000000000000000000e+00
5.350000000000000000e+02 0.000000000000000000e+00
5.350999755859375000e+02 0.000000000000000000e+00
5.352000122070312500e+02 0.000000000000000000e+00
5.352999877929687500e+02 0.000000000000000000e+00
5.354000244140625000e+02 0.000000000000000000e+00
5.355000000000000000e+02 0.000000000000000000e+00
5.355999755859375000e+02 0.000000000000000000e+00
5.357000122070312500e+02 0.000000000000000000e+00
5.357999877929687500e+02 0.000000000000000000e+00
5.359000244140625000e+02 0.000000000000000000e+00
5.360000000000000000e+02 0.000000000000000000e+00
5.360999755859375000e+02 0.000000000000000000e+00
5.362000122070312500e+02 0.000000000000000000e+00
5.362999877929687500e+02 0.000000000000000000e+00
5.364000244140625000e+02 0.000000000000000000e+00
5.365000000000000000e+02 0.000000000000000000e+00
5.365999755859375000e+02 0.000000000000000000e+00
5.367000122070312500e+02 0.000000000000000000e+00
5.367999877929687500e+02 0.000000000000000000e+00
5.369000244140625000e+02 0.000000000000000000e+00
5.370000000000000000e+02 0.000000000000000000e+00
5.370999755859375000e+02 0.000000000000000000e+00
5.372000122070312500e+02 0.000000000000000000e+00
5.372999877929687500e+02 0.000000000000000000e+00
5.374000244140625000e+02 0.000000000000000000e+00
5.375000000000000000e+02 0.000000000000000000e+00
5.375999755859375000e+02 0.000000000000000000e+00
5.377000122070312500e+02 0.000000000000000000e+00
5.377999877929687500e+02 0.000000000000000000e+00
5.379000244140625000e+02 0.000000000000000000e+00
5.380000000000000000e+02 0.000000000000000000e+00
5.380999755859375000e+02 0.000000000000000000e+00
5.382000122070312500e+02 0.000000000000000000e+00
5.382999877929687500e+02 0.000000000000000000e+00
5.384000244140625000e+02 0.000000000000000000e+00
5.385000000000000000e+02 0.000000000000000000e+00
5.385999755859375000e+02 0.000000000000000000e+00
5.387000122070312500e+02 0.000000000000000000e+00
5.387999877929687500e+02 0.000000000000000000e+00
5.389000244140625000e+02 0.000000000000000000e+00
5.390000000000000000e+02 0.000000000000000000e+00
5.390999755859375000e+02 0.000000000000000000e+00
5.392000122070312500e+02 0.000000000000000000e+00
5.392999877929687500e+02 0.000000000000000000e+00
5.394000244140625000e+02 0.000000000000000000e+00
5.395000000000000000e+02 0.000000000000000000e+00
5.395999755859375000e+02 0.000000000000000000e+00
5.397000122070312500e+02 0.000000000000000000e+00
5.397999877929687500e+02 0.000000000000000000e+00
5.399000244140625000e+02 0.000000000000000000e+00
5.400000000000000000e+02 0.000000000000000000e+00
5.400999755859375000e+02 0.000000000000000000e+00
5.402000122070312500e+02 0.000000000000000000e+00
5.402999877929687500e+02 0.000000000000000000e+00
5.404000244140625000e+02 0.000000000000000000e+00
5.405000000000000000e+02 0.000000000000000000e+00
5.405999755859375000e+02 0.000000000000000000e+00
5.407000122070312500e+02 0.000000000000000000e+00
5.407999877929687500e+02 0.000000000000000000e+00
5.409000244140625000e+02 0.000000000000000000e+00
5.410000000000000000e+02 0.000000000000000000e+00
5.410999755859375000e+02 0.000000000000000000e+00
5.412000122070312500e+02 0.000000000000000000e+00
5.412999877929687500e+02 0.000000000000000000e+00
5.414000244140625000e+02 1.000000000000000000e+00
5.415000000000000000e+02 8.000000000000000000e+00
5.415999755859375000e+02 4.000000000000000000e+00
5.417000122070312500e+02 0.000000000000000000e+00
5.417999877929687500e+02 0.000000000000000000e+00
5.419000244140625000e+02 0.000000000000000000e+00
5.420000000000000000e+02 0.000000000000000000e+00
5.420999755859375000e+02 0.000000000000000000e+00
5.422000122070312500e+02 0.000000000000000000e+00
5.422999877929687500e+02 0.000000000000000000e+00
5.424000244140625000e+02 0.000000000000000000e+00
5.425000000000000000e+02 0.000000000000000000e+00
5.425999755859375000e+02 0.000000000000000000e+00
5.427000122070312500e+02 0.000000000000000000e+00
5.427999877929687500e+02 0.000000000000000000e+00
5.429000244140625000e+02 0.000000000000000000e+00
5.430000000000000000e+02 0.000000000000000000e+00
5.430999755859375000e+02 0.000000000000000000e+00
5.432000122070312500e+02 0.000000000000000000e+00
5.432999877929687500e+02 0.000000000000000000e+00
5.434000244140625000e+02 0.000000000000000000e+00
5.435000000000000000e+02 0.000000000000000000e+00
5.435999755859375000e+02 0.000000000000000000e+00
5.437000122070312500e+02 0.000000000000000000e+00
5.437999877929687500e+02 0.000000000000000000e+00
5.439000244140625000e+02 0.000000000000000000e+00
5.440000000000000000e+02 0.000000000000000000e+00
5.440999755859375000e+02 0.000000000000000000e+00
5.442000122070312500e+02 0.000000000000000000e+00
5.442999877929687500e+02 0.000000000000000000e+00
5.444000244140625000e+02 0.000000000000000000e+00
5.445000000000000000e+02 0.000000000000000000e+00
5.445999755859375000e+02 0.000000000000000000e+00
5.447000122070312500e+02 0.000000000000000000e+00
5.447999877929687500e+02 0.000000000000000000e+00
5.449000244140625000e+02 0.000000000000000000e+00
5.450000000000000000e+02 0.000000000000000000e+00
5.450999755859375000e+02 0.000000000000000000e+00
5.452000122070312500e+02 0.000000000000000000e+00
5.452999877929687500e+02 0.000000000000000000e+00
5.454000244140625000e+02 1.000000000000000000e+00
5.455000000000000000e+02 0.000000000000000000e+00
5.455999755859375000e+02 1.000000000000000000e+00
5.457000122070312500e+02 0.000000000000000000e+00
5.457999877929687500e+02 0.000000000000000000e+00
5.459000244140625000e+02 0.000000000000000000e+00
5.460000000000000000e+02 0.000000000000000000e+00
5.460999755859375000e+02 0.000000000000000000e+00
5.462000122070312500e+02 0.000000000000000000e+00
5.462999877929687500e+02 0.000000000000000000e+00
5.464000244140625000e+02 0.000000000000000000e+00
5.465000000000000000e+02 0.000000000000000000e+00
5.465999755859375000e+02 0.000000000000000000e+00
5.467000122070312500e+02 0.000000000000000000e+00
5.467999877929687500e+02 0.000000000000000000e+00
5.469000244140625000e+02 0.000000000000000000e+00
5.470000000000000000e+02 0.000000000000000000e+00
5.470999755859375000e+02 0.000000000000000000e+00
5.472000122070312500e+02 0.000000000000000000e+00
5.472999877929687500e+02 1.200000000000000000e+01
5.474000244140625000e+02 1.400000000000000000e+01
5.475000000000000000e+02 8.000000000000000000e+00
5.475999755859375000e+02 9.000000000000000000e+00
5.477000122070312500e+02 0.000000000000000000e+00
5.477999877929687500e+02 0.000000000000000000e+00
5.479000244140625000e+02 3.000000000000000000e+00
5.480000000000000000e+02 2.000000000000000000e+00
5.480999755859375000e+02 6.000000000000000000e+00
5.482000122070312500e+02 9.000000000000000000e+00
5.482999877929687500e+02 3.000000000000000000e+00
5.484000244140625000e+02 0.000000000000000000e+00
5.485000000000000000e+02 0.000000000000000000e+00
5.485999755859375000e+02 0.000000000000000000e+00
5.487000122070312500e+02 0.000000000000000000e+00
5.487999877929687500e+02 0.000000000000000000e+00
5.489000244140625000e+02 0.000000000000000000e+00
5.490000000000000000e+02 0.000000000000000000e+00
5.490999755859375000e+02 0.000000000000000000e+00
5.492000122070312500e+02 0.000000000000000000e+00
5.492999877929687500e+02 0.000000000000000000e+00
5.494000244140625000e+02 0.000000000000000000e+00
5.495000000000000000e+02 0.000000000000000000e+00
5.495999755859375000e+02 0.000000000000000000e+00
5.497000122070312500e+02 0.000000000000000000e+00
5.497999877929687500e+02 0.000000000000000000e+00
5.499000244140625000e+02 0.000000000000000000e+00
5.500000000000000000e+02 0.000000000000000000e+00
5.500999755859375000e+02 0.000000000000000000e+00
5.502000122070312500e+02 0.000000000000000000e+00
5.502999877929687500e+02 0.000000000000000000e+00
5.504000244140625000e+02 0.000000000000000000e+00
5.505000000000000000e+02 0.000000000000000000e+00
5.505999755859375000e+02 0.000000000000000000e+00
5.507000122070312500e+02 0.000000000000000000e+00
5.507999877929687500e+02 0.000000000000000000e+00
5.509000244140625000e+02 0.000000000000000000e+00
5.510000000000000000e+02 0.000000000000000000e+00
5.510999755859375000e+02 0.000000000000000000e+00
5.512000122070312500e+02 0.000000000000000000e+00
5.512999877929687500e+02 0.000000000000000000e+00
5.514000244140625000e+02 0.000000000000000000e+00
5.515000000000000000e+02 0.000000000000000000e+00
5.515999755859375000e+02 0.000000000000000000e+00
5.517000122070312500e+02 0.000000000000000000e+00
5.517999877929687500e+02 0.000000000000000000e+00
5.519000244140625000e+02 0.000000000000000000e+00
5.520000000000000000e+02 0.000000000000000000e+00
5.520999755859375000e+02 0.000000000000000000e+00
5.522000122070312500e+02 0.000000000000000000e+00
5.522999877929687500e+02 0.000000000000000000e+00
5.524000244140625000e+02 0.000000000000000000e+00
5.525000000000000000e+02 0.000000000000000000e+00
5.525999755859375000e+02 5.000000000000000000e+00
5.527000122070312500e+02 0.000000000000000000e+00
5.527999877929687500e+02 1.000000000000000000e+00
5.529000244140625000e+02 0.000000000000000000e+00
5.530000000000000000e+02 0.000000000000000000e+00
5.530999755859375000e+02 0.000000000000000000e+00
5.532000122070312500e+02 0.000000000000000000e+00
5.532999877929687500e+02 0.000000000000000000e+00
5.534000244140625000e+02 0.000000000000000000e+00
5.535000000000000000e+02 0.000000000000000000e+00
5.535999755859375000e+02 0.000000000000000000e+00
5.537000122070312500e+02 0.000000000000000000e+00
5.537999877929687500e+02 0.000000000000000000e+00
5.539000244140625000e+02 0.000000000000000000e+00
5.540000000000000000e+02 0.000000000000000000e+00
5.540999755859375000e+02 0.000000000000000000e+00
5.542000122070312500e+02 0.000000000000000000e+00
5.542999877929687500e+02 0.000000000000000000e+00
5.544000244140625000e+02 0.000000000000000000e+00
5.545000000000000000e+02 0.000000000000000000e+00
5.545999755859375000e+02 0.000000000000000000e+00
5.547000122070312500e+02 0.000000000000000000e+00
5.547999877929687500e+02 0.000000000000000000e+00
5.549000244140625000e+02 0.000000000000000000e+00
5.550000000000000000e+02 0.000000000000000000e+00
5.550999755859375000e+02 0.000000000000000000e+00
5.552000122070312500e+02 0.000000000000000000e+00
5.552999877929687500e+02 0.000000000000000000e+00
5.554000244140625000e+02 0.000000000000000000e+00
5.555000000000000000e+02 0.000000000000000000e+00
5.555999755859375000e+02 0.000000000000000000e+00
5.557000122070312500e+02 0.000000000000000000e+00
5.557999877929687500e+02 0.000000000000000000e+00
5.559000244140625000e+02 0.000000000000000000e+00
5.560000000000000000e+02 0.000000000000000000e+00
5.560999755859375000e+02 0.000000000000000000e+00
5.562000122070312500e+02 0.000000000000000000e+00
5.562999877929687500e+02 6.000000000000000000e+00
5.564000244140625000e+02 0.000000000000000000e+00
5.565000000000000000e+02 0.000000000000000000e+00
5.565999755859375000e+02 0.000000000000000000e+00
5.567000122070312500e+02 0.000000000000000000e+00
5.567999877929687500e+02 0.000000000000000000e+00
5.569000244140625000e+02 0.000000000000000000e+00
5.570000000000000000e+02 0.000000000000000000e+00
5.570999755859375000e+02 0.000000000000000000e+00
5.572000122070312500e+02 0.000000000000000000e+00
5.572999877929687500e+02 0.000000000000000000e+00
5.574000244140625000e+02 0.000000000000000000e+00
5.575000000000000000e+02 0.000000000000000000e+00
5.575999755859375000e+02 0.000000000000000000e+00
5.577000122070312500e+02 0.000000000000000000e+00
5.577999877929687500e+02 0.000000000000000000e+00
5.579000244140625000e+02 0.000000000000000000e+00
5.580000000000000000e+02 0.000000000000000000e+00
5.580999755859375000e+02 0.000000000000000000e+00
5.582000122070312500e+02 0.000000000000000000e+00
5.582999877929687500e+02 0.000000000000000000e+00
5.584000244140625000e+02 0.000000000000000000e+00
5.585000000000000000e+02 0.000000000000000000e+00
5.585999755859375000e+02 0.000000000000000000e+00
5.587000122070312500e+02 0.000000000000000000e+00
5.587999877929687500e+02 0.000000000000000000e+00
5.589000244140625000e+02 3.000000000000000000e+00
5.590000000000000000e+02 0.000000000000000000e+00
5.590999755859375000e+02 0.000000000000000000e+00
5.592000122070312500e+02 0.000000000000000000e+00
5.592999877929687500e+02 0.000000000000000000e+00
5.594000244140625000e+02 0.000000000000000000e+00
5.595000000000000000e+02 0.000000000000000000e+00
5.595999755859375000e+02 0.000000000000000000e+00
5.597000122070312500e+02 0.000000000000000000e+00
5.597999877929687500e+02 0.000000000000000000e+00
5.599000244140625000e+02 0.000000000000000000e+00
5.600000000000000000e+02 0.000000000000000000e+00
5.600999755859375000e+02 0.000000000000000000e+00
5.602000122070312500e+02 0.000000000000000000e+00
5.602999877929687500e+02 0.000000000000000000e+00
5.604000244140625000e+02 0.000000000000000000e+00
5.605000000000000000e+02 0.000000000000000000e+00
5.605999755859375000e+02 0.000000000000000000e+00
5.607000122070312500e+02 0.000000000000000000e+00
5.607999877929687500e+02 0.000000000000000000e+00
5.609000244140625000e+02 0.000000000000000000e+00
5.610000000000000000e+02 0.000000000000000000e+00
5.610999755859375000e+02 0.000000000000000000e+00
5.612000122070312500e+02 0.000000000000000000e+00
5.612999877929687500e+02 0.000000000000000000e+00
5.614000244140625000e+02 0.000000000000000000e+00
5.615000000000000000e+02 0.000000000000000000e+00
5.615999755859375000e+02 1.000000000000000000e+00
5.617000122070312500e+02 0.000000000000000000e+00
5.617999877929687500e+02 0.000000000000000000e+00
5.619000244140625000e+02 0.000000000000000000e+00
5.620000000000000000e+02 0.000000000000000000e+00
5.620999755859375000e+02 0.000000000000000000e+00
5.622000122070312500e+02 0.000000000000000000e+00
5.622999877929687500e+02 0.000000000000000000e+00
5.624000244140625000e+02 0.000000000000000000e+00
5.625000000000000000e+02 0.000000000000000000e+00
5.625999755859375000e+02 0.000000000000000000e+00
5.627000122070312500e+02 0.000000000000000000e+00
5.627999877929687500e+02 0.000000000000000000e+00
5.629000244140625000e+02 0.000000000000000000e+00
5.630000000000000000e+02 0.000000000000000000e+00
5.630999755859375000e+02 0.000000000000000000e+00
5.632000122070312500e+02 0.000000000000000000e+00
5.632999877929687500e+02 0.000000000000000000e+00
5.634000244140625000e+02 0.000000000000000000e+00
5.635000000000000000e+02 0.000000000000000000e+00
5.635999755859375000e+02 0.000000000000000000e+00
5.637000122070312500e+02 0.000000000000000000e+00
5.637999877929687500e+02 0.000000000000000000e+00
5.639000244140625000e+02 0.000000000000000000e+00
5.640000000000000000e+02 0.000000000000000000e+00
5.640999755859375000e+02 0.000000000000000000e+00
5.642000122070312500e+02 0.000000000000000000e+00
5.642999877929687500e+02 0.000000000000000000e+00
5.644000244140625000e+02 0.000000000000000000e+00
5.645000000000000000e+02 0.000000000000000000e+00
5.645999755859375000e+02 0.000000000000000000e+00
5.647000122070312500e+02 0.000000000000000000e+00
5.647999877929687500e+02 0.000000000000000000e+00
5.649000244140625000e+02 0.000000000000000000e+00
5.650000000000000000e+02 0.000000000000000000e+00
5.650999755859375000e+02 0.000000000000000000e+00
5.652000122070312500e+02 0.000000000000000000e+00
5.652999877929687500e+02 0.000000000000000000e+00
5.654000244140625000e+02 0.000000000000000000e+00
5.655000000000000000e+02 0.000000000000000000e+00
5.655999755859375000e+02 0.000000000000000000e+00
5.657000122070312500e+02 0.000000000000000000e+00
5.657999877929687500e+02 0.000000000000000000e+00
5.659000244140625000e+02 0.000000000000000000e+00
5.660000000000000000e+02 0.000000000000000000e+00
5.660999755859375000e+02 0.000000000000000000e+00
5.662000122070312500e+02 0.000000000000000000e+00
5.662999877929687500e+02 0.000000000000000000e+00
5.664000244140625000e+02 0.000000000000000000e+00
5.665000000000000000e+02 0.000000000000000000e+00
5.665999755859375000e+02 0.000000000000000000e+00
5.667000122070312500e+02 0.000000000000000000e+00
5.667999877929687500e+02 0.000000000000000000e+00
5.669000244140625000e+02 0.000000000000000000e+00
5.670000000000000000e+02 0.000000000000000000e+00
5.670999755859375000e+02 0.000000000000000000e+00
5.672000122070312500e+02 0.000000000000000000e+00
5.672999877929687500e+02 0.000000000000000000e+00
5.674000244140625000e+02 0.000000000000000000e+00
5.675000000000000000e+02 0.000000000000000000e+00
5.675999755859375000e+02 0.000000000000000000e+00
5.677000122070312500e+02 0.000000000000000000e+00
5.677999877929687500e+02 0.000000000000000000e+00
5.679000244140625000e+02 0.000000000000000000e+00
5.680000000000000000e+02 0.000000000000000000e+00
5.680999755859375000e+02 0.000000000000000000e+00
5.682000122070312500e+02 0.000000000000000000e+00
5.682999877929687500e+02 0.000000000000000000e+00
5.684000244140625000e+02 0.000000000000000000e+00
5.685000000000000000e+02 0.000000000000000000e+00
5.685999755859375000e+02 0.000000000000000000e+00
5.687000122070312500e+02 0.000000000000000000e+00
5.687999877929687500e+02 0.000000000000000000e+00
5.689000244140625000e+02 0.000000000000000000e+00
5.690000000000000000e+02 0.000000000000000000e+00
5.690999755859375000e+02 0.000000000000000000e+00
5.692000122070312500e+02 0.000000000000000000e+00
5.692999877929687500e+02 0.000000000000000000e+00
5.694000244140625000e+02 0.000000000000000000e+00
5.695000000000000000e+02 0.000000000000000000e+00
5.695999755859375000e+02 0.000000000000000000e+00
5.697000122070312500e+02 0.000000000000000000e+00
5.697999877929687500e+02 0.000000000000000000e+00
5.699000244140625000e+02 0.000000000000000000e+00
5.700000000000000000e+02 0.000000000000000000e+00
5.700999755859375000e+02 0.000000000000000000e+00
5.702000122070312500e+02 0.000000000000000000e+00
5.702999877929687500e+02 0.000000000000000000e+00
5.704000244140625000e+02 0.000000000000000000e+00
5.705000000000000000e+02 0.000000000000000000e+00
5.705999755859375000e+02 0.000000000000000000e+00
5.707000122070312500e+02 0.000000000000000000e+00
5.707999877929687500e+02 0.000000000000000000e+00
5.709000244140625000e+02 0.000000000000000000e+00
5.710000000000000000e+02 0.000000000000000000e+00
5.710999755859375000e+02 0.000000000000000000e+00
5.712000122070312500e+02 0.000000000000000000e+00
5.712999877929687500e+02 0.000000000000000000e+00
5.714000244140625000e+02 0.000000000000000000e+00
5.715000000000000000e+02 0.000000000000000000e+00
5.715999755859375000e+02 0.000000000000000000e+00
5.717000122070312500e+02 0.000000000000000000e+00
5.717999877929687500e+02 0.000000000000000000e+00
5.719000244140625000e+02 0.000000000000000000e+00
5.720000000000000000e+02 0.000000000000000000e+00
5.720999755859375000e+02 0.000000000000000000e+00
5.722000122070312500e+02 0.000000000000000000e+00
5.722999877929687500e+02 0.000000000000000000e+00
5.724000244140625000e+02 0.000000000000000000e+00
5.725000000000000000e+02 0.000000000000000000e+00
5.725999755859375000e+02 0.000000000000000000e+00
5.727000122070312500e+02 0.000000000000000000e+00
5.727999877929687500e+02 0.000000000000000000e+00
5.729000244140625000e+02 0.000000000000000000e+00
5.730000000000000000e+02 0.000000000000000000e+00
5.730999755859375000e+02 0.000000000000000000e+00
5.732000122070312500e+02 0.000000000000000000e+00
5.732999877929687500e+02 0.000000000000000000e+00
5.734000244140625000e+02 0.000000000000000000e+00
5.735000000000000000e+02 0.000000000000000000e+00
5.735999755859375000e+02 0.000000000000000000e+00
5.737000122070312500e+02 0.000000000000000000e+00
5.737999877929687500e+02 0.000000000000000000e+00
5.739000244140625000e+02 0.000000000000000000e+00
5.740000000000000000e+02 0.000000000000000000e+00
5.740999755859375000e+02 0.000000000000000000e+00
5.742000122070312500e+02 0.000000000000000000e+00
5.742999877929687500e+02 0.000000000000000000e+00
5.744000244140625000e+02 0.000000000000000000e+00
5.745000000000000000e+02 0.000000000000000000e+00
5.745999755859375000e+02 0.000000000000000000e+00
5.747000122070312500e+02 0.000000000000000000e+00
5.747999877929687500e+02 0.000000000000000000e+00
5.749000244140625000e+02 0.000000000000000000e+00
5.750000000000000000e+02 0.000000000000000000e+00
5.750999755859375000e+02 0.000000000000000000e+00
5.752000122070312500e+02 0.000000000000000000e+00
5.752999877929687500e+02 0.000000000000000000e+00
5.754000244140625000e+02 0.000000000000000000e+00
5.755000000000000000e+02 0.000000000000000000e+00
5.755999755859375000e+02 0.000000000000000000e+00
5.757000122070312500e+02 0.000000000000000000e+00
5.757999877929687500e+02 8.000000000000000000e+00
5.759000244140625000e+02 2.000000000000000000e+00
5.760000000000000000e+02 3.000000000000000000e+00
5.760999755859375000e+02 1.000000000000000000e+00
5.762000122070312500e+02 1.200000000000000000e+01
5.762999877929687500e+02 0.000000000000000000e+00
5.764000244140625000e+02 0.000000000000000000e+00
5.765000000000000000e+02 2.000000000000000000e+00
5.765999755859375000e+02 1.000000000000000000e+00
5.767000122070312500e+02 0.000000000000000000e+00
5.767999877929687500e+02 1.000000000000000000e+00
5.769000244140625000e+02 1.000000000000000000e+00
5.770000000000000000e+02 0.000000000000000000e+00
5.770999755859375000e+02 1.000000000000000000e+00
5.772000122070312500e+02 0.000000000000000000e+00
5.772999877929687500e+02 0.000000000000000000e+00
5.774000244140625000e+02 0.000000000000000000e+00
5.775000000000000000e+02 0.000000000000000000e+00
5.775999755859375000e+02 0.000000000000000000e+00
5.777000122070312500e+02 0.000000000000000000e+00
5.777999877929687500e+02 0.000000000000000000e+00
5.779000244140625000e+02 0.000000000000000000e+00
5.780000000000000000e+02 0.000000000000000000e+00
5.780999755859375000e+02 0.000000000000000000e+00
5.782000122070312500e+02 0.000000000000000000e+00
5.782999877929687500e+02 0.000000000000000000e+00
5.784000244140625000e+02 0.000000000000000000e+00
5.785000000000000000e+02 0.000000000000000000e+00
5.785999755859375000e+02 0.000000000000000000e+00
5.787000122070312500e+02 3.000000000000000000e+00
5.787999877929687500e+02 1.000000000000000000e+00
5.789000244140625000e+02 0.000000000000000000e+00
5.790000000000000000e+02 0.000000000000000000e+00
5.790999755859375000e+02 0.000000000000000000e+00
5.792000122070312500e+02 0.000000000000000000e+00
5.792999877929687500e+02 0.000000000000000000e+00
5.794000244140625000e+02 0.000000000000000000e+00
5.795000000000000000e+02 0.000000000000000000e+00
5.795999755859375000e+02 0.000000000000000000e+00
5.797000122070312500e+02 0.000000000000000000e+00
5.797999877929687500e+02 0.000000000000000000e+00
5.799000244140625000e+02 0.000000000000000000e+00
5.800000000000000000e+02 0.000000000000000000e+00
5.800999755859375000e+02 0.000000000000000000e+00
5.802000122070312500e+02 0.000000000000000000e+00
5.802999877929687500e+02 0.000000000000000000e+00
5.804000244140625000e+02 0.000000000000000000e+00
5.805000000000000000e+02 0.000000000000000000e+00
5.805999755859375000e+02 0.000000000000000000e+00
5.807000122070312500e+02 0.000000000000000000e+00
5.807999877929687500e+02 0.000000000000000000e+00
5.809000244140625000e+02 0.000000000000000000e+00
5.810000000000000000e+02 0.000000000000000000e+00
5.810999755859375000e+02 0.000000000000000000e+00
5.812000122070312500e+02 0.000000000000000000e+00
5.812999877929687500e+02 0.000000000000000000e+00
5.814000244140625000e+02 0.000000000000000000e+00
5.815000000000000000e+02 0.000000000000000000e+00
5.815999755859375000e+02 0.000000000000000000e+00
5.817000122070312500e+02 0.000000000000000000e+00
5.817999877929687500e+02 0.000000000000000000e+00
5.819000244140625000e+02 0.000000000000000000e+00
5.820000000000000000e+02 0.000000000000000000e+00
5.820999755859375000e+02 0.000000000000000000e+00
5.822000122070312500e+02 0.000000000000000000e+00
5.822999877929687500e+02 0.000000000000000000e+00
5.824000244140625000e+02 0.000000000000000000e+00
5.825000000000000000e+02 0.000000000000000000e+00
5.825999755859375000e+02 0.000000000000000000e+00
5.827000122070312500e+02 0.000000000000000000e+00
5.827999877929687500e+02 0.000000000000000000e+00
5.829000244140625000e+02 0.000000000000000000e+00
5.830000000000000000e+02 0.000000000000000000e+00
5.830999755859375000e+02 0.000000000000000000e+00
5.832000122070312500e+02 0.000000000000000000e+00
5.832999877929687500e+02 0.000000000000000000e+00
5.834000244140625000e+02 0.000000000000000000e+00
5.835000000000000000e+02 0.000000000000000000e+00
5.835999755859375000e+02 0.000000000000000000e+00
5.837000122070312500e+02 0.000000000000000000e+00
5.837999877929687500e+02 0.000000000000000000e+00
5.839000244140625000e+02 0.000000000000000000e+00
5.840000000000000000e+02 0.000000000000000000e+00
5.840999755859375000e+02 0.000000000000000000e+00
5.842000122070312500e+02 0.000000000000000000e+00
5.842999877929687500e+02 0.000000000000000000e+00
5.844000244140625000e+02 2.000000000000000000e+00
5.845000000000000000e+02 0.000000000000000000e+00
5.845999755859375000e+02 2.000000000000000000e+00
5.847000122070312500e+02 2.000000000000000000e+00
5.847999877929687500e+02 0.000000000000000000e+00
5.849000244140625000e+02 0.000000000000000000e+00
5.850000000000000000e+02 0.000000000000000000e+00
5.850999755859375000e+02 0.000000000000000000e+00
5.852000122070312500e+02 0.000000000000000000e+00
5.852999877929687500e+02 0.000000000000000000e+00
5.854000244140625000e+02 0.000000000000000000e+00
5.855000000000000000e+02 0.000000000000000000e+00
5.855999755859375000e+02 0.000000000000000000e+00
5.857000122070312500e+02 0.000000000000000000e+00
5.857999877929687500e+02 0.000000000000000000e+00
5.859000244140625000e+02 0.000000000000000000e+00
5.860000000000000000e+02 0.000000000000000000e+00
5.860999755859375000e+02 0.000000000000000000e+00
5.862000122070312500e+02 0.000000000000000000e+00
5.862999877929687500e+02 0.000000000000000000e+00
5.864000244140625000e+02 0.000000000000000000e+00
5.865000000000000000e+02 0.000000000000000000e+00
5.865999755859375000e+02 0.000000000000000000e+00
5.867000122070312500e+02 0.000000000000000000e+00
5.867999877929687500e+02 0.000000000000000000e+00
5.869000244140625000e+02 0.000000000000000000e+00
5.870000000000000000e+02 0.000000000000000000e+00
5.870999755859375000e+02 0.000000000000000000e+00
5.872000122070312500e+02 0.000000000000000000e+00
5.872999877929687500e+02 0.000000000000000000e+00
5.874000244140625000e+02 0.000000000000000000e+00
5.875000000000000000e+02 0.000000000000000000e+00
5.875999755859375000e+02 0.000000000000000000e+00
5.877000122070312500e+02 0.000000000000000000e+00
5.877999877929687500e+02 0.000000000000000000e+00
5.879000244140625000e+02 0.000000000000000000e+00
5.880000000000000000e+02 0.000000000000000000e+00
5.880999755859375000e+02 0.000000000000000000e+00
5.882000122070312500e+02 4.000000000000000000e+00
5.882999877929687500e+02 0.000000000000000000e+00
5.884000244140625000e+02 0.000000000000000000e+00
5.885000000000000000e+02 0.000000000000000000e+00
5.885999755859375000e+02 0.000000000000000000e+00
5.887000122070312500e+02 0.000000000000000000e+00
5.887999877929687500e+02 0.000000000000000000e+00
5.889000244140625000e+02 0.000000000000000000e+00
5.890000000000000000e+02 0.000000000000000000e+00
5.890999755859375000e+02 0.000000000000000000e+00
5.892000122070312500e+02 0.000000000000000000e+00
5.892999877929687500e+02 0.000000000000000000e+00
5.894000244140625000e+02 0.000000000000000000e+00
5.895000000000000000e+02 0.000000000000000000e+00
5.895999755859375000e+02 0.000000000000000000e+00
5.897000122070312500e+02 0.000000000000000000e+00
5.897999877929687500e+02 0.000000000000000000e+00
5.899000244140625000e+02 0.000000000000000000e+00
5.900000000000000000e+02 0.000000000000000000e+00
5.900999755859375000e+02 0.000000000000000000e+00
5.902000122070312500e+02 0.000000000000000000e+00
5.902999877929687500e+02 0.000000000000000000e+00
5.904000244140625000e+02 0.000000000000000000e+00
5.905000000000000000e+02 0.000000000000000000e+00
5.905999755859375000e+02 0.000000000000000000e+00
5.907000122070312500e+02 0.000000000000000000e+00
5.907999877929687500e+02 0.000000000000000000e+00
5.909000244140625000e+02 0.000000000000000000e+00
5.910000000000000000e+02 0.000000000000000000e+00
5.910999755859375000e+02 0.000000000000000000e+00
5.912000122070312500e+02 0.000000000000000000e+00
5.912999877929687500e+02 0.000000000000000000e+00
5.914000244140625000e+02 0.000000000000000000e+00
5.915000000000000000e+02 0.000000000000000000e+00
5.915999755859375000e+02 0.000000000000000000e+00
5.917000122070312500e+02 0.000000000000000000e+00
5.917999877929687500e+02 0.000000000000000000e+00
5.919000244140625000e+02 0.000000000000000000e+00
5.920000000000000000e+02 0.000000000000000000e+00
5.920999755859375000e+02 0.000000000000000000e+00
5.922000122070312500e+02 0.000000000000000000e+00
5.922999877929687500e+02 0.000000000000000000e+00
5.924000244140625000e+02 0.000000000000000000e+00
5.925000000000000000e+02 0.000000000000000000e+00
5.925999755859375000e+02 0.000000000000000000e+00
5.927000122070312500e+02 0.000000000000000000e+00
5.927999877929687500e+02 0.000000000000000000e+00
5.929000244140625000e+02 0.000000000000000000e+00
5.930000000000000000e+02 0.000000000000000000e+00
5.930999755859375000e+02 0.000000000000000000e+00
5.932000122070312500e+02 0.000000000000000000e+00
5.932999877929687500e+02 0.000000000000000000e+00
5.934000244140625000e+02 0.000000000000000000e+00
5.935000000000000000e+02 0.000000000000000000e+00
5.935999755859375000e+02 0.000000000000000000e+00
5.937000122070312500e+02 0.000000000000000000e+00
5.937999877929687500e+02 0.000000000000000000e+00
5.939000244140625000e+02 6.000000000000000000e+00
5.940000000000000000e+02 7.000000000000000000e+00
5.940999755859375000e+02 5.000000000000000000e+00
5.942000122070312500e+02 1.100000000000000000e+01
5.942999877929687500e+02 9.000000000000000000e+00
5.944000244140625000e+02 7.000000000000000000e+00
5.945000000000000000e+02 7.000000000000000000e+00
5.945999755859375000e+02 0.000000000000000000e+00
5.947000122070312500e+02 0.000000000000000000e+00
5.947999877929687500e+02 0.000000000000000000e+00
5.949000244140625000e+02 0.000000000000000000e+00
5.950000000000000000e+02 0.000000000000000000e+00
5.950999755859375000e+02 0.000000000000000000e+00
5.952000122070312500e+02 0.000000000000000000e+00
5.952999877929687500e+02 0.000000000000000000e+00
