   0.0000000    0.2189811
   0.0001000    0.2184163
   0.0002000    0.2625288
   0.0003000    0.2073219
   0.0004000    0.2200414
   0.0005000    0.2495593
   0.0006000    0.2106226
   0.0007000    0.2126065
   0.0008000    0.2423531
   0.0009000    0.2415195
   0.0010000    0.2823624
   0.0011000    0.2601129
   0.0012000    0.2490887
   0.0013000    0.2431488
   0.0014000    0.2218754
   0.0015000    0.2264499
   0.0016000    0.2417508
   0.0017000    0.2316387
   0.0018000    0.2322446
   0.0019000    0.2185162
   0.0020000    0.2233681
   0.0021000    0.2304920
   0.0022000    0.2421873
   0.0023000    0.2428378
   0.0024000    0.2401273
   0.0025000    0.2551488
   0.0026000    0.2902641
   0.0027000    0.3071254
   0.0028000    0.2806697
   0.0029000    0.2562961
   0.0030000    0.3015957
   0.0031000    0.2886542
   0.0032000    0.2900762
   0.0033000    0.2691590
   0.0034000    0.2801268
   0.0035000    0.2260815
   0.0036000    0.2808175
   0.0037000    0.2456173
   0.0038000    0.2385609
   0.0039000    0.3096858
   0.0040000    0.3006879
   0.0041000    0.2844183
   0.0042000    0.2719108
   0.0043000    0.3017021
   0.0044000    0.3386562
   0.0045000    0.3014330
   0.0046000    0.3997998
   0.0047000    0.2876694
   0.0048000    0.2222688
   0.0049000    0.3166059
   0.0050000    0.2472799
   0.0051000    0.2779040
   0.0052000    0.2487646
   0.0053000    0.2933271
   0.0054000    0.2628657
   0.0055000    0.2727447
   0.0056000    0.2251690
   0.0057000    0.2634861
   0.0058000    0.2232634
   0.0059000    0.2388130
   0.0060000    0.3366992
   0.0061000    0.2446735
   0.0062000    0.2187549
   0.0063000    0.2333802
   0.0064000    0.2799699
   0.0065000    0.2578306
   0.0066000    0.3122858
   0.0067000    0.2617631
   0.0068000    0.2819327
   0.0069000    0.2647287
   0.0070000    0.2962673
   0.0071000    0.2767899
   0.0072000    0.2918434
   0.0073000    0.3213343
   0.0074000    0.3014856
   0.0075000    0.3304598
   0.0076000    0.2870669
   0.0077000    0.2979156
   0.0078000    0.2794840
   0.0079000    0.3198518
   0.0080000    0.2874220
   0.0081000    0.2965903
   0.0082000    0.2839524
   0.0083000    0.2669381
   0.0084000    0.2727737
   0.0085000    0.2490770
   0.0086000    0.2546334
   0.0087000    0.2814043
   0.0088000    0.2530087
   0.0089000    0.2934582
   0.0090000    0.2789007
   0.0091000    0.2958819
   0.0092000    0.2687997
   0.0093000    0.3774545
   0.0094000    0.3496344
   0.0095000    0.2628125
   0.0096000    0.2599126
   0.0097000    0.2788242
   0.0098000    0.2440582
   0.0099000    0.2753582
   0.0100000    0.2510839
   0.0101000    0.2686034
   0.0102000    0.2753339
   0.0103000    0.2670475
   0.0104000    0.2590669
   0.0105000    0.2783989
   0.0106000    0.2580179
   0.0107000    0.2660368
   0.0108000    0.2560515
   0.0109000    0.2903626
   0.0110000    0.2521577
   0.0111000    0.2470835
   0.0112000    0.2427257
   0.0113000    0.2347780
   0.0114000    0.2757720
   0.0115000    0.2958612
   0.0116000    0.2390963
   0.0117000    0.2788930
   0.0118000    0.2895773
   0.0119000    0.2747404
   0.0120000    0.2491140
   0.0121000    0.2607406
   0.0122000    0.2435113
   0.0123000    0.2727492
   0.0124000    0.2492752
   0.0125000    0.2518195
   0.0126000    0.2673893
   0.0127000    0.2783878
   0.0128000    0.2861566
   0.0129000    0.2847152
   0.0130000    0.2625694
   0.0131000    0.2617188
   0.0132000    0.3104638
   0.0133000    0.3037270
   0.0134000    0.2913921
   0.0135000    0.3030114
   0.0136000    0.3008460
   0.0137000    0.3098787
   0.0138000    0.3467263
   0.0139000    0.3394169
   0.0140000    0.4109504
   0.0141000    0.4785180
   0.0142000    0.4649508
   0.0143000    0.5019802
   0.0144000    0.4838533
   0.0145000    0.4351696
   0.0146000    0.4207171
   0.0147000    0.4747273
   0.0148000    0.4428841
   0.0149000    0.4298567
   0.0150000    0.4175625
   0.0151000    0.4594303
   0.0152000    0.3845885
   0.0153000    0.3842191
   0.0154000    0.3595248
   0.0155000    0.4048625
   0.0156000    0.4110463
   0.0157000    0.3757240
   0.0158000    0.3908750
   0.0159000    0.4285665
   0.0160000    0.4715328
   0.0161000    0.3887202
   0.0162000    0.4212417
   0.0163000    0.3798203
   0.0164000    0.4270532
   0.0165000    0.4411393
   0.0166000    0.3872962
   0.0167000    0.3813297
   0.0168000    0.4538310
   0.0169000    0.3477381
   0.0170000    0.3202921
   0.0171000    0.4039969
   0.0172000    0.4136813
   0.0173000    0.4479616
   0.0174000    0.5237102
   0.0175000    0.5442675
   0.0176000    0.4313580
   0.0177000    0.3300417
   0.0178000    0.4304718
   0.0179000    0.4569983
   0.0180000    0.3676720
   0.0181000    0.3748859
   0.0182000    0.3920506
   0.0183000    0.3832948
   0.0184000    0.4061896
   0.0185000    0.4070714
   0.0186000    0.3833869
   0.0187000    0.3801691
   0.0188000    0.3806180
   0.0189000    0.3057213
   0.0190000    0.3402153
   0.0191000    0.3660955
   0.0192000    0.3607023
   0.0193000    0.3244083
   0.0194000    0.3869230
   0.0195000    0.3722809
   0.0196000    0.4320110
   0.0197000    0.3935310
   0.0198000    0.3639854
   0.0199000    0.3803619
   0.0200000    0.3838672
   0.0201000    0.4104075
   0.0202000    0.3623709
   0.0203000    0.3614357
   0.0204000    0.3999258
   0.0205000    0.3397274
   0.0206000    0.3896831
   0.0207000    0.4059671
   0.0208000    0.3526190
   0.0209000    0.3637586
   0.0210000    0.3599994
   0.0211000    0.3573003
   0.0212000    0.3980083
   0.0213000    0.3508938
   0.0214000    0.3939086
   0.0215000    0.3968233
   0.0216000    0.3978924
   0.0217000    0.3602828
   0.0218000    0.3325184
   0.0219000    0.3765837
   0.0220000    0.3727304
   0.0221000    0.3496238
   0.0222000    0.3635940
   0.0223000    0.3457891
   0.0224000    0.4555869
   0.0225000    0.3528802
   0.0226000    0.3515334
   0.0227000    0.3954895
   0.0228000    0.3833396
   0.0229000    0.3987975
   0.0230000    0.3854140
   0.0231000    0.3649383
   0.0232000    0.4610903
   0.0233000    0.4240633
   0.0234000    0.4222510
   0.0235000    0.4288540
   0.0236000    0.4628120
   0.0237000    0.3993241
   0.0238000    0.4227055
   0.0239000    0.4669838
   0.0240000    0.4272332
   0.0241000    0.4486635
   0.0242000    0.3828038
   0.0243000    0.3364679
   0.0244000    0.3917509
   0.0245000    0.3843895
   0.0246000    0.4037394
   0.0247000    0.4216568
   0.0248000    0.4046937
   0.0249000    0.4613445
   0.0250000    0.4459997
   0.0251000    0.4772435
   0.0252000    0.4390139
   0.0253000    0.4426034
   0.0254000    0.4279693
   0.0255000    0.4007341
   0.0256000    0.4321010
   0.0257000    0.3893851
   0.0258000    0.4047433
   0.0259000    0.4326513
   0.0260000    0.4396361
   0.0261000    0.3985600
   0.0262000    0.3810420
   0.0263000    0.3889545
   0.0264000    0.4367412
   0.0265000    0.4232214
   0.0266000    0.3870575
   0.0267000    0.4260821
   0.0268000    0.3844147
   0.0269000    0.4120553
   0.0270000    0.4114047
   0.0271000    0.4513215
   0.0272000    0.4481792
   0.0273000    0.4835802
   0.0274000    0.4563727
   0.0275000    0.4556855
   0.0276000    0.4763863
   0.0277000    0.4709417
   0.0278000    0.4683664
   0.0279000    0.4580915
   0.0280000    0.3643309
   0.0281000    0.3728039
   0.0282000    0.3570020
   0.0283000    0.4601887
   0.0284000    0.4539237
   0.0285000    0.4009354
   0.0286000    0.4576093
   0.0287000    0.3918863
   0.0288000    0.3371266
   0.0289000    0.3761887
   0.0290000    0.3673546
   0.0291000    0.3391219
   0.0292000    0.4195217
   0.0293000    0.4106920
   0.0294000    0.4220185
   0.0295000    0.3807491
   0.0296000    0.3786057
   0.0297000    0.3652386
   0.0298000    0.3472334
   0.0299000    0.4141690
   0.0300000    0.3757187
   0.0301000    0.4439569
   0.0302000    0.4322935
   0.0303000    0.4140339
   0.0304000    0.4679679
   0.0305000    0.4665228
   0.0306000    0.4163777
   0.0307000    0.4423929
   0.0308000    0.3732589
   0.0309000    0.3550327
   0.0310000    0.3654145
   0.0311000    0.3689358
   0.0312000    0.3774616
   0.0313000    0.3350202
   0.0314000    0.3485728
   0.0315000    0.3476368
   0.0316000    0.3392652
   0.0317000    0.3883875
   0.0318000    0.3964446
   0.0319000    0.4101973
   0.0320000    0.3714420
   0.0321000    0.3992087
   0.0322000    0.4200513
   0.0323000    0.3704728
   0.0324000    0.3612851
   0.0325000    0.3624050
   0.0326000    0.3936505
   0.0327000    0.4512063
   0.0328000    0.4293849
   0.0329000    0.3692932
   0.0330000    0.3825359
   0.0331000    0.3770202
   0.0332000    0.3828890
   0.0333000    0.3998374
   0.0334000    0.4067263
   0.0335000    0.4080796
   0.0336000    0.3806519
   0.0337000    0.3530449
   0.0338000    0.3750539
   0.0339000    0.4048468
   0.0340000    0.3657297
   0.0341000    0.3863494
   0.0342000    0.4324661
   0.0343000    0.4407016
   0.0344000    0.4259865
   0.0345000    0.3868186
   0.0346000    0.3559471
   0.0347000    0.4535827
   0.0348000    0.3750675
   0.0349000    0.4770323
   0.0350000    0.4774928
   0.0351000    0.5088879
   0.0352000    0.5213333
   0.0353000    0.4873347
   0.0354000    0.5362331
   0.0355000    0.5568981
   0.0356000    0.6364854
   0.0357000    0.6153392
   0.0358000    0.5740151
   0.0359000    0.5497538
   0.0360000    0.5009285
   0.0361000    0.6625619
   0.0362000    0.6695638
   0.0363000    0.7578467
   0.0364000    0.8443400
   0.0365000    0.8598908
   0.0366000    0.8175895
   0.0367000    0.8045059
   0.0368000    0.8710367
   0.0369000    0.8422732
   0.0370000    0.8006154
   0.0371000    0.8647645
   0.0372000    0.8667678
   0.0373000    0.8651801
   0.0374000    0.8029283
   0.0375000    0.9080292
   0.0376000    0.8066911
   0.0377000    0.8931062
   0.0378000    0.8267083
   0.0379000    0.7696779
   0.0380000    0.8057032
   0.0381000    0.8726183
   0.0382000    0.8720654
   0.0383000    0.7668922
   0.0384000    0.7326887
   0.0385000    0.7222003
   0.0386000    0.8235909
   0.0387000    0.7593204
   0.0388000    0.7861892
   0.0389000    0.6957766
   0.0390000    0.6933293
   0.0391000    0.8821291
   0.0392000    0.9267901
   0.0393000    0.8896952
   0.0394000    0.8184694
   0.0395000    0.8206197
   0.0396000    0.6860955
   0.0397000    0.8420188
   0.0398000    0.7020535
   0.0399000    0.7799692
   0.0400000    0.8041429
   0.0401000    0.7874465
   0.0402000    0.8052262
   0.0403000    0.7595878
   0.0404000    0.7842808
   0.0405000    0.7526153
   0.0406000    0.7645018
   0.0407000    0.7365831
   0.0408000    0.7645862
   0.0409000    0.8198714
   0.0410000    0.8340856
   0.0411000    0.8321865
   0.0412000    0.8916352
   0.0413000    0.8784555
   0.0414000    0.8549227
   0.0415000    0.8055324
   0.0416000    0.8530102
   0.0417000    0.7525343
   0.0418000    0.7255584
   0.0419000    0.7935047
   0.0420000    0.8010474
   0.0421000    0.7999570
   0.0422000    0.7968247
   0.0423000    0.7527384
   0.0424000    0.7806106
   0.0425000    0.7739510
   0.0426000    0.6456805
   0.0427000    0.8169085
   0.0428000    0.7909654
   0.0429000    0.7531674
   0.0430000    0.6480221
   0.0431000    0.7409829
   0.0432000    0.8860718
   0.0433000    0.8170425
   0.0434000    0.8419480
   0.0435000    0.8662386
   0.0436000    0.9058173
   0.0437000    0.9182736
   0.0438000    0.9393464
   0.0439000    0.8503754
   0.0440000    0.8808162
   0.0441000    0.8273547
   0.0442000    0.8166034
   0.0443000    0.8539866
   0.0444000    0.8688576
   0.0445000    0.7959068
   0.0446000    0.8304443
   0.0447000    0.8552914
   0.0448000    0.7883420
   0.0449000    0.8611620
   0.0450000    0.7407564
   0.0451000    0.7351102
   0.0452000    0.8321512
   0.0453000    0.7949930
   0.0454000    0.8408527
   0.0455000    0.8406477
   0.0456000    0.8222820
   0.0457000    0.9159874
   0.0458000    0.8124615
   0.0459000    0.8325149
   0.0460000    0.8840020
   0.0461000    0.9049096
   0.0462000    0.8701463
   0.0463000    0.7614223
   0.0464000    0.7938978
   0.0465000    0.7119668
   0.0466000    0.7909290
   0.0467000    0.8529888
   0.0468000    0.8086402
   0.0469000    0.7949700
   0.0470000    0.7769070
   0.0471000    0.8482349
   0.0472000    0.8556473
   0.0473000    0.8068381
   0.0474000    0.8281730
   0.0475000    0.7762247
   0.0476000    0.7493436
   0.0477000    0.7397141
   0.0478000    0.7229497
   0.0479000    0.8275028
   0.0480000    0.7661716
   0.0481000    0.7490216
   0.0482000    0.8254848
   0.0483000    0.7574403
   0.0484000    0.8916793
   0.0485000    0.7824236
   0.0486000    0.8327873
   0.0487000    0.8776789
   0.0488000    0.9006907
   0.0489000    0.8802034
   0.0490000    0.8942028
   0.0491000    0.8473899
   0.0492000    0.8624381
   0.0493000    0.8068464
   0.0494000    0.8073475
   0.0495000    0.8458647
   0.0496000    0.9368774
   0.0497000    0.8454251
   0.0498000    0.8546942
   0.0499000    0.8763457
   0.0500000    0.8489673
   0.0501000    0.8644547
   0.0502000    0.8092912
   0.0503000    0.8243799
   0.0504000    0.8596053
   0.0505000    0.8080451
   0.0506000    0.8141642
   0.0507000    0.7872251
   0.0508000    0.7557932
   0.0509000    0.7865535
   0.0510000    0.7560405
   0.0511000    0.8785549
   0.0512000    0.7621627
   0.0513000    0.8432301
   0.0514000    0.8890774
   0.0515000    0.8788840
   0.0516000    0.9047574
   0.0517000    0.8808472
   0.0518000    0.8681114
   0.0519000    0.9055145
   0.0520000    0.8660305
   0.0521000    0.9297503
   0.0522000    0.8860737
   0.0523000    0.8752851
   0.0524000    0.8253745
   0.0525000    0.8018965
   0.0526000    0.8159661
   0.0527000    0.8633525
   0.0528000    0.7540477
   0.0529000    0.8144991
   0.0530000    0.7594172
   0.0531000    0.7938576
   0.0532000    0.7531623
   0.0533000    0.7522004
   0.0534000    0.8372437
   0.0535000    0.8121223
   0.0536000    0.8172576
   0.0537000    0.8275104
   0.0538000    0.8177063
   0.0539000    0.7833583
   0.0540000    0.8023300
   0.0541000    0.7391939
   0.0542000    0.7379797
   0.0543000    0.7301974
   0.0544000    0.7822181
   0.0545000    0.6721784
   0.0546000    0.8157706
   0.0547000    0.7420256
   0.0548000    0.7064236
   0.0549000    0.7446423
   0.0550000    0.8247260
   0.0551000    0.8683406
   0.0552000    0.8427615
   0.0553000    0.7967026
   0.0554000    0.8049150
   0.0555000    0.7504781
   0.0556000    0.7988670
   0.0557000    0.8044891
   0.0558000    0.8386478
   0.0559000    0.8141938
   0.0560000    0.8275355
   0.0561000    0.7858346
   0.0562000    0.8004539
   0.0563000    0.7948506
   0.0564000    0.8211925
   0.0565000    0.8005255
   0.0566000    0.8174379
   0.0567000    0.8440182
   0.0568000    0.8585240
   0.0569000    0.7784922
   0.0570000    0.8690788
   0.0571000    0.8160589
   0.0572000    0.7830056
   0.0573000    0.8196486
   0.0574000    0.8002765
   0.0575000    0.8681336
   0.0576000    0.8175039
   0.0577000    0.8610753
   0.0578000    0.7934223
   0.0579000    0.8241830
   0.0580000    0.7763910
   0.0581000    0.7933672
   0.0582000    0.8004559
   0.0583000    0.7723138
   0.0584000    0.8753239
   0.0585000    0.7833869
   0.0586000    0.8230242
   0.0587000    0.7906755
   0.0588000    0.8024105
   0.0589000    0.8429055
   0.0590000    0.8652779
   0.0591000    0.8437513
   0.0592000    0.8473894
   0.0593000    0.8521445
   0.0594000    0.6999962
   0.0595000    0.5238199
   0.0596000    0.5564158
   0.0597000    0.5377140
   0.0598000    0.6165723
   0.0599000    0.4640632
   0.0600000    0.6589189
   0.0601000    0.5419724
   0.0602000    0.5703806
   0.0603000    0.6568058
   0.0604000    0.6211593
   0.0605000    0.5473249
   0.0606000    0.6244437
   0.0607000    0.6040305
   0.0608000    0.6809204
   0.0609000    0.7160218
   0.0610000    0.6820281
   0.0611000    0.6656846
   0.0612000    0.6153734
   0.0613000    0.7322919
   0.0614000    0.7040717
   0.0615000    0.7463179
   0.0616000    0.8016530
   0.0617000    0.7266323
   0.0618000    0.7436134
   0.0619000    0.8259667
   0.0620000    0.7361812
   0.0621000    0.7809289
   0.0622000    0.7287865
   0.0623000    0.7982588
   0.0624000    0.7826715
   0.0625000    0.8308812
   0.0626000    0.7346450
   0.0627000    0.6866115
   0.0628000    0.7140995
   0.0629000    0.7269138
   0.0630000    0.6629611
   0.0631000    0.7493232
   0.0632000    0.7618712
   0.0633000    0.6949530
   0.0634000    0.7088972
   0.0635000    0.7294830
   0.0636000    0.8040113
   0.0637000    0.6961368
   0.0638000    0.7573419
   0.0639000    0.7125609
   0.0640000    0.7764660
   0.0641000    0.7623504
   0.0642000    0.7766923
   0.0643000    0.7252497
   0.0644000    0.7420883
   0.0645000    0.7050510
   0.0646000    0.6622407
   0.0647000    0.6346154
   0.0648000    0.6755159
   0.0649000    0.7445323
   0.0650000    0.8947936
   0.0651000    0.8185482
   0.0652000    0.6890047
   0.0653000    0.7668598
   0.0654000    0.7706482
   0.0655000    0.7520160
   0.0656000    0.7428969
   0.0657000    0.6661385
   0.0658000    0.7966177
   0.0659000    0.6420017
   0.0660000    0.6177638
   0.0661000    0.6436618
   0.0662000    0.6219748
   0.0663000    0.6851950
   0.0664000    0.7450323
   0.0665000    0.7857560
   0.0666000    0.8428282
   0.0667000    0.8250926
   0.0668000    0.6337461
   0.0669000    0.7555901
   0.0670000    0.6804219
   0.0671000    0.8141285
   0.0672000    0.7932734
   0.0673000    0.7045456
   0.0674000    0.7319149
   0.0675000    0.6959572
   0.0676000    0.6822577
   0.0677000    0.6011454
   0.0678000    0.6089948
   0.0679000    0.6100367
   0.0680000    0.6816049
   0.0681000    0.6006410
   0.0682000    0.6098873
   0.0683000    0.5949204
   0.0684000    0.6913555
   0.0685000    0.6583042
   0.0686000    0.7482190
   0.0687000    0.6890466
   0.0688000    0.6526488
   0.0689000    0.5695111
   0.0690000    0.6109658
   0.0691000    0.6109821
   0.0692000    0.7008747
   0.0693000    0.5950552
   0.0694000    0.7214940
   0.0695000    0.6412895
   0.0696000    0.6500078
   0.0697000    0.7076462
   0.0698000    0.6582183
   0.0699000    0.5912307
   0.0700000    0.5082639
   0.0701000    0.4957002
   0.0702000    0.5352030
   0.0703000    0.5350866
   0.0704000    0.5747483
   0.0705000    0.5948265
   0.0706000    0.5324881
   0.0707000    0.5370244
   0.0708000    0.5534263
   0.0709000    0.5058375
   0.0710000    0.5757118
   0.0711000    0.6229002
   0.0712000    0.5425354
   0.0713000    0.5563231
   0.0714000    0.5619190
   0.0715000    0.5931943
   0.0716000    0.5815505
   0.0717000    0.5976056
   0.0718000    0.5808841
   0.0719000    0.5967775
   0.0720000    0.5526966
   0.0721000    0.5199385
   0.0722000    0.5151644
   0.0723000    0.5497730
   0.0724000    0.4785849
   0.0725000    0.5473372
   0.0726000    0.5982875
   0.0727000    0.6408466
   0.0728000    0.6109999
   0.0729000    0.6642816
   0.0730000    0.5897841
   0.0731000    0.6235746
   0.0732000    0.6115642
   0.0733000    0.5910462
   0.0734000    0.7025470
   0.0735000    0.6175870
   0.0736000    0.6006652
   0.0737000    0.5746744
   0.0738000    0.6629095
   0.0739000    0.7649052
   0.0740000    0.8629425
   0.0741000    0.8010150
   0.0742000    0.7277662
   0.0743000    0.8248639
   0.0744000    0.8546258
   0.0745000    0.8192919
   0.0746000    0.8711836
   0.0747000    0.9207937
   0.0748000    0.8932860
   0.0749000    0.8554955
   0.0750000    0.8361227
   0.0751000    0.8251799
   0.0752000    0.8648382
   0.0753000    0.8417015
   0.0754000    0.8737661
   0.0755000    0.8629116
   0.0756000    0.8737993
   0.0757000    0.8733674
   0.0758000    0.9156142
   0.0759000    0.8667234
   0.0760000    0.9028304
   0.0761000    0.8711996
   0.0762000    0.8075694
   0.0763000    0.7200409
   0.0764000    0.6440709
   0.0765000    0.6442773
   0.0766000    0.5199183
   0.0767000    0.5493496
   0.0768000    0.5965245
   0.0769000    0.5704925
   0.0770000    0.5975956
   0.0771000    0.5235309
   0.0772000    0.5285733
   0.0773000    0.6322363
   0.0774000    0.6229945
   0.0775000    0.6800894
   0.0776000    0.6972436
   0.0777000    0.6929447
   0.0778000    0.7356521
   0.0779000    0.7852606
   0.0780000    0.8267044
   0.0781000    0.8161460
   0.0782000    0.8479326
   0.0783000    0.8677049
   0.0784000    0.7643210
   0.0785000    0.8143438
   0.0786000    0.8384997
   0.0787000    0.7861925
   0.0788000    0.7548039
   0.0789000    0.7723075
   0.0790000    0.7272174
   0.0791000    0.6741858
   0.0792000    0.6254033
   0.0793000    0.6494581
   0.0794000    0.7909638
   0.0795000    0.7400652
   0.0796000    0.7249429
   0.0797000    0.7257346
   0.0798000    0.8212878
   0.0799000    0.7227376
   0.0800000    0.7027895
   0.0801000    0.6831362
   0.0802000    0.7100627
   0.0803000    0.6575739
   0.0804000    0.7691040
   0.0805000    0.6972140
   0.0806000    0.8538411
   0.0807000    0.8995829
   0.0808000    0.9361199
   0.0809000    0.9029890
   0.0810000    0.8367058
   0.0811000    0.8455510
   0.0812000    0.9535682
   0.0813000    0.8696942
   0.0814000    0.8575441
   0.0815000    0.9061167
   0.0816000    0.9000957
   0.0817000    0.8841636
   0.0818000    0.9209240
   0.0819000    0.8657634
   0.0820000    0.8301935
   0.0821000    0.8386981
   0.0822000    0.7744892
   0.0823000    0.6816572
   0.0824000    0.8091547
   0.0825000    0.7412886
   0.0826000    0.8260390
   0.0827000    0.9634960
   0.0828000    0.9302186
   0.0829000    0.9460182
   0.0830000    1.0059348
   0.0831000    1.0083084
   0.0832000    1.0770698
   0.0833000    1.0466435
   0.0834000    0.9136273
   0.0835000    0.9169055
   0.0836000    0.8984079
   0.0837000    0.9851171
   0.0838000    0.9577642
   0.0839000    0.8856812
   0.0840000    0.9775904
   0.0841000    0.9690155
   0.0842000    0.9940629
   0.0843000    0.9685023
   0.0844000    1.0165071
   0.0845000    0.9789135
   0.0846000    0.9735748
   0.0847000    0.9456092
   0.0848000    0.9147472
   0.0849000    0.9041240
   0.0850000    0.8798968
   0.0851000    0.9143446
   0.0852000    0.9419052
   0.0853000    0.8784970
   0.0854000    0.8968471
   0.0855000    0.9590645
   0.0856000    0.9196417
   0.0857000    0.8416671
   0.0858000    0.8303629
   0.0859000    0.8770127
   0.0860000    0.8137409
   0.0861000    0.8613381
   0.0862000    1.0434345
   0.0863000    0.9661687
   0.0864000    0.9492407
   0.0865000    0.8493369
   0.0866000    0.9072307
   0.0867000    0.8162610
   0.0868000    1.0288744
   0.0869000    1.0755495
   0.0870000    1.0336270
   0.0871000    0.9354102
   0.0872000    0.9338433
   0.0873000    0.9285673
   0.0874000    0.8874485
   0.0875000    0.9585366
   0.0876000    0.9081137
   0.0877000    1.0185438
   0.0878000    0.9792641
   0.0879000    0.9048504
   0.0880000    0.9491087
   0.0881000    0.9481797
   0.0882000    0.9560773
   0.0883000    0.9891265
   0.0884000    0.9863570
   0.0885000    1.0428977
   0.0886000    1.0331044
   0.0887000    1.1418161
   0.0888000    1.0398964
   0.0889000    1.0830114
   0.0890000    1.0465705
   0.0891000    1.0551220
   0.0892000    0.9866382
   0.0893000    0.9156808
   0.0894000    1.0824414
   0.0895000    1.0902427
   0.0896000    0.9768949
   0.0897000    0.9735181
   0.0898000    0.9033604
   0.0899000    0.9828290
   0.0900000    0.9922494
   0.0901000    0.9554827
   0.0902000    0.9090229
   0.0903000    0.9762642
   0.0904000    0.9143225
   0.0905000    0.9006642
   0.0906000    0.8786965
   0.0907000    0.8387222
   0.0908000    0.8482379
   0.0909000    0.7815014
   0.0910000    0.8670541
   0.0911000    0.8959213
   0.0912000    0.8535068
   0.0913000    0.7515200
   0.0914000    0.7245466
   0.0915000    0.7135543
   0.0916000    0.7356436
   0.0917000    0.6629781
   0.0918000    0.7160950
   0.0919000    0.7708994
   0.0920000    0.7134383
   0.0921000    0.6611392
   0.0922000    0.6505090
   0.0923000    0.6928928
   0.0924000    0.6864817
   0.0925000    0.6587357
   0.0926000    0.6585718
   0.0927000    0.7012978
   0.0928000    0.6948451
   0.0929000    0.6958262
   0.0930000    0.6726987
   0.0931000    0.6663288
   0.0932000    0.7261993
   0.0933000    0.6566246
   0.0934000    0.5908875
   0.0935000    0.6118005
   0.0936000    0.6187335
   0.0937000    0.6384947
   0.0938000    0.6038368
   0.0939000    0.6209719
   0.0940000    0.6038413
   0.0941000    0.6339553
   0.0942000    0.5962279
   0.0943000    0.6141163
   0.0944000    0.5846460
   0.0945000    0.6057912
   0.0946000    0.5590412
   0.0947000    0.5921388
   0.0948000    0.6028538
   0.0949000    0.6089747
   0.0950000    0.5901988
   0.0951000    0.6347476
   0.0952000    0.6244343
   0.0953000    0.6371536
   0.0954000    0.5779786
   0.0955000    0.6053836
   0.0956000    0.6053693
   0.0957000    0.5948981
   0.0958000    0.6334565
   0.0959000    0.7016468
   0.0960000    0.6734013
   0.0961000    0.6477661
   0.0962000    0.6697767
   0.0963000    0.6968287
   0.0964000    0.6537789
   0.0965000    0.6557208
   0.0966000    0.5984873
   0.0967000    0.6156340
   0.0968000    0.6274278
   0.0969000    0.6215841
   0.0970000    0.6606920
   0.0971000    0.6934668
   0.0972000    0.7141500
   0.0973000    0.7316803
   0.0974000    0.7614417
   0.0975000    0.6682137
   0.0976000    0.6638543
   0.0977000    0.6579697
   0.0978000    0.6738483
   0.0979000    0.6493301
   0.0980000    0.6207351
   0.0981000    0.6901788
   0.0982000    0.7152338
   0.0983000    0.7448812
   0.0984000    0.7328747
   0.0985000    0.6966939
   0.0986000    0.7428104
   0.0987000    0.6897262
   0.0988000    0.6255048
   0.0989000    0.6507342
   0.0990000    0.6792217
   0.0991000    0.6785468
   0.0992000    0.6956476
   0.0993000    0.6765360
   0.0994000    0.6569546
   0.0995000    0.6142246
   0.0996000    0.6511365
   0.0997000    0.6065078
   0.0998000    0.6083105
   0.0999000    0.6383390
   0.1000000    0.6267533
   0.1001000    0.6313418
   0.1002000    0.6229483
   0.1003000    0.6886873
   0.1004000    0.6582381
   0.1005000    0.6577185
   0.1006000    0.5990136
   0.1007000    0.6147673
   0.1008000    0.6482900
   0.1009000    0.6006533
   0.1010000    0.6122108
   0.1011000    0.6296412
   0.1012000    0.6013710
   0.1013000    0.6271016
   0.1014000    0.6170152
   0.1015000    0.5857337
   0.1016000    0.6146328
   0.1017000    0.5977334
   0.1018000    0.5774912
   0.1019000    0.6110756
   0.1020000    0.6038506
   0.1021000    0.5976660
   0.1022000    0.5859112
   0.1023000    0.5998056
   0.1024000    0.6486001
   0.1025000    0.6340498
   0.1026000    0.5820068
   0.1027000    0.6337812
   0.1028000    0.5925556
   0.1029000    0.5891988
   0.1030000    0.6054565
   0.1031000    0.6181223
   0.1032000    0.5952506
   0.1033000    0.5633554
   0.1034000    0.5862445
   0.1035000    0.6155381
   0.1036000    0.5974513
   0.1037000    0.5643885
   0.1038000    0.5968860
   0.1039000    0.5855815
   0.1040000    0.5996910
   0.1041000    0.5947980
   0.1042000    0.5824572
   0.1043000    0.6311290
   0.1044000    0.5887459
   0.1045000    0.5767387
   0.1046000    0.5840837
   0.1047000    0.5833746
   0.1048000    0.5946398
   0.1049000    0.6206580
   0.1050000    0.6250219
   0.1051000    0.6158128
   0.1052000    0.6135070
   0.1053000    0.6172972
   0.1054000    0.5892692
   0.1055000    0.6006166
   0.1056000    0.5882593
   0.1057000    0.6171250
   0.1058000    0.5963496
   0.1059000    0.5900900
   0.1060000    0.6005259
   0.1061000    0.5858180
   0.1062000    0.6325030
   0.1063000    0.5727757
   0.1064000    0.5901678
   0.1065000    0.6254821
   0.1066000    0.6530209
   0.1067000    0.6501055
   0.1068000    0.6316087
   0.1069000    0.6174519
   0.1070000    0.6314016
   0.1071000    0.5818706
   0.1072000    0.6077227
   0.1073000    0.6380624
   0.1074000    0.5986559
   0.1075000    0.6274321
   0.1076000    0.6219699
   0.1077000    0.5945207
   0.1078000    0.6015004
   0.1079000    0.5998315
   0.1080000    0.5849463
   0.1081000    0.6041321
   0.1082000    0.5944719
   0.1083000    0.5903361
   0.1084000    0.5652198
   0.1085000    0.5574862
   0.1086000    0.5485823
   0.1087000    0.5539912
   0.1088000    0.5781778
   0.1089000    0.5794840
   0.1090000    0.6188434
   0.1091000    0.6169094
   0.1092000    0.6157373
   0.1093000    0.6158450
   0.1094000    0.5991897
   0.1095000    0.5941597
   0.1096000    0.6196113
   0.1097000    0.6290482
   0.1098000    0.6061351
   0.1099000    0.6047531
   0.1100000    0.6092424
   0.1101000    0.6662005
   0.1102000    0.6275226
   0.1103000    0.6128390
   0.1104000    0.6231188
   0.1105000    0.6568906
   0.1106000    0.6372510
   0.1107000    0.6412878
   0.1108000    0.6404693
   0.1109000    0.6249571
   0.1110000    0.6675667
   0.1111000    0.6535175
   0.1112000    0.6343617
   0.1113000    0.6879444
   0.1114000    0.6687457
   0.1115000    0.6688311
   0.1116000    0.6483415
   0.1117000    0.6689289
   0.1118000    0.6781229
   0.1119000    0.6881583
   0.1120000    0.6270643
   0.1121000    0.6615790
   0.1122000    0.6965954
   0.1123000    0.6170107
   0.1124000    0.6124862
   0.1125000    0.6638939
   0.1126000    0.6857771
   0.1127000    0.7357164
   0.1128000    0.7022514
   0.1129000    0.6693200
   0.1130000    0.6763632
   0.1131000    0.7098371
   0.1132000    0.7047685
   0.1133000    0.6721922
   0.1134000    0.6719207
   0.1135000    0.6672550
   0.1136000    0.6365229
   0.1137000    0.6952384
   0.1138000    0.6622009
   0.1139000    0.6593338
   0.1140000    0.6732996
   0.1141000    0.6761613
   0.1142000    0.6424129
   0.1143000    0.6955592
   0.1144000    0.7594380
   0.1145000    0.7084248
   0.1146000    0.6377467
   0.1147000    0.5728629
   0.1148000    0.6246837
   0.1149000    0.6768884
   0.1150000    0.6794365
   0.1151000    0.7379215
   0.1152000    0.7082481
   0.1153000    0.7058034
   0.1154000    0.6871055
   0.1155000    0.7146271
   0.1156000    0.7457499
   0.1157000    0.7154921
   0.1158000    0.7008430
   0.1159000    0.6947641
   0.1160000    0.6960092
   0.1161000    0.7747525
   0.1162000    0.6883642
   0.1163000    0.7039507
   0.1164000    0.6599493
   0.1165000    0.6732930
   0.1166000    0.6364291
   0.1167000    0.6659749
   0.1168000    0.6492618
   0.1169000    0.6398450
   0.1170000    0.6881035
   0.1171000    0.6098789
   0.1172000    0.6146677
   0.1173000    0.6266580
   0.1174000    0.7175665
   0.1175000    0.7086521
   0.1176000    0.7265040
   0.1177000    0.8946173
   0.1178000    0.8611635
   0.1179000    0.7567449
   0.1180000    0.6908553
   0.1181000    0.6794248
   0.1182000    0.6917959
   0.1183000    0.6801494
   0.1184000    0.6347352
   0.1185000    0.6521415
   0.1186000    0.6563032
   0.1187000    0.6476417
   0.1188000    0.6377234
   0.1189000    0.6695834
   0.1190000    0.6622956
   0.1191000    0.6085089
   0.1192000    0.6595639
   0.1193000    0.6670962
   0.1194000    0.6730983
   0.1195000    0.8424070
   0.1196000    0.7840571
   0.1197000    0.8118436
   0.1198000    0.8628962
   0.1199000    0.8479040
   0.1200000    0.9246274
   0.1201000    0.7635416
   0.1202000    0.7646016
   0.1203000    0.7337635
   0.1204000    0.8671956
   0.1205000    0.9034164
   0.1206000    0.9278269
   0.1207000    0.8318426
   0.1208000    0.7864259
   0.1209000    0.7267088
   0.1210000    0.7154918
   0.1211000    0.6705005
   0.1212000    0.7235323
   0.1213000    0.6617641
   0.1214000    0.6606072
   0.1215000    0.7146060
   0.1216000    0.6670656
   0.1217000    0.6478966
   0.1218000    0.6776644
   0.1219000    0.6410674
   0.1220000    0.6441285
   0.1221000    0.6535182
   0.1222000    0.6417454
   0.1223000    0.6151042
   0.1224000    0.6065382
   0.1225000    0.6560296
   0.1226000    0.6513497
   0.1227000    0.6837050
   0.1228000    0.6645203
   0.1229000    0.7855870
   0.1230000    0.7606505
   0.1231000    0.7765050
   0.1232000    0.7521658
   0.1233000    0.7281194
   0.1234000    0.6932605
   0.1235000    0.7580868
   0.1236000    0.8765838
   0.1237000    0.7496762
   0.1238000    0.6871831
   0.1239000    0.6784974
   0.1240000    0.7977043
   0.1241000    0.8870808
   0.1242000    0.8524272
   0.1243000    0.7511492
   0.1244000    0.7637208
   0.1245000    0.7340306
   0.1246000    0.6758692
   0.1247000    0.6316739
   0.1248000    0.6111259
   0.1249000    0.6362551
   0.1250000    0.6473652
   0.1251000    0.6317323
   0.1252000    0.7048001
   0.1253000    0.6589963
   0.1254000    0.8107811
   0.1255000    0.6929470
   0.1256000    0.7782836
   0.1257000    0.7891103
   0.1258000    0.7813626
   0.1259000    0.8293770
   0.1260000    0.8578923
   0.1261000    0.7413029
   0.1262000    0.7390071
   0.1263000    0.7341837
   0.1264000    0.7589452
   0.1265000    0.6898525
   0.1266000    0.6908767
   0.1267000    0.6969345
   0.1268000    0.6945688
   0.1269000    0.6993123
   0.1270000    0.6853727
   0.1271000    0.6910539
   0.1272000    0.6800578
   0.1273000    0.6729888
   0.1274000    0.6980442
   0.1275000    0.7191001
   0.1276000    0.7633191
   0.1277000    0.7356205
   0.1278000    0.7632903
   0.1279000    0.7196394
   0.1280000    0.7408777
   0.1281000    0.7589702
   0.1282000    0.7306651
   0.1283000    0.7509354
   0.1284000    0.7803029
   0.1285000    0.7544185
   0.1286000    0.7817359
   0.1287000    0.7809535
   0.1288000    0.7707860
   0.1289000    0.7294581
   0.1290000    0.7143164
   0.1291000    0.7770868
   0.1292000    0.7100329
   0.1293000    0.7490683
   0.1294000    0.7183243
   0.1295000    0.6794128
   0.1296000    0.6895431
   0.1297000    0.7071796
   0.1298000    0.7008041
   0.1299000    0.6392187
   0.1300000    0.6305553
   0.1301000    0.6613791
   0.1302000    0.6152996
   0.1303000    0.6486026
   0.1304000    0.6499707
   0.1305000    0.6013266
   0.1306000    0.6304020
   0.1307000    0.6645674
   0.1308000    0.6438065
   0.1309000    0.6333205
   0.1310000    0.6599619
   0.1311000    0.6687464
   0.1312000    0.6476882
   0.1313000    0.6780784
   0.1314000    0.6858050
   0.1315000    0.6859450
   0.1316000    0.7090440
   0.1317000    0.6878627
   0.1318000    0.6896967
   0.1319000    0.6867164
   0.1320000    0.6959528
   0.1321000    0.6873433
   0.1322000    0.7018967
   0.1323000    0.6877223
   0.1324000    0.7030765
   0.1325000    0.6820108
   0.1326000    0.7363555
   0.1327000    0.7063181
   0.1328000    0.7028996
   0.1329000    0.7119983
   0.1330000    0.7465257
   0.1331000    0.7582027
   0.1332000    0.7478789
   0.1333000    0.7426071
   0.1334000    0.7381086
   0.1335000    0.7802398
   0.1336000    0.7212052
   0.1337000    0.7595372
   0.1338000    0.7156830
   0.1339000    0.7073665
   0.1340000    0.7458249
   0.1341000    0.7965117
   0.1342000    0.7592334
   0.1343000    0.7800608
   0.1344000    0.7864234
   0.1345000    0.7328094
   0.1346000    0.7156203
   0.1347000    0.7513331
   0.1348000    0.7180338
   0.1349000    0.7720147
   0.1350000    0.8101763
   0.1351000    0.7483747
   0.1352000    0.7876277
   0.1353000    0.7824479
   0.1354000    0.8208739
   0.1355000    0.8033336
   0.1356000    0.7521335
   0.1357000    0.7459849
   0.1358000    0.7997670
   0.1359000    0.7876263
   0.1360000    0.7991300
   0.1361000    0.8348201
   0.1362000    0.8898770
   0.1363000    0.8430976
   0.1364000    0.8504810
   0.1365000    0.8213514
   0.1366000    0.8552170
   0.1367000    0.8054082
   0.1368000    0.8282627
   0.1369000    0.8863682
   0.1370000    0.8466075
   0.1371000    0.8649636
   0.1372000    0.8035459
   0.1373000    0.7720364
   0.1374000    0.8098377
   0.1375000    0.8067473
   0.1376000    0.8336932
   0.1377000    0.8843147
   0.1378000    0.8950282
   0.1379000    0.8643039
   0.1380000    0.9032855
   0.1381000    0.9142221
   0.1382000    0.9361592
   0.1383000    0.8739799
   0.1384000    0.8920792
   0.1385000    0.9870067
   0.1386000    0.9921322
   0.1387000    0.9354064
   0.1388000    0.9377574
   0.1389000    0.9660721
   0.1390000    1.0215003
   0.1391000    0.9948187
   0.1392000    1.0060190
   0.1393000    1.0270512
   0.1394000    0.9189345
   0.1395000    0.8722165
   0.1396000    0.8383408
   0.1397000    0.8180946
   0.1398000    0.8745317
   0.1399000    0.9081557
   0.1400000    0.8201811
   0.1401000    0.8495000
   0.1402000    0.8015820
   0.1403000    0.7304710
   0.1404000    0.7600794
   0.1405000    0.7876317
   0.1406000    0.7508636
   0.1407000    0.7576541
   0.1408000    0.7602244
   0.1409000    0.7703872
   0.1410000    0.8179361
   0.1411000    0.7929398
   0.1412000    0.8126538
   0.1413000    0.7538790
   0.1414000    0.7442135
   0.1415000    0.7514406
   0.1416000    0.7929807
   0.1417000    0.7751573
   0.1418000    0.7484767
   0.1419000    0.7459670
   0.1420000    0.7356473
   0.1421000    0.7598218
   0.1422000    0.8058725
   0.1423000    0.8119471
   0.1424000    0.7298611
   0.1425000    0.7876837
   0.1426000    0.7719446
   0.1427000    0.8044364
   0.1428000    0.8126259
   0.1429000    0.7704318
   0.1430000    0.7373931
   0.1431000    0.7538386
   0.1432000    0.7485675
   0.1433000    0.8191407
   0.1434000    0.7726683
   0.1435000    0.8240538
   0.1436000    0.8230568
   0.1437000    0.7943833
   0.1438000    0.8811009
   0.1439000    0.8007088
   0.1440000    0.7828277
   0.1441000    0.8171118
   0.1442000    0.7582245
   0.1443000    0.7703093
   0.1444000    0.7386988
   0.1445000    0.7755119
   0.1446000    0.7308558
   0.1447000    0.7446495
   0.1448000    0.7625054
   0.1449000    0.7691907
   0.1450000    0.7355245
   0.1451000    0.7952787
   0.1452000    0.7521878
   0.1453000    0.7944877
   0.1454000    0.7765742
   0.1455000    0.7695777
   0.1456000    0.7737187
   0.1457000    0.7407319
   0.1458000    0.8221769
   0.1459000    0.7639905
   0.1460000    0.7709777
   0.1461000    0.7670311
   0.1462000    0.8086702
   0.1463000    0.7863305
   0.1464000    0.7392743
   0.1465000    0.8168529
   0.1466000    0.8811029
   0.1467000    0.8872542
   0.1468000    0.8599330
   0.1469000    0.9082924
   0.1470000    0.8590087
   0.1471000    0.7780724
   0.1472000    0.7711774
   0.1473000    0.7942996
   0.1474000    0.7763731
   0.1475000    0.8088245
   0.1476000    0.7653456
   0.1477000    0.8289514
   0.1478000    0.9315247
   0.1479000    0.9112400
   0.1480000    0.9300889
   0.1481000    0.9673939
   0.1482000    0.8886310
   0.1483000    0.8305504
   0.1484000    0.8708373
   0.1485000    0.9129070
   0.1486000    0.8089725
   0.1487000    0.9557673
   0.1488000    0.8570312
   0.1489000    0.8580141
   0.1490000    1.0025542
   0.1491000    1.0642818
   0.1492000    0.9511864
   0.1493000    0.9270490
   0.1494000    0.9726041
   0.1495000    0.8835615
   0.1496000    0.9487188
   0.1497000    0.9538745
   0.1498000    0.9333512
   0.1499000    0.8962397
   0.1500000    0.9389321
   0.1501000    0.9149657
   0.1502000    0.8887742
   0.1503000    0.8295782
   0.1504000    0.9768560
   0.1505000    0.9851077
   0.1506000    1.1096046
   0.1507000    1.0287575
   0.1508000    0.9224060
   0.1509000    0.9668815
   0.1510000    0.9062362
   0.1511000    0.8692472
   0.1512000    0.8621519
   0.1513000    0.8841611
   0.1514000    0.8665168
   0.1515000    0.8338196
   0.1516000    0.7390587
   0.1517000    0.7442840
   0.1518000    0.7562788
   0.1519000    0.7685460
   0.1520000    0.7516851
   0.1521000    0.7346501
   0.1522000    0.7636390
   0.1523000    0.8177557
   0.1524000    0.8291475
   0.1525000    0.8182070
   0.1526000    0.8042048
   0.1527000    0.8092334
   0.1528000    0.8277716
   0.1529000    0.8211359
   0.1530000    0.8471233
   0.1531000    0.8034817
   0.1532000    0.7827113
   0.1533000    0.8192157
   0.1534000    0.8121743
   0.1535000    0.7860986
   0.1536000    0.7976505
   0.1537000    0.7827407
   0.1538000    0.7905810
   0.1539000    0.7672179
   0.1540000    0.7833694
   0.1541000    0.8120661
   0.1542000    0.7877504
   0.1543000    0.7819741
   0.1544000    0.7726889
   0.1545000    0.7359864
   0.1546000    0.7289829
   0.1547000    0.7569453
   0.1548000    0.7359277
   0.1549000    0.7478250
   0.1550000    0.7700264
   0.1551000    0.8117138
   0.1552000    0.8041371
   0.1553000    0.8168457
   0.1554000    0.7707493
   0.1555000    0.8223046
   0.1556000    0.7925528
   0.1557000    0.8105692
   0.1558000    0.7552968
   0.1559000    0.7978057
   0.1560000    0.7666625
   0.1561000    0.7523117
   0.1562000    0.7540923
   0.1563000    0.8172628
   0.1564000    0.7464777
   0.1565000    0.7767965
   0.1566000    0.7721822
   0.1567000    0.8129223
   0.1568000    0.8697425
   0.1569000    0.9858139
   0.1570000    0.9772628
   0.1571000    0.9570380
   0.1572000    0.8551233
   0.1573000    0.7979354
   0.1574000    0.7266921
   0.1575000    0.6865303
   0.1576000    0.7452117
   0.1577000    0.6988276
   0.1578000    0.7292182
   0.1579000    0.7470685
   0.1580000    0.7689568
   0.1581000    0.7730538
   0.1582000    0.7777236
   0.1583000    0.6878839
   0.1584000    0.7042438
   0.1585000    0.7001874
   0.1586000    0.7333995
   0.1587000    0.6912446
   0.1588000    0.7602482
   0.1589000    0.7185019
   0.1590000    0.7147963
   0.1591000    0.6987483
   0.1592000    0.7177350
   0.1593000    0.6954643
   0.1594000    0.7265819
   0.1595000    0.7056780
   0.1596000    0.7879409
   0.1597000    0.7812904
   0.1598000    0.7663154
   0.1599000    0.7378288
   0.1600000    0.7177559
   0.1601000    0.7189186
   0.1602000    0.7199465
   0.1603000    0.7548336
   0.1604000    0.7547695
   0.1605000    0.7823853
   0.1606000    0.7351419
   0.1607000    0.7177815
   0.1608000    0.7221748
   0.1609000    0.6990618
   0.1610000    0.7042663
   0.1611000    0.7159919
   0.1612000    0.7042052
   0.1613000    0.7118182
   0.1614000    0.7133368
   0.1615000    0.7005689
   0.1616000    0.7036955
   0.1617000    0.6945390
   0.1618000    0.6905772
   0.1619000    0.7161794
   0.1620000    0.7076339
   0.1621000    0.6936213
   0.1622000    0.7122462
   0.1623000    0.6699446
   0.1624000    0.7313142
   0.1625000    0.6897984
   0.1626000    0.6799929
   0.1627000    0.7194305
   0.1628000    0.7808548
   0.1629000    0.7289727
   0.1630000    0.6708106
   0.1631000    0.6990457
   0.1632000    0.7291889
   0.1633000    0.6821487
   0.1634000    0.7098191
   0.1635000    0.7146397
   0.1636000    0.7245770
   0.1637000    0.7492795
   0.1638000    0.7244848
   0.1639000    0.7748833
   0.1640000    0.7348244
   0.1641000    0.7714468
   0.1642000    0.7683764
   0.1643000    0.7770920
   0.1644000    0.7876447
   0.1645000    0.7668720
   0.1646000    0.7695605
   0.1647000    0.8211383
   0.1648000    0.7784145
   0.1649000    0.7703474
   0.1650000    0.7428741
   0.1651000    0.7576339
   0.1652000    0.7448548
   0.1653000    0.7441934
   0.1654000    0.7561759
   0.1655000    0.7837270
   0.1656000    0.7709654
   0.1657000    0.7402719
   0.1658000    0.7971365
   0.1659000    0.7428550
   0.1660000    0.7387950
   0.1661000    0.7469081
   0.1662000    0.7732523
   0.1663000    0.7172496
   0.1664000    0.7425446
   0.1665000    0.7206320
   0.1666000    0.7418096
   0.1667000    0.7586148
   0.1668000    0.7592661
   0.1669000    0.7793034
   0.1670000    0.7577642
   0.1671000    0.7410305
   0.1672000    0.7469918
   0.1673000    0.7476211
   0.1674000    0.7423753
   0.1675000    0.7463472
   0.1676000    0.7773361
   0.1677000    0.7724670
   0.1678000    0.7136812
   0.1679000    0.8000658
   0.1680000    0.7816978
   0.1681000    0.7874621
   0.1682000    0.7479404
   0.1683000    0.7459929
   0.1684000    0.7384443
   0.1685000    0.7472378
   0.1686000    0.7653770
   0.1687000    0.7538369
   0.1688000    0.7233829
   0.1689000    0.7705593
   0.1690000    0.7848447
   0.1691000    0.7699081
   0.1692000    0.7541922
   0.1693000    0.7866723
   0.1694000    0.7947186
   0.1695000    0.7995574
   0.1696000    0.7921225
   0.1697000    0.7824748
   0.1698000    0.8186127
   0.1699000    0.8125188
   0.1700000    0.7900778
   0.1701000    0.7859223
   0.1702000    0.7949274
   0.1703000    0.7578564
   0.1704000    0.8052037
   0.1705000    0.7806141
   0.1706000    0.7639586
   0.1707000    0.7758353
   0.1708000    0.7768475
   0.1709000    0.8048146
   0.1710000    0.8349955
   0.1711000    0.8164524
   0.1712000    0.8224108
   0.1713000    0.8972013
   0.1714000    0.8039529
   0.1715000    0.7961605
   0.1716000    0.8000633
   0.1717000    0.8383455
   0.1718000    0.7717971
   0.1719000    0.7860878
   0.1720000    0.7709138
   0.1721000    0.8126953
   0.1722000    0.7949733
   0.1723000    0.8146005
   0.1724000    0.8003115
   0.1725000    0.8253660
   0.1726000    0.7890040
   0.1727000    0.8003172
   0.1728000    0.7564530
   0.1729000    0.8427300
   0.1730000    0.7783300
   0.1731000    0.8344186
   0.1732000    0.8684008
   0.1733000    0.8081526
   0.1734000    0.8118238
   0.1735000    0.8541963
   0.1736000    0.8681712
   0.1737000    0.8352017
   0.1738000    0.8169574
   0.1739000    0.8357752
   0.1740000    0.7611531
   0.1741000    0.7567787
   0.1742000    0.7723849
   0.1743000    0.7915168
   0.1744000    0.8796186
   0.1745000    0.8886532
   0.1746000    0.8582471
   0.1747000    0.8536441
   0.1748000    0.8105876
   0.1749000    0.8526653
   0.1750000    0.8596669
   0.1751000    0.8259674
   0.1752000    0.8235425
   0.1753000    0.8281956
   0.1754000    0.8224709
   0.1755000    0.7795452
   0.1756000    0.8153721
   0.1757000    0.7922044
   0.1758000    0.8089805
   0.1759000    0.8392158
   0.1760000    0.8183045
   0.1761000    0.8049082
   0.1762000    0.8102472
   0.1763000    0.8268266
   0.1764000    0.8069308
   0.1765000    0.8095245
   0.1766000    0.8345820
   0.1767000    0.8218107
   0.1768000    0.8133125
   0.1769000    0.8038688
   0.1770000    0.8153808
   0.1771000    0.8221368
   0.1772000    0.8248386
   0.1773000    0.8548808
   0.1774000    0.8238488
   0.1775000    0.8195259
   0.1776000    0.8378072
   0.1777000    0.8676764
   0.1778000    0.8400089
   0.1779000    0.8061877
   0.1780000    0.8446180
   0.1781000    0.8452225
   0.1782000    0.7980602
   0.1783000    0.8472608
   0.1784000    0.8296430
   0.1785000    0.8668635
   0.1786000    0.8412465
   0.1787000    0.8082062
   0.1788000    0.7560138
   0.1789000    0.7375810
   0.1790000    0.7808049
   0.1791000    0.7379493
   0.1792000    0.7745821
   0.1793000    0.7916529
   0.1794000    0.7367829
   0.1795000    0.7415967
   0.1796000    0.7805186
   0.1797000    0.8250683
   0.1798000    0.7649353
   0.1799000    0.7378058
   0.1800000    0.7464523
   0.1801000    0.7504622
   0.1802000    0.7319207
   0.1803000    0.7448248
   0.1804000    0.7663158
   0.1805000    0.7159118
   0.1806000    0.7664903
   0.1807000    0.7448545
   0.1808000    0.7258425
   0.1809000    0.7327059
   0.1810000    0.7106721
   0.1811000    0.7526136
   0.1812000    0.7592863
   0.1813000    0.7100608
   0.1814000    0.7120984
   0.1815000    0.7221813
   0.1816000    0.7343450
   0.1817000    0.7212030
   0.1818000    0.7078909
   0.1819000    0.7198127
   0.1820000    0.7330827
   0.1821000    0.6795762
   0.1822000    0.7328453
   0.1823000    0.7134755
   0.1824000    0.7618303
   0.1825000    0.7695121
   0.1826000    0.6985325
   0.1827000    0.6695852
   0.1828000    0.7097098
   0.1829000    0.7144872
   0.1830000    0.7242711
   0.1831000    0.7388284
   0.1832000    0.6930577
   0.1833000    0.7193879
   0.1834000    0.6914439
   0.1835000    0.7052487
   0.1836000    0.7197757
   0.1837000    0.7063926
   0.1838000    0.7373464
   0.1839000    0.7073736
   0.1840000    0.6949841
   0.1841000    0.7534444
   0.1842000    0.7349334
   0.1843000    0.6886335
   0.1844000    0.7484910
   0.1845000    0.7335837
   0.1846000    0.7685914
   0.1847000    0.7209831
   0.1848000    0.7295436
   0.1849000    0.7028885
   0.1850000    0.7379874
   0.1851000    0.7339594
   0.1852000    0.7142788
   0.1853000    0.7305849
   0.1854000    0.7299055
   0.1855000    0.7471607
   0.1856000    0.7555893
   0.1857000    0.7631689
   0.1858000    0.7475217
   0.1859000    0.7822138
   0.1860000    0.7583434
   0.1861000    0.7592369
   0.1862000    0.7596480
   0.1863000    0.7675869
   0.1864000    0.8079098
   0.1865000    0.8615877
   0.1866000    0.7773229
   0.1867000    0.7634347
   0.1868000    0.7697337
   0.1869000    0.8379890
   0.1870000    0.7766500
   0.1871000    0.7902774
   0.1872000    0.8131538
   0.1873000    0.8239176
   0.1874000    0.8234139
   0.1875000    0.8005218
   0.1876000    0.8223496
   0.1877000    0.8897628
   0.1878000    0.8480899
   0.1879000    0.9184396
   0.1880000    0.9470423
   0.1881000    0.8698279
   0.1882000    0.8633527
   0.1883000    0.8071131
   0.1884000    0.8463799
   0.1885000    0.8326486
   0.1886000    0.8601352
   0.1887000    0.8393412
   0.1888000    0.8567528
   0.1889000    0.8623055
   0.1890000    0.8123719
   0.1891000    0.7868953
   0.1892000    0.8061473
   0.1893000    0.8545007
   0.1894000    0.8173679
   0.1895000    0.8274515
   0.1896000    0.8181505
   0.1897000    0.8132137
   0.1898000    0.8244941
   0.1899000    0.8429723
   0.1900000    0.8302897
   0.1901000    0.8463450
   0.1902000    0.8566011
   0.1903000    0.8391870
   0.1904000    0.8799044
   0.1905000    0.7806097
   0.1906000    0.8049839
   0.1907000    0.7383356
   0.1908000    0.8050112
   0.1909000    0.8003126
   0.1910000    0.8049079
   0.1911000    0.7710965
   0.1912000    0.8234202
   0.1913000    0.7852917
   0.1914000    0.8396829
   0.1915000    0.8328483
   0.1916000    0.7867222
   0.1917000    0.8022294
   0.1918000    0.7665938
   0.1919000    0.7510726
   0.1920000    0.7779803
   0.1921000    0.7762214
   0.1922000    0.8127901
   0.1923000    0.8167377
   0.1924000    0.7937192
   0.1925000    0.7763361
   0.1926000    0.7938255
   0.1927000    0.8150039
   0.1928000    0.7570183
   0.1929000    0.7798992
   0.1930000    0.7779862
   0.1931000    0.8248975
   0.1932000    0.7910951
   0.1933000    0.9056563
   0.1934000    0.8786021
   0.1935000    0.8517632
   0.1936000    0.8480800
   0.1937000    0.8406898
   0.1938000    0.8091289
   0.1939000    0.8388101
   0.1940000    0.7833211
   0.1941000    0.8163654
   0.1942000    0.7746173
   0.1943000    0.7693532
   0.1944000    0.7748486
   0.1945000    0.7874887
   0.1946000    0.7616156
   0.1947000    0.7955287
   0.1948000    0.8403381
   0.1949000    0.7855858
   0.1950000    0.8059207
   0.1951000    0.7733555
   0.1952000    0.8071684
   0.1953000    0.7892524
   0.1954000    0.7738244
   0.1955000    0.8102178
   0.1956000    0.7609975
   0.1957000    0.7852910
   0.1958000    0.7904547
   0.1959000    0.7728131
   0.1960000    0.7735943
   0.1961000    0.8060055
   0.1962000    0.7235318
   0.1963000    0.7236714
   0.1964000    0.7351884
   0.1965000    0.7906824
   0.1966000    0.7303407
   0.1967000    0.7172904
   0.1968000    0.7405841
   0.1969000    0.7402761
   0.1970000    0.7357856
   0.1971000    0.7263745
   0.1972000    0.7053092
   0.1973000    0.7418958
   0.1974000    0.7282850
   0.1975000    0.7692936
   0.1976000    0.7591078
   0.1977000    0.7177168
   0.1978000    0.7664367
   0.1979000    0.7504116
   0.1980000    0.7450374
   0.1981000    0.7448236
   0.1982000    0.6937231
   0.1983000    0.7287838
   0.1984000    0.7328449
   0.1985000    0.7875565
   0.1986000    0.7887123
   0.1987000    0.7918070
   0.1988000    0.7922353
   0.1989000    0.7591680
   0.1990000    0.8024848
   0.1991000    0.7576286
   0.1992000    0.8013211
   0.1993000    0.7412449
   0.1994000    0.7810495
   0.1995000    0.7620668
   0.1996000    0.7553784
   0.1997000    0.7616058
   0.1998000    0.7618327
   0.1999000    0.7595023
   0.2000000    0.7335167
   0.2001000    0.7581681
   0.2002000    0.7725270
   0.2003000    0.8059636
   0.2004000    0.7662310
   0.2005000    0.7930490
   0.2006000    0.8373123
   0.2007000    0.8094887
   0.2008000    0.7473644
   0.2009000    0.7776061
   0.2010000    0.8038856
   0.2011000    0.7693670
   0.2012000    0.7654052
   0.2013000    0.7882887
   0.2014000    0.7572628
   0.2015000    0.7549765
   0.2016000    0.7893801
   0.2017000    0.7929243
   0.2018000    0.8029907
   0.2019000    0.8366593
   0.2020000    0.7277951
   0.2021000    0.8031589
   0.2022000    0.7400972
   0.2023000    0.8150542
   0.2024000    0.8290946
   0.2025000    0.8033834
   0.2026000    0.7673656
   0.2027000    0.7999116
   0.2028000    0.8144959
   0.2029000    0.8399618
   0.2030000    0.8097551
   0.2031000    0.8098646
   0.2032000    0.8291937
   0.2033000    0.7862973
   0.2034000    0.7951322
   0.2035000    0.7353449
   0.2036000    0.8233092
   0.2037000    0.7662390
   0.2038000    0.7670833
   0.2039000    0.7650383
   0.2040000    0.7815990
   0.2041000    0.7911088
   0.2042000    0.7937369
   0.2043000    0.7749822
   0.2044000    0.7619315
   0.2045000    0.7533149
   0.2046000    0.7289537
   0.2047000    0.7458903
   0.2048000    0.7233191
   0.2049000    0.7056128
   0.2050000    0.7175924
   0.2051000    0.7372689
   0.2052000    0.7388819
   0.2053000    0.7187638
   0.2054000    0.7210647
   0.2055000    0.7351233
   0.2056000    0.7521920
   0.2057000    0.7656593
   0.2058000    0.7421081
   0.2059000    0.7521014
   0.2060000    0.7290794
   0.2061000    0.7617173
   0.2062000    0.7761671
   0.2063000    0.7158465
   0.2064000    0.7769921
   0.2065000    0.7208112
   0.2066000    0.7095803
   0.2067000    0.7457380
   0.2068000    0.7756499
   0.2069000    0.7462865
   0.2070000    0.7967610
   0.2071000    0.7801623
   0.2072000    0.7675782
   0.2073000    0.7952087
   0.2074000    0.7544433
   0.2075000    0.7901236
   0.2076000    0.8024917
   0.2077000    0.7521598
   0.2078000    0.8121563
   0.2079000    0.7764596
   0.2080000    0.7846121
   0.2081000    0.7772158
   0.2082000    0.7507222
   0.2083000    0.7569827
   0.2084000    0.7837960
   0.2085000    0.7793770
   0.2086000    0.7477877
   0.2087000    0.8031163
   0.2088000    0.7966656
   0.2089000    0.7887278
   0.2090000    0.7727696
   0.2091000    0.7330399
   0.2092000    0.7510734
   0.2093000    0.7048328
   0.2094000    0.7375687
   0.2095000    0.7446068
   0.2096000    0.7422602
   0.2097000    0.7625747
   0.2098000    0.7187965
   0.2099000    0.7079147
   0.2100000    0.7527289
   0.2101000    0.7961183
   0.2102000    0.7767156
   0.2103000    0.7386256
   0.2104000    0.7397963
   0.2105000    0.7341558
   0.2106000    0.7476181
   0.2107000    0.7777676
   0.2108000    0.7353783
   0.2109000    0.7509238
   0.2110000    0.7464222
   0.2111000    0.7680559
   0.2112000    0.7445171
   0.2113000    0.8205879
   0.2114000    0.8223884
   0.2115000    0.8620245
   0.2116000    0.8595504
   0.2117000    0.8298094
   0.2118000    0.8210142
   0.2119000    0.7927182
   0.2120000    0.7998017
   0.2121000    0.7514737
   0.2122000    0.7230687
   0.2123000    0.7088229
   0.2124000    0.7046142
   0.2125000    0.7525871
   0.2126000    0.7684586
   0.2127000    0.7489598
   0.2128000    0.7958521
   0.2129000    0.8224288
   0.2130000    0.7948197
   0.2131000    0.8244769
   0.2132000    0.9032331
   0.2133000    0.8609468
   0.2134000    0.8915570
   0.2135000    0.8732773
   0.2136000    0.9156352
   0.2137000    0.8381911
   0.2138000    0.7766380
   0.2139000    0.7587922
   0.2140000    0.7968108
   0.2141000    0.7598916
   0.2142000    0.7374538
   0.2143000    0.7044711
   0.2144000    0.7195569
   0.2145000    0.7397827
   0.2146000    0.7510920
   0.2147000    0.7544610
   0.2148000    0.7507152
   0.2149000    0.9770280
   0.2150000    0.9085043
   0.2151000    0.9197933
   0.2152000    0.9926621
   0.2153000    0.9193786
   0.2154000    0.8726709
   0.2155000    0.9587802
   0.2156000    0.8345906
   0.2157000    0.7829466
   0.2158000    0.7764080
   0.2159000    0.7496687
   0.2160000    0.7356260
   0.2161000    0.7920327
   0.2162000    0.7777257
   0.2163000    0.7725337
   0.2164000    0.7398611
   0.2165000    0.8106593
   0.2166000    0.8310527
   0.2167000    0.8298244
   0.2168000    0.8026845
   0.2169000    0.7915867
   0.2170000    0.7548668
   0.2171000    0.8243087
   0.2172000    0.8053712
   0.2173000    0.8557908
   0.2174000    0.9196935
   0.2175000    0.8186423
   0.2176000    0.8679011
   0.2177000    0.8956936
   0.2178000    0.8302428
   0.2179000    0.8361288
   0.2180000    0.8193530
   0.2181000    0.8361501
   0.2182000    0.7953054
   0.2183000    0.7854410
   0.2184000    0.8329853
   0.2185000    0.9179206
   0.2186000    0.8730635
   0.2187000    0.8901860
   0.2188000    0.8827881
   0.2189000    0.8422603
   0.2190000    0.8654416
   0.2191000    0.9106102
   0.2192000    0.8639700
   0.2193000    0.8621336
   0.2194000    0.8476281
   0.2195000    0.8994532
   0.2196000    0.8748931
   0.2197000    0.8893878
   0.2198000    0.9525187
   0.2199000    0.9542040
   0.2200000    0.9169173
   0.2201000    0.8632454
   0.2202000    0.8274934
   0.2203000    0.8997519
   0.2204000    0.9376816
   0.2205000    0.9731643
   0.2206000    0.9039760
   0.2207000    0.7872316
   0.2208000    0.8562269
   0.2209000    0.9478008
   0.2210000    0.9057164
   0.2211000    0.9128098
   0.2212000    0.9276797
   0.2213000    0.8300619
   0.2214000    0.8905994
   0.2215000    0.8093713
   0.2216000    0.7619708
   0.2217000    0.9256277
   0.2218000    0.8790358
   0.2219000    0.9086614
   0.2220000    0.9561115
   0.2221000    0.9866040
   0.2222000    1.0116478
   0.2223000    1.0600281
   0.2224000    0.9494306
   0.2225000    0.9867848
   0.2226000    1.1301630
   0.2227000    0.9866577
   0.2228000    0.9940967
   0.2229000    0.9143187
   0.2230000    0.9640343
   0.2231000    0.8708898
   0.2232000    1.0136510
   0.2233000    0.9912062
   0.2234000    1.0330349
   0.2235000    1.0317557
   0.2236000    0.9851500
   0.2237000    1.0512692
   0.2238000    0.9962328
   0.2239000    1.0878900
   0.2240000    1.1159459
   0.2241000    1.1899071
   0.2242000    1.1491181
   0.2243000    1.0368056
   0.2244000    1.0572701
   0.2245000    1.1123284
   0.2246000    1.1826288
   0.2247000    1.1642245
   0.2248000    1.0694399
   0.2249000    1.1693753
   0.2250000    1.0598065
   0.2251000    1.0054770
   0.2252000    0.9464524
   0.2253000    0.9298108
   0.2254000    0.8995209
   0.2255000    0.8928995
   0.2256000    0.8489556
   0.2257000    0.8351099
   0.2258000    0.8620688
   0.2259000    0.8642629
   0.2260000    0.8528623
   0.2261000    0.8494233
   0.2262000    0.8461950
   0.2263000    0.7999402
   0.2264000    0.8040391
   0.2265000    0.7984667
   0.2266000    0.7927259
   0.2267000    0.8115603
   0.2268000    0.8115280
   0.2269000    0.8325346
   0.2270000    0.8560323
   0.2271000    0.9193171
   0.2272000    0.9861518
   0.2273000    0.9703981
   0.2274000    1.0002666
   0.2275000    0.9765848
   0.2276000    0.8781856
   0.2277000    0.8852240
   0.2278000    0.8800836
   0.2279000    0.8814988
   0.2280000    0.9012817
   0.2281000    0.9249012
   0.2282000    0.8991496
   0.2283000    0.9100069
   0.2284000    0.8548566
   0.2285000    0.8601719
   0.2286000    0.8220150
   0.2287000    0.8258644
   0.2288000    0.8037324
   0.2289000    0.8162684
   0.2290000    0.7973528
   0.2291000    0.7953357
   0.2292000    0.8335402
   0.2293000    0.8084844
   0.2294000    0.8255217
   0.2295000    0.8305392
   0.2296000    0.8420228
   0.2297000    0.8523968
   0.2298000    0.8864627
   0.2299000    0.8696495
   0.2300000    0.8540257
   0.2301000    0.8691853
   0.2302000    0.8995391
   0.2303000    0.8867273
   0.2304000    0.9136024
   0.2305000    0.9039709
   0.2306000    0.8764979
   0.2307000    0.8983932
   0.2308000    0.9021677
   0.2309000    0.9118615
   0.2310000    0.9036431
   0.2311000    0.9117727
   0.2312000    0.8676082
   0.2313000    0.8777681
   0.2314000    0.8692961
   0.2315000    0.8647731
   0.2316000    0.8457090
   0.2317000    0.8750744
   0.2318000    0.8730932
   0.2319000    0.8756320
   0.2320000    0.8846115
   0.2321000    0.8668705
   0.2322000    0.8463808
   0.2323000    0.8205724
   0.2324000    0.8270049
   0.2325000    0.8974536
   0.2326000    0.9079627
   0.2327000    0.8919120
   0.2328000    0.9040427
   0.2329000    0.9249796
   0.2330000    0.9041911
   0.2331000    0.8727436
   0.2332000    0.8966564
   0.2333000    0.8829897
   0.2334000    0.9088805
   0.2335000    0.8435788
   0.2336000    0.8645985
   0.2337000    0.8934531
   0.2338000    0.8865455
   0.2339000    0.9089609
   0.2340000    0.9021792
   0.2341000    0.9159049
   0.2342000    0.8778839
   0.2343000    0.8916183
   0.2344000    0.8728858
   0.2345000    0.8991863
   0.2346000    0.9346840
   0.2347000    0.8965829
   0.2348000    0.8827685
   0.2349000    0.8767981
   0.2350000    0.8945339
   0.2351000    0.8611964
   0.2352000    0.8578857
   0.2353000    0.8460602
   0.2354000    0.8539392
   0.2355000    0.8861433
   0.2356000    0.8478789
   0.2357000    0.8759465
   0.2358000    0.9476449
   0.2359000    0.8984276
   0.2360000    0.9337867
   0.2361000    0.9040036
   0.2362000    0.9150588
   0.2363000    0.8857284
   0.2364000    0.8869657
   0.2365000    0.8878096
   0.2366000    0.8830824
   0.2367000    0.9243993
   0.2368000    0.8902189
   0.2369000    0.9737722
   0.2370000    0.8928631
   0.2371000    0.9077301
   0.2372000    0.9432438
   0.2373000    0.9024887
   0.2374000    0.9280850
   0.2375000    0.8812040
   0.2376000    0.9132458
   0.2377000    0.8581145
   0.2378000    0.9219992
   0.2379000    0.8881566
   0.2380000    0.8250819
   0.2381000    0.9003146
   0.2382000    0.8929728
   0.2383000    0.8774297
   0.2384000    0.9054295
   0.2385000    0.9177783
   0.2386000    0.9152541
   0.2387000    0.8959727
   0.2388000    0.8751687
   0.2389000    0.9155125
   0.2390000    0.9584176
   0.2391000    0.9298052
   0.2392000    0.8829702
   0.2393000    0.9062986
   0.2394000    0.8505868
   0.2395000    0.8770819
   0.2396000    0.8260865
   0.2397000    0.9142128
   0.2398000    0.8829951
   0.2399000    0.8828639
   0.2400000    0.9103670
   0.2401000    0.9265375
   0.2402000    0.9062610
   0.2403000    0.9049283
   0.2404000    0.9114850
   0.2405000    0.9150234
   0.2406000    0.8688043
   0.2407000    0.8970701
   0.2408000    0.8643528
   0.2409000    0.8301675
   0.2410000    0.8302680
   0.2411000    0.8576578
   0.2412000    0.8486480
   0.2413000    0.9137785
   0.2414000    0.9137113
   0.2415000    0.8482164
   0.2416000    0.8396835
   0.2417000    0.8587971
   0.2418000    0.8490121
   0.2419000    0.8692123
   0.2420000    0.8143140
   0.2421000    0.8826718
   0.2422000    0.9114521
   0.2423000    0.9261643
   0.2424000    0.8658029
   0.2425000    0.8661569
   0.2426000    0.8882934
   0.2427000    0.8752581
   0.2428000    0.8923984
   0.2429000    0.8666069
   0.2430000    0.8629816
   0.2431000    0.8406419
   0.2432000    0.8138713
   0.2433000    0.8533593
   0.2434000    0.8346382
   0.2435000    0.8561797
   0.2436000    0.8087510
   0.2437000    0.8268327
   0.2438000    0.8393763
   0.2439000    0.8288177
   0.2440000    0.7939225
   0.2441000    0.8086750
   0.2442000    0.8040659
   0.2443000    0.8154823
   0.2444000    0.7955364
   0.2445000    0.7318446
   0.2446000    0.8006466
   0.2447000    0.8113266
   0.2448000    0.7776654
   0.2449000    0.7899974
   0.2450000    0.7781013
   0.2451000    0.7724780
   0.2452000    0.7230127
   0.2453000    0.7327319
   0.2454000    0.7445419
   0.2455000    0.7730839
   0.2456000    0.7357666
   0.2457000    0.7639140
   0.2458000    0.8118292
   0.2459000    0.8122900
   0.2460000    0.7675747
   0.2461000    0.7786025
   0.2462000    0.7413925
   0.2463000    0.7859504
   0.2464000    0.7678578
   0.2465000    0.8324136
   0.2466000    0.8134282
   0.2467000    0.8120184
   0.2468000    0.8160204
   0.2469000    0.7972229
   0.2470000    0.7718363
   0.2471000    0.7655238
   0.2472000    0.7782271
   0.2473000    0.7471797
   0.2474000    0.7818320
   0.2475000    0.7795735
   0.2476000    0.7566109
   0.2477000    0.7498890
   0.2478000    0.7455162
   0.2479000    0.7606091
   0.2480000    0.8291514
   0.2481000    0.7947176
   0.2482000    0.7543150
   0.2483000    0.7564573
   0.2484000    0.7677766
   0.2485000    0.7906420
   0.2486000    0.7994414
   0.2487000    0.7566578
   0.2488000    0.7616664
   0.2489000    0.7019680
   0.2490000    0.7745707
   0.2491000    0.8086513
   0.2492000    0.8483104
   0.2493000    0.8335696
   0.2494000    0.8123389
   0.2495000    0.7902712
   0.2496000    0.8170786
   0.2497000    0.8213791
   0.2498000    0.8328234
   0.2499000    0.7493183
   0.2500000    0.7791089
   0.2501000    0.7380124
   0.2502000    0.7651262
   0.2503000    0.7642583
   0.2504000    0.7779950
   0.2505000    0.7971539
   0.2506000    0.7536847
   0.2507000    0.7739696
   0.2508000    0.7590013
   0.2509000    0.7504198
   0.2510000    0.7240613
   0.2511000    0.7376049
   0.2512000    0.7422615
   0.2513000    0.7400414
   0.2514000    0.7489776
   0.2515000    0.7551713
   0.2516000    0.7301323
   0.2517000    0.7119822
   0.2518000    0.7095889
   0.2519000    0.7454048
   0.2520000    0.7522776
   0.2521000    0.7500193
   0.2522000    0.7711619
   0.2523000    0.7478902
   0.2524000    0.7510737
   0.2525000    0.7854452
   0.2526000    0.7414163
   0.2527000    0.7105073
   0.2528000    0.7452338
   0.2529000    0.6672695
   0.2530000    0.7250049
   0.2531000    0.7476666
   0.2532000    0.7551256
   0.2533000    0.7492209
   0.2534000    0.7539201
   0.2535000    0.7608682
   0.2536000    0.7095528
   0.2537000    0.7218387
   0.2538000    0.7265471
   0.2539000    0.6947846
   0.2540000    0.6840981
   0.2541000    0.8210762
   0.2542000    0.7324071
   0.2543000    0.8024796
   0.2544000    0.8020027
   0.2545000    0.8113606
   0.2546000    0.8578312
   0.2547000    0.8181000
   0.2548000    0.8867391
   0.2549000    0.8922603
   0.2550000    0.8598362
   0.2551000    0.8357981
   0.2552000    0.8617493
   0.2553000    0.8784705
   0.2554000    0.8321997
   0.2555000    0.9195699
   0.2556000    0.8605606
   0.2557000    0.8025179
   0.2558000    0.8031878
   0.2559000    0.8168973
   0.2560000    0.8444868
   0.2561000    0.8653679
   0.2562000    0.8665101
   0.2563000    0.9362230
   0.2564000    0.8945566
   0.2565000    0.9149147
   0.2566000    0.8361992
   0.2567000    0.8904196
   0.2568000    0.8778834
   0.2569000    0.8961569
   0.2570000    0.8682488
   0.2571000    0.8271663
   0.2572000    0.8585959
   0.2573000    0.8446451
   0.2574000    0.8526846
   0.2575000    0.9069682
   0.2576000    0.8412646
   0.2577000    0.8349878
   0.2578000    0.8312104
   0.2579000    0.9113680
   0.2580000    0.8781291
   0.2581000    0.8463514
   0.2582000    0.8453299
   0.2583000    0.8370863
   0.2584000    0.8702199
   0.2585000    0.8345578
   0.2586000    0.8803968
   0.2587000    0.8077775
   0.2588000    0.8188563
   0.2589000    0.8211614
   0.2590000    0.8687863
   0.2591000    0.9313273
   0.2592000    0.9184798
   0.2593000    0.8206015
   0.2594000    0.8001528
   0.2595000    0.7832569
   0.2596000    0.8300285
   0.2597000    0.8691692
   0.2598000    0.8859556
   0.2599000    0.9611863
   0.2600000    1.0225620
   0.2601000    0.8672377
   0.2602000    0.8618590
   0.2603000    0.9650681
   0.2604000    0.9484267
   0.2605000    1.0162336
   0.2606000    0.9446660
   0.2607000    0.9881085
   0.2608000    1.0173867
   0.2609000    0.8824363
   0.2610000    0.9379715
   0.2611000    0.9670804
   0.2612000    0.9457650
   0.2613000    0.8999426
   0.2614000    0.9240952
   0.2615000    0.9111496
   0.2616000    0.9507246
   0.2617000    0.9014837
   0.2618000    0.9272766
   0.2619000    0.9832790
   0.2620000    0.9969198
   0.2621000    0.9457703
   0.2622000    0.9171477
   0.2623000    1.0240846
   0.2624000    0.9938872
   0.2625000    0.9577751
   0.2626000    0.9973975
   0.2627000    0.9641616
   0.2628000    0.9452980
   0.2629000    0.8890319
   0.2630000    0.8075038
   0.2631000    0.7862232
   0.2632000    0.7725126
   0.2633000    0.7820403
   0.2634000    0.8663747
   0.2635000    0.7741573
   0.2636000    0.6943451
   0.2637000    0.7269666
   0.2638000    0.7823020
   0.2639000    0.8520322
   0.2640000    0.8139043
   0.2641000    0.8758787
   0.2642000    0.8672541
   0.2643000    0.8786715
   0.2644000    0.7970667
   0.2645000    0.7947950
   0.2646000    0.8287078
   0.2647000    0.7511601
   0.2648000    0.7679023
   0.2649000    0.7960263
   0.2650000    0.7234792
   0.2651000    0.7473218
   0.2652000    0.7636517
   0.2653000    0.7908769
   0.2654000    0.7234583
   0.2655000    0.7533110
   0.2656000    0.7027336
   0.2657000    0.7801642
   0.2658000    0.7814388
   0.2659000    0.7539902
   0.2660000    0.7598817
   0.2661000    0.6895554
   0.2662000    0.8111222
   0.2663000    0.7580181
   0.2664000    0.7094294
   0.2665000    0.7568802
   0.2666000    0.7536709
   0.2667000    0.8256223
   0.2668000    0.8161209
   0.2669000    0.8066146
   0.2670000    0.7690390
   0.2671000    0.8185494
   0.2672000    0.8529585
   0.2673000    0.8547740
   0.2674000    0.8573564
   0.2675000    0.7803990
   0.2676000    0.7763281
   0.2677000    0.8143174
   0.2678000    0.7908180
   0.2679000    0.7807004
   0.2680000    0.8443395
   0.2681000    0.8456243
   0.2682000    0.8552082
   0.2683000    0.8064965
   0.2684000    0.7614836
   0.2685000    0.7927750
   0.2686000    0.7598926
   0.2687000    0.7795884
   0.2688000    0.8114094
   0.2689000    0.8975312
   0.2690000    0.8148248
   0.2691000    0.8303574
   0.2692000    0.9556812
   0.2693000    0.8508235
   0.2694000    0.8330445
   0.2695000    0.7867861
   0.2696000    0.8151498
   0.2697000    0.7968071
   0.2698000    0.8068873
   0.2699000    0.8687342
   0.2700000    0.8212815
   0.2701000    0.8171864
   0.2702000    0.8546194
   0.2703000    0.9215322
   0.2704000    0.8574454
   0.2705000    0.9098217
   0.2706000    0.8043695
   0.2707000    0.7612128
   0.2708000    0.7478109
   0.2709000    0.7708209
   0.2710000    0.7725154
   0.2711000    0.8202747
   0.2712000    0.7826862
   0.2713000    0.7913338
   0.2714000    0.9203774
   0.2715000    0.9509286
   0.2716000    0.7745662
   0.2717000    0.7968017
   0.2718000    0.8184978
   0.2719000    0.8618209
   0.2720000    0.8737105
   0.2721000    0.9750896
   0.2722000    0.8466920
   0.2723000    0.8521969
   0.2724000    0.8648890
   0.2725000    0.8618355
   0.2726000    0.9305940
   0.2727000    0.9475544
   0.2728000    0.9631218
   0.2729000    0.9161013
   0.2730000    0.9151025
   0.2731000    0.9134994
   0.2732000    0.8971086
   0.2733000    0.9102057
   0.2734000    0.9888667
   0.2735000    0.9375605
   0.2736000    0.9305245
   0.2737000    0.9634958
   0.2738000    1.0053291
   0.2739000    0.9997188
   0.2740000    1.0113541
   0.2741000    0.9460637
   0.2742000    0.8787436
   0.2743000    1.0114676
   0.2744000    0.9239321
   0.2745000    0.9095133
   0.2746000    0.8834893
   0.2747000    0.9285004
   0.2748000    0.8973612
   0.2749000    1.0246375
   0.2750000    1.0174432
   0.2751000    0.9538283
   0.2752000    0.9001960
   0.2753000    0.9099155
   0.2754000    0.8883033
   0.2755000    0.8287921
   0.2756000    0.7853642
   0.2757000    0.8244114
   0.2758000    0.8431791
   0.2759000    0.8647500
   0.2760000    0.8530465
   0.2761000    0.7916259
   0.2762000    0.7771477
   0.2763000    0.8277053
   0.2764000    0.9002908
   0.2765000    0.8476471
   0.2766000    0.8285089
   0.2767000    0.8359302
   0.2768000    0.8406879
   0.2769000    0.8576188
   0.2770000    0.9174185
   0.2771000    0.9138350
   0.2772000    0.8321097
   0.2773000    0.8202456
   0.2774000    0.8159669
   0.2775000    0.8410640
   0.2776000    0.8389972
   0.2777000    0.8581793
   0.2778000    0.8142371
   0.2779000    0.7830690
   0.2780000    0.8349119
   0.2781000    0.8151241
   0.2782000    0.8679399
   0.2783000    0.7991290
   0.2784000    0.8193824
   0.2785000    0.7939512
   0.2786000    0.7759538
   0.2787000    0.7695911
   0.2788000    0.7865477
   0.2789000    0.7481588
   0.2790000    0.7426201
   0.2791000    0.7370855
   0.2792000    0.7189683
   0.2793000    0.7677128
   0.2794000    0.7685587
   0.2795000    0.7494211
   0.2796000    0.8013895
   0.2797000    0.7883858
   0.2798000    0.7899140
   0.2799000    0.7952839
   0.2800000    0.8137359
   0.2801000    0.8381597
   0.2802000    0.8014526
   0.2803000    0.7971095
   0.2804000    0.8552848
   0.2805000    0.7846958
   0.2806000    0.8247420
   0.2807000    0.8637661
   0.2808000    0.8860596
   0.2809000    0.8344606
   0.2810000    0.8807690
   0.2811000    0.8819887
   0.2812000    0.8824918
   0.2813000    0.8645056
   0.2814000    0.8390300
   0.2815000    0.8777700
   0.2816000    0.8148379
   0.2817000    0.8911855
   0.2818000    0.8576210
   0.2819000    0.8516110
   0.2820000    0.8746012
   0.2821000    0.8695033
   0.2822000    0.8792447
   0.2823000    0.8854477
   0.2824000    0.8497922
   0.2825000    0.8788435
   0.2826000    0.8602814
   0.2827000    0.8241469
   0.2828000    0.8438457
   0.2829000    0.8592419
   0.2830000    0.8460466
   0.2831000    0.8276325
   0.2832000    0.8642399
   0.2833000    0.8370363
   0.2834000    0.8512865
   0.2835000    0.8859648
   0.2836000    0.8825324
   0.2837000    0.8622772
   0.2838000    0.8580916
   0.2839000    0.8395817
   0.2840000    0.8470768
   0.2841000    0.8055537
   0.2842000    0.8425447
   0.2843000    0.8397760
   0.2844000    0.8724307
   0.2845000    0.8340266
   0.2846000    0.8396595
   0.2847000    0.8246973
   0.2848000    0.8179658
   0.2849000    0.8445641
   0.2850000    0.8331416
   0.2851000    0.8694692
   0.2852000    0.8599209
   0.2853000    0.8597339
   0.2854000    0.9195316
   0.2855000    0.8529927
   0.2856000    0.8710697
   0.2857000    0.8608541
   0.2858000    0.8679991
   0.2859000    0.8337104
   0.2860000    0.8691414
   0.2861000    0.8730538
   0.2862000    0.8674913
   0.2863000    0.8904263
   0.2864000    0.8666039
   0.2865000    0.8531167
   0.2866000    0.9117560
   0.2867000    0.8956631
   0.2868000    0.8682629
   0.2869000    0.8523046
   0.2870000    0.8098295
   0.2871000    0.8077803
   0.2872000    0.8156877
   0.2873000    0.8546128
   0.2874000    0.8840609
   0.2875000    0.8438234
   0.2876000    0.8623979
   0.2877000    0.8717237
   0.2878000    0.8710358
   0.2879000    0.8778384
   0.2880000    0.8501715
   0.2881000    0.8508674
   0.2882000    0.8443878
   0.2883000    0.8393043
   0.2884000    0.8431145
   0.2885000    0.8093290
   0.2886000    0.8139520
   0.2887000    0.8099171
   0.2888000    0.8457525
   0.2889000    0.8164633
   0.2890000    0.9326141
   0.2891000    0.8666210
   0.2892000    0.8890468
   0.2893000    0.9063364
   0.2894000    0.8611453
   0.2895000    0.7845122
   0.2896000    0.8425616
   0.2897000    0.8110738
   0.2898000    0.8194318
   0.2899000    0.7926110
   0.2900000    0.7806016
   0.2901000    0.8171875
   0.2902000    0.8212246
   0.2903000    0.7877076
   0.2904000    0.7734872
   0.2905000    0.7789970
   0.2906000    0.7635273
   0.2907000    0.7945566
   0.2908000    0.7777213
   0.2909000    0.8019326
   0.2910000    0.8609366
   0.2911000    0.8710821
   0.2912000    0.9227043
   0.2913000    0.8415554
   0.2914000    0.8659644
   0.2915000    0.8621427
   0.2916000    0.9139546
   0.2917000    0.9135138
   0.2918000    0.8810438
   0.2919000    0.8771867
   0.2920000    0.8785434
   0.2921000    0.8956832
   0.2922000    0.9475893
   0.2923000    0.8869509
   0.2924000    0.8787824
   0.2925000    0.8905007
   0.2926000    0.8424104
   0.2927000    0.8612513
   0.2928000    0.8415549
   0.2929000    0.8289188
   0.2930000    0.8352434
   0.2931000    0.8332828
   0.2932000    0.8556501
   0.2933000    0.8474473
   0.2934000    0.8914065
   0.2935000    0.9061621
   0.2936000    0.8984697
   0.2937000    0.9626398
   0.2938000    0.9563310
   0.2939000    0.9033480
   0.2940000    0.9064536
   0.2941000    0.8185232
   0.2942000    0.8994133
   0.2943000    0.8290232
   0.2944000    0.8564878
   0.2945000    0.8450634
   0.2946000    0.8283752
   0.2947000    0.8494197
   0.2948000    0.8723531
   0.2949000    0.8869367
   0.2950000    0.8535847
   0.2951000    0.9104099
   0.2952000    0.8630083
   0.2953000    0.9240556
   0.2954000    0.8768755
   0.2955000    0.9241891
   0.2956000    0.8907331
   0.2957000    0.8395457
   0.2958000    0.8044825
   0.2959000    0.8182595
   0.2960000    0.7754323
   0.2961000    0.7921112
   0.2962000    0.8540598
   0.2963000    0.8172572
   0.2964000    0.8336349
   0.2965000    0.8499841
   0.2966000    0.8688711
   0.2967000    0.8489854
   0.2968000    0.8835463
   0.2969000    0.8616486
   0.2970000    0.8430017
   0.2971000    0.8026787
   0.2972000    0.8523313
   0.2973000    0.8550909
   0.2974000    0.8509869
   0.2975000    0.8660906
   0.2976000    0.9058363
   0.2977000    0.9283969
   0.2978000    0.9444344
   0.2979000    0.8803292
   0.2980000    0.8462846
   0.2981000    0.8587174
   0.2982000    0.8460083
   0.2983000    0.8338951
   0.2984000    0.8166955
   0.2985000    0.8595780
   0.2986000    0.8578786
   0.2987000    0.8852876
   0.2988000    0.8684791
   0.2989000    0.9027523
   0.2990000    0.8984150
   0.2991000    0.8970504
   0.2992000    0.9005529
   0.2993000    0.7834106
   0.2994000    0.8296459
   0.2995000    0.7994682
   0.2996000    0.7864665
   0.2997000    0.8165447
   0.2998000    0.8564338
   0.2999000    0.8869584
   0.3000000    0.9108350
   0.3001000    0.9011987
   0.3002000    0.8935865
   0.3003000    0.8348057
   0.3004000    0.8671890
   0.3005000    0.8600211
   0.3006000    0.8933781
   0.3007000    0.8429273
   0.3008000    0.8474931
   0.3009000    0.8521811
   0.3010000    0.8143020
   0.3011000    0.8275960
   0.3012000    0.8603928
   0.3013000    0.8252660
   0.3014000    0.8344344
   0.3015000    0.8682622
   0.3016000    0.8488018
   0.3017000    0.7962067
   0.3018000    0.8444599
   0.3019000    0.8217846
   0.3020000    0.7651255
   0.3021000    0.7743627
   0.3022000    0.8113994
   0.3023000    0.8178150
   0.3024000    0.8082118
   0.3025000    0.7846809
   0.3026000    0.7462515
   0.3027000    0.7442033
   0.3028000    0.7432256
   0.3029000    0.7689054
   0.3030000    0.7371417
   0.3031000    0.7276600
   0.3032000    0.7591506
   0.3033000    0.7504326
   0.3034000    0.7514105
   0.3035000    0.7563188
   0.3036000    0.7777702
   0.3037000    0.7225863
   0.3038000    0.7524736
   0.3039000    0.7392673
   0.3040000    0.7798767
   0.3041000    0.7794281
   0.3042000    0.7960136
   0.3043000    0.7493312
   0.3044000    0.7610608
   0.3045000    0.7380635
   0.3046000    0.7868081
   0.3047000    0.7986746
   0.3048000    0.8799931
   0.3049000    0.8284773
   0.3050000    0.8859977
   0.3051000    0.8658429
   0.3052000    0.8793530
   0.3053000    0.8697435
   0.3054000    0.8381264
   0.3055000    0.8182223
   0.3056000    0.7916247
   0.3057000    0.8248092
   0.3058000    0.8107005
   0.3059000    0.7982164
   0.3060000    0.8109408
   0.3061000    0.8058099
   0.3062000    0.8328983
   0.3063000    0.8356785
   0.3064000    0.8209268
   0.3065000    0.7660114
   0.3066000    0.8485378
   0.3067000    0.8385124
   0.3068000    0.7930249
   0.3069000    0.7615269
   0.3070000    0.7619074
   0.3071000    0.8059607
   0.3072000    0.7510178
   0.3073000    0.7492349
   0.3074000    0.7303470
   0.3075000    0.7181356
   0.3076000    0.7604323
   0.3077000    0.7662821
   0.3078000    0.7425266
   0.3079000    0.7921397
   0.3080000    0.7884254
   0.3081000    0.8027796
   0.3082000    0.7794189
   0.3083000    0.8007364
   0.3084000    0.7748842
   0.3085000    0.7673655
   0.3086000    0.7917192
   0.3087000    0.8040450
   0.3088000    0.7701325
   0.3089000    0.7977921
   0.3090000    0.7786176
   0.3091000    0.8422159
   0.3092000    0.8001943
   0.3093000    0.8835207
   0.3094000    0.8548493
   0.3095000    0.8444090
   0.3096000    0.8756955
   0.3097000    0.8530321
   0.3098000    0.8489040
   0.3099000    0.8404853
   0.3100000    0.8085588
   0.3101000    0.8029481
   0.3102000    0.8103864
   0.3103000    0.7877671
   0.3104000    0.8159590
   0.3105000    0.8232792
   0.3106000    0.8259075
   0.3107000    0.8331202
   0.3108000    0.8309447
   0.3109000    0.8301189
   0.3110000    0.8794830
   0.3111000    0.8593051
   0.3112000    0.8963310
   0.3113000    0.9032218
   0.3114000    0.8362895
   0.3115000    0.7754894
   0.3116000    0.7953600
   0.3117000    0.7825316
   0.3118000    0.8322677
   0.3119000    0.8581654
   0.3120000    0.8140467
   0.3121000    0.8613870
   0.3122000    0.8384230
   0.3123000    0.7988532
   0.3124000    0.7772599
   0.3125000    0.7715471
   0.3126000    0.7665318
   0.3127000    0.7571208
   0.3128000    0.7445331
   0.3129000    0.7445855
   0.3130000    0.7744998
   0.3131000    0.7972713
   0.3132000    0.8109277
   0.3133000    0.7978565
   0.3134000    0.8025210
   0.3135000    0.8652267
   0.3136000    0.8037078
   0.3137000    0.8119441
   0.3138000    0.7441885
   0.3139000    0.8432205
   0.3140000    0.7907122
   0.3141000    0.8254697
   0.3142000    0.8563287
   0.3143000    0.8677797
   0.3144000    0.8594433
   0.3145000    0.8430096
   0.3146000    0.8670545
   0.3147000    0.9377157
   0.3148000    0.8508112
   0.3149000    0.8273742
   0.3150000    0.8080065
   0.3151000    0.8123263
   0.3152000    0.8846327
   0.3153000    0.8090955
   0.3154000    0.8676984
   0.3155000    0.8111268
   0.3156000    0.8338904
   0.3157000    0.8533657
   0.3158000    0.8203627
   0.3159000    0.7935739
   0.3160000    0.8508415
   0.3161000    0.8261669
   0.3162000    0.7872835
   0.3163000    0.8445106
   0.3164000    0.9103652
   0.3165000    0.8406171
   0.3166000    0.8788605
   0.3167000    0.8412166
   0.3168000    0.8173362
   0.3169000    0.8196694
   0.3170000    0.8491676
   0.3171000    0.8011202
   0.3172000    0.7992573
   0.3173000    0.8260482
   0.3174000    0.8466463
   0.3175000    0.7875605
   0.3176000    0.8079567
   0.3177000    0.8025260
   0.3178000    0.7706327
   0.3179000    0.8167981
   0.3180000    0.8040755
   0.3181000    0.8028587
   0.3182000    0.8089488
   0.3183000    0.8147728
   0.3184000    0.7820280
   0.3185000    0.8948562
   0.3186000    0.8325801
   0.3187000    0.7854589
   0.3188000    0.9478596
   0.3189000    0.9232851
   0.3190000    0.8301814
   0.3191000    0.9141539
   0.3192000    0.9788494
   0.3193000    0.9340521
   0.3194000    0.9401206
   0.3195000    1.0404749
   0.3196000    0.9323883
   0.3197000    0.9578152
   0.3198000    0.8988412
   0.3199000    0.8734794
   0.3200000    0.8440933
   0.3201000    0.7980521
   0.3202000    0.7754478
   0.3203000    0.7728049
   0.3204000    0.8475434
   0.3205000    0.8420378
   0.3206000    0.9110789
   0.3207000    1.0055705
   0.3208000    0.9881920
   0.3209000    0.9117309
   0.3210000    0.9059042
   0.3211000    0.9304625
   0.3212000    0.9170453
   0.3213000    0.8673341
   0.3214000    0.8674204
   0.3215000    0.8719714
   0.3216000    0.8580122
   0.3217000    0.8353636
   0.3218000    0.8139946
   0.3219000    0.9058448
   0.3220000    0.9118342
   0.3221000    0.8805739
   0.3222000    0.8514443
   0.3223000    0.9527177
   0.3224000    0.9936428
   0.3225000    0.9651977
   0.3226000    0.8819234
   0.3227000    0.8029684
   0.3228000    0.8198143
   0.3229000    0.9052639
   0.3230000    0.9041215
   0.3231000    0.9397836
   0.3232000    1.0593446
   0.3233000    0.9573476
   0.3234000    0.9775255
   0.3235000    1.0022932
   0.3236000    0.9396029
   0.3237000    0.8796101
   0.3238000    0.8600777
   0.3239000    0.8883725
   0.3240000    0.9887002
   0.3241000    0.9226067
   0.3242000    0.9635955
   0.3243000    0.9898564
   0.3244000    0.9180126
   0.3245000    0.9186783
   0.3246000    0.8860986
   0.3247000    0.8952824
   0.3248000    0.8492105
   0.3249000    0.8783315
   0.3250000    0.8656133
   0.3251000    0.8972037
   0.3252000    0.8670022
   0.3253000    0.9269413
   0.3254000    0.9157910
   0.3255000    0.8759728
   0.3256000    0.8893096
   0.3257000    0.9031147
   0.3258000    0.8945196
   0.3259000    0.8793245
   0.3260000    0.8719326
   0.3261000    0.8841487
   0.3262000    0.9025398
   0.3263000    0.8748792
   0.3264000    0.8715203
   0.3265000    0.9528528
   0.3266000    0.9994916
   0.3267000    0.9915383
   0.3268000    0.9562681
   0.3269000    1.0099294
   0.3270000    0.9727039
   0.3271000    1.0266141
   0.3272000    0.9019520
   0.3273000    0.8966227
   0.3274000    0.8589575
   0.3275000    0.8535593
   0.3276000    0.8691860
   0.3277000    0.8461885
   0.3278000    0.8618972
   0.3279000    0.8777324
   0.3280000    0.8655203
   0.3281000    0.8547223
   0.3282000    0.8684087
   0.3283000    0.8639999
   0.3284000    0.8881232
   0.3285000    0.8524071
   0.3286000    0.8617153
   0.3287000    0.8951300
   0.3288000    0.8954384
   0.3289000    0.9051501
   0.3290000    0.9043605
   0.3291000    0.9077312
   0.3292000    0.8456855
   0.3293000    0.8861848
   0.3294000    0.8698911
   0.3295000    0.8933787
   0.3296000    0.9349618
   0.3297000    0.8851143
   0.3298000    0.8877727
   0.3299000    0.9589814
   0.3300000    0.9573906
   0.3301000    0.9032843
   0.3302000    0.8431512
   0.3303000    0.8514981
   0.3304000    0.8649876
   0.3305000    0.8527884
   0.3306000    0.8396477
   0.3307000    0.8148999
   0.3308000    0.8995183
   0.3309000    0.8399501
   0.3310000    0.8706904
   0.3311000    0.8741363
   0.3312000    0.8655441
   0.3313000    0.8993080
   0.3314000    0.8403284
   0.3315000    0.8494399
   0.3316000    0.8452575
   0.3317000    0.8991343
   0.3318000    0.9389355
   0.3319000    0.8116888
   0.3320000    0.8950060
   0.3321000    0.9011528
   0.3322000    0.8514081
   0.3323000    0.8687823
   0.3324000    0.9153757
   0.3325000    0.8662704
   0.3326000    0.8655824
   0.3327000    0.8462209
   0.3328000    0.8196991
   0.3329000    0.8169158
   0.3330000    0.8351822
   0.3331000    0.8224954
   0.3332000    0.8446307
   0.3333000    0.8250803
   0.3334000    0.8609293
   0.3335000    0.8595181
   0.3336000    0.8548207
   0.3337000    0.8701019
   0.3338000    0.8487505
   0.3339000    0.8178536
   0.3340000    0.7871787
   0.3341000    0.8414297
   0.3342000    0.8497860
   0.3343000    0.8795667
   0.3344000    0.8780793
   0.3345000    0.8503364
   0.3346000    0.8457103
   0.3347000    0.8499185
   0.3348000    0.8449537
   0.3349000    0.8731576
   0.3350000    0.8824521
   0.3351000    0.9388273
   0.3352000    0.9641424
   0.3353000    0.9233314
   0.3354000    0.9366444
   0.3355000    0.8684892
   0.3356000    0.9064315
   0.3357000    0.9153823
   0.3358000    0.9351047
   0.3359000    0.9696500
   0.3360000    0.9504461
   0.3361000    0.9467821
   0.3362000    0.8828580
   0.3363000    0.9167064
   0.3364000    0.9264004
   0.3365000    0.8983606
   0.3366000    0.9082735
   0.3367000    0.8696823
   0.3368000    0.8908687
   0.3369000    0.8579190
   0.3370000    0.8226023
   0.3371000    0.8266830
   0.3372000    0.7917015
   0.3373000    0.8503482
   0.3374000    0.8650706
   0.3375000    0.8331870
   0.3376000    0.8948996
   0.3377000    0.8599802
   0.3378000    0.8832996
   0.3379000    0.8654352
   0.3380000    0.9316990
   0.3381000    0.8119574
   0.3382000    0.8277785
   0.3383000    0.7759899
   0.3384000    0.8130467
   0.3385000    0.7850928
   0.3386000    0.8760566
   0.3387000    0.8711296
   0.3388000    0.8452978
   0.3389000    0.8620721
   0.3390000    0.8735579
   0.3391000    0.8911276
   0.3392000    0.8678789
   0.3393000    0.8868843
   0.3394000    0.8693995
   0.3395000    0.8494322
   0.3396000    0.8862604
   0.3397000    0.9066997
   0.3398000    0.8398094
   0.3399000    0.8473904
   0.3400000    0.8566288
   0.3401000    0.8424776
   0.3402000    0.8813107
   0.3403000    0.8744875
   0.3404000    0.8867872
   0.3405000    0.8779516
   0.3406000    0.8699564
   0.3407000    0.8135571
   0.3408000    0.8405142
   0.3409000    0.8377180
   0.3410000    0.7974415
   0.3411000    0.8219708
   0.3412000    0.8090151
   0.3413000    0.8460750
   0.3414000    0.8149608
   0.3415000    0.7822374
   0.3416000    0.7965919
   0.3417000    0.8219714
   0.3418000    0.8609012
   0.3419000    0.8333140
   0.3420000    0.8227755
   0.3421000    0.8603359
   0.3422000    0.9241165
   0.3423000    0.8797453
   0.3424000    0.9271811
   0.3425000    0.9145046
   0.3426000    0.8792950
   0.3427000    0.8767639
   0.3428000    0.8372355
   0.3429000    0.8492767
   0.3430000    0.8291020
   0.3431000    0.7932646
   0.3432000    0.7861255
   0.3433000    0.7915215
   0.3434000    0.8128378
   0.3435000    0.8272316
   0.3436000    0.8138567
   0.3437000    0.8558450
   0.3438000    0.8521931
   0.3439000    0.8277157
   0.3440000    0.8462734
   0.3441000    0.8470521
   0.3442000    0.8494109
   0.3443000    0.8949142
   0.3444000    0.8938133
   0.3445000    0.8661568
   0.3446000    0.8745348
   0.3447000    0.8188785
   0.3448000    0.8268199
   0.3449000    0.8167666
   0.3450000    0.8076532
   0.3451000    0.7939773
   0.3452000    0.8062232
   0.3453000    0.8068378
   0.3454000    0.7939304
   0.3455000    0.8075246
   0.3456000    0.7897497
   0.3457000    0.8209454
   0.3458000    0.7743025
   0.3459000    0.8177932
   0.3460000    0.8455104
   0.3461000    0.8101730
   0.3462000    0.7904201
   0.3463000    0.8171127
   0.3464000    0.8142806
   0.3465000    0.8413453
   0.3466000    0.8534871
   0.3467000    0.8650635
   0.3468000    0.8545465
   0.3469000    0.9244961
   0.3470000    0.8334529
   0.3471000    0.8102328
   0.3472000    0.8200200
   0.3473000    0.8303553
   0.3474000    0.8176370
   0.3475000    0.8197196
   0.3476000    0.7944097
   0.3477000    0.8207165
   0.3478000    0.8450760
   0.3479000    0.8831689
   0.3480000    0.9204520
   0.3481000    0.8763314
   0.3482000    0.9027154
   0.3483000    0.8875437
   0.3484000    0.8931024
   0.3485000    0.8921123
   0.3486000    0.8721551
   0.3487000    0.9156056
   0.3488000    0.8946033
   0.3489000    0.8272029
   0.3490000    0.8731057
   0.3491000    0.8489978
   0.3492000    0.8837653
   0.3493000    0.8472917
   0.3494000    0.8220958
   0.3495000    0.9086993
   0.3496000    0.9026241
   0.3497000    0.8743627
   0.3498000    0.8456380
   0.3499000    0.8437899
   0.3500000    0.9283619
   0.3501000    0.9293932
   0.3502000    0.8749776
   0.3503000    0.9567301
   0.3504000    0.8787870
   0.3505000    0.8730369
   0.3506000    0.8376359
   0.3507000    0.8975346
   0.3508000    0.9318353
   0.3509000    0.8598469
   0.3510000    0.8351252
   0.3511000    0.8352913
   0.3512000    0.8488943
   0.3513000    0.8222490
   0.3514000    0.7795408
   0.3515000    0.7771113
   0.3516000    0.8398970
   0.3517000    0.8717414
   0.3518000    0.9105889
   0.3519000    0.9382022
   0.3520000    1.0177014
   0.3521000    1.0658845
   0.3522000    1.1041125
   0.3523000    1.1024390
   0.3524000    1.0806106
   0.3525000    1.1051697
   0.3526000    1.1291825
   0.3527000    1.0668166
   0.3528000    0.9955487
   0.3529000    0.9441226
   0.3530000    0.9600174
   0.3531000    0.9665612
   0.3532000    0.9555460
   0.3533000    0.9312195
   0.3534000    0.9590567
   0.3535000    0.9951969
   0.3536000    0.9013043
   0.3537000    0.8942315
   0.3538000    0.9483601
   0.3539000    0.9444973
   0.3540000    0.9928015
   0.3541000    0.9266047
   0.3542000    0.9363494
   0.3543000    0.9303876
   0.3544000    0.9546676
   0.3545000    0.9322896
   0.3546000    0.8926963
   0.3547000    1.0154157
   0.3548000    0.9361366
   0.3549000    0.9082708
   0.3550000    0.9340568
   0.3551000    0.9148439
   0.3552000    0.9360322
   0.3553000    0.9796594
   0.3554000    0.8621923
   0.3555000    0.8594825
   0.3556000    0.9015075
   0.3557000    0.9013157
   0.3558000    0.8142843
   0.3559000    0.8479976
   0.3560000    0.8140121
   0.3561000    0.8085833
   0.3562000    0.8099661
   0.3563000    0.7843015
   0.3564000    0.8188848
   0.3565000    0.8241214
   0.3566000    0.8334143
   0.3567000    0.8754144
   0.3568000    0.8227672
   0.3569000    0.8679485
   0.3570000    0.8381736
   0.3571000    0.8132761
   0.3572000    0.8178706
   0.3573000    0.8235660
   0.3574000    0.8261428
   0.3575000    0.8204984
   0.3576000    0.8101534
   0.3577000    0.7911112
   0.3578000    0.8276316
   0.3579000    0.8234532
   0.3580000    0.8088601
   0.3581000    0.8087350
   0.3582000    0.8304334
   0.3583000    0.8219121
   0.3584000    0.8715768
   0.3585000    0.9133727
   0.3586000    0.8679827
   0.3587000    0.8418714
   0.3588000    0.8285903
   0.3589000    0.8359419
   0.3590000    0.8699434
   0.3591000    0.8040801
   0.3592000    0.7908747
   0.3593000    0.7956520
   0.3594000    0.7871073
   0.3595000    0.8243685
   0.3596000    0.8337157
   0.3597000    0.7366173
   0.3598000    0.7686374
   0.3599000    0.7715440
   0.3600000    0.8170682
   0.3601000    0.7465435
   0.3602000    0.7700161
   0.3603000    0.6716162
   0.3604000    0.6851562
   0.3605000    0.7039730
   0.3606000    0.7950386
   0.3607000    0.7199633
   0.3608000    0.7084265
   0.3609000    0.7036622
   0.3610000    0.6921582
   0.3611000    0.7363961
   0.3612000    0.7608582
   0.3613000    0.8232962
   0.3614000    0.8303768
   0.3615000    0.7621040
   0.3616000    0.7331372
   0.3617000    0.7409359
   0.3618000    0.8234587
   0.3619000    0.8541388
   0.3620000    0.8455763
   0.3621000    0.8083546
   0.3622000    0.7919915
   0.3623000    0.8070028
   0.3624000    0.7891561
   0.3625000    0.7810066
   0.3626000    0.7783518
   0.3627000    0.8133124
   0.3628000    0.8585805
   0.3629000    0.7566802
   0.3630000    0.7509148
   0.3631000    0.7704466
   0.3632000    0.7881303
   0.3633000    0.7917092
   0.3634000    0.7463676
   0.3635000    0.7665332
   0.3636000    0.8075109
   0.3637000    0.8045949
   0.3638000    0.7743017
   0.3639000    0.7927848
   0.3640000    0.7971292
   0.3641000    0.8306981
   0.3642000    0.7834105
   0.3643000    0.7779422
   0.3644000    0.7774898
   0.3645000    0.7623212
   0.3646000    0.7730768
   0.3647000    0.8038709
   0.3648000    0.7938524
   0.3649000    0.7725611
   0.3650000    0.8199163
   0.3651000    0.7974613
   0.3652000    0.8092546
   0.3653000    0.8191031
   0.3654000    0.8155720
   0.3655000    0.7993231
   0.3656000    0.8129527
   0.3657000    0.8262714
   0.3658000    0.8162809
   0.3659000    0.8492364
   0.3660000    0.8191945
   0.3661000    0.8004857
   0.3662000    0.7786499
   0.3663000    0.8386421
   0.3664000    0.8449803
   0.3665000    0.8096719
   0.3666000    0.8281284
   0.3667000    0.8138223
   0.3668000    0.8074892
   0.3669000    0.8177080
   0.3670000    0.8184369
   0.3671000    0.8355486
   0.3672000    0.8256743
   0.3673000    0.9209799
   0.3674000    0.8640270
   0.3675000    0.8568341
   0.3676000    0.8097862
   0.3677000    0.8232234
   0.3678000    0.8143629
   0.3679000    0.8021805
   0.3680000    0.8387764
   0.3681000    0.7984378
   0.3682000    0.8057091
   0.3683000    0.8342923
   0.3684000    0.8160456
   0.3685000    0.8064867
   0.3686000    0.8151696
   0.3687000    0.7895873
   0.3688000    0.8274279
   0.3689000    0.8145217
   0.3690000    0.7523820
   0.3691000    0.7769424
   0.3692000    0.7810465
   0.3693000    0.8395849
   0.3694000    0.8527589
   0.3695000    0.8107141
   0.3696000    0.8368672
   0.3697000    0.7957437
   0.3698000    0.7774924
   0.3699000    0.7560638
   0.3700000    0.7537980
   0.3701000    0.8029236
   0.3702000    0.8103211
   0.3703000    0.8121147
   0.3704000    0.8430665
   0.3705000    0.7868817
   0.3706000    0.8158593
   0.3707000    0.8015572
   0.3708000    0.8082759
   0.3709000    0.8504838
   0.3710000    0.8532196
   0.3711000    0.8626708
   0.3712000    0.8758064
   0.3713000    0.8178518
   0.3714000    0.9055583
   0.3715000    0.8506028
   0.3716000    0.8820379
   0.3717000    0.8477869
   0.3718000    0.8487855
   0.3719000    0.8904991
   0.3720000    0.8479798
   0.3721000    0.9185029
   0.3722000    0.9509391
   0.3723000    0.8601125
   0.3724000    0.9357253
   0.3725000    0.8833663
   0.3726000    0.8350468
   0.3727000    0.9112596
   0.3728000    0.8887293
   0.3729000    0.8235854
   0.3730000    0.8653322
   0.3731000    0.8971232
   0.3732000    0.8258746
   0.3733000    0.7616683
   0.3734000    0.7641752
   0.3735000    0.7538968
   0.3736000    0.7670379
   0.3737000    0.7734632
   0.3738000    0.7494596
   0.3739000    0.7617339
   0.3740000    0.7318153
   0.3741000    0.7713923
   0.3742000    0.7543780
   0.3743000    0.7905927
   0.3744000    0.7418870
   0.3745000    0.7416965
   0.3746000    0.7870880
   0.3747000    0.7109895
   0.3748000    0.7618459
   0.3749000    0.7595229
   0.3750000    0.7703408
   0.3751000    0.7646037
   0.3752000    0.7484749
   0.3753000    0.7523882
   0.3754000    0.7376728
   0.3755000    0.7703075
   0.3756000    0.7738209
   0.3757000    0.7675127
   0.3758000    0.7407135
   0.3759000    0.7349335
   0.3760000    0.7886928
   0.3761000    0.7920641
   0.3762000    0.7750000
   0.3763000    0.7368155
   0.3764000    0.7748562
   0.3765000    0.7881103
   0.3766000    0.7674697
   0.3767000    0.7841897
   0.3768000    0.7290445
   0.3769000    0.7451903
   0.3770000    0.7981092
   0.3771000    0.7959622
   0.3772000    0.8071340
   0.3773000    0.8266834
   0.3774000    0.7741606
   0.3775000    0.7878547
   0.3776000    0.8205861
   0.3777000    0.8172597
   0.3778000    0.7648785
   0.3779000    0.7927530
   0.3780000    0.8347413
   0.3781000    0.8121685
   0.3782000    0.7792376
   0.3783000    0.7738636
   0.3784000    0.7399336
   0.3785000    0.6898215
   0.3786000    0.6884528
   0.3787000    0.7015389
   0.3788000    0.7958527
   0.3789000    0.7798498
   0.3790000    0.8249664
   0.3791000    0.8134342
   0.3792000    0.7759237
   0.3793000    0.8049759
   0.3794000    0.8043785
   0.3795000    0.8250306
   0.3796000    0.8219613
   0.3797000    0.8125865
   0.3798000    0.8459412
   0.3799000    0.8428546
   0.3800000    0.7956114
   0.3801000    0.8158138
   0.3802000    0.8383956
   0.3803000    0.7622917
   0.3804000    0.7903006
   0.3805000    0.7665837
   0.3806000    0.7632316
   0.3807000    0.7898629
   0.3808000    0.7514977
   0.3809000    0.7581986
   0.3810000    0.7213365
   0.3811000    0.7489717
   0.3812000    0.7670157
   0.3813000    0.7375162
   0.3814000    0.7616017
   0.3815000    0.7469102
   0.3816000    0.7700998
   0.3817000    0.8132687
   0.3818000    0.8183399
   0.3819000    0.7703193
   0.3820000    0.7557487
   0.3821000    0.7835675
   0.3822000    0.7836473
   0.3823000    0.7519224
   0.3824000    0.7881033
   0.3825000    0.7572888
   0.3826000    0.7656896
   0.3827000    0.7952937
   0.3828000    0.8221636
   0.3829000    0.7922558
   0.3830000    0.8308859
   0.3831000    0.7814307
   0.3832000    0.8111643
   0.3833000    0.7688890
   0.3834000    0.7730270
   0.3835000    0.8159505
   0.3836000    0.7873034
   0.3837000    0.7850544
   0.3838000    0.8207354
   0.3839000    0.8036128
   0.3840000    0.7980008
   0.3841000    0.7565156
   0.3842000    0.7808558
   0.3843000    0.7967007
   0.3844000    0.7144831
   0.3845000    0.7796811
   0.3846000    0.7684156
   0.3847000    0.8035613
   0.3848000    0.7874099
   0.3849000    0.7913872
   0.3850000    0.8266690
   0.3851000    0.7845334
   0.3852000    0.7859107
   0.3853000    0.7706735
   0.3854000    0.8093010
   0.3855000    0.8101714
   0.3856000    0.7965664
   0.3857000    0.8114648
   0.3858000    0.8237987
   0.3859000    0.7688337
   0.3860000    0.7305335
   0.3861000    0.7711440
   0.3862000    0.7375452
   0.3863000    0.7854124
   0.3864000    0.8160191
   0.3865000    0.8519519
   0.3866000    0.8298565
   0.3867000    0.7925531
   0.3868000    0.7892240
   0.3869000    0.7769240
   0.3870000    0.7737234
   0.3871000    0.8689821
   0.3872000    0.8484977
   0.3873000    0.8593985
   0.3874000    0.8170809
   0.3875000    0.8364679
   0.3876000    0.8461068
   0.3877000    0.8039415
   0.3878000    0.7640733
   0.3879000    0.8366666
   0.3880000    0.8242344
   0.3881000    0.8393789
   0.3882000    0.8340124
   0.3883000    0.8488519
   0.3884000    0.7809369
   0.3885000    0.8259075
   0.3886000    0.7930146
   0.3887000    0.7333497
   0.3888000    0.7992582
   0.3889000    0.7648286
   0.3890000    0.7619123
   0.3891000    0.8242833
   0.3892000    0.7694362
   0.3893000    0.7503623
   0.3894000    0.8201747
   0.3895000    0.8304961
   0.3896000    0.7586698
   0.3897000    0.7929102
   0.3898000    0.8495852
   0.3899000    0.8505874
   0.3900000    0.8163481
   0.3901000    0.8224812
   0.3902000    0.8181801
   0.3903000    0.7863656
   0.3904000    0.8084491
   0.3905000    0.8551642
   0.3906000    0.7874119
   0.3907000    0.7790937
   0.3908000    0.7223738
   0.3909000    0.8231254
   0.3910000    0.7566571
   0.3911000    0.7885770
   0.3912000    0.8268068
   0.3913000    0.8299578
   0.3914000    0.8108887
   0.3915000    0.8272603
   0.3916000    0.8283902
   0.3917000    0.8394020
   0.3918000    0.8347508
   0.3919000    0.7672617
   0.3920000    0.8005383
   0.3921000    0.8352753
   0.3922000    0.7951725
   0.3923000    0.7373915
   0.3924000    0.7081711
   0.3925000    0.8006949
   0.3926000    0.8263038
   0.3927000    0.8309413
   0.3928000    0.8484997
   0.3929000    0.8156378
   0.3930000    0.8280535
   0.3931000    0.8348408
   0.3932000    0.7991558
   0.3933000    0.8213504
   0.3934000    0.7543074
   0.3935000    0.8461543
   0.3936000    0.8213114
   0.3937000    0.8163874
   0.3938000    0.7833315
   0.3939000    0.7678307
   0.3940000    0.7816269
   0.3941000    0.7948368
   0.3942000    0.8495887
   0.3943000    0.8610072
   0.3944000    0.8371257
   0.3945000    0.7961626
   0.3946000    0.8604031
   0.3947000    0.8238457
   0.3948000    0.8432043
   0.3949000    0.8365775
   0.3950000    0.8659655
   0.3951000    0.7813681
   0.3952000    0.8774984
   0.3953000    0.8199892
   0.3954000    0.8295329
   0.3955000    0.8415565
   0.3956000    0.8252724
   0.3957000    0.8139426
   0.3958000    0.8155745
   0.3959000    0.8119390
   0.3960000    0.8344529
   0.3961000    0.7653712
   0.3962000    0.8247714
   0.3963000    0.8400586
   0.3964000    0.8231751
   0.3965000    0.8511351
   0.3966000    0.8515703
   0.3967000    0.8459396
   0.3968000    0.8377240
   0.3969000    0.8220478
   0.3970000    0.7807868
   0.3971000    0.8082012
   0.3972000    0.8065281
   0.3973000    0.8162422
   0.3974000    0.7970706
   0.3975000    0.8119718
   0.3976000    0.8333413
   0.3977000    0.8612042
   0.3978000    0.8738537
   0.3979000    0.8254496
   0.3980000    0.8339244
   0.3981000    0.8080085
   0.3982000    0.8016899
   0.3983000    0.8095175
   0.3984000    0.8250424
   0.3985000    0.8335274
   0.3986000    0.8316080
   0.3987000    0.8859972
   0.3988000    0.8590119
