0.000000000000000000e+00  4.035087719298245190e+01
5.000000074505806360e-04  4.035087719298245190e+01
1.000000014901161272e-03  3.771929824561403422e+01
1.500000059604644819e-03  4.078947368421052744e+01
2.000000029802322544e-03  3.596491228070175339e+01
2.500000000000000052e-03  3.728070175438596578e+01
3.000000119209289638e-03  3.640350877192982182e+01
3.499999940395355068e-03  3.859649122807017818e+01
4.000000059604645088e-03  4.035087719298245190e+01
4.499999880790710519e-03  3.859649122807017818e+01
5.000000000000000104e-03  3.991228070175439058e+01
5.500000119209289690e-03  3.508771929824561653e+01
6.000000238418579275e-03  3.991228070175438347e+01
6.499999761581420551e-03  3.859649122807017818e+01
6.999999880790710137e-03  3.377192982456140413e+01
7.499999999999999722e-03  4.035087719298245901e+01
8.000000119209290175e-03  3.771929824561403422e+01
8.500000238418578893e-03  3.728070175438596578e+01
8.999999761581421037e-03  3.640350877192982182e+01
9.499999880790709755e-03  3.771929824561403422e+01
1.000000000000000021e-02  3.684210526315789025e+01
1.049999952316284235e-02  3.684210526315789025e+01
1.100000023841857938e-02  3.640350877192982892e+01
1.149999976158142152e-02  3.859649122807017818e+01
1.200000047683715855e-02  3.859649122807017108e+01
1.250000000000000069e-02  4.122807017543859587e+01
1.299999952316284110e-02  3.859649122807017818e+01
1.350000023841857986e-02  3.815789473684210265e+01
1.399999976158142027e-02  4.210526315789473983e+01
1.450000047683715904e-02  3.991228070175439058e+01
1.499999999999999944e-02  4.210526315789473983e+01
1.549999952316284159e-02  3.771929824561403422e+01
1.600000023841858035e-02  4.166666666666666430e+01
1.649999976158142076e-02  4.035087719298245190e+01
1.700000047683715779e-02  3.991228070175438347e+01
1.750000000000000167e-02  4.166666666666666430e+01
1.799999952316284207e-02  3.903508771929824661e+01
1.850000023841857910e-02  4.210526315789473983e+01
1.899999976158141951e-02  3.903508771929824661e+01
1.950000047683715654e-02  4.122807017543859587e+01
2.000000000000000042e-02  3.859649122807017818e+01
2.049999952316284083e-02  4.035087719298245901e+01
2.099999904632568470e-02  3.859649122807017818e+01
2.150000095367431488e-02  4.166666666666666430e+01
2.200000047683715876e-02  3.771929824561404132e+01
2.249999999999999917e-02  4.078947368421052744e+01
2.299999952316284305e-02  4.210526315789473983e+01
2.349999904632568345e-02  4.078947368421052744e+01
2.400000095367431710e-02  4.166666666666667140e+01
2.450000047683715751e-02  3.728070175438596578e+01
2.500000000000000139e-02  4.078947368421052744e+01
2.549999952316284180e-02  3.815789473684210975e+01
2.599999904632568221e-02  3.991228070175438347e+01
2.650000095367431585e-02  3.859649122807017818e+01
2.700000047683715973e-02  3.640350877192982892e+01
2.750000000000000014e-02  3.771929824561403422e+01
2.799999952316284055e-02  3.728070175438596578e+01
2.849999904632568443e-02  4.385964912280702066e+01
2.900000095367431807e-02  3.771929824561404132e+01
2.950000047683715848e-02  4.122807017543859587e+01
2.999999999999999889e-02  3.859649122807017108e+01
3.049999952316284277e-02  4.035087719298245190e+01
3.099999904632568318e-02  3.859649122807017818e+01
3.150000095367431335e-02  3.903508771929824661e+01
3.200000047683716070e-02  4.122807017543859587e+01
3.250000000000000111e-02  3.552631578947368496e+01
3.299999952316284152e-02  3.640350877192982182e+01
3.349999904632568193e-02  3.903508771929824661e+01
3.400000095367431557e-02  3.815789473684210975e+01
3.450000047683715598e-02  3.991228070175439058e+01
3.500000000000000333e-02  3.815789473684210265e+01
3.549999952316284374e-02  3.903508771929824661e+01
3.599999904632568415e-02  3.771929824561403422e+01
3.650000095367431779e-02  3.859649122807017108e+01
3.700000047683715820e-02  3.947368421052631504e+01
3.749999999999999861e-02  3.728070175438596578e+01
3.799999952316283902e-02  3.552631578947368496e+01
3.849999904632568637e-02  3.640350877192982182e+01
3.900000095367431308e-02  4.122807017543859587e+01
3.950000047683716042e-02  4.122807017543860297e+01
4.000000000000000083e-02  3.991228070175439058e+01
4.050000190734863448e-02  4.122807017543860297e+01
4.099999904632568165e-02  4.166666666666666430e+01
4.150000095367431530e-02  3.859649122807017818e+01
4.199999809265136941e-02  3.464912280701754810e+01
4.250000000000000305e-02  4.122807017543859587e+01
4.300000190734862976e-02  3.552631578947368496e+01
4.349999904632568387e-02  3.771929824561403422e+01
4.400000095367431752e-02  4.035087719298245190e+01
4.449999809265136469e-02  4.078947368421052744e+01
4.499999999999999833e-02  3.859649122807017818e+01
4.550000190734863198e-02  3.947368421052631504e+01
4.599999904632568609e-02  3.684210526315789025e+01
4.650000095367431974e-02  3.815789473684210265e+01
4.699999809265136691e-02  4.078947368421052744e+01
4.750000000000000056e-02  4.166666666666667140e+01
4.800000190734863420e-02  4.078947368421052744e+01
4.849999904632568137e-02  3.333333333333333570e+01
4.900000095367431502e-02  3.859649122807017818e+01
4.949999809265136913e-02  3.815789473684210975e+01
5.000000000000000278e-02  3.771929824561403422e+01
5.050000190734862948e-02  3.728070175438596578e+01
5.099999904632568359e-02  3.684210526315789735e+01
5.150000095367431724e-02  3.596491228070175339e+01
5.199999809265136441e-02  3.464912280701754099e+01
5.249999999999999806e-02  4.210526315789473273e+01
5.300000190734863170e-02  3.947368421052631504e+01
5.349999904632568581e-02  3.728070175438596578e+01
5.400000095367431946e-02  3.771929824561404132e+01
5.449999809265136663e-02  3.859649122807017818e+01
5.500000000000000028e-02  3.859649122807017818e+01
5.550000190734863392e-02  3.903508771929824661e+01
5.599999904632568110e-02  3.508771929824561653e+01
5.650000095367431474e-02  3.684210526315789735e+01
5.699999809265136885e-02  3.464912280701754810e+01
5.750000000000000250e-02  4.122807017543859587e+01
5.800000190734863614e-02  4.210526315789473983e+01
5.849999904632568332e-02  3.903508771929824661e+01
5.900000095367431696e-02  4.078947368421052744e+01
5.949999809265136413e-02  3.859649122807017108e+01
5.999999999999999778e-02  3.771929824561403422e+01
6.050000190734863142e-02  3.815789473684210975e+01
6.099999904632568554e-02  4.078947368421052744e+01
6.150000095367431918e-02  4.078947368421052744e+01
6.199999809265136635e-02  3.903508771929824661e+01
6.250000000000000000e-02  3.684210526315789025e+01
6.300000190734862671e-02  4.342105263157894512e+01
6.349999904632568082e-02  4.122807017543859587e+01
6.400000095367432140e-02  3.903508771929824661e+01
6.449999809265136164e-02  4.078947368421052744e+01
6.500000000000000222e-02  3.947368421052631504e+01
6.550000190734862893e-02  3.903508771929824661e+01
6.599999904632568304e-02  3.684210526315789025e+01
6.650000095367430974e-02  3.903508771929824661e+01
6.699999809265136386e-02  3.903508771929824661e+01
6.750000000000000444e-02  3.815789473684210265e+01
6.800000190734863115e-02  4.035087719298245901e+01
6.849999904632568526e-02  4.035087719298245901e+01
6.900000095367431197e-02  3.947368421052631504e+01
6.949999809265136608e-02  3.991228070175438347e+01
7.000000000000000666e-02  3.903508771929824661e+01
7.050000190734863337e-02  3.903508771929824661e+01
7.099999904632568748e-02  3.771929824561403422e+01
7.150000095367431419e-02  3.728070175438595868e+01
7.199999809265136830e-02  3.903508771929824661e+01
7.249999999999999500e-02  4.254385964912280826e+01
7.300000190734863559e-02  4.254385964912280826e+01
7.349999904632568970e-02  4.078947368421052744e+01
7.400000095367431641e-02  4.078947368421052744e+01
7.449999809265137052e-02  3.815789473684210265e+01
7.499999999999999722e-02  4.035087719298245190e+01
7.550000190734863781e-02  4.254385964912280826e+01
7.599999904632567804e-02  4.166666666666667140e+01
7.650000095367431863e-02  3.771929824561404132e+01
7.699999809265137274e-02  3.903508771929824661e+01
7.749999999999999944e-02  3.903508771929824661e+01
7.800000190734862615e-02  4.342105263157895223e+01
7.849999904632568026e-02  3.859649122807017108e+01
7.900000095367432085e-02  4.078947368421052744e+01
7.949999809265136108e-02  4.298245614035087669e+01
8.000000000000000167e-02  3.771929824561403422e+01
8.050000190734862837e-02  3.991228070175438347e+01
8.100000381469726896e-02  3.815789473684210975e+01
8.149999618530273660e-02  3.728070175438596578e+01
8.199999809265136330e-02  3.947368421052631504e+01
8.250000000000000389e-02  3.377192982456140413e+01
8.300000190734863059e-02  3.596491228070175339e+01
8.350000381469727118e-02  3.771929824561403422e+01
8.399999618530273882e-02  4.035087719298245901e+01
8.449999809265136552e-02  4.078947368421052744e+01
8.500000000000000611e-02  3.596491228070175339e+01
8.550000190734863281e-02  3.859649122807017818e+01
8.600000381469725952e-02  3.903508771929824661e+01
8.649999618530274104e-02  3.464912280701754810e+01
8.699999809265136774e-02  3.464912280701754099e+01
8.749999999999999445e-02  4.210526315789473273e+01
8.800000190734863503e-02  4.035087719298245901e+01
8.850000381469726174e-02  3.508771929824560942e+01
8.899999618530272938e-02  3.684210526315789025e+01
8.949999809265136996e-02  3.728070175438595868e+01
8.999999999999999667e-02  3.859649122807017818e+01
9.050000190734863725e-02  4.210526315789473983e+01
9.100000381469726396e-02  3.903508771929824661e+01
9.149999618530273160e-02  3.596491228070175339e+01
9.199999809265137218e-02  3.771929824561403422e+01
9.249999999999999889e-02  4.035087719298245190e+01
9.300000190734863947e-02  3.596491228070175339e+01
9.350000381469726618e-02  3.859649122807017818e+01
9.399999618530273382e-02  4.166666666666667140e+01
9.449999809265136053e-02  3.815789473684210975e+01
9.500000000000000111e-02  3.640350877192982892e+01
9.550000190734862782e-02  3.684210526315789735e+01
9.600000381469726840e-02  3.771929824561403422e+01
9.649999618530273604e-02  4.078947368421052033e+01
9.699999809265136275e-02  4.517543859649123306e+01
9.750000000000000333e-02  4.078947368421052744e+01
9.800000190734863004e-02  4.298245614035087669e+01
9.850000381469727062e-02  4.035087719298245190e+01
9.899999618530273826e-02  4.122807017543859587e+01
9.949999809265136497e-02  4.254385964912280826e+01
1.000000000000000056e-01  4.517543859649122595e+01
1.005000019073486323e-01  4.210526315789473983e+01
1.010000038146972590e-01  4.035087719298245190e+01
1.014999961853027405e-01  4.298245614035087669e+01
1.019999980926513672e-01  3.947368421052631504e+01
1.024999999999999939e-01  4.254385964912280826e+01
1.030000019073486345e-01  4.298245614035087669e+01
1.035000038146972612e-01  4.473684210526315752e+01
1.039999961853027288e-01  4.429824561403508909e+01
1.044999980926513694e-01  3.991228070175439058e+01
1.049999999999999961e-01  3.903508771929824661e+01
1.055000019073486367e-01  4.210526315789473273e+01
1.060000038146972634e-01  4.298245614035087669e+01
1.064999961853027310e-01  4.035087719298245190e+01
1.069999980926513716e-01  4.210526315789473983e+01
1.074999999999999983e-01  4.254385964912280826e+01
1.080000019073486389e-01  4.035087719298245901e+01
1.085000038146972656e-01  4.078947368421052744e+01
1.089999961853027333e-01  4.210526315789473273e+01
1.094999980926513738e-01  4.210526315789473273e+01
1.100000000000000006e-01  4.517543859649122595e+01
1.105000019073486273e-01  4.166666666666666430e+01
1.110000038146972678e-01  4.517543859649123306e+01
1.114999961853027355e-01  4.166666666666666430e+01
1.119999980926513622e-01  4.078947368421052744e+01
1.125000000000000028e-01  4.385964912280701355e+01
1.130000019073486295e-01  4.254385964912280826e+01
1.135000038146972701e-01  4.035087719298245190e+01
1.139999961853027377e-01  3.903508771929824661e+01
1.144999980926513644e-01  4.210526315789473983e+01
1.150000000000000050e-01  3.991228070175438347e+01
1.155000019073486317e-01  4.035087719298245190e+01
1.160000038146972723e-01  4.210526315789473983e+01
1.164999961853027399e-01  3.859649122807017108e+01
1.169999980926513666e-01  4.078947368421052744e+01
1.174999999999999933e-01  3.859649122807017818e+01
1.180000019073486339e-01  3.815789473684210975e+01
1.185000038146972606e-01  3.947368421052631504e+01
1.189999961853027283e-01  4.078947368421052744e+01
1.194999980926513689e-01  3.903508771929824661e+01
1.199999999999999956e-01  3.903508771929824661e+01
1.205000019073486361e-01  4.122807017543859587e+01
1.210000038146972628e-01  3.991228070175439058e+01
1.214999961853027305e-01  4.473684210526315752e+01
1.219999980926513711e-01  4.210526315789473983e+01
1.224999999999999978e-01  4.298245614035087669e+01
1.230000019073486384e-01  4.254385964912280826e+01
1.235000038146972651e-01  3.596491228070175339e+01
1.239999961853027327e-01  4.649122807017543835e+01
1.244999980926513733e-01  3.947368421052631504e+01
1.250000000000000000e-01  3.947368421052631504e+01
1.255000019073486406e-01  3.859649122807017818e+01
1.260000038146972534e-01  3.859649122807017818e+01
1.264999961853027211e-01  4.078947368421052033e+01
1.269999980926513616e-01  4.298245614035087669e+01
1.275000000000000022e-01  3.947368421052631504e+01
1.280000019073486428e-01  4.166666666666666430e+01
1.285000038146972556e-01  3.903508771929824661e+01
1.289999961853027233e-01  3.859649122807017818e+01
1.294999980926513639e-01  4.210526315789473983e+01
1.300000000000000044e-01  3.991228070175438347e+01
1.305000019073486450e-01  4.166666666666667140e+01
1.310000038146972579e-01  3.815789473684210265e+01
1.314999961853027255e-01  4.385964912280701355e+01
1.319999980926513661e-01  4.254385964912280826e+01
1.325000000000000067e-01  3.859649122807017108e+01
1.330000019073486195e-01  4.078947368421052744e+01
1.335000038146972601e-01  4.210526315789473273e+01
1.339999961853027277e-01  3.947368421052631504e+01
1.344999980926513683e-01  4.035087719298245190e+01
1.350000000000000089e-01  4.210526315789473983e+01
1.355000019073486217e-01  3.947368421052631504e+01
1.360000038146972623e-01  4.122807017543860297e+01
1.364999961853027299e-01  4.429824561403508909e+01
1.369999980926513705e-01  3.815789473684210265e+01
1.375000000000000111e-01  4.298245614035087669e+01
1.380000019073486239e-01  3.684210526315789735e+01
1.385000038146972645e-01  4.078947368421052744e+01
1.389999961853027322e-01  4.078947368421052744e+01
1.394999980926513727e-01  3.947368421052631504e+01
1.400000000000000133e-01  3.859649122807017818e+01
1.405000019073486262e-01  4.298245614035087669e+01
1.410000038146972667e-01  4.078947368421052744e+01
1.414999961853027344e-01  4.298245614035087669e+01
1.419999980926513750e-01  3.903508771929824661e+01
1.424999999999999878e-01  4.385964912280701355e+01
1.430000019073486284e-01  4.035087719298245901e+01
1.435000038146972690e-01  3.947368421052631504e+01
1.439999961853027366e-01  3.903508771929824661e+01
1.444999980926513772e-01  4.078947368421052744e+01
1.449999999999999900e-01  4.078947368421052744e+01
1.455000019073486306e-01  3.728070175438595868e+01
1.460000038146972712e-01  3.771929824561403422e+01
1.464999961853027388e-01  3.815789473684210975e+01
1.469999980926513794e-01  4.210526315789473983e+01
1.474999999999999922e-01  4.210526315789473983e+01
1.480000019073486328e-01  4.122807017543859587e+01
1.485000038146972734e-01  3.947368421052631504e+01
1.489999961853027410e-01  4.254385964912280826e+01
1.494999980926513539e-01  4.078947368421052744e+01
1.499999999999999944e-01  4.517543859649122595e+01
1.505000019073486350e-01  3.640350877192982892e+01
1.510000038146972756e-01  3.903508771929824661e+01
1.514999961853027433e-01  4.166666666666667140e+01
1.519999980926513561e-01  3.903508771929824661e+01
1.524999999999999967e-01  4.078947368421052744e+01
1.530000019073486373e-01  4.342105263157895223e+01
1.535000038146972778e-01  4.078947368421052744e+01
1.539999961853027455e-01  4.035087719298245190e+01
1.544999980926513583e-01  4.166666666666666430e+01
1.549999999999999989e-01  4.035087719298245190e+01
1.555000019073486395e-01  4.035087719298245901e+01
1.560000038146972523e-01  4.342105263157894512e+01
1.564999961853027477e-01  4.254385964912280826e+01
1.569999980926513605e-01  4.035087719298245190e+01
1.575000000000000011e-01  4.166666666666666430e+01
1.580000019073486417e-01  4.254385964912280826e+01
1.585000038146972545e-01  4.210526315789473983e+01
1.589999961853027222e-01  4.078947368421052033e+01
1.594999980926513627e-01  4.385964912280702066e+01
1.600000000000000033e-01  4.166666666666667140e+01
1.604999923706054710e-01  4.298245614035087669e+01
1.610000038146972567e-01  4.298245614035087669e+01
1.614999961853027244e-01  4.210526315789473983e+01
1.620000076293945379e-01  4.254385964912280826e+01
1.625000000000000056e-01  3.903508771929824661e+01
1.629999923706054732e-01  4.166666666666667140e+01
1.635000038146972590e-01  4.385964912280702066e+01
1.639999961853027266e-01  4.385964912280702066e+01
1.645000076293945401e-01  4.473684210526316463e+01
1.650000000000000078e-01  4.605263157894736992e+01
1.654999923706054754e-01  4.078947368421052744e+01
1.660000038146972612e-01  4.166666666666666430e+01
1.664999961853027288e-01  3.947368421052631504e+01
1.670000076293945424e-01  4.035087719298245901e+01
1.675000000000000100e-01  3.903508771929824661e+01
1.679999923706054776e-01  3.991228070175438347e+01
1.685000038146972634e-01  4.517543859649122595e+01
1.689999961853027310e-01  4.429824561403508909e+01
1.695000076293945446e-01  3.991228070175438347e+01
1.700000000000000122e-01  3.859649122807017818e+01
1.704999923706054799e-01  4.254385964912280826e+01
1.710000038146972656e-01  4.649122807017543835e+01
1.714999961853027333e-01  4.166666666666667140e+01
1.720000076293945190e-01  4.078947368421052744e+01
1.724999999999999867e-01  4.078947368421052744e+01
1.729999923706054821e-01  4.078947368421052744e+01
1.735000038146972678e-01  4.210526315789473273e+01
1.739999961853027355e-01  3.991228070175438347e+01
1.745000076293945213e-01  4.649122807017544545e+01
1.749999999999999889e-01  4.035087719298245190e+01
1.754999923706054565e-01  4.254385964912280826e+01
1.760000038146972701e-01  4.254385964912280826e+01
1.764999961853027377e-01  4.342105263157894512e+01
1.770000076293945235e-01  4.078947368421052744e+01
1.774999999999999911e-01  4.473684210526316463e+01
1.779999923706054588e-01  3.991228070175438347e+01
1.785000038146972723e-01  4.166666666666667140e+01
1.789999961853027399e-01  4.122807017543859587e+01
1.795000076293945257e-01  4.385964912280702066e+01
1.799999999999999933e-01  4.035087719298245901e+01
1.804999923706054610e-01  4.078947368421052744e+01
1.810000038146972745e-01  3.859649122807017818e+01
1.814999961853027421e-01  4.035087719298245190e+01
1.820000076293945279e-01  3.947368421052631504e+01
1.824999999999999956e-01  4.078947368421052744e+01
1.829999923706054632e-01  4.210526315789473983e+01
1.835000038146972767e-01  4.166666666666667140e+01
1.839999961853027444e-01  3.991228070175439058e+01
1.845000076293945301e-01  4.035087719298245190e+01
1.849999999999999978e-01  4.122807017543860297e+01
1.854999923706054654e-01  3.903508771929824661e+01
1.860000038146972789e-01  4.298245614035087669e+01
1.864999961853027466e-01  3.771929824561404132e+01
1.870000076293945324e-01  3.859649122807017818e+01
1.875000000000000000e-01  3.859649122807017818e+01
1.879999923706054676e-01  3.991228070175438347e+01
1.885000038146972534e-01  3.947368421052631504e+01
1.889999961853027211e-01  3.991228070175438347e+01
1.895000076293945346e-01  3.947368421052631504e+01
1.900000000000000022e-01  4.035087719298245190e+01
1.904999923706054699e-01  3.464912280701754099e+01
1.910000038146972556e-01  4.122807017543859587e+01
1.914999961853027233e-01  3.508771929824561653e+01
1.920000076293945368e-01  3.947368421052631504e+01
1.925000000000000044e-01  3.991228070175438347e+01
1.929999923706054721e-01  3.947368421052631504e+01
1.935000038146972579e-01  4.473684210526316463e+01
1.939999961853027255e-01  4.210526315789473983e+01
1.945000076293945390e-01  3.815789473684210975e+01
1.950000000000000067e-01  3.947368421052631504e+01
1.954999923706054743e-01  4.298245614035087669e+01
1.960000038146972601e-01  3.903508771929824661e+01
1.964999961853027277e-01  4.254385964912280826e+01
1.970000076293945412e-01  3.859649122807017818e+01
1.975000000000000089e-01  4.078947368421052744e+01
1.979999923706054765e-01  4.298245614035087669e+01
1.985000038146972623e-01  4.254385964912280826e+01
1.989999961853027299e-01  4.166666666666666430e+01
1.995000076293945435e-01  3.991228070175439058e+01
2.000000000000000111e-01  4.210526315789473983e+01
2.004999923706054787e-01  4.166666666666666430e+01
2.010000038146972645e-01  3.903508771929824661e+01
2.014999961853027322e-01  3.991228070175438347e+01
2.020000076293945179e-01  4.254385964912280826e+01
2.025000000000000133e-01  4.298245614035087669e+01
2.029999923706054810e-01  4.298245614035087669e+01
2.035000038146972667e-01  3.991228070175438347e+01
2.039999961853027344e-01  3.508771929824560942e+01
2.045000076293945201e-01  4.122807017543860297e+01
2.049999999999999878e-01  4.166666666666666430e+01
2.054999923706054554e-01  4.035087719298245901e+01
2.060000038146972690e-01  4.166666666666666430e+01
2.064999961853027366e-01  4.298245614035087669e+01
2.070000076293945224e-01  4.122807017543859587e+01
2.074999999999999900e-01  4.298245614035087669e+01
2.079999923706054576e-01  3.991228070175438347e+01
2.085000038146972712e-01  4.166666666666667140e+01
2.089999961853027388e-01  3.991228070175438347e+01
2.095000076293945246e-01  3.991228070175438347e+01
2.099999999999999922e-01  3.903508771929824661e+01
2.104999923706054599e-01  3.728070175438596578e+01
2.110000038146972734e-01  3.903508771929824661e+01
2.114999961853027410e-01  4.166666666666667140e+01
2.120000076293945268e-01  4.385964912280702066e+01
2.124999999999999944e-01  4.210526315789473983e+01
2.129999923706054621e-01  4.166666666666667140e+01
2.135000038146972756e-01  4.210526315789473273e+01
2.139999961853027433e-01  4.254385964912280826e+01
2.145000076293945290e-01  4.122807017543859587e+01
2.149999999999999967e-01  3.815789473684210265e+01
2.154999923706054643e-01  3.903508771929824661e+01
2.160000038146972778e-01  4.298245614035088380e+01
2.164999961853027455e-01  4.078947368421052744e+01
2.170000076293945312e-01  4.473684210526315752e+01
2.174999999999999989e-01  4.473684210526315752e+01
2.179999923706054665e-01  4.210526315789473273e+01
2.185000038146972523e-01  4.210526315789473983e+01
2.189999961853027477e-01  4.035087719298245901e+01
2.195000076293945335e-01  3.815789473684210265e+01
2.200000000000000011e-01  3.991228070175439058e+01
2.204999923706054688e-01  3.771929824561404132e+01
2.210000038146972545e-01  3.859649122807017818e+01
2.214999961853027222e-01  3.859649122807017818e+01
2.220000076293945357e-01  3.859649122807017108e+01
2.225000000000000033e-01  4.298245614035088380e+01
2.229999923706054710e-01  4.342105263157895223e+01
2.235000038146972567e-01  4.385964912280702066e+01
2.239999961853027244e-01  4.254385964912280826e+01
2.245000076293945379e-01  3.903508771929824661e+01
2.250000000000000056e-01  4.385964912280701355e+01
2.254999923706054732e-01  4.035087719298245901e+01
2.260000038146972590e-01  3.859649122807017108e+01
2.264999961853027266e-01  3.815789473684210975e+01
2.270000076293945401e-01  4.342105263157894512e+01
2.275000000000000078e-01  4.035087719298245901e+01
2.279999923706054754e-01  4.122807017543859587e+01
2.285000038146972612e-01  4.517543859649122595e+01
2.289999961853027288e-01  3.947368421052631504e+01
2.295000076293945424e-01  4.210526315789473983e+01
2.300000000000000100e-01  4.385964912280701355e+01
2.304999923706054776e-01  4.078947368421052744e+01
2.310000038146972634e-01  4.166666666666666430e+01
2.314999961853027310e-01  4.342105263157894512e+01
2.320000076293945446e-01  4.517543859649122595e+01
2.325000000000000122e-01  4.078947368421052744e+01
2.329999923706054799e-01  4.210526315789473983e+01
2.335000038146972656e-01  4.035087719298245190e+01
2.339999961853027333e-01  4.342105263157895223e+01
2.345000076293945190e-01  4.429824561403508909e+01
2.349999999999999867e-01  4.298245614035087669e+01
2.354999923706054821e-01  4.210526315789473983e+01
2.360000038146972678e-01  4.166666666666667140e+01
2.364999961853027355e-01  4.385964912280702066e+01
2.370000076293945213e-01  4.342105263157894512e+01
2.374999999999999889e-01  4.298245614035088380e+01
2.379999923706054565e-01  4.254385964912280826e+01
2.385000038146972701e-01  3.903508771929824661e+01
2.389999961853027377e-01  3.903508771929824661e+01
2.395000076293945235e-01  4.166666666666666430e+01
2.399999999999999911e-01  4.429824561403508909e+01
2.404999923706054588e-01  4.254385964912280826e+01
2.410000038146972723e-01  4.122807017543859587e+01
2.414999961853027399e-01  3.859649122807017818e+01
2.420000076293945257e-01  4.210526315789473273e+01
2.424999999999999933e-01  4.035087719298245190e+01
2.429999923706054610e-01  4.035087719298245901e+01
2.435000038146972745e-01  4.166666666666666430e+01
2.439999961853027421e-01  4.122807017543859587e+01
2.445000076293945279e-01  4.035087719298245901e+01
2.449999999999999956e-01  3.859649122807017108e+01
2.454999923706054632e-01  4.298245614035088380e+01
2.460000038146972767e-01  3.947368421052631504e+01
2.464999961853027444e-01  3.728070175438596578e+01
2.470000076293945301e-01  3.596491228070175339e+01
2.474999999999999978e-01  4.254385964912280826e+01
2.479999923706054654e-01  4.035087719298245901e+01
2.485000038146972789e-01  4.166666666666667140e+01
2.489999961853027466e-01  3.947368421052631504e+01
2.495000076293945324e-01  4.078947368421052744e+01
2.500000000000000000e-01  3.815789473684210975e+01
2.504999923706054954e-01  4.342105263157895223e+01
2.510000038146972812e-01  4.298245614035087669e+01
2.514999961853027211e-01  4.342105263157894512e+01
2.520000076293945068e-01  4.210526315789473983e+01
2.525000000000000022e-01  4.254385964912280826e+01
2.529999923706054421e-01  4.342105263157895223e+01
2.535000038146972834e-01  4.166666666666666430e+01
2.539999961853027233e-01  4.166666666666667140e+01
2.545000076293945090e-01  4.517543859649123306e+01
2.550000000000000044e-01  4.210526315789473273e+01
2.554999923706054443e-01  3.947368421052631504e+01
2.560000038146972856e-01  3.947368421052631504e+01
2.564999961853027255e-01  4.692982456140351388e+01
2.570000076293945113e-01  3.947368421052631504e+01
2.575000000000000067e-01  4.078947368421052744e+01
2.579999923706054465e-01  3.903508771929824661e+01
2.585000038146972878e-01  3.903508771929824661e+01
2.589999961853027277e-01  3.903508771929824661e+01
2.595000076293945135e-01  3.903508771929824661e+01
2.600000000000000089e-01  4.254385964912280826e+01
2.604999923706054488e-01  4.166666666666667140e+01
2.610000038146972900e-01  4.429824561403508909e+01
2.614999961853027299e-01  4.342105263157894512e+01
2.620000076293945157e-01  4.254385964912280826e+01
2.625000000000000111e-01  4.385964912280701355e+01
2.629999923706054510e-01  4.473684210526315752e+01
2.635000038146972923e-01  4.078947368421052744e+01
2.639999961853027322e-01  4.342105263157895223e+01
2.645000076293945179e-01  4.210526315789473983e+01
2.650000000000000133e-01  4.298245614035087669e+01
2.654999923706054532e-01  4.385964912280702066e+01
2.660000038146972390e-01  3.991228070175438347e+01
2.664999961853027344e-01  4.122807017543859587e+01
2.670000076293945201e-01  3.815789473684210265e+01
2.675000000000000155e-01  4.166666666666666430e+01
2.679999923706054554e-01  4.035087719298245901e+01
2.685000038146972412e-01  3.815789473684210265e+01
2.689999961853027366e-01  3.991228070175439058e+01
2.695000076293945224e-01  4.122807017543859587e+01
2.700000000000000178e-01  4.166666666666666430e+01
2.704999923706054576e-01  4.122807017543859587e+01
2.710000038146972434e-01  4.210526315789473983e+01
2.714999961853027388e-01  4.078947368421052744e+01
2.720000076293945246e-01  4.078947368421052744e+01
2.725000000000000200e-01  3.859649122807017818e+01
2.729999923706054599e-01  4.254385964912280826e+01
2.735000038146972456e-01  3.947368421052631504e+01
2.739999961853027410e-01  3.640350877192982182e+01
2.745000076293945268e-01  4.078947368421052744e+01
2.750000000000000222e-01  4.210526315789473983e+01
2.754999923706054621e-01  3.815789473684210975e+01
2.760000038146972479e-01  3.903508771929824661e+01
2.764999961853027433e-01  4.078947368421052744e+01
2.770000076293945290e-01  4.122807017543859587e+01
2.775000000000000244e-01  3.947368421052631504e+01
2.779999923706054643e-01  4.122807017543859587e+01
2.785000038146972501e-01  4.254385964912280826e+01
2.789999961853027455e-01  4.035087719298245190e+01
2.795000076293945312e-01  3.728070175438596578e+01
2.800000000000000266e-01  3.859649122807017818e+01
2.804999923706054665e-01  4.342105263157895223e+01
2.810000038146972523e-01  4.166666666666666430e+01
2.814999961853027477e-01  4.122807017543859587e+01
2.820000076293945335e-01  4.166666666666667140e+01
2.824999999999999734e-01  4.166666666666666430e+01
2.829999923706054688e-01  4.035087719298245901e+01
2.835000038146972545e-01  4.254385964912280826e+01
2.839999961853027499e-01  4.254385964912280826e+01
2.845000076293945357e-01  4.122807017543860297e+01
2.849999999999999756e-01  3.947368421052631504e+01
2.854999923706054710e-01  3.815789473684210265e+01
2.860000038146972567e-01  4.122807017543859587e+01
2.864999961853027521e-01  4.122807017543860297e+01
2.870000076293945379e-01  4.254385964912280826e+01
2.874999999999999778e-01  3.640350877192982892e+01
2.879999923706054732e-01  3.903508771929824661e+01
2.885000038146972590e-01  3.947368421052631504e+01
2.889999961853027544e-01  3.991228070175438347e+01
2.895000076293945401e-01  3.903508771929824661e+01
2.899999999999999800e-01  3.991228070175439058e+01
2.904999923706054754e-01  3.991228070175438347e+01
2.910000038146972612e-01  3.815789473684210265e+01
2.914999961853027566e-01  3.947368421052631504e+01
2.920000076293945424e-01  3.991228070175438347e+01
2.924999999999999822e-01  3.640350877192982182e+01
2.929999923706054776e-01  3.596491228070175339e+01
2.935000038146972634e-01  3.859649122807017818e+01
2.939999961853027588e-01  3.815789473684210975e+01
2.945000076293945446e-01  3.728070175438596578e+01
2.949999999999999845e-01  3.947368421052631504e+01
2.954999923706054799e-01  3.728070175438595868e+01
2.960000038146972656e-01  3.903508771929824661e+01
2.964999961853027610e-01  3.947368421052631504e+01
2.970000076293945468e-01  4.254385964912280826e+01
2.974999999999999867e-01  4.342105263157895223e+01
2.979999923706054821e-01  4.210526315789473983e+01
2.985000038146972678e-01  4.385964912280702066e+01
2.989999961853027077e-01  4.078947368421052744e+01
2.995000076293945490e-01  3.991228070175439058e+01
2.999999999999999889e-01  3.903508771929824661e+01
3.004999923706054843e-01  3.947368421052631504e+01
3.010000038146972701e-01  3.903508771929824661e+01
3.014999961853027100e-01  3.771929824561403422e+01
3.020000076293945512e-01  4.078947368421052744e+01
3.024999999999999911e-01  3.815789473684210265e+01
3.029999923706054865e-01  3.552631578947368496e+01
3.035000038146972723e-01  3.859649122807017108e+01
3.039999961853027122e-01  4.342105263157894512e+01
3.045000076293945535e-01  4.078947368421052744e+01
3.049999999999999933e-01  4.210526315789473983e+01
3.054999923706054887e-01  4.035087719298245901e+01
3.060000038146972745e-01  4.166666666666666430e+01
3.064999961853027144e-01  3.859649122807017108e+01
3.070000076293945557e-01  3.815789473684210975e+01
3.074999999999999956e-01  3.947368421052631504e+01
3.079999923706054910e-01  4.122807017543859587e+01
3.085000038146972767e-01  3.947368421052631504e+01
3.089999961853027166e-01  3.991228070175438347e+01
3.095000076293945579e-01  4.210526315789473983e+01
3.099999999999999978e-01  4.166666666666667140e+01
3.104999923706054932e-01  4.078947368421052744e+01
3.110000038146972789e-01  3.859649122807017818e+01
3.114999961853027188e-01  4.210526315789473273e+01
3.120000076293945046e-01  4.035087719298245190e+01
3.125000000000000000e-01  4.342105263157895223e+01
3.129999923706054954e-01  3.947368421052631504e+01
3.135000038146972812e-01  4.035087719298245190e+01
3.139999961853027211e-01  4.035087719298245901e+01
3.145000076293945068e-01  4.473684210526315752e+01
3.150000000000000022e-01  3.815789473684210265e+01
3.154999923706054421e-01  3.684210526315789025e+01
3.160000038146972834e-01  3.728070175438595868e+01
3.164999961853027233e-01  3.815789473684210265e+01
3.170000076293945090e-01  4.078947368421052744e+01
3.175000000000000044e-01  3.815789473684210975e+01
3.179999923706054443e-01  3.859649122807017818e+01
3.185000038146972856e-01  4.342105263157894512e+01
3.189999961853027255e-01  3.991228070175438347e+01
3.195000076293945113e-01  3.859649122807017108e+01
3.200000000000000067e-01  4.078947368421052744e+01
3.204999923706054465e-01  4.122807017543859587e+01
3.209999847412109419e-01  3.947368421052631504e+01
3.215000152587890736e-01  4.078947368421052033e+01
3.220000076293945135e-01  3.859649122807017108e+01
3.225000000000000089e-01  3.859649122807017818e+01
3.229999923706054488e-01  4.210526315789473983e+01
3.234999847412109442e-01  4.210526315789473983e+01
3.240000152587890758e-01  4.342105263157894512e+01
3.245000076293945157e-01  4.298245614035087669e+01
3.250000000000000111e-01  4.342105263157895223e+01
3.254999923706054510e-01  3.771929824561403422e+01
3.259999847412109464e-01  3.859649122807017818e+01
3.265000152587890780e-01  4.254385964912280826e+01
3.270000076293945179e-01  4.035087719298245190e+01
3.275000000000000133e-01  4.122807017543859587e+01
3.279999923706054532e-01  3.991228070175438347e+01
3.284999847412109486e-01  4.342105263157895223e+01
3.290000152587890803e-01  4.210526315789473983e+01
3.295000076293945201e-01  4.385964912280702066e+01
3.300000000000000155e-01  3.903508771929824661e+01
3.304999923706054554e-01  4.342105263157894512e+01
3.309999847412109508e-01  4.122807017543859587e+01
3.315000152587890825e-01  4.122807017543859587e+01
3.320000076293945224e-01  4.078947368421052744e+01
3.325000000000000178e-01  3.947368421052631504e+01
3.329999923706054576e-01  3.552631578947368496e+01
3.334999847412109530e-01  3.684210526315789735e+01
3.340000152587890847e-01  3.947368421052631504e+01
3.345000076293945246e-01  3.991228070175439058e+01
3.350000000000000200e-01  3.815789473684210265e+01
3.354999923706054599e-01  4.078947368421052744e+01
3.359999847412109553e-01  3.947368421052631504e+01
3.365000152587890869e-01  3.947368421052631504e+01
3.370000076293945268e-01  4.078947368421052744e+01
3.375000000000000222e-01  4.078947368421052744e+01
3.379999923706054621e-01  4.078947368421052744e+01
3.384999847412109575e-01  4.210526315789473273e+01
3.390000152587890891e-01  3.903508771929824661e+01
3.395000076293945290e-01  4.035087719298245901e+01
3.400000000000000244e-01  3.991228070175438347e+01
3.404999923706054643e-01  3.903508771929824661e+01
3.409999847412109597e-01  4.254385964912280826e+01
3.415000152587890359e-01  4.342105263157894512e+01
3.420000076293945312e-01  4.122807017543860297e+01
3.425000000000000266e-01  4.122807017543860297e+01
3.429999923706054665e-01  3.815789473684210975e+01
3.434999847412109619e-01  3.859649122807017818e+01
3.440000152587890381e-01  3.859649122807017818e+01
3.445000076293945335e-01  4.122807017543859587e+01
3.449999999999999734e-01  4.210526315789473983e+01
3.454999923706054688e-01  3.947368421052631504e+01
3.459999847412109641e-01  3.859649122807017818e+01
3.465000152587890403e-01  4.122807017543860297e+01
3.470000076293945357e-01  4.078947368421052744e+01
3.474999999999999756e-01  4.122807017543860297e+01
3.479999923706054710e-01  4.298245614035088380e+01
3.484999847412109109e-01  4.078947368421052744e+01
3.490000152587890425e-01  4.385964912280702066e+01
3.495000076293945379e-01  4.692982456140350678e+01
3.499999999999999778e-01  4.122807017543859587e+01
3.504999923706054732e-01  4.385964912280701355e+01
3.509999847412109131e-01  4.122807017543859587e+01
3.515000152587890447e-01  4.210526315789473983e+01
3.520000076293945401e-01  4.561403508771930149e+01
3.524999999999999800e-01  4.385964912280702066e+01
3.529999923706054754e-01  4.649122807017544545e+01
3.534999847412109153e-01  4.078947368421052744e+01
3.540000152587890470e-01  3.991228070175438347e+01
3.545000076293945424e-01  4.035087719298245190e+01
3.549999999999999822e-01  4.166666666666666430e+01
3.554999923706054776e-01  3.947368421052631504e+01
3.559999847412109175e-01  4.035087719298245190e+01
3.565000152587890492e-01  3.903508771929824661e+01
3.570000076293945446e-01  3.771929824561403422e+01
3.574999999999999845e-01  3.991228070175439058e+01
3.579999923706054799e-01  4.078947368421052744e+01
3.584999847412109197e-01  4.078947368421052744e+01
3.590000152587890514e-01  4.035087719298245190e+01
3.595000076293945468e-01  4.166666666666667140e+01
3.599999999999999867e-01  4.035087719298245190e+01
3.604999923706054821e-01  4.035087719298245190e+01
3.609999847412109220e-01  4.078947368421052744e+01
3.615000152587890536e-01  4.078947368421052744e+01
3.620000076293945490e-01  4.385964912280702066e+01
3.624999999999999889e-01  4.166666666666666430e+01
3.629999923706054843e-01  4.517543859649123306e+01
3.634999847412109242e-01  4.210526315789473983e+01
3.640000152587890558e-01  4.078947368421052744e+01
3.645000076293945512e-01  4.473684210526316463e+01
3.649999999999999911e-01  4.035087719298245901e+01
3.654999923706054865e-01  4.122807017543860297e+01
3.659999847412109264e-01  4.166666666666666430e+01
3.665000152587890581e-01  4.210526315789473983e+01
3.670000076293945535e-01  4.342105263157895223e+01
3.674999999999999933e-01  4.078947368421052033e+01
3.679999923706054887e-01  3.771929824561403422e+01
3.684999847412109286e-01  3.771929824561403422e+01
3.690000152587890603e-01  3.991228070175438347e+01
3.695000076293945557e-01  4.298245614035087669e+01
3.699999999999999956e-01  4.736842105263157521e+01
3.704999923706054910e-01  4.210526315789473983e+01
3.709999847412109308e-01  4.078947368421052744e+01
3.715000152587890625e-01  3.947368421052631504e+01
3.720000076293945579e-01  4.342105263157895223e+01
3.724999999999999978e-01  4.561403508771930149e+01
3.729999923706054932e-01  4.385964912280702066e+01
3.734999847412109331e-01  4.385964912280702066e+01
3.740000152587890647e-01  4.385964912280702066e+01
3.745000076293945046e-01  4.429824561403508909e+01
3.750000000000000000e-01  4.561403508771930149e+01
3.754999923706054954e-01  4.429824561403508909e+01
3.759999847412109353e-01  4.385964912280702066e+01
3.765000152587890669e-01  4.254385964912280826e+01
3.770000076293945068e-01  4.122807017543860297e+01
3.775000000000000022e-01  4.122807017543859587e+01
3.779999923706054421e-01  4.298245614035087669e+01
3.784999847412109375e-01  4.385964912280701355e+01
3.790000152587890692e-01  4.561403508771930149e+01
3.795000076293945090e-01  4.035087719298245901e+01
3.800000000000000044e-01  3.991228070175438347e+01
3.804999923706054443e-01  4.342105263157895223e+01
3.809999847412109397e-01  4.035087719298245901e+01
3.815000152587890714e-01  3.771929824561404132e+01
3.820000076293945113e-01  4.254385964912280826e+01
3.825000000000000067e-01  3.903508771929824661e+01
3.829999923706054465e-01  4.473684210526315752e+01
3.834999847412109419e-01  4.342105263157895223e+01
3.840000152587890736e-01  4.254385964912280826e+01
3.845000076293945135e-01  4.298245614035087669e+01
3.850000000000000089e-01  4.210526315789473983e+01
3.854999923706054488e-01  4.385964912280702066e+01
3.859999847412109442e-01  4.254385964912280826e+01
3.865000152587890758e-01  4.122807017543860297e+01
3.870000076293945157e-01  4.298245614035087669e+01
3.875000000000000111e-01  4.298245614035087669e+01
3.879999923706054510e-01  4.473684210526315752e+01
3.884999847412109464e-01  4.298245614035087669e+01
3.890000152587890780e-01  4.517543859649122595e+01
3.895000076293945179e-01  3.771929824561403422e+01
3.900000000000000133e-01  4.254385964912280826e+01
3.904999923706054532e-01  4.298245614035087669e+01
3.909999847412109486e-01  3.991228070175438347e+01
3.915000152587890803e-01  4.517543859649122595e+01
3.920000076293945201e-01  4.122807017543859587e+01
3.925000000000000155e-01  4.254385964912280826e+01
3.929999923706054554e-01  3.991228070175438347e+01
3.934999847412109508e-01  4.122807017543860297e+01
3.940000152587890825e-01  4.342105263157894512e+01
3.945000076293945224e-01  4.298245614035088380e+01
3.950000000000000178e-01  3.947368421052631504e+01
3.954999923706054576e-01  4.122807017543859587e+01
3.959999847412109530e-01  4.429824561403508909e+01
3.965000152587890847e-01  4.254385964912280826e+01
3.970000076293945246e-01  4.342105263157894512e+01
3.975000000000000200e-01  4.078947368421052033e+01
3.979999923706054599e-01  4.122807017543859587e+01
3.984999847412109553e-01  4.210526315789473983e+01
3.990000152587890869e-01  3.596491228070175339e+01
3.995000076293945268e-01  4.035087719298245901e+01
4.000000000000000222e-01  4.561403508771930149e+01
4.004999923706054621e-01  4.254385964912280826e+01
4.009999847412109575e-01  4.385964912280701355e+01
4.015000152587890891e-01  4.429824561403508199e+01
4.020000076293945290e-01  4.298245614035087669e+01
4.025000000000000244e-01  3.728070175438595868e+01
4.029999923706054643e-01  4.298245614035087669e+01
4.034999847412109597e-01  4.210526315789473273e+01
4.040000152587890359e-01  3.991228070175439058e+01
4.045000076293945312e-01  4.517543859649122595e+01
4.050000000000000266e-01  3.947368421052631504e+01
4.054999923706054665e-01  4.298245614035087669e+01
4.059999847412109619e-01  3.552631578947368496e+01
4.065000152587890381e-01  3.947368421052631504e+01
4.070000076293945335e-01  4.429824561403508909e+01
4.074999999999999734e-01  4.078947368421052744e+01
4.079999923706054688e-01  4.166666666666666430e+01
4.084999847412109641e-01  4.298245614035087669e+01
4.090000152587890403e-01  4.166666666666667140e+01
4.095000076293945357e-01  4.385964912280702066e+01
4.099999999999999756e-01  3.947368421052631504e+01
4.104999923706054710e-01  3.903508771929824661e+01
4.109999847412109109e-01  4.078947368421052744e+01
4.115000152587890425e-01  3.991228070175439058e+01
4.120000076293945379e-01  4.385964912280701355e+01
4.124999999999999778e-01  3.684210526315789735e+01
4.129999923706054732e-01  4.078947368421052744e+01
4.134999847412109131e-01  3.771929824561403422e+01
4.140000152587890447e-01  4.078947368421052744e+01
4.145000076293945401e-01  4.078947368421052744e+01
4.149999999999999800e-01  3.947368421052631504e+01
4.154999923706054754e-01  4.122807017543859587e+01
4.159999847412109153e-01  4.122807017543859587e+01
4.165000152587890470e-01  4.254385964912280826e+01
4.170000076293945424e-01  3.859649122807017818e+01
4.174999999999999822e-01  3.991228070175438347e+01
4.179999923706054776e-01  3.903508771929824661e+01
4.184999847412109175e-01  4.385964912280702066e+01
4.190000152587890492e-01  3.859649122807017818e+01
4.195000076293945446e-01  4.166666666666667140e+01
4.199999999999999845e-01  3.991228070175439058e+01
4.204999923706054799e-01  3.859649122807017818e+01
4.209999847412109197e-01  3.991228070175438347e+01
4.215000152587890514e-01  4.035087719298245190e+01
4.220000076293945468e-01  4.035087719298245901e+01
4.224999999999999867e-01  4.166666666666666430e+01
4.229999923706054821e-01  4.122807017543859587e+01
4.234999847412109220e-01  3.947368421052631504e+01
4.240000152587890536e-01  3.684210526315789025e+01
4.245000076293945490e-01  3.815789473684210975e+01
4.249999999999999889e-01  3.991228070175439058e+01
4.254999923706054843e-01  4.078947368421052744e+01
4.259999847412109242e-01  4.035087719298245190e+01
4.265000152587890558e-01  4.078947368421052744e+01
4.270000076293945512e-01  4.298245614035087669e+01
4.274999999999999911e-01  4.298245614035088380e+01
4.279999923706054865e-01  3.771929824561403422e+01
4.284999847412109264e-01  3.815789473684210975e+01
4.290000152587890581e-01  4.254385964912280826e+01
4.295000076293945535e-01  3.903508771929824661e+01
4.299999999999999933e-01  4.517543859649122595e+01
4.304999923706054887e-01  4.166666666666667140e+01
4.309999847412109286e-01  4.298245614035087669e+01
4.315000152587890603e-01  4.078947368421052744e+01
4.320000076293945557e-01  4.122807017543859587e+01
4.324999999999999956e-01  3.859649122807017818e+01
4.329999923706054910e-01  4.210526315789473983e+01
4.334999847412109308e-01  4.605263157894736992e+01
4.340000152587890625e-01  4.473684210526315752e+01
4.345000076293945579e-01  4.122807017543859587e+01
4.349999999999999978e-01  4.429824561403508909e+01
4.354999923706054932e-01  4.385964912280702066e+01
4.359999847412109331e-01  4.429824561403508909e+01
4.365000152587890647e-01  4.517543859649123306e+01
4.370000076293945046e-01  4.122807017543859587e+01
4.375000000000000000e-01  4.605263157894736992e+01
4.379999923706054954e-01  4.517543859649122595e+01
4.384999847412109353e-01  4.122807017543859587e+01
4.390000152587890669e-01  4.035087719298245190e+01
4.395000076293945068e-01  4.210526315789473983e+01
4.400000000000000022e-01  4.342105263157895223e+01
4.404999923706054421e-01  4.473684210526316463e+01
4.409999847412109375e-01  3.947368421052631504e+01
4.415000152587890692e-01  4.561403508771929438e+01
4.420000076293945090e-01  4.122807017543859587e+01
4.425000000000000044e-01  4.298245614035087669e+01
4.429999923706054443e-01  4.473684210526316463e+01
4.434999847412109397e-01  4.254385964912280826e+01
4.440000152587890714e-01  4.210526315789473983e+01
4.445000076293945113e-01  4.078947368421052744e+01
4.450000000000000067e-01  4.122807017543859587e+01
4.454999923706054465e-01  4.210526315789473983e+01
4.459999847412109419e-01  4.649122807017544545e+01
4.465000152587890736e-01  4.166666666666667140e+01
4.470000076293945135e-01  4.385964912280702066e+01
4.475000000000000089e-01  4.298245614035087669e+01
4.479999923706054488e-01  4.429824561403508909e+01
4.484999847412109442e-01  4.473684210526316463e+01
4.490000152587890758e-01  4.649122807017544545e+01
4.495000076293945157e-01  4.254385964912280826e+01
4.500000000000000111e-01  4.166666666666666430e+01
4.504999923706054510e-01  3.991228070175439058e+01
4.509999847412109464e-01  4.210526315789473983e+01
4.515000152587890780e-01  4.210526315789473273e+01
4.520000076293945179e-01  4.385964912280702066e+01
4.525000000000000133e-01  4.298245614035088380e+01
4.529999923706054532e-01  4.254385964912280826e+01
4.534999847412109486e-01  4.605263157894736992e+01
4.540000152587890803e-01  4.078947368421052744e+01
4.545000076293945201e-01  4.035087719298245901e+01
4.550000000000000155e-01  4.298245614035087669e+01
4.554999923706054554e-01  4.035087719298245190e+01
4.559999847412109508e-01  4.429824561403508909e+01
4.565000152587890825e-01  4.385964912280702066e+01
4.570000076293945224e-01  4.385964912280702066e+01
4.575000000000000178e-01  3.991228070175438347e+01
4.579999923706054576e-01  3.947368421052631504e+01
4.584999847412109530e-01  3.596491228070175339e+01
4.590000152587890847e-01  3.684210526315789025e+01
4.595000076293945246e-01  3.903508771929824661e+01
4.600000000000000200e-01  3.859649122807017818e+01
4.604999923706054599e-01  4.298245614035087669e+01
4.609999847412109553e-01  4.122807017543859587e+01
4.615000152587890869e-01  4.166666666666666430e+01
4.620000076293945268e-01  3.947368421052631504e+01
4.625000000000000222e-01  4.298245614035087669e+01
4.629999923706054621e-01  3.991228070175438347e+01
4.634999847412109575e-01  3.596491228070175339e+01
4.640000152587890891e-01  4.385964912280701355e+01
4.645000076293945290e-01  4.605263157894736992e+01
4.650000000000000244e-01  4.078947368421052744e+01
4.654999923706054643e-01  4.122807017543859587e+01
4.659999847412109597e-01  3.728070175438596578e+01
4.665000152587890359e-01  3.859649122807017108e+01
4.670000076293945312e-01  4.078947368421052744e+01
4.675000000000000266e-01  3.815789473684210265e+01
4.679999923706054665e-01  4.078947368421052744e+01
4.684999847412109619e-01  3.903508771929824661e+01
4.690000152587890381e-01  3.947368421052631504e+01
4.695000076293945335e-01  3.947368421052631504e+01
4.699999999999999734e-01  3.991228070175438347e+01
4.704999923706054688e-01  4.254385964912280826e+01
4.709999847412109641e-01  3.991228070175439058e+01
4.715000152587890403e-01  4.166666666666666430e+01
4.720000076293945357e-01  3.991228070175439058e+01
4.724999999999999756e-01  3.947368421052631504e+01
4.729999923706054710e-01  4.035087719298245190e+01
4.734999847412109109e-01  3.903508771929824661e+01
4.740000152587890425e-01  3.859649122807017818e+01
4.745000076293945379e-01  3.947368421052631504e+01
4.749999999999999778e-01  4.385964912280702066e+01
4.754999923706054732e-01  4.254385964912280826e+01
4.759999847412109131e-01  4.210526315789473983e+01
4.765000152587890447e-01  4.254385964912280826e+01
4.770000076293945401e-01  4.210526315789473273e+01
4.774999999999999800e-01  3.947368421052631504e+01
4.779999923706054754e-01  3.771929824561404132e+01
4.784999847412109153e-01  4.166666666666667140e+01
4.790000152587890470e-01  3.508771929824561653e+01
4.795000076293945424e-01  3.815789473684210975e+01
4.799999999999999822e-01  3.991228070175439058e+01
4.804999923706054776e-01  3.815789473684210975e+01
4.809999847412109175e-01  3.991228070175438347e+01
4.815000152587890492e-01  4.078947368421052744e+01
4.820000076293945446e-01  4.122807017543859587e+01
4.824999999999999845e-01  4.078947368421052744e+01
4.829999923706054799e-01  4.035087719298245901e+01
4.834999847412109197e-01  4.035087719298245901e+01
4.840000152587890514e-01  4.078947368421052744e+01
4.845000076293945468e-01  4.122807017543859587e+01
4.849999999999999867e-01  3.859649122807017108e+01
4.854999923706054821e-01  4.342105263157894512e+01
4.859999847412109220e-01  3.991228070175438347e+01
4.865000152587890536e-01  3.947368421052631504e+01
4.870000076293945490e-01  4.298245614035087669e+01
4.874999999999999889e-01  3.684210526315789735e+01
4.879999923706054843e-01  4.298245614035087669e+01
4.884999847412109242e-01  4.210526315789473983e+01
4.890000152587890558e-01  4.166666666666666430e+01
4.895000076293945512e-01  4.122807017543859587e+01
4.899999999999999911e-01  4.035087719298245190e+01
4.904999923706054865e-01  4.298245614035087669e+01
4.909999847412109264e-01  4.122807017543859587e+01
4.915000152587890581e-01  4.342105263157895223e+01
4.920000076293945535e-01  3.815789473684210975e+01
4.924999999999999933e-01  4.342105263157895223e+01
4.929999923706054887e-01  4.122807017543859587e+01
4.934999847412109286e-01  4.078947368421052744e+01
4.940000152587890603e-01  4.078947368421052744e+01
4.945000076293945557e-01  4.078947368421052744e+01
4.949999999999999956e-01  4.298245614035087669e+01
4.954999923706054910e-01  4.210526315789473983e+01
4.959999847412109308e-01  4.210526315789473983e+01
4.965000152587890625e-01  3.903508771929824661e+01
4.970000076293945579e-01  3.728070175438596578e+01
4.974999999999999978e-01  4.429824561403508909e+01
4.979999923706054932e-01  3.859649122807017818e+01
4.984999847412109331e-01  3.991228070175438347e+01
4.990000152587890647e-01  3.859649122807017818e+01
4.995000076293945046e-01  4.385964912280702066e+01
5.000000000000000000e-01  4.078947368421052744e+01
5.004999923706054954e-01  3.859649122807017108e+01
5.009999847412109908e-01  3.991228070175438347e+01
5.015000152587890669e-01  4.342105263157895223e+01
5.020000076293945623e-01  3.815789473684210975e+01
5.024999999999999467e-01  3.991228070175438347e+01
5.029999923706054421e-01  3.815789473684210265e+01
5.034999847412109375e-01  4.078947368421052744e+01
5.040000152587890137e-01  3.859649122807017818e+01
5.045000076293945090e-01  3.947368421052631504e+01
5.050000000000000044e-01  4.035087719298245901e+01
5.054999923706054998e-01  4.122807017543859587e+01
5.059999847412108842e-01  3.815789473684210265e+01
5.065000152587890714e-01  4.166666666666666430e+01
5.070000076293945668e-01  3.903508771929824661e+01
5.074999999999999512e-01  3.991228070175439058e+01
5.079999923706054465e-01  3.684210526315789025e+01
5.084999847412109419e-01  4.035087719298245901e+01
5.090000152587890181e-01  3.947368421052631504e+01
5.095000076293945135e-01  3.991228070175439058e+01
5.100000000000000089e-01  4.122807017543860297e+01
5.104999923706055043e-01  3.771929824561403422e+01
5.109999847412108887e-01  4.298245614035087669e+01
5.115000152587890758e-01  3.815789473684210265e+01
5.120000076293945712e-01  4.210526315789473983e+01
5.124999999999999556e-01  4.122807017543859587e+01
5.129999923706054510e-01  3.947368421052631504e+01
5.134999847412109464e-01  3.815789473684210265e+01
5.140000152587890225e-01  4.385964912280702066e+01
5.145000076293945179e-01  3.903508771929824661e+01
5.150000000000000133e-01  3.859649122807017818e+01
5.154999923706055087e-01  4.166666666666667140e+01
5.159999847412108931e-01  4.078947368421052744e+01
5.165000152587890803e-01  4.166666666666666430e+01
5.170000076293945757e-01  3.947368421052631504e+01
5.174999999999999600e-01  4.210526315789473983e+01
5.179999923706054554e-01  3.771929824561403422e+01
5.184999847412109508e-01  3.991228070175439058e+01
5.190000152587890270e-01  3.684210526315789735e+01
5.195000076293945224e-01  4.035087719298245190e+01
5.200000000000000178e-01  3.859649122807017108e+01
5.204999923706055132e-01  3.903508771929824661e+01
5.209999847412108975e-01  3.684210526315789735e+01
5.215000152587890847e-01  3.991228070175438347e+01
5.220000076293945801e-01  4.298245614035088380e+01
5.224999999999999645e-01  3.640350877192982182e+01
5.229999923706054599e-01  3.815789473684210975e+01
5.234999847412109553e-01  3.947368421052631504e+01
5.240000152587890314e-01  4.166666666666666430e+01
5.245000076293945268e-01  3.947368421052631504e+01
5.250000000000000222e-01  3.947368421052631504e+01
5.254999923706055176e-01  4.254385964912280826e+01
5.259999847412109020e-01  4.385964912280702066e+01
5.265000152587890891e-01  4.166666666666667140e+01
5.270000076293945845e-01  3.947368421052631504e+01
5.274999999999999689e-01  3.815789473684210975e+01
5.279999923706054643e-01  3.771929824561403422e+01
5.284999847412109597e-01  3.947368421052631504e+01
5.290000152587890359e-01  3.947368421052631504e+01
5.295000076293945312e-01  4.122807017543859587e+01
5.300000000000000266e-01  3.991228070175438347e+01
5.304999923706055220e-01  3.947368421052631504e+01
5.309999847412109064e-01  4.298245614035088380e+01
5.315000152587890936e-01  3.991228070175439058e+01
5.320000076293944780e-01  4.385964912280702066e+01
5.324999999999999734e-01  4.122807017543859587e+01
5.329999923706054688e-01  4.122807017543859587e+01
5.334999847412109641e-01  4.078947368421052744e+01
5.340000152587890403e-01  3.859649122807017818e+01
5.345000076293945357e-01  4.254385964912280826e+01
5.350000000000000311e-01  4.078947368421052744e+01
5.354999923706054155e-01  4.122807017543859587e+01
5.359999847412109109e-01  4.078947368421052744e+01
5.365000152587890980e-01  3.903508771929824661e+01
5.370000076293944824e-01  4.561403508771930149e+01
5.374999999999999778e-01  4.078947368421052744e+01
5.379999923706054732e-01  3.903508771929824661e+01
5.384999847412109686e-01  3.815789473684210265e+01
5.390000152587890447e-01  4.035087719298245190e+01
5.395000076293945401e-01  4.210526315789473983e+01
5.400000000000000355e-01  4.078947368421052744e+01
5.404999923706054199e-01  4.035087719298245901e+01
5.409999847412109153e-01  4.254385964912280826e+01
5.415000152587891025e-01  4.035087719298245190e+01
5.420000076293944868e-01  4.078947368421052744e+01
5.424999999999999822e-01  4.385964912280702066e+01
5.429999923706054776e-01  3.903508771929824661e+01
5.434999847412109730e-01  4.078947368421052744e+01
5.440000152587890492e-01  4.122807017543859587e+01
5.445000076293945446e-01  3.947368421052631504e+01
5.450000000000000400e-01  4.122807017543859587e+01
5.454999923706054243e-01  4.342105263157895223e+01
5.459999847412109197e-01  3.728070175438596578e+01
5.465000152587891069e-01  4.035087719298245901e+01
5.470000076293944913e-01  4.429824561403508909e+01
5.474999999999999867e-01  4.078947368421052744e+01
5.479999923706054821e-01  4.210526315789473983e+01
5.484999847412109775e-01  4.122807017543859587e+01
5.490000152587890536e-01  4.385964912280702066e+01
5.495000076293945490e-01  4.122807017543859587e+01
5.500000000000000444e-01  4.385964912280702066e+01
5.504999923706054288e-01  4.254385964912280826e+01
5.509999847412109242e-01  4.210526315789473273e+01
5.515000152587891113e-01  4.517543859649123306e+01
5.520000076293944957e-01  4.078947368421052744e+01
5.524999999999999911e-01  4.298245614035087669e+01
5.529999923706054865e-01  4.385964912280702066e+01
5.534999847412109819e-01  4.342105263157895223e+01
5.540000152587890581e-01  3.771929824561403422e+01
5.545000076293945535e-01  4.078947368421052744e+01
5.550000000000000488e-01  3.728070175438596578e+01
5.554999923706054332e-01  4.298245614035087669e+01
5.559999847412109286e-01  4.035087719298245190e+01
5.565000152587891158e-01  3.991228070175438347e+01
5.570000076293945002e-01  4.385964912280701355e+01
5.574999999999999956e-01  4.210526315789473273e+01
5.579999923706054910e-01  3.991228070175438347e+01
5.584999847412109863e-01  3.903508771929824661e+01
5.590000152587890625e-01  3.859649122807017108e+01
5.595000076293945579e-01  3.903508771929824661e+01
5.600000000000000533e-01  4.035087719298245901e+01
5.604999923706054377e-01  3.859649122807017818e+01
5.609999847412109331e-01  3.771929824561403422e+01
5.615000152587890092e-01  3.728070175438596578e+01
5.620000076293945046e-01  4.473684210526315752e+01
5.625000000000000000e-01  3.947368421052631504e+01
5.629999923706054954e-01  4.122807017543859587e+01
5.634999847412109908e-01  4.298245614035087669e+01
5.640000152587890669e-01  4.473684210526316463e+01
5.645000076293945623e-01  3.815789473684210975e+01
5.649999999999999467e-01  3.947368421052631504e+01
5.654999923706054421e-01  4.254385964912280826e+01
5.659999847412109375e-01  4.385964912280702066e+01
5.665000152587890137e-01  3.991228070175438347e+01
5.670000076293945090e-01  4.122807017543859587e+01
5.675000000000000044e-01  4.078947368421052744e+01
5.679999923706054998e-01  4.254385964912280826e+01
5.684999847412108842e-01  3.947368421052631504e+01
5.690000152587890714e-01  3.947368421052631504e+01
5.695000076293945668e-01  4.122807017543859587e+01
5.699999999999999512e-01  4.166666666666667140e+01
5.704999923706054465e-01  4.210526315789473983e+01
5.709999847412109419e-01  4.122807017543859587e+01
5.715000152587890181e-01  4.166666666666667140e+01
5.720000076293945135e-01  3.508771929824561653e+01
5.725000000000000089e-01  4.210526315789473273e+01
5.729999923706055043e-01  4.210526315789473983e+01
5.734999847412108887e-01  3.771929824561404132e+01
5.740000152587890758e-01  4.166666666666667140e+01
5.745000076293945712e-01  4.298245614035088380e+01
5.749999999999999556e-01  4.035087719298245901e+01
5.754999923706054510e-01  3.903508771929824661e+01
5.759999847412109464e-01  4.210526315789473983e+01
5.765000152587890225e-01  4.078947368421052033e+01
5.770000076293945179e-01  3.991228070175438347e+01
5.775000000000000133e-01  3.728070175438596578e+01
5.779999923706055087e-01  4.254385964912280826e+01
5.784999847412108931e-01  4.078947368421052033e+01
5.790000152587890803e-01  4.122807017543859587e+01
5.795000076293945757e-01  4.166666666666667140e+01
5.799999999999999600e-01  4.166666666666666430e+01
5.804999923706054554e-01  3.947368421052631504e+01
5.809999847412109508e-01  4.035087719298245901e+01
5.815000152587890270e-01  3.859649122807017818e+01
5.820000076293945224e-01  4.078947368421052744e+01
5.825000000000000178e-01  3.991228070175438347e+01
5.829999923706055132e-01  4.254385964912280826e+01
5.834999847412108975e-01  3.991228070175438347e+01
5.840000152587890847e-01  4.078947368421052744e+01
5.845000076293945801e-01  4.254385964912280826e+01
5.849999999999999645e-01  3.991228070175438347e+01
5.854999923706054599e-01  4.298245614035087669e+01
5.859999847412109553e-01  3.991228070175439058e+01
5.865000152587890314e-01  4.342105263157894512e+01
5.870000076293945268e-01  4.166666666666666430e+01
5.875000000000000222e-01  4.078947368421052744e+01
5.879999923706055176e-01  4.342105263157895223e+01
5.884999847412109020e-01  4.078947368421052744e+01
5.890000152587890891e-01  3.859649122807017108e+01
5.895000076293945845e-01  4.210526315789473983e+01
5.899999999999999689e-01  4.166666666666667140e+01
5.904999923706054643e-01  3.991228070175438347e+01
5.909999847412109597e-01  3.771929824561403422e+01
5.915000152587890359e-01  4.035087719298245190e+01
5.920000076293945312e-01  3.903508771929824661e+01
5.925000000000000266e-01  4.210526315789473273e+01
5.929999923706055220e-01  3.859649122807017818e+01
5.934999847412109064e-01  4.166666666666667140e+01
5.940000152587890936e-01  3.596491228070175339e+01
5.945000076293944780e-01  4.210526315789473273e+01
5.949999999999999734e-01  4.210526315789473983e+01
5.954999923706054688e-01  4.122807017543860297e+01
5.959999847412109641e-01  3.947368421052631504e+01
5.965000152587890403e-01  3.991228070175438347e+01
5.970000076293945357e-01  3.991228070175438347e+01
5.975000000000000311e-01  3.991228070175438347e+01
5.979999923706054155e-01  4.254385964912280826e+01
5.984999847412109109e-01  3.859649122807017818e+01
5.990000152587890980e-01  4.078947368421052744e+01
5.995000076293944824e-01  3.684210526315789025e+01
5.999999999999999778e-01  3.947368421052631504e+01
6.004999923706054732e-01  4.035087719298245190e+01
6.009999847412109686e-01  3.947368421052631504e+01
6.015000152587890447e-01  4.035087719298245901e+01
6.020000076293945401e-01  4.254385964912280826e+01
6.025000000000000355e-01  4.166666666666666430e+01
6.029999923706054199e-01  4.385964912280702066e+01
6.034999847412109153e-01  3.815789473684210265e+01
6.040000152587891025e-01  3.903508771929824661e+01
6.045000076293944868e-01  4.429824561403508909e+01
6.049999999999999822e-01  3.991228070175439058e+01
6.054999923706054776e-01  3.815789473684210265e+01
6.059999847412109730e-01  4.385964912280702066e+01
6.065000152587890492e-01  4.078947368421052744e+01
6.070000076293945446e-01  4.122807017543860297e+01
6.075000000000000400e-01  3.771929824561403422e+01
6.079999923706054243e-01  3.728070175438596578e+01
6.084999847412109197e-01  4.166666666666666430e+01
6.090000152587891069e-01  4.210526315789473983e+01
6.095000076293944913e-01  4.035087719298245190e+01
6.099999999999999867e-01  3.815789473684210265e+01
6.104999923706054821e-01  3.903508771929824661e+01
6.109999847412109775e-01  3.771929824561403422e+01
6.115000152587890536e-01  3.684210526315789735e+01
6.120000076293945490e-01  4.035087719298245901e+01
6.125000000000000444e-01  4.035087719298245901e+01
6.129999923706054288e-01  4.122807017543859587e+01
6.134999847412109242e-01  4.166666666666667140e+01
6.140000152587891113e-01  3.684210526315789025e+01
6.145000076293944957e-01  3.991228070175438347e+01
6.149999999999999911e-01  4.035087719298245190e+01
6.154999923706054865e-01  3.859649122807017818e+01
6.159999847412109819e-01  3.815789473684210265e+01
6.165000152587890581e-01  3.771929824561403422e+01
6.170000076293945535e-01  3.815789473684210265e+01
6.175000000000000488e-01  4.342105263157895223e+01
6.179999923706054332e-01  3.815789473684210265e+01
6.184999847412109286e-01  4.166666666666667140e+01
6.190000152587891158e-01  4.035087719298245901e+01
6.195000076293945002e-01  3.947368421052631504e+01
6.199999999999999956e-01  3.947368421052631504e+01
6.204999923706054910e-01  4.166666666666666430e+01
6.209999847412109863e-01  3.552631578947368496e+01
6.215000152587890625e-01  3.859649122807017818e+01
6.220000076293945579e-01  4.254385964912280826e+01
6.225000000000000533e-01  4.035087719298245190e+01
6.229999923706054377e-01  3.728070175438596578e+01
6.234999847412109331e-01  3.815789473684210975e+01
6.240000152587890092e-01  3.728070175438595868e+01
6.245000076293945046e-01  3.684210526315789735e+01
6.250000000000000000e-01  3.903508771929824661e+01
6.254999923706054954e-01  4.166666666666666430e+01
6.259999847412109908e-01  3.903508771929824661e+01
6.265000152587890669e-01  3.728070175438595868e+01
6.270000076293945623e-01  4.035087719298245190e+01
6.274999999999999467e-01  3.859649122807017818e+01
6.279999923706054421e-01  4.254385964912280826e+01
6.284999847412109375e-01  3.771929824561403422e+01
6.290000152587890137e-01  4.210526315789473983e+01
6.295000076293945090e-01  4.298245614035088380e+01
6.300000000000000044e-01  3.991228070175439058e+01
6.304999923706054998e-01  3.903508771929824661e+01
6.309999847412108842e-01  4.342105263157895223e+01
6.315000152587890714e-01  4.210526315789473983e+01
6.320000076293945668e-01  3.903508771929824661e+01
6.324999999999999512e-01  3.991228070175439058e+01
6.329999923706054465e-01  4.035087719298245901e+01
6.334999847412109419e-01  3.991228070175439058e+01
6.340000152587890181e-01  3.947368421052631504e+01
6.345000076293945135e-01  3.947368421052631504e+01
6.350000000000000089e-01  3.991228070175438347e+01
6.354999923706055043e-01  3.859649122807017818e+01
6.359999847412108887e-01  4.122807017543859587e+01
6.365000152587890758e-01  4.078947368421052033e+01
6.370000076293945712e-01  3.859649122807017818e+01
6.374999999999999556e-01  4.649122807017543835e+01
6.379999923706054510e-01  4.078947368421052744e+01
6.384999847412109464e-01  3.859649122807017818e+01
6.390000152587890225e-01  4.210526315789473983e+01
6.395000076293945179e-01  4.035087719298245190e+01
6.400000000000000133e-01  4.035087719298245901e+01
6.405000305175780895e-01  4.078947368421052033e+01
6.409999847412108931e-01  3.508771929824561653e+01
6.415000152587890803e-01  3.771929824561403422e+01
6.419999694824218839e-01  3.903508771929824661e+01
6.424999999999999600e-01  3.991228070175438347e+01
6.430000305175781472e-01  4.122807017543860297e+01
6.434999847412109508e-01  4.166666666666667140e+01
6.440000152587890270e-01  3.903508771929824661e+01
6.444999694824218306e-01  4.078947368421052744e+01
6.450000000000000178e-01  4.122807017543859587e+01
6.455000305175780939e-01  4.210526315789473983e+01
6.459999847412108975e-01  4.166666666666666430e+01
6.465000152587890847e-01  4.561403508771930149e+01
6.469999694824218883e-01  4.473684210526315752e+01
6.474999999999999645e-01  3.815789473684210265e+01
6.480000305175781516e-01  4.166666666666667140e+01
6.484999847412109553e-01  3.947368421052631504e+01
6.490000152587890314e-01  4.298245614035087669e+01
6.494999694824218350e-01  4.122807017543859587e+01
6.500000000000000222e-01  4.298245614035087669e+01
6.505000305175780984e-01  3.947368421052631504e+01
6.509999847412109020e-01  4.298245614035087669e+01
6.515000152587890891e-01  4.122807017543859587e+01
6.519999694824218928e-01  4.035087719298245901e+01
6.524999999999999689e-01  4.210526315789473983e+01
6.530000305175781561e-01  4.385964912280701355e+01
6.534999847412109597e-01  3.947368421052631504e+01
6.540000152587890359e-01  3.640350877192982892e+01
6.544999694824218395e-01  4.166666666666667140e+01
6.550000000000000266e-01  4.210526315789473983e+01
6.555000305175781028e-01  4.166666666666666430e+01
6.559999847412109064e-01  4.298245614035088380e+01
6.565000152587890936e-01  3.245614035087719884e+01
6.569999694824218972e-01  3.991228070175439058e+01
6.574999999999999734e-01  3.684210526315789735e+01
6.580000305175781605e-01  4.078947368421052033e+01
6.584999847412109641e-01  3.991228070175439058e+01
6.590000152587890403e-01  3.947368421052631504e+01
6.594999694824218439e-01  3.859649122807017818e+01
6.600000000000000311e-01  3.815789473684210975e+01
6.605000305175781072e-01  3.859649122807017818e+01
6.609999847412109109e-01  3.464912280701754810e+01
6.615000152587890980e-01  4.254385964912280826e+01
6.619999694824219016e-01  4.035087719298245190e+01
6.624999999999999778e-01  3.508771929824561653e+01
6.630000305175781650e-01  3.684210526315789025e+01
6.634999847412109686e-01  3.947368421052631504e+01
6.640000152587890447e-01  3.859649122807017818e+01
6.644999694824218484e-01  3.815789473684210265e+01
6.650000000000000355e-01  3.771929824561403422e+01
6.655000305175781117e-01  3.771929824561403422e+01
6.659999847412109153e-01  3.640350877192982182e+01
6.665000152587891025e-01  3.815789473684210265e+01
6.669999694824219061e-01  4.166666666666667140e+01
6.674999999999999822e-01  4.122807017543859587e+01
6.680000305175781694e-01  4.122807017543859587e+01
6.684999847412109730e-01  4.078947368421052033e+01
6.690000152587890492e-01  4.342105263157894512e+01
6.694999694824218528e-01  3.991228070175439058e+01
6.700000000000000400e-01  3.903508771929824661e+01
6.705000305175781161e-01  3.859649122807017818e+01
6.709999847412109197e-01  4.298245614035087669e+01
6.715000152587891069e-01  4.078947368421052744e+01
6.719999694824219105e-01  4.210526315789473983e+01
6.724999999999999867e-01  4.035087719298245190e+01
6.730000305175781738e-01  4.342105263157894512e+01
6.734999847412109775e-01  4.166666666666666430e+01
6.740000152587890536e-01  4.122807017543859587e+01
6.744999694824218572e-01  4.254385964912280826e+01
6.750000000000000444e-01  3.771929824561403422e+01
6.755000305175781206e-01  4.298245614035087669e+01
6.759999847412109242e-01  4.210526315789473983e+01
6.765000152587891113e-01  3.947368421052631504e+01
6.769999694824219150e-01  3.859649122807017818e+01
6.774999999999999911e-01  3.947368421052631504e+01
6.780000305175781783e-01  4.385964912280702066e+01
6.784999847412109819e-01  3.815789473684210975e+01
6.790000152587890581e-01  4.122807017543859587e+01
6.794999694824218617e-01  3.947368421052631504e+01
6.800000000000000488e-01  4.210526315789473983e+01
6.805000305175781250e-01  4.122807017543859587e+01
6.809999847412109286e-01  3.903508771929824661e+01
6.815000152587891158e-01  4.035087719298245190e+01
6.819999694824219194e-01  4.210526315789473983e+01
6.824999999999999956e-01  4.078947368421052744e+01
6.830000305175780717e-01  3.859649122807017818e+01
6.834999847412109863e-01  3.991228070175438347e+01
6.840000152587890625e-01  3.903508771929824661e+01
6.844999694824218661e-01  4.035087719298245901e+01
6.850000000000000533e-01  3.771929824561404132e+01
6.855000305175781294e-01  3.947368421052631504e+01
6.859999847412109331e-01  4.035087719298245901e+01
6.865000152587890092e-01  4.122807017543859587e+01
6.869999694824219238e-01  3.640350877192982182e+01
6.875000000000000000e-01  4.078947368421052744e+01
6.880000305175780762e-01  3.815789473684210975e+01
6.884999847412109908e-01  4.122807017543859587e+01
6.890000152587890669e-01  3.728070175438595868e+01
6.894999694824218706e-01  3.947368421052631504e+01
6.899999999999999467e-01  4.078947368421052744e+01
6.905000305175781339e-01  3.596491228070175339e+01
6.909999847412109375e-01  3.947368421052631504e+01
6.915000152587890137e-01  4.210526315789473983e+01
6.919999694824219283e-01  4.210526315789473273e+01
6.925000000000000044e-01  3.991228070175439058e+01
6.930000305175780806e-01  4.078947368421052744e+01
6.934999847412108842e-01  4.210526315789473983e+01
6.940000152587890714e-01  3.684210526315789025e+01
6.944999694824218750e-01  3.947368421052631504e+01
6.949999999999999512e-01  4.078947368421052744e+01
6.955000305175781383e-01  4.254385964912280826e+01
6.959999847412109419e-01  4.122807017543859587e+01
6.965000152587890181e-01  4.035087719298245901e+01
6.969999694824218217e-01  3.859649122807017818e+01
6.975000000000000089e-01  3.728070175438596578e+01
6.980000305175780850e-01  3.552631578947368496e+01
6.984999847412108887e-01  4.298245614035087669e+01
6.990000152587890758e-01  4.210526315789473983e+01
6.994999694824218794e-01  4.122807017543859587e+01
6.999999999999999556e-01  3.947368421052631504e+01
7.005000305175781428e-01  4.078947368421052744e+01
7.009999847412109464e-01  3.947368421052631504e+01
7.015000152587890225e-01  4.210526315789473273e+01
7.019999694824218262e-01  4.166666666666667140e+01
7.025000000000000133e-01  4.210526315789473983e+01
7.030000305175780895e-01  4.385964912280702066e+01
7.034999847412108931e-01  4.254385964912280826e+01
7.040000152587890803e-01  4.166666666666666430e+01
7.044999694824218839e-01  4.078947368421052033e+01
7.049999999999999600e-01  4.078947368421052744e+01
7.055000305175781472e-01  3.903508771929824661e+01
7.059999847412109508e-01  3.771929824561404132e+01
7.065000152587890270e-01  3.859649122807017108e+01
7.069999694824218306e-01  3.991228070175439058e+01
7.075000000000000178e-01  3.991228070175439058e+01
7.080000305175780939e-01  3.684210526315789025e+01
7.084999847412108975e-01  3.903508771929824661e+01
7.090000152587890847e-01  3.859649122807017108e+01
7.094999694824218883e-01  3.771929824561404132e+01
7.099999999999999645e-01  3.903508771929824661e+01
7.105000305175781516e-01  3.815789473684210975e+01
7.109999847412109553e-01  4.122807017543859587e+01
7.115000152587890314e-01  3.815789473684210265e+01
7.119999694824218350e-01  4.210526315789473983e+01
7.125000000000000222e-01  3.991228070175438347e+01
7.130000305175780984e-01  3.640350877192982182e+01
7.134999847412109020e-01  4.035087719298245901e+01
7.140000152587890891e-01  3.728070175438596578e+01
7.144999694824218928e-01  4.122807017543859587e+01
7.149999999999999689e-01  3.903508771929824661e+01
7.155000305175781561e-01  4.035087719298245190e+01
7.159999847412109597e-01  3.903508771929824661e+01
7.165000152587890359e-01  3.771929824561403422e+01
7.169999694824218395e-01  4.078947368421052033e+01
7.175000000000000266e-01  3.903508771929824661e+01
7.180000305175781028e-01  3.859649122807017108e+01
7.184999847412109064e-01  3.596491228070175339e+01
7.190000152587890936e-01  3.991228070175438347e+01
7.194999694824218972e-01  3.552631578947368496e+01
7.199999999999999734e-01  3.640350877192982182e+01
7.205000305175781605e-01  4.166666666666667140e+01
7.209999847412109641e-01  4.078947368421052744e+01
7.215000152587890403e-01  4.078947368421052033e+01
7.219999694824218439e-01  4.210526315789473983e+01
7.225000000000000311e-01  4.078947368421052033e+01
7.230000305175781072e-01  3.903508771929824661e+01
7.234999847412109109e-01  3.508771929824561653e+01
7.240000152587890980e-01  3.640350877192982892e+01
7.244999694824219016e-01  4.122807017543859587e+01
7.249999999999999778e-01  3.464912280701754810e+01
7.255000305175781650e-01  3.771929824561403422e+01
7.259999847412109686e-01  4.078947368421052744e+01
7.265000152587890447e-01  3.991228070175439058e+01
7.269999694824218484e-01  4.122807017543860297e+01
7.275000000000000355e-01  3.640350877192982892e+01
7.280000305175781117e-01  3.552631578947368496e+01
7.284999847412109153e-01  4.122807017543859587e+01
7.290000152587891025e-01  3.991228070175439058e+01
7.294999694824219061e-01  3.947368421052631504e+01
7.299999999999999822e-01  4.035087719298245901e+01
7.305000305175781694e-01  3.903508771929824661e+01
7.309999847412109730e-01  4.035087719298245901e+01
7.315000152587890492e-01  3.991228070175439058e+01
7.319999694824218528e-01  4.166666666666667140e+01
7.325000000000000400e-01  3.771929824561403422e+01
7.330000305175781161e-01  3.684210526315789025e+01
7.334999847412109197e-01  3.421052631578947967e+01
7.340000152587891069e-01  3.947368421052631504e+01
7.344999694824219105e-01  3.903508771929824661e+01
7.349999999999999867e-01  3.464912280701754810e+01
7.355000305175781738e-01  3.552631578947368496e+01
7.359999847412109775e-01  4.122807017543859587e+01
7.365000152587890536e-01  3.640350877192982182e+01
7.369999694824218572e-01  3.728070175438595868e+01
7.375000000000000444e-01  3.684210526315789025e+01
7.380000305175781206e-01  3.684210526315789025e+01
7.384999847412109242e-01  3.640350877192982892e+01
7.390000152587891113e-01  3.596491228070175339e+01
7.394999694824219150e-01  3.552631578947368496e+01
7.399999999999999911e-01  3.684210526315789025e+01
7.405000305175781783e-01  3.771929824561403422e+01
7.409999847412109819e-01  3.903508771929824661e+01
7.415000152587890581e-01  4.078947368421052744e+01
7.419999694824218617e-01  4.254385964912280826e+01
7.425000000000000488e-01  4.517543859649123306e+01
7.430000305175781250e-01  3.815789473684210975e+01
7.434999847412109286e-01  3.859649122807017818e+01
7.440000152587891158e-01  4.254385964912280826e+01
7.444999694824219194e-01  4.342105263157894512e+01
7.449999999999999956e-01  4.298245614035087669e+01
7.455000305175780717e-01  4.078947368421052033e+01
7.459999847412109863e-01  3.903508771929824661e+01
7.465000152587890625e-01  4.035087719298245901e+01
7.469999694824218661e-01  4.385964912280702066e+01
7.475000000000000533e-01  3.991228070175438347e+01
7.480000305175781294e-01  4.254385964912280826e+01
7.484999847412109331e-01  3.947368421052631504e+01
7.490000152587890092e-01  3.947368421052631504e+01
7.494999694824219238e-01  3.903508771929824661e+01
7.500000000000000000e-01  3.947368421052631504e+01
7.505000305175780762e-01  4.078947368421052744e+01
7.509999847412109908e-01  4.166666666666666430e+01
7.515000152587890669e-01  3.859649122807017818e+01
7.519999694824218706e-01  3.947368421052631504e+01
7.524999999999999467e-01  3.991228070175438347e+01
7.530000305175781339e-01  3.903508771929824661e+01
7.534999847412109375e-01  4.035087719298245901e+01
7.540000152587890137e-01  3.991228070175438347e+01
7.544999694824219283e-01  4.210526315789473983e+01
7.550000000000000044e-01  4.342105263157894512e+01
7.555000305175780806e-01  4.342105263157895223e+01
7.559999847412108842e-01  3.903508771929824661e+01
7.565000152587890714e-01  4.078947368421052744e+01
7.569999694824218750e-01  4.517543859649123306e+01
7.574999999999999512e-01  4.122807017543859587e+01
7.580000305175781383e-01  3.771929824561403422e+01
7.584999847412109419e-01  3.728070175438596578e+01
7.590000152587890181e-01  3.903508771929824661e+01
7.594999694824218217e-01  4.122807017543860297e+01
7.600000000000000089e-01  3.903508771929824661e+01
7.605000305175780850e-01  4.035087719298245901e+01
7.609999847412108887e-01  3.640350877192982892e+01
7.615000152587890758e-01  3.859649122807017818e+01
7.619999694824218794e-01  4.078947368421052744e+01
7.624999999999999556e-01  3.859649122807017108e+01
7.630000305175781428e-01  4.210526315789473983e+01
7.634999847412109464e-01  3.552631578947368496e+01
7.640000152587890225e-01  3.771929824561403422e+01
7.644999694824218262e-01  4.473684210526315752e+01
7.650000000000000133e-01  3.771929824561403422e+01
7.655000305175780895e-01  4.122807017543860297e+01
7.659999847412108931e-01  3.903508771929824661e+01
7.665000152587890803e-01  4.298245614035087669e+01
7.669999694824218839e-01  4.429824561403508909e+01
7.674999999999999600e-01  4.254385964912280826e+01
7.680000305175781472e-01  3.859649122807017818e+01
7.684999847412109508e-01  3.991228070175439058e+01
7.690000152587890270e-01  3.947368421052631504e+01
7.694999694824218306e-01  3.859649122807017108e+01
7.700000000000000178e-01  4.122807017543859587e+01
7.705000305175780939e-01  4.342105263157894512e+01
7.709999847412108975e-01  4.122807017543859587e+01
7.715000152587890847e-01  4.166666666666666430e+01
7.719999694824218883e-01  3.596491228070176049e+01
7.724999999999999645e-01  3.859649122807017818e+01
7.730000305175781516e-01  4.078947368421052744e+01
7.734999847412109553e-01  3.991228070175438347e+01
7.740000152587890314e-01  4.166666666666667140e+01
7.744999694824218350e-01  3.684210526315789735e+01
7.750000000000000222e-01  4.035087719298245190e+01
7.755000305175780984e-01  3.903508771929824661e+01
7.759999847412109020e-01  4.122807017543859587e+01
7.765000152587890891e-01  3.947368421052631504e+01
7.769999694824218928e-01  3.640350877192982892e+01
7.774999999999999689e-01  4.166666666666667140e+01
7.780000305175781561e-01  3.464912280701754810e+01
7.784999847412109597e-01  3.596491228070175339e+01
7.790000152587890359e-01  4.035087719298245190e+01
7.794999694824218395e-01  3.771929824561404132e+01
7.800000000000000266e-01  3.947368421052631504e+01
7.805000305175781028e-01  3.508771929824560942e+01
7.809999847412109064e-01  3.596491228070175339e+01
7.815000152587890936e-01  3.815789473684210975e+01
7.819999694824218972e-01  3.947368421052631504e+01
7.824999999999999734e-01  3.991228070175438347e+01
7.830000305175781605e-01  3.903508771929824661e+01
7.834999847412109641e-01  3.947368421052631504e+01
7.840000152587890403e-01  3.728070175438595868e+01
7.844999694824218439e-01  4.122807017543860297e+01
7.850000000000000311e-01  3.684210526315789735e+01
7.855000305175781072e-01  3.947368421052631504e+01
7.859999847412109109e-01  4.035087719298245901e+01
7.865000152587890980e-01  4.166666666666667140e+01
7.869999694824219016e-01  3.991228070175439058e+01
7.874999999999999778e-01  3.771929824561403422e+01
7.880000305175781650e-01  3.903508771929824661e+01
7.884999847412109686e-01  3.596491228070175339e+01
7.890000152587890447e-01  3.421052631578947256e+01
7.894999694824218484e-01  3.859649122807017818e+01
7.900000000000000355e-01  3.640350877192982892e+01
7.905000305175781117e-01  3.771929824561403422e+01
7.909999847412109153e-01  3.771929824561403422e+01
7.915000152587891025e-01  3.728070175438595868e+01
7.919999694824219061e-01  4.035087719298245190e+01
7.924999999999999822e-01  4.035087719298245190e+01
7.930000305175781694e-01  3.728070175438595868e+01
7.934999847412109730e-01  4.035087719298245190e+01
7.940000152587890492e-01  4.298245614035087669e+01
7.944999694824218528e-01  3.771929824561403422e+01
7.950000000000000400e-01  3.859649122807017108e+01
7.955000305175781161e-01  3.947368421052631504e+01
7.959999847412109197e-01  3.859649122807017818e+01
7.965000152587891069e-01  3.947368421052631504e+01
7.969999694824219105e-01  3.771929824561403422e+01
7.974999999999999867e-01  3.684210526315789025e+01
7.980000305175781738e-01  3.640350877192982182e+01
7.984999847412109775e-01  3.684210526315789025e+01
7.990000152587890536e-01  3.771929824561403422e+01
7.994999694824218572e-01  3.552631578947368496e+01
8.000000000000000444e-01  3.157894736842105132e+01
8.005000305175781206e-01  3.771929824561403422e+01
8.009999847412109242e-01  3.859649122807017818e+01
8.015000152587891113e-01  3.728070175438596578e+01
8.019999694824219150e-01  3.728070175438596578e+01
8.024999999999999911e-01  3.771929824561404132e+01
8.030000305175781783e-01  3.640350877192982182e+01
8.034999847412109819e-01  3.728070175438596578e+01
8.040000152587890581e-01  3.903508771929824661e+01
8.044999694824218617e-01  3.815789473684210975e+01
8.050000000000000488e-01  3.596491228070175339e+01
8.055000305175781250e-01  3.464912280701754099e+01
8.059999847412109286e-01  3.815789473684210265e+01
8.065000152587891158e-01  4.122807017543859587e+01
8.069999694824219194e-01  3.771929824561403422e+01
8.074999999999999956e-01  3.859649122807017818e+01
8.080000305175780717e-01  4.210526315789473273e+01
8.084999847412109863e-01  4.166666666666667140e+01
8.090000152587890625e-01  3.903508771929824661e+01
8.094999694824218661e-01  4.210526315789473983e+01
8.100000000000000533e-01  4.035087719298245901e+01
8.105000305175781294e-01  4.166666666666666430e+01
8.109999847412109331e-01  4.298245614035087669e+01
8.115000152587890092e-01  4.254385964912280826e+01
8.119999694824219238e-01  4.122807017543859587e+01
8.125000000000000000e-01  3.947368421052631504e+01
8.130000305175780762e-01  3.991228070175438347e+01
8.134999847412109908e-01  4.166666666666666430e+01
8.140000152587890669e-01  3.859649122807017818e+01
8.144999694824218706e-01  3.728070175438596578e+01
8.149999999999999467e-01  3.859649122807017818e+01
8.155000305175781339e-01  3.903508771929824661e+01
8.159999847412109375e-01  4.210526315789473983e+01
8.165000152587890137e-01  3.859649122807017818e+01
8.169999694824219283e-01  3.859649122807017818e+01
8.175000000000000044e-01  3.771929824561403422e+01
8.180000305175780806e-01  3.815789473684210265e+01
8.184999847412108842e-01  3.771929824561403422e+01
8.190000152587890714e-01  3.596491228070175339e+01
8.194999694824218750e-01  4.122807017543859587e+01
8.199999999999999512e-01  4.122807017543859587e+01
8.205000305175781383e-01  3.859649122807017108e+01
8.209999847412109419e-01  3.728070175438596578e+01
8.215000152587890181e-01  3.991228070175439058e+01
8.219999694824218217e-01  3.728070175438596578e+01
8.225000000000000089e-01  3.815789473684210265e+01
8.230000305175780850e-01  4.078947368421052033e+01
8.234999847412108887e-01  3.640350877192982892e+01
8.240000152587890758e-01  4.342105263157894512e+01
8.244999694824218794e-01  3.991228070175439058e+01
8.249999999999999556e-01  3.947368421052631504e+01
8.255000305175781428e-01  4.035087719298245190e+01
8.259999847412109464e-01  3.815789473684210265e+01
8.265000152587890225e-01  4.298245614035087669e+01
8.269999694824218262e-01  4.210526315789473273e+01
8.275000000000000133e-01  4.078947368421052744e+01
8.280000305175780895e-01  3.684210526315789735e+01
8.284999847412108931e-01  4.166666666666666430e+01
8.290000152587890803e-01  3.464912280701754099e+01
8.294999694824218839e-01  3.201754385964912331e+01
8.299999999999999600e-01  4.122807017543859587e+01
8.305000305175781472e-01  4.210526315789473273e+01
8.309999847412109508e-01  4.078947368421052744e+01
8.315000152587890270e-01  4.210526315789473983e+01
8.319999694824218306e-01  4.122807017543859587e+01
8.325000000000000178e-01  4.254385964912280826e+01
8.330000305175780939e-01  4.035087719298245190e+01
8.334999847412108975e-01  4.078947368421052744e+01
8.340000152587890847e-01  3.596491228070175339e+01
8.344999694824218883e-01  3.991228070175439058e+01
8.349999999999999645e-01  3.859649122807017818e+01
8.355000305175781516e-01  4.210526315789473273e+01
8.359999847412109553e-01  4.166666666666666430e+01
8.365000152587890314e-01  4.385964912280702066e+01
8.369999694824218350e-01  4.473684210526315042e+01
8.375000000000000222e-01  4.122807017543859587e+01
8.380000305175780984e-01  4.254385964912280826e+01
8.384999847412109020e-01  4.035087719298245901e+01
8.390000152587890891e-01  3.596491228070175339e+01
8.394999694824218928e-01  4.122807017543859587e+01
8.399999999999999689e-01  4.561403508771930149e+01
8.405000305175781561e-01  4.342105263157894512e+01
8.409999847412109597e-01  4.122807017543859587e+01
8.415000152587890359e-01  4.035087719298245901e+01
8.419999694824218395e-01  3.903508771929824661e+01
8.425000000000000266e-01  4.342105263157894512e+01
8.430000305175781028e-01  3.947368421052631504e+01
8.434999847412109064e-01  4.078947368421052744e+01
8.440000152587890936e-01  3.859649122807017818e+01
8.444999694824218972e-01  4.605263157894736992e+01
8.449999999999999734e-01  4.298245614035087669e+01
8.455000305175781605e-01  4.298245614035087669e+01
8.459999847412109641e-01  4.736842105263158231e+01
8.465000152587890403e-01  4.035087719298245190e+01
8.469999694824218439e-01  4.385964912280701355e+01
8.475000000000000311e-01  4.429824561403508199e+01
8.480000305175781072e-01  4.342105263157894512e+01
8.484999847412109109e-01  4.035087719298245190e+01
8.490000152587890980e-01  4.078947368421052744e+01
8.494999694824219016e-01  4.342105263157895223e+01
8.499999999999999778e-01  4.166666666666666430e+01
8.505000305175781650e-01  4.078947368421052033e+01
8.509999847412109686e-01  4.736842105263157521e+01
8.515000152587890447e-01  3.771929824561403422e+01
8.519999694824218484e-01  3.947368421052631504e+01
8.525000000000000355e-01  3.684210526315789735e+01
8.530000305175781117e-01  4.035087719298245190e+01
8.534999847412109153e-01  4.385964912280701355e+01
8.540000152587891025e-01  4.429824561403508909e+01
8.544999694824219061e-01  3.947368421052631504e+01
8.549999999999999822e-01  4.166666666666666430e+01
8.555000305175781694e-01  4.078947368421052744e+01
8.559999847412109730e-01  4.342105263157894512e+01
8.565000152587890492e-01  4.166666666666667140e+01
8.569999694824218528e-01  4.254385964912280826e+01
8.575000000000000400e-01  4.429824561403508909e+01
8.580000305175781161e-01  4.122807017543859587e+01
8.584999847412109197e-01  4.429824561403508909e+01
8.590000152587891069e-01  4.035087719298245190e+01
8.594999694824219105e-01  4.166666666666666430e+01
8.599999999999999867e-01  4.385964912280702066e+01
8.605000305175781738e-01  3.947368421052631504e+01
8.609999847412109775e-01  4.166666666666666430e+01
8.615000152587890536e-01  3.947368421052631504e+01
8.619999694824218572e-01  3.859649122807017108e+01
8.625000000000000444e-01  4.210526315789473983e+01
8.630000305175781206e-01  4.166666666666666430e+01
8.634999847412109242e-01  4.078947368421052744e+01
8.640000152587891113e-01  4.254385964912280826e+01
8.644999694824219150e-01  4.035087719298245901e+01
8.649999999999999911e-01  3.771929824561403422e+01
8.655000305175781783e-01  4.078947368421052744e+01
8.659999847412109819e-01  3.859649122807017818e+01
8.665000152587890581e-01  3.991228070175438347e+01
8.669999694824218617e-01  4.210526315789473273e+01
8.675000000000000488e-01  4.035087719298245901e+01
8.680000305175781250e-01  4.035087719298245901e+01
8.684999847412109286e-01  3.815789473684210975e+01
8.690000152587891158e-01  3.991228070175438347e+01
8.694999694824219194e-01  3.728070175438596578e+01
8.699999999999999956e-01  4.122807017543859587e+01
8.705000305175780717e-01  4.078947368421052744e+01
8.709999847412109863e-01  4.385964912280702066e+01
8.715000152587890625e-01  4.429824561403508199e+01
8.719999694824218661e-01  4.166666666666667140e+01
8.725000000000000533e-01  4.254385964912280826e+01
8.730000305175781294e-01  4.342105263157895223e+01
8.734999847412109331e-01  4.429824561403508909e+01
8.740000152587890092e-01  4.210526315789473273e+01
8.744999694824219238e-01  3.947368421052631504e+01
8.750000000000000000e-01  4.210526315789473273e+01
8.755000305175780762e-01  4.254385964912280826e+01
8.759999847412109908e-01  3.859649122807017108e+01
8.765000152587890669e-01  4.254385964912280826e+01
8.769999694824218706e-01  4.342105263157894512e+01
8.774999999999999467e-01  3.991228070175438347e+01
8.780000305175781339e-01  4.078947368421052744e+01
8.784999847412109375e-01  3.859649122807017818e+01
8.790000152587890137e-01  3.728070175438596578e+01
8.794999694824219283e-01  4.298245614035087669e+01
8.800000000000000044e-01  4.429824561403508909e+01
8.805000305175780806e-01  4.342105263157895223e+01
8.809999847412108842e-01  3.947368421052631504e+01
8.815000152587890714e-01  3.947368421052631504e+01
8.819999694824218750e-01  4.210526315789473273e+01
8.824999999999999512e-01  3.596491228070175339e+01
8.830000305175781383e-01  4.122807017543859587e+01
8.834999847412109419e-01  4.122807017543859587e+01
8.840000152587890181e-01  4.166666666666666430e+01
8.844999694824218217e-01  3.596491228070175339e+01
8.850000000000000089e-01  4.122807017543860297e+01
8.855000305175780850e-01  4.078947368421052033e+01
8.859999847412108887e-01  4.166666666666667140e+01
8.865000152587890758e-01  4.473684210526315752e+01
8.869999694824218794e-01  4.166666666666667140e+01
8.874999999999999556e-01  4.385964912280702066e+01
8.880000305175781428e-01  4.078947368421052744e+01
8.884999847412109464e-01  3.991228070175439058e+01
8.890000152587890225e-01  4.605263157894736992e+01
8.894999694824218262e-01  4.166666666666667140e+01
8.900000000000000133e-01  3.991228070175438347e+01
8.905000305175780895e-01  3.947368421052631504e+01
8.909999847412108931e-01  3.728070175438596578e+01
8.915000152587890803e-01  3.991228070175438347e+01
8.919999694824218839e-01  4.473684210526316463e+01
8.924999999999999600e-01  4.166666666666666430e+01
8.930000305175781472e-01  4.122807017543859587e+01
8.934999847412109508e-01  4.122807017543859587e+01
8.940000152587890270e-01  3.771929824561404132e+01
8.944999694824218306e-01  3.903508771929824661e+01
8.950000000000000178e-01  4.035087719298245190e+01
8.955000305175780939e-01  4.078947368421052744e+01
8.959999847412108975e-01  3.991228070175438347e+01
8.965000152587890847e-01  3.377192982456140413e+01
8.969999694824218883e-01  4.385964912280701355e+01
8.974999999999999645e-01  3.815789473684210265e+01
8.980000305175781516e-01  4.122807017543859587e+01
8.984999847412109553e-01  4.078947368421052744e+01
8.990000152587890314e-01  4.473684210526315752e+01
8.994999694824218350e-01  3.859649122807017108e+01
9.000000000000000222e-01  3.728070175438596578e+01
9.005000305175780984e-01  3.947368421052631504e+01
9.009999847412109020e-01  3.859649122807017108e+01
9.015000152587890891e-01  3.859649122807017108e+01
9.019999694824218928e-01  3.771929824561403422e+01
9.024999999999999689e-01  4.254385964912280826e+01
9.030000305175781561e-01  3.947368421052631504e+01
9.034999847412109597e-01  3.771929824561403422e+01
9.040000152587890359e-01  4.473684210526315752e+01
9.044999694824218395e-01  4.166666666666667140e+01
9.050000000000000266e-01  4.166666666666667140e+01
9.055000305175781028e-01  4.342105263157894512e+01
9.059999847412109064e-01  4.078947368421052033e+01
9.065000152587890936e-01  4.385964912280701355e+01
9.069999694824218972e-01  4.429824561403508909e+01
9.074999999999999734e-01  4.342105263157894512e+01
9.080000305175781605e-01  4.298245614035087669e+01
9.084999847412109641e-01  4.254385964912280826e+01
9.090000152587890403e-01  4.035087719298245901e+01
9.094999694824218439e-01  4.078947368421052744e+01
9.100000000000000311e-01  4.254385964912280116e+01
9.105000305175781072e-01  4.605263157894736992e+01
9.109999847412109109e-01  4.429824561403508199e+01
9.115000152587890980e-01  4.517543859649122595e+01
9.119999694824219016e-01  4.692982456140351388e+01
9.124999999999999778e-01  4.078947368421052744e+01
9.130000305175781650e-01  4.561403508771929438e+01
9.134999847412109686e-01  4.649122807017543835e+01
9.140000152587890447e-01  4.473684210526315752e+01
9.144999694824218484e-01  4.254385964912280826e+01
9.150000000000000355e-01  4.342105263157895223e+01
9.155000305175781117e-01  4.473684210526315752e+01
9.159999847412109153e-01  4.561403508771930149e+01
9.165000152587891025e-01  4.342105263157895223e+01
9.169999694824219061e-01  4.254385964912280826e+01
9.174999999999999822e-01  4.210526315789473983e+01
9.180000305175781694e-01  4.473684210526315752e+01
9.184999847412109730e-01  4.429824561403508909e+01
9.190000152587890492e-01  4.342105263157894512e+01
9.194999694824218528e-01  4.035087719298245190e+01
9.200000000000000400e-01  4.210526315789473273e+01
9.205000305175781161e-01  4.254385964912280826e+01
9.209999847412109197e-01  4.429824561403508199e+01
9.215000152587891069e-01  4.210526315789473273e+01
9.219999694824219105e-01  4.429824561403508909e+01
9.224999999999999867e-01  3.815789473684210975e+01
9.230000305175781738e-01  4.473684210526315752e+01
9.234999847412109775e-01  4.298245614035087669e+01
9.240000152587890536e-01  4.035087719298245190e+01
9.244999694824218572e-01  4.342105263157894512e+01
9.250000000000000444e-01  4.342105263157894512e+01
9.255000305175781206e-01  4.122807017543859587e+01
9.259999847412109242e-01  4.035087719298245190e+01
9.265000152587891113e-01  4.429824561403508909e+01
9.269999694824219150e-01  4.254385964912280826e+01
9.274999999999999911e-01  4.298245614035087669e+01
9.280000305175781783e-01  4.561403508771930149e+01
9.284999847412109819e-01  4.736842105263157521e+01
9.290000152587890581e-01  4.429824561403508909e+01
9.294999694824218617e-01  4.298245614035087669e+01
9.300000000000000488e-01  3.903508771929824661e+01
9.305000305175781250e-01  4.385964912280702066e+01
9.309999847412109286e-01  4.517543859649123306e+01
9.315000152587891158e-01  4.210526315789473983e+01
9.319999694824219194e-01  4.342105263157895223e+01
9.324999999999999956e-01  4.561403508771929438e+01
9.330000305175780717e-01  4.605263157894736992e+01
9.334999847412109863e-01  4.385964912280701355e+01
9.340000152587890625e-01  4.078947368421052744e+01
9.344999694824218661e-01  4.473684210526315752e+01
9.350000000000000533e-01  4.385964912280702066e+01
9.355000305175781294e-01  3.947368421052631504e+01
9.359999847412109331e-01  4.473684210526315752e+01
9.365000152587890092e-01  4.473684210526316463e+01
9.369999694824219238e-01  4.385964912280701355e+01
9.375000000000000000e-01  3.859649122807017818e+01
9.380000305175780762e-01  3.947368421052631504e+01
9.384999847412109908e-01  4.649122807017543835e+01
9.390000152587890669e-01  4.385964912280701355e+01
9.394999694824218706e-01  4.561403508771929438e+01
9.399999999999999467e-01  4.122807017543858876e+01
9.405000305175781339e-01  4.473684210526315752e+01
9.409999847412109375e-01  4.605263157894736281e+01
9.415000152587890137e-01  4.298245614035087669e+01
9.419999694824219283e-01  4.473684210526315752e+01
9.425000000000000044e-01  4.166666666666667140e+01
9.430000305175780806e-01  4.035087719298245190e+01
9.434999847412108842e-01  4.342105263157894512e+01
9.440000152587890714e-01  3.903508771929824661e+01
9.444999694824218750e-01  4.429824561403508909e+01
9.449999999999999512e-01  4.254385964912280826e+01
9.455000305175781383e-01  4.342105263157894512e+01
9.459999847412109419e-01  4.210526315789473273e+01
9.465000152587890181e-01  4.517543859649122595e+01
9.469999694824218217e-01  4.078947368421052744e+01
9.475000000000000089e-01  4.122807017543859587e+01
9.480000305175780850e-01  4.517543859649123306e+01
9.484999847412108887e-01  4.342105263157895223e+01
9.490000152587890758e-01  3.947368421052631504e+01
9.494999694824218794e-01  3.552631578947368496e+01
9.499999999999999556e-01  4.385964912280701355e+01
9.505000305175781428e-01  4.210526315789473983e+01
9.509999847412109464e-01  3.815789473684210265e+01
9.515000152587890225e-01  4.210526315789473273e+01
9.519999694824218262e-01  4.254385964912280826e+01
9.525000000000000133e-01  4.517543859649122595e+01
9.530000305175780895e-01  4.254385964912280826e+01
9.534999847412108931e-01  4.035087719298245901e+01
9.540000152587890803e-01  3.684210526315789735e+01
9.544999694824218839e-01  4.473684210526315752e+01
9.549999999999999600e-01  4.254385964912280826e+01
9.555000305175781472e-01  3.991228070175438347e+01
9.559999847412109508e-01  4.298245614035087669e+01
9.565000152587890270e-01  3.771929824561403422e+01
9.569999694824218306e-01  4.035087719298245190e+01
9.575000000000000178e-01  3.991228070175438347e+01
9.580000305175780939e-01  4.429824561403508909e+01
9.584999847412108975e-01  4.429824561403508199e+01
9.590000152587890847e-01  4.254385964912280826e+01
9.594999694824218883e-01  4.561403508771930149e+01
9.599999999999999645e-01  3.859649122807017818e+01
9.605000305175781516e-01  4.649122807017544545e+01
9.609999847412109553e-01  4.254385964912280826e+01
9.615000152587890314e-01  4.298245614035087669e+01
9.619999694824218350e-01  4.605263157894736992e+01
9.625000000000000222e-01  4.122807017543859587e+01
9.630000305175780984e-01  3.640350877192982892e+01
9.634999847412109020e-01  3.859649122807017818e+01
9.640000152587890891e-01  4.078947368421052744e+01
9.644999694824218928e-01  4.342105263157894512e+01
9.649999999999999689e-01  3.991228070175438347e+01
9.655000305175781561e-01  3.815789473684210975e+01
9.659999847412109597e-01  4.078947368421052033e+01
9.665000152587890359e-01  4.035087719298245190e+01
9.669999694824218395e-01  3.640350877192982892e+01
9.675000000000000266e-01  4.122807017543859587e+01
9.680000305175781028e-01  4.342105263157895223e+01
9.684999847412109064e-01  4.561403508771930149e+01
9.690000152587890936e-01  4.166666666666666430e+01
9.694999694824218972e-01  4.517543859649123306e+01
9.699999999999999734e-01  4.692982456140351388e+01
9.705000305175781605e-01  3.771929824561403422e+01
9.709999847412109641e-01  4.342105263157894512e+01
9.715000152587890403e-01  4.254385964912280826e+01
9.719999694824218439e-01  3.991228070175438347e+01
9.725000000000000311e-01  4.385964912280701355e+01
9.730000305175781072e-01  4.122807017543859587e+01
9.734999847412109109e-01  4.035087719298245901e+01
9.740000152587890980e-01  4.078947368421052033e+01
9.744999694824219016e-01  4.385964912280702066e+01
9.749999999999999778e-01  3.815789473684210265e+01
9.755000305175781650e-01  4.078947368421052744e+01
9.759999847412109686e-01  4.122807017543859587e+01
9.765000152587890447e-01  3.991228070175438347e+01
9.769999694824218484e-01  4.429824561403508909e+01
9.775000000000000355e-01  4.122807017543859587e+01
9.780000305175781117e-01  4.473684210526315752e+01
9.784999847412109153e-01  3.815789473684210975e+01
9.790000152587891025e-01  4.166666666666667140e+01
9.794999694824219061e-01  4.298245614035087669e+01
9.799999999999999822e-01  4.298245614035086959e+01
9.805000305175781694e-01  4.298245614035087669e+01
9.809999847412109730e-01  3.947368421052631504e+01
9.815000152587890492e-01  3.684210526315789735e+01
9.819999694824218528e-01  3.903508771929824661e+01
9.825000000000000400e-01  3.903508771929824661e+01
9.830000305175781161e-01  4.342105263157894512e+01
9.834999847412109197e-01  4.517543859649122595e+01
9.840000152587891069e-01  4.078947368421052744e+01
9.844999694824219105e-01  4.078947368421052033e+01
9.849999999999999867e-01  3.859649122807017818e+01
9.855000305175781738e-01  3.728070175438596578e+01
9.859999847412109775e-01  4.429824561403508909e+01
9.865000152587890536e-01  4.078947368421052033e+01
9.869999694824218572e-01  4.166666666666666430e+01
9.875000000000000444e-01  4.298245614035087669e+01
9.880000305175781206e-01  4.473684210526315752e+01
9.884999847412109242e-01  3.903508771929824661e+01
9.890000152587891113e-01  4.078947368421052033e+01
9.894999694824219150e-01  4.605263157894736992e+01
9.899999999999999911e-01  3.771929824561403422e+01
9.905000305175781783e-01  3.903508771929824661e+01
9.909999847412109819e-01  4.122807017543858876e+01
9.915000152587890581e-01  4.298245614035087669e+01
9.919999694824218617e-01  4.078947368421052744e+01
9.925000000000000488e-01  3.684210526315789735e+01
9.930000305175781250e-01  4.298245614035087669e+01
9.934999847412109286e-01  4.254385964912280826e+01
9.940000152587891158e-01  4.473684210526315752e+01
9.944999694824219194e-01  3.771929824561403422e+01
9.949999999999999956e-01  3.815789473684210265e+01
9.955000305175780717e-01  4.561403508771929438e+01
9.959999847412109863e-01  4.385964912280702066e+01
9.965000152587890625e-01  4.210526315789473273e+01
9.969999694824218661e-01  3.859649122807017818e+01
9.975000000000000533e-01  3.991228070175439058e+01
9.980000305175781294e-01  4.035087719298245190e+01
9.984999847412109331e-01  4.078947368421052744e+01
9.990000152587890092e-01  4.254385964912280826e+01
9.994999694824219238e-01  3.859649122807017818e+01
1.000000000000000000e+00  3.815789473684210265e+01
1.000500030517578187e+00  4.166666666666667140e+01
1.000999984741210991e+00  4.035087719298245901e+01
1.001500015258788956e+00  3.728070175438596578e+01
1.001999969482421982e+00  4.298245614035087669e+01
1.002499999999999947e+00  4.035087719298245901e+01
1.003000030517578134e+00  4.122807017543860297e+01
1.003499984741210938e+00  4.342105263157895223e+01
1.004000015258789125e+00  4.078947368421052744e+01
1.004499969482421928e+00  3.991228070175438347e+01
1.004999999999999893e+00  4.078947368421052744e+01
1.005500030517578081e+00  4.035087719298245190e+01
1.005999984741210884e+00  4.298245614035087669e+01
1.006500015258789071e+00  3.815789473684210975e+01
1.006999969482421875e+00  3.815789473684210265e+01
1.007500000000000062e+00  3.991228070175439058e+01
1.008000030517578027e+00  3.859649122807017818e+01
1.008499984741210831e+00  3.991228070175438347e+01
1.009000015258789018e+00  3.859649122807017818e+01
1.009499969482421822e+00  3.728070175438595868e+01
1.010000000000000009e+00  4.035087719298245901e+01
1.010500030517578196e+00  3.991228070175438347e+01
1.010999984741211000e+00  4.210526315789473273e+01
1.011500015258788965e+00  4.078947368421052744e+01
1.011999969482421768e+00  4.035087719298245190e+01
1.012499999999999956e+00  3.815789473684210265e+01
1.013000030517578143e+00  3.771929824561404132e+01
1.013499984741210946e+00  3.947368421052631504e+01
1.014000015258789134e+00  4.210526315789473983e+01
1.014499969482421937e+00  4.298245614035087669e+01
1.014999999999999902e+00  4.210526315789473983e+01
1.015500030517578089e+00  3.771929824561404132e+01
1.015999984741210893e+00  3.684210526315789025e+01
1.016500015258789080e+00  3.815789473684210265e+01
1.016999969482421884e+00  3.903508771929824661e+01
1.017500000000000071e+00  3.771929824561403422e+01
1.018000030517578036e+00  3.991228070175438347e+01
1.018499984741210840e+00  4.078947368421052744e+01
1.019000015258789027e+00  4.166666666666667140e+01
1.019499969482421831e+00  3.859649122807017818e+01
1.020000000000000018e+00  3.815789473684210265e+01
1.020500030517578205e+00  3.991228070175438347e+01
1.020999984741211009e+00  4.210526315789473983e+01
1.021500015258788974e+00  4.035087719298245901e+01
1.021999969482421777e+00  4.210526315789473273e+01
1.022499999999999964e+00  3.859649122807017818e+01
1.023000030517578152e+00  3.947368421052631504e+01
1.023499984741210955e+00  3.947368421052631504e+01
1.024000015258789142e+00  3.596491228070176049e+01
1.024499969482421946e+00  4.166666666666667140e+01
1.024999999999999911e+00  3.859649122807017818e+01
1.025500030517578098e+00  4.561403508771929438e+01
1.025999984741210902e+00  4.210526315789473983e+01
1.026500015258789089e+00  4.385964912280701355e+01
1.026999969482421893e+00  4.473684210526315752e+01
1.027500000000000080e+00  3.991228070175438347e+01
1.028000030517578045e+00  4.473684210526316463e+01
1.028499984741210849e+00  3.771929824561403422e+01
1.029000015258789036e+00  3.991228070175439058e+01
1.029499969482421839e+00  4.342105263157895223e+01
1.030000000000000027e+00  4.210526315789473983e+01
1.030500030517578214e+00  4.254385964912280826e+01
1.030999984741211017e+00  4.166666666666666430e+01
1.031500015258788983e+00  4.122807017543859587e+01
1.031999969482421786e+00  4.342105263157894512e+01
1.032499999999999973e+00  4.122807017543859587e+01
1.033000030517578161e+00  3.991228070175439058e+01
1.033499984741210964e+00  4.429824561403508199e+01
1.034000015258789151e+00  4.210526315789473983e+01
1.034499969482421955e+00  4.298245614035087669e+01
1.034999999999999920e+00  4.122807017543859587e+01
1.035500030517578107e+00  3.903508771929824661e+01
1.035999984741210911e+00  4.166666666666666430e+01
1.036500015258789098e+00  4.122807017543859587e+01
1.036999969482421902e+00  4.298245614035087669e+01
1.037500000000000089e+00  4.517543859649121885e+01
1.038000030517578054e+00  4.166666666666666430e+01
1.038499984741210858e+00  4.166666666666667140e+01
1.039000015258789045e+00  4.605263157894736992e+01
1.039499969482421848e+00  4.035087719298245190e+01
1.040000000000000036e+00  4.122807017543859587e+01
1.040500030517578223e+00  4.298245614035087669e+01
1.040999984741211026e+00  3.947368421052631504e+01
1.041500015258788991e+00  4.122807017543860297e+01
1.041999969482421795e+00  4.298245614035087669e+01
1.042499999999999982e+00  3.640350877192982182e+01
1.043000030517578169e+00  4.605263157894736992e+01
1.043499984741210973e+00  3.771929824561404132e+01
1.044000015258789160e+00  4.254385964912280826e+01
1.044499969482421964e+00  4.035087719298245190e+01
1.044999999999999929e+00  3.947368421052631504e+01
1.045500030517578116e+00  4.210526315789473983e+01
1.045999984741210920e+00  4.473684210526316463e+01
1.046500015258789107e+00  4.605263157894736992e+01
1.046999969482421911e+00  4.122807017543859587e+01
1.047500000000000098e+00  4.122807017543859587e+01
1.048000030517578063e+00  4.210526315789473983e+01
1.048499984741210866e+00  4.078947368421052744e+01
1.049000015258789054e+00  3.991228070175439058e+01
1.049499969482421857e+00  3.903508771929824661e+01
1.050000000000000044e+00  3.596491228070176049e+01
1.050500030517578232e+00  4.342105263157894512e+01
1.050999984741211035e+00  3.991228070175438347e+01
1.051500015258789000e+00  4.561403508771930149e+01
1.051999969482421804e+00  4.078947368421052744e+01
1.052499999999999991e+00  4.736842105263158231e+01
1.053000030517578178e+00  4.078947368421052744e+01
1.053499984741210982e+00  4.035087719298245190e+01
1.054000015258789169e+00  4.254385964912280116e+01
1.054499969482421973e+00  3.991228070175439058e+01
1.054999999999999938e+00  4.429824561403508909e+01
1.055500030517578125e+00  4.429824561403508909e+01
1.055999984741210929e+00  4.210526315789473983e+01
1.056500015258789116e+00  4.254385964912280826e+01
1.056999969482421919e+00  4.078947368421052744e+01
1.057500000000000107e+00  4.298245614035087669e+01
1.058000030517578072e+00  3.903508771929824661e+01
1.058499984741210875e+00  3.991228070175438347e+01
1.059000015258789062e+00  4.473684210526315752e+01
1.059499969482421866e+00  4.166666666666666430e+01
1.060000000000000053e+00  4.122807017543859587e+01
1.060500030517578018e+00  4.342105263157894512e+01
1.060999984741211044e+00  4.254385964912280826e+01
1.061500015258789009e+00  4.122807017543860297e+01
1.061999969482421813e+00  3.947368421052632215e+01
1.062500000000000000e+00  4.605263157894736992e+01
1.063000030517578187e+00  3.991228070175438347e+01
1.063499984741210991e+00  4.342105263157894512e+01
1.064000015258788956e+00  3.815789473684210265e+01
1.064499969482421982e+00  4.342105263157894512e+01
1.064999999999999947e+00  4.035087719298245901e+01
1.065500030517578134e+00  4.035087719298245901e+01
1.065999984741210938e+00  3.991228070175438347e+01
1.066500015258789125e+00  4.210526315789473273e+01
1.066999969482421928e+00  3.991228070175438347e+01
1.067499999999999893e+00  4.166666666666667140e+01
1.068000030517578081e+00  3.947368421052631504e+01
1.068499984741210884e+00  4.254385964912280826e+01
1.069000015258789071e+00  4.078947368421052744e+01
1.069499969482421875e+00  3.903508771929824661e+01
1.070000000000000062e+00  4.035087719298245190e+01
1.070500030517578027e+00  3.815789473684210265e+01
1.070999984741210831e+00  3.991228070175438347e+01
1.071500015258789018e+00  4.254385964912280826e+01
1.071999969482421822e+00  3.991228070175438347e+01
1.072500000000000009e+00  3.684210526315789735e+01
1.073000030517578196e+00  3.684210526315789025e+01
1.073499984741211000e+00  3.640350877192982182e+01
1.074000015258788965e+00  3.991228070175438347e+01
1.074499969482421768e+00  4.649122807017543835e+01
1.074999999999999956e+00  3.859649122807017818e+01
1.075500030517578143e+00  3.991228070175439058e+01
1.075999984741210946e+00  3.640350877192982892e+01
1.076500015258789134e+00  3.815789473684210265e+01
1.076999969482421937e+00  3.991228070175439058e+01
1.077499999999999902e+00  4.342105263157895223e+01
1.078000030517578089e+00  3.947368421052631504e+01
1.078499984741210893e+00  4.210526315789473983e+01
1.079000015258789080e+00  3.552631578947368496e+01
1.079499969482421884e+00  4.035087719298245901e+01
1.080000000000000071e+00  3.815789473684210265e+01
1.080500030517578036e+00  3.991228070175438347e+01
1.080999984741210840e+00  4.122807017543859587e+01
1.081500015258789027e+00  4.122807017543859587e+01
1.081999969482421831e+00  4.385964912280701355e+01
1.082500000000000018e+00  4.122807017543860297e+01
1.083000030517578205e+00  4.210526315789473983e+01
1.083499984741211009e+00  4.298245614035087669e+01
1.084000015258788974e+00  3.991228070175439058e+01
1.084499969482421777e+00  3.815789473684210975e+01
1.084999999999999964e+00  3.947368421052631504e+01
1.085500030517578152e+00  3.552631578947368496e+01
1.085999984741210955e+00  4.254385964912280826e+01
1.086500015258789142e+00  4.166666666666666430e+01
1.086999969482421946e+00  4.254385964912280826e+01
1.087499999999999911e+00  4.298245614035087669e+01
1.088000030517578098e+00  3.728070175438596578e+01
1.088499984741210902e+00  3.815789473684210265e+01
1.089000015258789089e+00  3.815789473684210975e+01
1.089499969482421893e+00  3.684210526315789735e+01
1.090000000000000080e+00  4.078947368421052744e+01
1.090500030517578045e+00  3.991228070175438347e+01
1.090999984741210849e+00  4.122807017543859587e+01
1.091500015258789036e+00  4.166666666666666430e+01
1.091999969482421839e+00  3.947368421052631504e+01
1.092500000000000027e+00  4.385964912280702066e+01
1.093000030517578214e+00  3.508771929824560942e+01
1.093499984741211017e+00  3.947368421052631504e+01
1.094000015258788983e+00  3.684210526315789735e+01
1.094499969482421786e+00  4.122807017543860297e+01
1.094999999999999973e+00  4.254385964912280826e+01
1.095500030517578161e+00  3.815789473684210265e+01
1.095999984741210964e+00  4.254385964912280826e+01
1.096500015258789151e+00  4.166666666666667140e+01
1.096999969482421955e+00  4.298245614035087669e+01
1.097499999999999920e+00  4.692982456140350678e+01
1.098000030517578107e+00  4.429824561403508909e+01
1.098499984741210911e+00  4.298245614035086959e+01
1.099000015258789098e+00  4.429824561403508909e+01
1.099499969482421902e+00  4.385964912280702066e+01
1.100000000000000089e+00  4.254385964912280826e+01
1.100500030517578054e+00  4.385964912280702066e+01
1.100999984741210858e+00  4.166666666666666430e+01
1.101500015258789045e+00  4.166666666666667140e+01
1.101999969482421848e+00  4.254385964912280116e+01
1.102500000000000036e+00  4.166666666666666430e+01
1.103000030517578223e+00  4.517543859649122595e+01
1.103499984741211026e+00  4.473684210526315752e+01
1.104000015258788991e+00  4.078947368421052744e+01
1.104499969482421795e+00  4.298245614035087669e+01
1.104999999999999982e+00  4.298245614035087669e+01
1.105500030517578169e+00  4.692982456140350678e+01
1.105999984741210973e+00  4.561403508771930149e+01
1.106500015258789160e+00  4.517543859649122595e+01
1.106999969482421964e+00  4.254385964912280826e+01
1.107499999999999929e+00  4.561403508771929438e+01
1.108000030517578116e+00  4.736842105263157521e+01
1.108499984741210920e+00  4.210526315789473273e+01
1.109000015258789107e+00  4.517543859649122595e+01
1.109499969482421911e+00  4.517543859649123306e+01
1.110000000000000098e+00  4.122807017543860297e+01
1.110500030517578063e+00  4.473684210526315752e+01
1.110999984741210866e+00  3.728070175438596578e+01
1.111500015258789054e+00  4.210526315789473983e+01
1.111999969482421857e+00  4.166666666666667140e+01
1.112500000000000044e+00  4.166666666666667140e+01
1.113000030517578232e+00  4.605263157894736992e+01
1.113499984741211035e+00  4.298245614035087669e+01
1.114000015258789000e+00  4.122807017543859587e+01
1.114499969482421804e+00  4.298245614035087669e+01
1.114999999999999991e+00  4.649122807017544545e+01
1.115500030517578178e+00  4.210526315789473273e+01
1.115999984741210982e+00  4.385964912280701355e+01
1.116500015258789169e+00  4.166666666666667140e+01
1.116999969482421973e+00  4.166666666666667140e+01
1.117499999999999938e+00  4.342105263157895223e+01
1.118000030517578125e+00  4.429824561403508909e+01
1.118499984741210929e+00  4.385964912280701355e+01
1.119000015258789116e+00  4.122807017543859587e+01
1.119499969482421919e+00  3.903508771929824661e+01
1.120000000000000107e+00  4.166666666666667140e+01
1.120500030517578072e+00  4.210526315789473983e+01
1.120999984741210875e+00  4.298245614035087669e+01
1.121500015258789062e+00  4.035087719298245901e+01
1.121999969482421866e+00  3.991228070175439058e+01
1.122500000000000053e+00  3.859649122807017818e+01
1.123000030517578018e+00  4.429824561403508909e+01
1.123499984741211044e+00  4.078947368421052033e+01
1.124000015258789009e+00  4.385964912280701355e+01
1.124499969482421813e+00  4.298245614035087669e+01
1.125000000000000000e+00  4.298245614035087669e+01
1.125500030517578187e+00  4.122807017543859587e+01
1.125999984741210991e+00  4.605263157894736992e+01
1.126500015258788956e+00  4.035087719298245190e+01
1.126999969482421982e+00  4.780701754385965074e+01
1.127499999999999947e+00  4.517543859649122595e+01
1.128000030517578134e+00  4.078947368421052744e+01
1.128499984741210938e+00  4.078947368421052744e+01
1.129000015258789125e+00  4.385964912280701355e+01
1.129499969482421928e+00  4.342105263157894512e+01
1.129999999999999893e+00  4.517543859649121885e+01
1.130500030517578081e+00  4.035087719298245190e+01
1.130999984741210884e+00  4.342105263157894512e+01
1.131500015258789071e+00  3.947368421052630794e+01
1.131999969482421875e+00  4.473684210526315752e+01
1.132500000000000062e+00  4.561403508771929438e+01
1.133000030517578027e+00  4.210526315789473983e+01
1.133499984741210831e+00  4.035087719298245190e+01
1.134000015258789018e+00  3.596491228070175339e+01
1.134499969482421822e+00  3.991228070175438347e+01
1.135000000000000009e+00  4.385964912280701355e+01
1.135500030517578196e+00  4.342105263157894512e+01
1.135999984741211000e+00  3.859649122807017818e+01
1.136500015258788965e+00  4.298245614035087669e+01
1.136999969482421768e+00  4.122807017543859587e+01
1.137499999999999956e+00  4.429824561403508909e+01
1.138000030517578143e+00  3.815789473684210265e+01
1.138499984741210946e+00  4.078947368421052744e+01
1.139000015258789134e+00  3.815789473684210265e+01
1.139499969482421937e+00  3.815789473684210975e+01
1.139999999999999902e+00  4.035087719298245901e+01
1.140500030517578089e+00  3.903508771929824661e+01
1.140999984741210893e+00  4.342105263157895223e+01
1.141500015258789080e+00  3.859649122807017108e+01
1.141999969482421884e+00  4.166666666666667140e+01
1.142500000000000071e+00  4.385964912280702066e+01
1.143000030517578036e+00  4.166666666666666430e+01
1.143499984741210840e+00  3.947368421052631504e+01
1.144000015258789027e+00  4.210526315789473983e+01
1.144499969482421831e+00  4.517543859649123306e+01
1.145000000000000018e+00  3.815789473684210265e+01
1.145500030517578205e+00  4.298245614035087669e+01
1.145999984741211009e+00  3.947368421052631504e+01
1.146500015258788974e+00  3.815789473684210975e+01
1.146999969482421777e+00  4.166666666666666430e+01
1.147499999999999964e+00  3.991228070175439058e+01
1.148000030517578152e+00  3.947368421052631504e+01
1.148499984741210955e+00  4.122807017543859587e+01
1.149000015258789142e+00  3.903508771929824661e+01
1.149499969482421946e+00  3.728070175438596578e+01
1.149999999999999911e+00  4.210526315789473983e+01
1.150500030517578098e+00  4.166666666666667140e+01
1.150999984741210902e+00  3.947368421052631504e+01
1.151500015258789089e+00  3.859649122807017108e+01
1.151999969482421893e+00  3.903508771929824661e+01
1.152500000000000080e+00  3.728070175438596578e+01
1.153000030517578045e+00  3.903508771929824661e+01
1.153499984741210849e+00  3.947368421052631504e+01
1.154000015258789036e+00  3.684210526315789025e+01
1.154499969482421839e+00  3.640350877192982182e+01
1.155000000000000027e+00  3.815789473684210265e+01
1.155500030517578214e+00  3.508771929824561653e+01
1.155999984741211017e+00  3.640350877192982182e+01
1.156500015258788983e+00  3.596491228070175339e+01
1.156999969482421786e+00  3.508771929824560942e+01
1.157499999999999973e+00  3.464912280701754099e+01
1.158000030517578161e+00  3.947368421052631504e+01
1.158499984741210964e+00  3.684210526315789735e+01
1.159000015258789151e+00  3.464912280701754810e+01
1.159499969482421955e+00  3.245614035087719174e+01
1.159999999999999920e+00  3.245614035087719174e+01
1.160500030517578107e+00  4.122807017543859587e+01
1.160999984741210911e+00  3.771929824561403422e+01
1.161500015258789098e+00  3.684210526315789735e+01
1.161999969482421902e+00  3.596491228070175339e+01
1.162500000000000089e+00  3.596491228070175339e+01
1.163000030517578054e+00  3.771929824561403422e+01
1.163499984741210858e+00  4.078947368421052744e+01
1.164000015258789045e+00  3.464912280701754810e+01
1.164499969482421848e+00  3.464912280701754810e+01
1.165000000000000036e+00  3.684210526315789025e+01
1.165500030517578223e+00  4.078947368421052744e+01
1.165999984741211026e+00  3.859649122807017818e+01
1.166500015258788991e+00  3.640350877192982182e+01
1.166999969482421795e+00  3.377192982456140413e+01
1.167499999999999982e+00  3.377192982456140413e+01
1.168000030517578169e+00  3.947368421052631504e+01
1.168499984741210973e+00  3.508771929824560942e+01
1.169000015258789160e+00  3.552631578947368496e+01
1.169499969482421964e+00  4.035087719298245190e+01
1.169999999999999929e+00  3.947368421052631504e+01
1.170500030517578116e+00  3.815789473684210265e+01
1.170999984741210920e+00  3.728070175438596578e+01
1.171500015258789107e+00  3.859649122807017818e+01
1.171999969482421911e+00  3.508771929824560942e+01
1.172500000000000098e+00  3.771929824561403422e+01
1.173000030517578063e+00  4.122807017543859587e+01
1.173499984741210866e+00  3.771929824561403422e+01
1.174000015258789054e+00  3.815789473684210975e+01
1.174499969482421857e+00  4.166666666666666430e+01
1.175000000000000044e+00  3.947368421052631504e+01
1.175500030517578232e+00  4.210526315789473983e+01
1.175999984741211035e+00  4.298245614035087669e+01
1.176500015258789000e+00  3.859649122807017818e+01
1.176999969482421804e+00  3.728070175438596578e+01
1.177499999999999991e+00  3.771929824561404132e+01
1.178000030517578178e+00  3.815789473684210265e+01
1.178499984741210982e+00  4.078947368421052033e+01
1.179000015258789169e+00  4.122807017543860297e+01
1.179499969482421973e+00  4.122807017543859587e+01
1.179999999999999938e+00  3.684210526315789025e+01
1.180500030517578125e+00  4.254385964912280826e+01
1.180999984741210929e+00  3.289473684210526017e+01
1.181500015258789116e+00  3.815789473684210265e+01
1.181999969482421919e+00  3.464912280701754099e+01
1.182500000000000107e+00  3.640350877192982182e+01
1.183000030517578072e+00  4.078947368421052744e+01
1.183499984741210875e+00  3.728070175438596578e+01
1.184000015258789062e+00  3.771929824561403422e+01
1.184499969482421866e+00  4.078947368421052033e+01
1.185000000000000053e+00  3.991228070175438347e+01
1.185500030517578018e+00  4.035087719298245190e+01
1.185999984741211044e+00  4.078947368421052744e+01
1.186500015258789009e+00  3.991228070175439058e+01
1.186999969482421813e+00  3.815789473684210265e+01
1.187500000000000000e+00  4.210526315789473983e+01
1.188000030517578187e+00  3.596491228070175339e+01
1.188499984741210991e+00  3.991228070175438347e+01
1.189000015258788956e+00  4.035087719298245190e+01
1.189499969482421982e+00  3.771929824561403422e+01
1.189999999999999947e+00  3.859649122807017818e+01
1.190500030517578134e+00  3.771929824561404132e+01
1.190999984741210938e+00  3.596491228070175339e+01
1.191500015258789125e+00  3.903508771929824661e+01
1.191999969482421928e+00  3.552631578947368496e+01
1.192499999999999893e+00  3.640350877192982182e+01
1.193000030517578081e+00  4.122807017543859587e+01
1.193499984741210884e+00  3.640350877192982892e+01
1.194000015258789071e+00  3.640350877192982892e+01
1.194499969482421875e+00  4.342105263157894512e+01
1.195000000000000062e+00  4.166666666666667140e+01
1.195500030517578027e+00  3.903508771929824661e+01
1.195999984741210831e+00  4.078947368421052744e+01
1.196500015258789018e+00  3.771929824561403422e+01
1.196999969482421822e+00  3.596491228070175339e+01
1.197500000000000009e+00  3.640350877192982182e+01
1.198000030517578196e+00  3.684210526315789025e+01
1.198499984741211000e+00  3.684210526315789025e+01
1.199000015258788965e+00  3.333333333333333570e+01
1.199499969482421768e+00  4.078947368421052033e+01
1.199999999999999956e+00  3.684210526315789735e+01
1.200500030517578143e+00  3.771929824561403422e+01
1.200999984741210946e+00  3.640350877192982182e+01
1.201500015258789134e+00  3.859649122807017108e+01
1.201999969482421937e+00  3.684210526315789735e+01
1.202499999999999902e+00  4.035087719298245190e+01
1.203000030517578089e+00  3.464912280701754810e+01
1.203499984741210893e+00  3.552631578947368496e+01
1.204000015258789080e+00  3.728070175438596578e+01
1.204499969482421884e+00  4.078947368421052744e+01
1.205000000000000071e+00  3.771929824561404132e+01
1.205500030517578036e+00  3.728070175438596578e+01
1.205999984741210840e+00  3.771929824561403422e+01
1.206500015258789027e+00  3.640350877192982892e+01
1.206999969482421831e+00  3.728070175438596578e+01
1.207500000000000018e+00  3.596491228070175339e+01
1.208000030517578205e+00  4.210526315789473983e+01
1.208499984741211009e+00  3.245614035087719174e+01
1.209000015258788974e+00  3.903508771929824661e+01
1.209499969482421777e+00  3.552631578947368496e+01
1.209999999999999964e+00  3.684210526315789025e+01
1.210500030517578152e+00  3.552631578947368496e+01
1.210999984741210955e+00  4.254385964912280826e+01
1.211500015258789142e+00  3.596491228070175339e+01
1.211999969482421946e+00  3.947368421052631504e+01
1.212499999999999911e+00  3.859649122807017818e+01
1.213000030517578098e+00  3.815789473684210975e+01
1.213499984741210902e+00  3.815789473684210265e+01
1.214000015258789089e+00  3.464912280701754099e+01
1.214499969482421893e+00  3.903508771929824661e+01
1.215000000000000080e+00  3.421052631578947256e+01
1.215500030517578045e+00  4.078947368421052033e+01
1.215999984741210849e+00  3.684210526315789735e+01
1.216500015258789036e+00  3.464912280701754810e+01
1.216999969482421839e+00  3.640350877192982182e+01
1.217500000000000027e+00  4.254385964912280826e+01
1.218000030517578214e+00  4.122807017543859587e+01
1.218499984741211017e+00  4.429824561403508909e+01
1.219000015258788983e+00  3.728070175438596578e+01
1.219499969482421786e+00  3.728070175438596578e+01
1.219999999999999973e+00  3.903508771929824661e+01
1.220500030517578161e+00  4.035087719298245190e+01
1.220999984741210964e+00  3.859649122807017818e+01
1.221500015258789151e+00  4.122807017543859587e+01
1.221999969482421955e+00  3.771929824561403422e+01
1.222499999999999920e+00  3.859649122807017108e+01
1.223000030517578107e+00  4.078947368421052744e+01
1.223499984741210911e+00  3.815789473684210265e+01
1.224000015258789098e+00  3.684210526315789025e+01
1.224499969482421902e+00  4.035087719298245901e+01
1.225000000000000089e+00  4.429824561403508909e+01
1.225500030517578054e+00  4.429824561403508909e+01
1.225999984741210858e+00  3.991228070175438347e+01
1.226500015258789045e+00  3.991228070175438347e+01
1.226999969482421848e+00  3.903508771929824661e+01
1.227500000000000036e+00  4.035087719298245190e+01
1.228000030517578223e+00  3.903508771929824661e+01
1.228499984741211026e+00  4.210526315789473273e+01
1.229000015258788991e+00  3.640350877192982892e+01
1.229499969482421795e+00  3.728070175438596578e+01
1.229999999999999982e+00  3.771929824561404132e+01
1.230500030517578169e+00  4.298245614035087669e+01
1.230999984741210973e+00  3.903508771929824661e+01
1.231500015258789160e+00  3.728070175438596578e+01
1.231999969482421964e+00  3.947368421052631504e+01
1.232499999999999929e+00  4.385964912280702066e+01
1.233000030517578116e+00  4.298245614035087669e+01
1.233499984741210920e+00  3.552631578947368496e+01
1.234000015258789107e+00  4.210526315789473983e+01
1.234499969482421911e+00  3.903508771929824661e+01
1.235000000000000098e+00  4.035087719298245901e+01
1.235500030517578063e+00  4.254385964912280826e+01
1.235999984741210866e+00  4.035087719298245901e+01
1.236500015258789054e+00  4.385964912280702066e+01
1.236999969482421857e+00  4.166666666666666430e+01
1.237500000000000044e+00  4.210526315789473273e+01
1.238000030517578232e+00  4.035087719298245901e+01
1.238499984741211035e+00  3.728070175438596578e+01
1.239000015258789000e+00  3.991228070175438347e+01
1.239499969482421804e+00  3.640350877192982892e+01
1.239999999999999991e+00  3.771929824561403422e+01
1.240500030517578178e+00  4.166666666666667140e+01
1.240999984741210982e+00  3.728070175438595868e+01
1.241500015258789169e+00  3.991228070175438347e+01
1.241999969482421973e+00  3.991228070175438347e+01
1.242499999999999938e+00  3.859649122807017818e+01
1.243000030517578125e+00  3.947368421052631504e+01
1.243499984741210929e+00  3.947368421052631504e+01
1.244000015258789116e+00  3.421052631578947256e+01
1.244499969482421919e+00  3.640350877192982892e+01
1.245000000000000107e+00  4.122807017543860297e+01
1.245500030517578072e+00  4.473684210526316463e+01
1.245999984741210875e+00  3.859649122807017818e+01
1.246500015258789062e+00  4.166666666666667140e+01
1.246999969482421866e+00  3.947368421052631504e+01
1.247500000000000053e+00  4.035087719298245901e+01
1.248000030517578018e+00  4.035087719298245901e+01
1.248499984741211044e+00  4.035087719298245190e+01
1.249000015258789009e+00  3.815789473684210975e+01
1.249499969482421813e+00  3.991228070175438347e+01
1.250000000000000000e+00  3.991228070175438347e+01
1.250500030517578187e+00  3.991228070175439058e+01
1.250999984741210991e+00  3.947368421052631504e+01
1.251500015258788956e+00  4.166666666666667140e+01
1.251999969482421982e+00  3.815789473684210975e+01
1.252499999999999947e+00  3.815789473684210265e+01
1.253000030517578134e+00  4.210526315789473273e+01
1.253499984741210938e+00  4.298245614035087669e+01
1.254000015258789125e+00  4.517543859649123306e+01
1.254499969482421928e+00  4.166666666666667140e+01
1.254999999999999893e+00  4.298245614035087669e+01
1.255500030517578081e+00  4.210526315789473983e+01
1.255999984741210884e+00  4.649122807017543835e+01
1.256500015258789071e+00  4.210526315789473983e+01
1.256999969482421875e+00  4.517543859649123306e+01
1.257500000000000062e+00  3.552631578947368496e+01
1.258000030517578027e+00  4.078947368421052744e+01
1.258499984741210831e+00  4.429824561403508909e+01
1.259000015258789018e+00  4.035087719298245901e+01
1.259499969482421822e+00  4.473684210526315752e+01
1.260000000000000009e+00  3.596491228070175339e+01
1.260500030517578196e+00  3.728070175438596578e+01
1.260999984741211000e+00  4.210526315789473983e+01
1.261500015258788965e+00  3.771929824561403422e+01
1.261999969482421768e+00  3.464912280701754810e+01
1.262499999999999956e+00  3.464912280701754810e+01
1.263000030517578143e+00  3.903508771929824661e+01
1.263499984741210946e+00  4.078947368421052744e+01
1.264000015258789134e+00  4.122807017543859587e+01
1.264499969482421937e+00  3.903508771929824661e+01
1.264999999999999902e+00  4.166666666666667140e+01
1.265500030517578089e+00  4.342105263157895223e+01
1.265999984741210893e+00  4.210526315789473983e+01
1.266500015258789080e+00  3.815789473684210265e+01
1.266999969482421884e+00  3.947368421052631504e+01
1.267500000000000071e+00  4.078947368421052744e+01
1.268000030517578036e+00  4.078947368421052744e+01
1.268499984741210840e+00  3.947368421052631504e+01
1.269000015258789027e+00  3.771929824561403422e+01
1.269499969482421831e+00  4.122807017543859587e+01
1.270000000000000018e+00  4.166666666666667140e+01
1.270500030517578205e+00  3.640350877192982892e+01
1.270999984741211009e+00  3.859649122807017818e+01
1.271500015258788974e+00  3.947368421052631504e+01
1.271999969482421777e+00  3.640350877192982892e+01
1.272499999999999964e+00  3.684210526315789025e+01
1.273000030517578152e+00  3.859649122807017818e+01
1.273499984741210955e+00  3.859649122807017818e+01
1.274000015258789142e+00  3.684210526315789025e+01
1.274499969482421946e+00  3.903508771929824661e+01
1.274999999999999911e+00  4.210526315789473983e+01
1.275500030517578098e+00  4.298245614035087669e+01
1.275999984741210902e+00  4.122807017543859587e+01
1.276500015258789089e+00  4.078947368421052744e+01
1.276999969482421893e+00  3.991228070175438347e+01
1.277500000000000080e+00  4.166666666666666430e+01
1.278000030517578045e+00  3.903508771929824661e+01
1.278499984741210849e+00  3.728070175438596578e+01
1.279000015258789036e+00  3.947368421052631504e+01
1.279499969482421839e+00  3.903508771929824661e+01
1.280000000000000027e+00  4.473684210526316463e+01
1.280500030517578214e+00  4.254385964912280826e+01
1.281000061035156179e+00  3.903508771929824661e+01
1.281499938964843821e+00  3.815789473684210975e+01
1.281999969482421786e+00  4.122807017543859587e+01
1.282499999999999973e+00  4.078947368421052744e+01
1.283000030517578161e+00  3.815789473684210975e+01
1.283500061035156348e+00  3.859649122807017818e+01
1.283999938964843768e+00  4.254385964912280826e+01
1.284499969482421955e+00  3.859649122807017818e+01
1.284999999999999920e+00  3.596491228070175339e+01
1.285500030517578107e+00  4.210526315789473983e+01
1.286000061035156294e+00  3.991228070175438347e+01
1.286499938964843714e+00  4.254385964912280826e+01
1.286999969482421902e+00  4.122807017543859587e+01
1.287500000000000089e+00  3.859649122807017818e+01
1.288000030517578054e+00  3.991228070175438347e+01
1.288500061035156241e+00  4.298245614035087669e+01
1.288999938964843661e+00  4.210526315789473983e+01
1.289499969482421848e+00  4.254385964912280826e+01
1.290000000000000036e+00  4.298245614035087669e+01
1.290500030517578223e+00  4.122807017543859587e+01
1.291000061035156188e+00  4.473684210526315752e+01
1.291499938964843830e+00  4.429824561403508909e+01
1.291999969482421795e+00  4.385964912280701355e+01
1.292499999999999982e+00  4.429824561403508909e+01
1.293000030517578169e+00  4.385964912280701355e+01
1.293500061035156357e+00  4.254385964912280826e+01
1.293999938964843777e+00  4.210526315789473983e+01
1.294499969482421964e+00  4.210526315789473273e+01
1.294999999999999929e+00  3.903508771929824661e+01
1.295500030517578116e+00  4.298245614035087669e+01
1.296000061035156303e+00  4.298245614035087669e+01
1.296499938964843723e+00  3.991228070175438347e+01
1.296999969482421911e+00  4.298245614035088380e+01
1.297500000000000098e+00  4.035087719298245190e+01
1.298000030517578063e+00  4.342105263157894512e+01
1.298500061035156250e+00  3.991228070175439058e+01
1.298999938964843670e+00  3.991228070175438347e+01
1.299499969482421857e+00  4.078947368421052744e+01
1.300000000000000044e+00  3.903508771929824661e+01
1.300500030517578232e+00  4.254385964912280826e+01
1.301000061035156197e+00  4.210526315789473983e+01
1.301499938964843839e+00  4.166666666666667140e+01
1.301999969482421804e+00  3.815789473684210265e+01
1.302499999999999991e+00  3.991228070175439058e+01
1.303000030517578178e+00  4.078947368421052744e+01
1.303500061035156143e+00  3.947368421052631504e+01
1.303999938964843786e+00  3.684210526315789735e+01
1.304499969482421973e+00  3.903508771929824661e+01
1.304999999999999938e+00  3.552631578947368496e+01
1.305500030517578125e+00  3.815789473684210975e+01
1.306000061035156312e+00  3.947368421052631504e+01
1.306499938964843732e+00  4.078947368421052744e+01
1.306999969482421919e+00  3.947368421052631504e+01
1.307500000000000107e+00  3.728070175438596578e+01
1.308000030517578072e+00  3.991228070175438347e+01
1.308500061035156259e+00  3.859649122807017108e+01
1.308999938964843679e+00  4.692982456140350678e+01
1.309499969482421866e+00  3.859649122807017818e+01
1.310000000000000053e+00  4.035087719298245901e+01
1.310500030517578018e+00  3.640350877192982182e+01
1.311000061035156206e+00  3.421052631578947967e+01
1.311499938964843848e+00  3.552631578947368496e+01
1.311999969482421813e+00  3.859649122807017818e+01
1.312500000000000000e+00  3.552631578947368496e+01
1.313000030517578187e+00  4.210526315789473273e+01
1.313500061035156152e+00  3.771929824561404132e+01
1.313999938964843794e+00  4.078947368421052744e+01
1.314499969482421982e+00  3.508771929824561653e+01
1.314999999999999947e+00  4.385964912280702066e+01
1.315500030517578134e+00  3.991228070175438347e+01
1.316000061035156321e+00  4.035087719298245190e+01
1.316499938964843741e+00  4.035087719298245901e+01
1.316999969482421928e+00  4.166666666666666430e+01
1.317499999999999893e+00  3.640350877192982182e+01
1.318000030517578081e+00  4.298245614035087669e+01
1.318500061035156268e+00  4.078947368421052744e+01
1.318999938964843688e+00  3.991228070175439058e+01
1.319499969482421875e+00  4.298245614035087669e+01
1.320000000000000062e+00  4.254385964912280826e+01
1.320500030517578027e+00  3.991228070175438347e+01
1.321000061035156214e+00  4.035087719298245901e+01
1.321499938964843857e+00  4.254385964912280826e+01
1.321999969482421822e+00  4.166666666666666430e+01
1.322500000000000009e+00  3.947368421052631504e+01
1.323000030517578196e+00  3.859649122807017108e+01
1.323500061035156161e+00  3.728070175438596578e+01
1.323999938964843803e+00  3.903508771929824661e+01
1.324499969482421768e+00  3.991228070175439058e+01
1.324999999999999956e+00  4.254385964912280826e+01
1.325500030517578143e+00  3.771929824561403422e+01
1.326000061035156330e+00  4.166666666666666430e+01
1.326499938964843750e+00  4.210526315789473983e+01
1.326999969482421937e+00  3.947368421052631504e+01
1.327499999999999902e+00  4.035087719298245901e+01
1.328000030517578089e+00  3.991228070175438347e+01
1.328500061035156277e+00  3.903508771929824661e+01
1.328999938964843697e+00  3.859649122807017818e+01
1.329499969482421884e+00  3.815789473684210975e+01
1.330000000000000071e+00  3.728070175438596578e+01
1.330500030517578036e+00  4.035087719298245901e+01
1.331000061035156223e+00  3.684210526315789025e+01
1.331499938964843643e+00  4.078947368421052744e+01
1.331999969482421831e+00  3.684210526315789735e+01
1.332500000000000018e+00  3.421052631578947967e+01
1.333000030517578205e+00  3.903508771929824661e+01
1.333500061035156170e+00  3.991228070175439058e+01
1.333999938964843812e+00  3.903508771929824661e+01
1.334499969482421777e+00  4.166666666666666430e+01
1.334999999999999964e+00  3.903508771929824661e+01
1.335500030517578152e+00  3.815789473684210975e+01
1.336000061035156339e+00  4.078947368421052744e+01
1.336499938964843759e+00  3.903508771929824661e+01
1.336999969482421946e+00  3.991228070175439058e+01
1.337499999999999911e+00  3.815789473684210975e+01
1.338000030517578098e+00  3.859649122807017818e+01
1.338500061035156286e+00  4.122807017543859587e+01
1.338999938964843706e+00  4.210526315789473273e+01
1.339499969482421893e+00  4.210526315789473273e+01
1.340000000000000080e+00  4.473684210526315752e+01
1.340500030517578045e+00  4.298245614035087669e+01
1.341000061035156232e+00  4.122807017543859587e+01
1.341499938964843652e+00  3.947368421052631504e+01
1.341999969482421839e+00  3.815789473684210975e+01
1.342500000000000027e+00  4.473684210526316463e+01
1.343000030517578214e+00  4.035087719298245901e+01
1.343500061035156179e+00  4.298245614035088380e+01
1.343999938964843821e+00  4.210526315789473983e+01
1.344499969482421786e+00  4.342105263157894512e+01
1.344999999999999973e+00  4.342105263157894512e+01
1.345500030517578161e+00  4.605263157894736992e+01
1.346000061035156348e+00  4.385964912280702066e+01
1.346499938964843768e+00  4.078947368421052744e+01
1.346999969482421955e+00  4.166666666666666430e+01
1.347499999999999920e+00  4.429824561403508909e+01
1.348000030517578107e+00  4.298245614035088380e+01
1.348500061035156294e+00  4.473684210526316463e+01
1.348999938964843714e+00  4.166666666666666430e+01
1.349499969482421902e+00  4.166666666666667140e+01
1.350000000000000089e+00  4.298245614035088380e+01
1.350500030517578054e+00  3.903508771929824661e+01
1.351000061035156241e+00  4.035087719298245901e+01
1.351499938964843661e+00  4.078947368421052744e+01
1.351999969482421848e+00  3.991228070175438347e+01
1.352500000000000036e+00  4.210526315789473983e+01
1.353000030517578223e+00  3.903508771929824661e+01
1.353500061035156188e+00  4.473684210526315752e+01
1.353999938964843830e+00  3.903508771929824661e+01
1.354499969482421795e+00  3.771929824561403422e+01
1.354999999999999982e+00  4.298245614035087669e+01
1.355500030517578169e+00  4.210526315789473983e+01
1.356000061035156357e+00  3.991228070175439058e+01
1.356499938964843777e+00  4.429824561403508909e+01
1.356999969482421964e+00  4.078947368421052744e+01
1.357499999999999929e+00  3.684210526315789025e+01
1.358000030517578116e+00  4.342105263157894512e+01
1.358500061035156303e+00  4.166666666666667140e+01
1.358999938964843723e+00  4.210526315789473983e+01
1.359499969482421911e+00  4.254385964912280826e+01
1.360000000000000098e+00  4.210526315789473983e+01
1.360500030517578063e+00  4.429824561403508909e+01
1.361000061035156250e+00  4.605263157894736992e+01
1.361499938964843670e+00  4.342105263157895223e+01
1.361999969482421857e+00  3.991228070175438347e+01
1.362500000000000044e+00  4.605263157894736992e+01
1.363000030517578232e+00  4.342105263157895223e+01
1.363500061035156197e+00  4.035087719298245190e+01
1.363999938964843839e+00  4.122807017543860297e+01
1.364499969482421804e+00  3.903508771929824661e+01
1.364999999999999991e+00  4.166666666666667140e+01
1.365500030517578178e+00  3.991228070175439058e+01
1.366000061035156143e+00  3.991228070175439058e+01
1.366499938964843786e+00  3.991228070175438347e+01
1.366999969482421973e+00  3.947368421052631504e+01
1.367499999999999938e+00  4.561403508771930149e+01
1.368000030517578125e+00  4.254385964912280826e+01
1.368500061035156312e+00  4.210526315789473983e+01
1.368999938964843732e+00  4.166666666666666430e+01
1.369499969482421919e+00  4.122807017543859587e+01
1.370000000000000107e+00  4.298245614035087669e+01
1.370500030517578072e+00  3.640350877192982182e+01
1.371000061035156259e+00  4.035087719298245190e+01
1.371499938964843679e+00  4.035087719298245901e+01
1.371999969482421866e+00  4.035087719298245901e+01
1.372500000000000053e+00  4.342105263157894512e+01
1.373000030517578018e+00  4.122807017543859587e+01
1.373500061035156206e+00  4.342105263157894512e+01
1.373999938964843848e+00  4.122807017543860297e+01
1.374499969482421813e+00  4.385964912280702066e+01
1.375000000000000000e+00  3.815789473684210265e+01
1.375500030517578187e+00  3.377192982456140413e+01
1.376000061035156152e+00  3.815789473684210975e+01
1.376499938964843794e+00  4.298245614035087669e+01
1.376999969482421982e+00  3.859649122807017818e+01
1.377499999999999947e+00  4.210526315789473983e+01
1.378000030517578134e+00  3.859649122807017818e+01
1.378500061035156321e+00  4.342105263157894512e+01
1.378999938964843741e+00  4.385964912280702066e+01
1.379499969482421928e+00  4.254385964912280826e+01
1.379999999999999893e+00  4.473684210526316463e+01
1.380500030517578081e+00  4.166666666666667140e+01
1.381000061035156268e+00  4.035087719298245901e+01
1.381499938964843688e+00  4.298245614035087669e+01
1.381999969482421875e+00  3.815789473684210265e+01
1.382500000000000062e+00  4.078947368421052744e+01
1.383000030517578027e+00  3.991228070175438347e+01
1.383500061035156214e+00  4.166666666666667140e+01
1.383999938964843857e+00  3.640350877192982182e+01
1.384499969482421822e+00  3.464912280701754810e+01
1.385000000000000009e+00  4.298245614035087669e+01
1.385500030517578196e+00  3.771929824561404132e+01
1.386000061035156161e+00  4.078947368421052744e+01
1.386499938964843803e+00  3.903508771929824661e+01
1.386999969482421768e+00  4.385964912280702066e+01
1.387499999999999956e+00  3.991228070175439058e+01
1.388000030517578143e+00  3.947368421052631504e+01
1.388500061035156330e+00  4.166666666666667140e+01
1.388999938964843750e+00  4.385964912280701355e+01
1.389499969482421937e+00  4.078947368421052744e+01
1.389999999999999902e+00  4.166666666666667140e+01
1.390500030517578089e+00  4.298245614035087669e+01
1.391000061035156277e+00  3.947368421052631504e+01
1.391499938964843697e+00  4.473684210526316463e+01
1.391999969482421884e+00  4.429824561403508909e+01
1.392500000000000071e+00  4.298245614035087669e+01
1.393000030517578036e+00  3.859649122807017818e+01
1.393500061035156223e+00  4.517543859649123306e+01
1.393999938964843643e+00  3.947368421052631504e+01
1.394499969482421831e+00  4.298245614035087669e+01
1.395000000000000018e+00  4.210526315789473983e+01
1.395500030517578205e+00  3.815789473684210265e+01
1.396000061035156170e+00  4.473684210526315752e+01
1.396499938964843812e+00  4.035087719298245190e+01
1.396999969482421777e+00  4.473684210526316463e+01
1.397499999999999964e+00  4.210526315789473983e+01
1.398000030517578152e+00  4.122807017543860297e+01
1.398500061035156339e+00  4.649122807017543835e+01
1.398999938964843759e+00  4.254385964912280826e+01
1.399499969482421946e+00  4.122807017543859587e+01
1.399999999999999911e+00  4.517543859649123306e+01
1.400500030517578098e+00  4.561403508771930149e+01
1.401000061035156286e+00  4.517543859649122595e+01
1.401499938964843706e+00  4.692982456140350678e+01
1.401999969482421893e+00  4.824561403508771917e+01
1.402500000000000080e+00  4.342105263157895223e+01
1.403000030517578045e+00  4.649122807017544545e+01
1.403500061035156232e+00  4.210526315789473983e+01
1.403999938964843652e+00  4.122807017543859587e+01
1.404499969482421839e+00  4.561403508771930149e+01
1.405000000000000027e+00  4.342105263157895223e+01
1.405500030517578214e+00  3.859649122807017818e+01
1.406000061035156179e+00  4.166666666666667140e+01
1.406499938964843821e+00  4.429824561403508909e+01
1.406999969482421786e+00  4.298245614035087669e+01
1.407499999999999973e+00  4.298245614035087669e+01
1.408000030517578161e+00  4.473684210526316463e+01
1.408500061035156348e+00  4.561403508771930149e+01
1.408999938964843768e+00  4.122807017543860297e+01
1.409499969482421955e+00  4.692982456140350678e+01
1.409999999999999920e+00  4.342105263157895223e+01
1.410500030517578107e+00  4.736842105263157521e+01
1.411000061035156294e+00  4.385964912280701355e+01
1.411499938964843714e+00  4.166666666666667140e+01
1.411999969482421902e+00  4.605263157894736992e+01
1.412500000000000089e+00  4.649122807017543835e+01
1.413000030517578054e+00  4.429824561403508909e+01
1.413500061035156241e+00  4.342105263157894512e+01
1.413999938964843661e+00  4.385964912280702066e+01
1.414499969482421848e+00  4.605263157894736992e+01
1.415000000000000036e+00  4.385964912280702066e+01
1.415500030517578223e+00  4.385964912280702066e+01
1.416000061035156188e+00  4.385964912280701355e+01
1.416499938964843830e+00  4.385964912280702066e+01
1.416999969482421795e+00  4.298245614035087669e+01
1.417499999999999982e+00  4.605263157894736992e+01
1.418000030517578169e+00  4.517543859649123306e+01
1.418500061035156357e+00  4.298245614035087669e+01
1.418999938964843777e+00  4.605263157894736992e+01
1.419499969482421964e+00  4.210526315789473983e+01
1.419999999999999929e+00  4.517543859649123306e+01
1.420500030517578116e+00  4.473684210526316463e+01
1.421000061035156303e+00  4.429824561403508909e+01
1.421499938964843723e+00  4.342105263157895223e+01
1.421999969482421911e+00  4.385964912280702066e+01
1.422500000000000098e+00  4.429824561403508909e+01
1.423000030517578063e+00  4.078947368421052744e+01
1.423500061035156250e+00  4.298245614035087669e+01
1.423999938964843670e+00  4.254385964912280826e+01
1.424499969482421857e+00  4.298245614035087669e+01
1.425000000000000044e+00  4.342105263157894512e+01
1.425500030517578232e+00  4.122807017543859587e+01
1.426000061035156197e+00  4.298245614035087669e+01
1.426499938964843839e+00  3.859649122807017818e+01
1.426999969482421804e+00  4.122807017543859587e+01
1.427499999999999991e+00  4.078947368421052033e+01
1.428000030517578178e+00  4.078947368421052744e+01
1.428500061035156143e+00  4.385964912280702066e+01
1.428999938964843786e+00  4.385964912280702066e+01
1.429499969482421973e+00  4.605263157894736992e+01
1.429999999999999938e+00  4.254385964912280826e+01
1.430500030517578125e+00  3.903508771929824661e+01
1.431000061035156312e+00  4.473684210526315752e+01
1.431499938964843732e+00  3.947368421052631504e+01
1.431999969482421919e+00  3.947368421052631504e+01
1.432500000000000107e+00  3.947368421052631504e+01
1.433000030517578072e+00  3.903508771929824661e+01
1.433500061035156259e+00  4.122807017543860297e+01
1.433999938964843679e+00  4.210526315789473983e+01
1.434499969482421866e+00  4.078947368421052744e+01
1.435000000000000053e+00  3.859649122807017818e+01
1.435500030517578018e+00  4.210526315789473983e+01
1.436000061035156206e+00  4.166666666666667140e+01
1.436499938964843848e+00  4.035087719298245190e+01
1.436999969482421813e+00  4.342105263157894512e+01
1.437500000000000000e+00  4.166666666666667140e+01
1.438000030517578187e+00  4.254385964912280826e+01
1.438500061035156152e+00  3.859649122807017108e+01
1.438999938964843794e+00  3.991228070175438347e+01
1.439499969482421982e+00  3.991228070175438347e+01
1.439999999999999947e+00  3.903508771929824661e+01
1.440500030517578134e+00  3.815789473684210265e+01
1.441000061035156321e+00  4.078947368421052744e+01
1.441499938964843741e+00  3.991228070175439058e+01
1.441999969482421928e+00  4.210526315789473983e+01
1.442499999999999893e+00  3.991228070175438347e+01
1.443000030517578081e+00  4.254385964912280826e+01
1.443500061035156268e+00  4.429824561403508909e+01
1.443999938964843688e+00  4.342105263157895223e+01
1.444499969482421875e+00  4.035087719298245190e+01
1.445000000000000062e+00  4.342105263157895223e+01
1.445500030517578027e+00  4.078947368421052033e+01
1.446000061035156214e+00  4.385964912280702066e+01
1.446499938964843857e+00  4.385964912280702066e+01
1.446999969482421822e+00  3.991228070175438347e+01
1.447500000000000009e+00  4.166666666666666430e+01
1.448000030517578196e+00  4.122807017543859587e+01
1.448500061035156161e+00  4.166666666666667140e+01
1.448999938964843803e+00  4.298245614035088380e+01
1.449499969482421768e+00  4.122807017543859587e+01
1.449999999999999956e+00  4.035087719298245901e+01
1.450500030517578143e+00  4.210526315789473983e+01
1.451000061035156330e+00  4.605263157894736992e+01
1.451499938964843750e+00  4.166666666666667140e+01
1.451999969482421937e+00  4.035087719298245190e+01
1.452499999999999902e+00  3.991228070175438347e+01
1.453000030517578089e+00  4.035087719298245190e+01
1.453500061035156277e+00  3.947368421052631504e+01
1.453999938964843697e+00  4.166666666666667140e+01
1.454499969482421884e+00  4.035087719298245901e+01
1.455000000000000071e+00  3.991228070175438347e+01
1.455500030517578036e+00  4.035087719298245901e+01
1.456000061035156223e+00  3.991228070175438347e+01
1.456499938964843643e+00  3.859649122807017818e+01
1.456999969482421831e+00  4.035087719298245901e+01
1.457500000000000018e+00  4.254385964912280826e+01
1.458000030517578205e+00  4.078947368421052744e+01
1.458500061035156170e+00  4.122807017543859587e+01
1.458999938964843812e+00  3.991228070175439058e+01
1.459499969482421777e+00  3.991228070175438347e+01
1.459999999999999964e+00  3.508771929824561653e+01
1.460500030517578152e+00  4.122807017543859587e+01
1.461000061035156339e+00  3.903508771929824661e+01
1.461499938964843759e+00  3.771929824561403422e+01
1.461999969482421946e+00  4.429824561403508909e+01
1.462499999999999911e+00  4.078947368421052033e+01
1.463000030517578098e+00  4.035087719298245190e+01
1.463500061035156286e+00  4.210526315789473983e+01
1.463999938964843706e+00  4.254385964912280826e+01
1.464499969482421893e+00  4.254385964912280826e+01
1.465000000000000080e+00  4.254385964912280826e+01
1.465500030517578045e+00  4.122807017543859587e+01
1.466000061035156232e+00  3.991228070175439058e+01
1.466499938964843652e+00  4.342105263157895223e+01
1.466999969482421839e+00  4.035087719298245901e+01
1.467500000000000027e+00  4.035087719298245190e+01
1.468000030517578214e+00  3.596491228070175339e+01
1.468500061035156179e+00  4.122807017543859587e+01
1.468999938964843821e+00  4.298245614035088380e+01
1.469499969482421786e+00  4.122807017543859587e+01
1.469999999999999973e+00  4.298245614035087669e+01
1.470500030517578161e+00  4.254385964912280826e+01
1.471000061035156348e+00  3.859649122807017818e+01
1.471499938964843768e+00  3.947368421052631504e+01
1.471999969482421955e+00  3.991228070175439058e+01
1.472499999999999920e+00  4.035087719298245901e+01
1.473000030517578107e+00  3.684210526315789025e+01
1.473500061035156294e+00  3.991228070175439058e+01
1.473999938964843714e+00  3.815789473684210975e+01
1.474499969482421902e+00  3.596491228070175339e+01
1.475000000000000089e+00  4.035087719298245190e+01
1.475500030517578054e+00  3.157894736842105132e+01
1.476000061035156241e+00  3.596491228070175339e+01
1.476499938964843661e+00  3.684210526315789025e+01
1.476999969482421848e+00  3.421052631578947256e+01
1.477500000000000036e+00  3.508771929824561653e+01
1.478000030517578223e+00  3.947368421052631504e+01
1.478500061035156188e+00  3.596491228070175339e+01
1.478999938964843830e+00  3.508771929824561653e+01
1.479499969482421795e+00  4.254385964912280826e+01
1.479999999999999982e+00  4.122807017543860297e+01
1.480500030517578169e+00  3.728070175438596578e+01
1.481000061035156357e+00  3.684210526315789025e+01
1.481499938964843777e+00  4.078947368421052744e+01
1.481999969482421964e+00  3.859649122807017818e+01
1.482499999999999929e+00  4.342105263157894512e+01
1.483000030517578116e+00  3.903508771929824661e+01
1.483500061035156303e+00  4.122807017543859587e+01
1.483999938964843723e+00  4.342105263157894512e+01
1.484499969482421911e+00  4.473684210526315752e+01
1.485000000000000098e+00  3.859649122807017108e+01
1.485500030517578063e+00  4.298245614035087669e+01
1.486000061035156250e+00  3.947368421052631504e+01
1.486499938964843670e+00  4.166666666666667140e+01
1.486999969482421857e+00  4.429824561403508909e+01
1.487500000000000044e+00  4.429824561403508909e+01
1.488000030517578232e+00  4.385964912280701355e+01
1.488500061035156197e+00  4.649122807017543835e+01
1.488999938964843839e+00  4.342105263157895223e+01
1.489499969482421804e+00  4.473684210526316463e+01
1.489999999999999991e+00  4.210526315789473983e+01
1.490500030517578178e+00  4.254385964912280826e+01
1.491000061035156143e+00  4.736842105263157521e+01
1.491499938964843786e+00  4.298245614035087669e+01
1.491999969482421973e+00  4.035087719298245190e+01
1.492499999999999938e+00  4.342105263157894512e+01
1.493000030517578125e+00  4.429824561403508909e+01
1.493500061035156312e+00  4.561403508771929438e+01
1.493999938964843732e+00  4.298245614035088380e+01
1.494499969482421919e+00  4.385964912280702066e+01
1.495000000000000107e+00  4.298245614035087669e+01
1.495500030517578072e+00  4.780701754385965074e+01
1.496000061035156259e+00  4.078947368421052744e+01
1.496499938964843679e+00  3.815789473684210265e+01
1.496999969482421866e+00  4.429824561403508909e+01
1.497500000000000053e+00  4.035087719298245901e+01
1.498000030517578018e+00  4.210526315789473983e+01
1.498500061035156206e+00  3.991228070175438347e+01
1.498999938964843848e+00  3.728070175438596578e+01
1.499499969482421813e+00  3.771929824561403422e+01
1.500000000000000000e+00  3.991228070175439058e+01
1.500500030517578187e+00  4.122807017543859587e+01
1.501000061035156152e+00  3.991228070175438347e+01
1.501499938964843794e+00  3.991228070175438347e+01
1.501999969482421982e+00  3.421052631578947256e+01
1.502499999999999947e+00  3.771929824561403422e+01
1.503000030517578134e+00  3.771929824561403422e+01
1.503500061035156321e+00  3.903508771929824661e+01
1.503999938964843741e+00  3.947368421052631504e+01
1.504499969482421928e+00  4.122807017543860297e+01
1.504999999999999893e+00  3.421052631578947256e+01
1.505500030517578081e+00  3.859649122807017818e+01
1.506000061035156268e+00  3.947368421052631504e+01
1.506499938964843688e+00  4.166666666666667140e+01
1.506999969482421875e+00  3.771929824561403422e+01
1.507500000000000062e+00  3.684210526315789025e+01
1.508000030517578027e+00  3.947368421052631504e+01
1.508500061035156214e+00  3.728070175438596578e+01
1.508999938964843857e+00  3.464912280701754099e+01
1.509499969482421822e+00  3.596491228070175339e+01
1.510000000000000009e+00  3.728070175438595868e+01
1.510500030517578196e+00  3.552631578947368496e+01
1.511000061035156161e+00  3.464912280701754099e+01
1.511499938964843803e+00  3.421052631578947256e+01
1.511999969482421768e+00  3.771929824561403422e+01
1.512499999999999956e+00  3.771929824561403422e+01
1.513000030517578143e+00  3.684210526315789025e+01
1.513500061035156330e+00  4.035087719298245190e+01
1.513999938964843750e+00  3.684210526315789735e+01
1.514499969482421937e+00  4.078947368421052033e+01
1.514999999999999902e+00  3.947368421052631504e+01
1.515500030517578089e+00  3.903508771929824661e+01
1.516000061035156277e+00  3.815789473684210265e+01
1.516499938964843697e+00  3.771929824561403422e+01
1.516999969482421884e+00  4.035087719298245901e+01
1.517500000000000071e+00  4.078947368421052744e+01
1.518000030517578036e+00  4.342105263157895223e+01
1.518500061035156223e+00  4.166666666666667140e+01
1.518999938964843643e+00  4.166666666666666430e+01
1.519499969482421831e+00  3.815789473684210265e+01
1.520000000000000018e+00  3.728070175438596578e+01
1.520500030517578205e+00  3.728070175438596578e+01
1.521000061035156170e+00  3.991228070175439058e+01
1.521499938964843812e+00  4.122807017543859587e+01
1.521999969482421777e+00  3.903508771929824661e+01
1.522499999999999964e+00  3.771929824561403422e+01
1.523000030517578152e+00  4.429824561403508909e+01
1.523500061035156339e+00  3.815789473684210265e+01
1.523999938964843759e+00  3.859649122807017818e+01
1.524499969482421946e+00  3.859649122807017818e+01
1.524999999999999911e+00  4.078947368421052744e+01
1.525500030517578098e+00  4.298245614035087669e+01
1.526000061035156286e+00  4.122807017543859587e+01
1.526499938964843706e+00  4.122807017543859587e+01
1.526999969482421893e+00  3.815789473684210265e+01
1.527500000000000080e+00  3.903508771929824661e+01
1.528000030517578045e+00  3.815789473684210975e+01
1.528500061035156232e+00  4.035087719298245901e+01
1.528999938964843652e+00  4.122807017543859587e+01
1.529499969482421839e+00  4.035087719298245190e+01
1.530000000000000027e+00  3.947368421052631504e+01
1.530500030517578214e+00  3.464912280701754099e+01
1.531000061035156179e+00  3.903508771929824661e+01
1.531499938964843821e+00  4.035087719298245901e+01
1.531999969482421786e+00  3.991228070175438347e+01
1.532499999999999973e+00  4.035087719298245190e+01
1.533000030517578161e+00  3.991228070175438347e+01
1.533500061035156348e+00  4.035087719298245901e+01
1.533999938964843768e+00  3.728070175438596578e+01
1.534499969482421955e+00  3.815789473684210265e+01
1.534999999999999920e+00  4.254385964912280826e+01
1.535500030517578107e+00  3.815789473684210265e+01
1.536000061035156294e+00  3.947368421052631504e+01
1.536499938964843714e+00  4.166666666666666430e+01
1.536999969482421902e+00  3.903508771929824661e+01
1.537500000000000089e+00  4.122807017543859587e+01
1.538000030517578054e+00  4.035087719298245190e+01
1.538500061035156241e+00  4.254385964912280826e+01
1.538999938964843661e+00  3.815789473684210265e+01
1.539499969482421848e+00  3.640350877192982182e+01
1.540000000000000036e+00  3.947368421052631504e+01
1.540500030517578223e+00  3.991228070175438347e+01
1.541000061035156188e+00  3.684210526315789735e+01
1.541499938964843830e+00  3.728070175438596578e+01
1.541999969482421795e+00  3.815789473684210975e+01
1.542499999999999982e+00  4.298245614035087669e+01
1.543000030517578169e+00  4.078947368421052744e+01
1.543500061035156357e+00  4.210526315789473983e+01
1.543999938964843777e+00  4.254385964912280826e+01
1.544499969482421964e+00  4.035087719298245901e+01
1.544999999999999929e+00  3.947368421052631504e+01
1.545500030517578116e+00  3.859649122807017818e+01
1.546000061035156303e+00  4.210526315789473983e+01
1.546499938964843723e+00  4.210526315789473983e+01
1.546999969482421911e+00  3.947368421052631504e+01
1.547500000000000098e+00  4.078947368421052744e+01
1.548000030517578063e+00  4.210526315789473983e+01
1.548500061035156250e+00  3.947368421052631504e+01
1.548999938964843670e+00  3.815789473684210265e+01
1.549499969482421857e+00  4.078947368421052744e+01
1.550000000000000044e+00  4.035087719298245190e+01
1.550500030517578232e+00  3.815789473684210265e+01
1.551000061035156197e+00  4.078947368421052744e+01
1.551499938964843839e+00  3.728070175438596578e+01
1.551999969482421804e+00  4.166666666666666430e+01
1.552499999999999991e+00  3.903508771929824661e+01
1.553000030517578178e+00  4.078947368421052744e+01
1.553500061035156143e+00  3.947368421052631504e+01
1.553999938964843786e+00  3.684210526315789735e+01
1.554499969482421973e+00  3.859649122807017818e+01
1.554999999999999938e+00  3.771929824561403422e+01
1.555500030517578125e+00  3.991228070175438347e+01
1.556000061035156312e+00  3.903508771929824661e+01
1.556499938964843732e+00  3.771929824561403422e+01
1.556999969482421919e+00  4.035087719298245901e+01
1.557500000000000107e+00  3.903508771929824661e+01
1.558000030517578072e+00  3.508771929824561653e+01
1.558500061035156259e+00  4.035087719298245190e+01
1.558999938964843679e+00  4.035087719298245190e+01
1.559499969482421866e+00  3.903508771929824661e+01
1.560000000000000053e+00  3.947368421052631504e+01
1.560500030517578018e+00  4.122807017543859587e+01
1.561000061035156206e+00  4.298245614035087669e+01
1.561499938964843848e+00  4.078947368421052744e+01
1.561999969482421813e+00  4.035087719298245190e+01
1.562500000000000000e+00  3.947368421052631504e+01
1.563000030517578187e+00  3.771929824561403422e+01
1.563500061035156152e+00  4.078947368421052744e+01
1.563999938964843794e+00  4.254385964912280826e+01
1.564499969482421982e+00  3.771929824561403422e+01
1.564999999999999947e+00  3.640350877192982182e+01
1.565500030517578134e+00  3.859649122807017818e+01
1.566000061035156321e+00  3.947368421052631504e+01
1.566499938964843741e+00  4.035087719298245901e+01
1.566999969482421928e+00  3.771929824561403422e+01
1.567499999999999893e+00  3.859649122807017108e+01
1.568000030517578081e+00  3.728070175438595868e+01
1.568500061035156268e+00  3.684210526315789735e+01
1.568999938964843688e+00  4.035087719298245901e+01
1.569499969482421875e+00  4.210526315789473983e+01
1.570000000000000062e+00  3.903508771929824661e+01
1.570500030517578027e+00  3.991228070175439058e+01
1.571000061035156214e+00  3.947368421052631504e+01
1.571499938964843857e+00  3.640350877192982182e+01
1.571999969482421822e+00  4.254385964912280826e+01
1.572500000000000009e+00  3.947368421052632215e+01
1.573000030517578196e+00  4.166666666666666430e+01
1.573500061035156161e+00  4.385964912280702066e+01
1.573999938964843803e+00  4.385964912280702066e+01
1.574499969482421768e+00  4.385964912280701355e+01
1.574999999999999956e+00  3.815789473684210265e+01
1.575500030517578143e+00  4.122807017543860297e+01
1.576000061035156330e+00  4.078947368421052744e+01
1.576499938964843750e+00  4.166666666666667140e+01
1.576999969482421937e+00  3.991228070175439058e+01
1.577499999999999902e+00  3.771929824561404132e+01
1.578000030517578089e+00  3.991228070175438347e+01
1.578500061035156277e+00  4.122807017543859587e+01
1.578999938964843697e+00  3.684210526315789735e+01
1.579499969482421884e+00  3.552631578947368496e+01
1.580000000000000071e+00  4.078947368421052744e+01
1.580500030517578036e+00  3.596491228070175339e+01
1.581000061035156223e+00  3.859649122807017818e+01
1.581499938964843643e+00  3.859649122807017818e+01
1.581999969482421831e+00  3.815789473684210265e+01
1.582500000000000018e+00  4.254385964912280826e+01
1.583000030517578205e+00  4.210526315789473983e+01
1.583500061035156170e+00  3.728070175438596578e+01
1.583999938964843812e+00  3.991228070175438347e+01
1.584499969482421777e+00  4.166666666666667140e+01
1.584999999999999964e+00  4.122807017543859587e+01
1.585500030517578152e+00  3.947368421052631504e+01
1.586000061035156339e+00  3.771929824561403422e+01
1.586499938964843759e+00  3.640350877192982182e+01
1.586999969482421946e+00  3.947368421052631504e+01
1.587499999999999911e+00  4.166666666666666430e+01
1.588000030517578098e+00  3.815789473684210265e+01
1.588500061035156286e+00  3.903508771929824661e+01
1.588999938964843706e+00  3.903508771929824661e+01
1.589499969482421893e+00  3.859649122807017818e+01
1.590000000000000080e+00  3.991228070175439058e+01
1.590500030517578045e+00  3.596491228070175339e+01
1.591000061035156232e+00  3.684210526315789025e+01
1.591499938964843652e+00  3.552631578947368496e+01
1.591999969482421839e+00  3.640350877192982182e+01
1.592500000000000027e+00  3.552631578947368496e+01
1.593000030517578214e+00  3.859649122807017108e+01
1.593500061035156179e+00  3.596491228070175339e+01
1.593999938964843821e+00  3.903508771929824661e+01
1.594499969482421786e+00  3.903508771929824661e+01
1.594999999999999973e+00  3.596491228070175339e+01
1.595500030517578161e+00  3.464912280701754099e+01
1.596000061035156348e+00  3.508771929824561653e+01
1.596499938964843768e+00  4.035087719298245190e+01
1.596999969482421955e+00  3.815789473684210975e+01
1.597499999999999920e+00  3.640350877192982182e+01
1.598000030517578107e+00  3.508771929824561653e+01
1.598500061035156294e+00  4.254385964912280826e+01
1.598999938964843714e+00  3.464912280701754099e+01
1.599499969482421902e+00  3.464912280701754099e+01
1.600000000000000089e+00  3.333333333333332860e+01
1.600500030517578054e+00  3.903508771929824661e+01
1.601000061035156241e+00  3.640350877192982182e+01
1.601499938964843661e+00  3.464912280701754099e+01
1.601999969482421848e+00  3.508771929824560942e+01
1.602500000000000036e+00  3.684210526315789025e+01
1.603000030517578223e+00  3.552631578947368496e+01
1.603500061035156188e+00  3.508771929824561653e+01
1.603999938964843830e+00  3.508771929824561653e+01
1.604499969482421795e+00  3.728070175438596578e+01
1.604999999999999982e+00  4.254385964912280826e+01
1.605500030517578169e+00  3.815789473684210975e+01
1.606000061035156357e+00  3.464912280701754810e+01
1.606499938964843777e+00  3.991228070175438347e+01
1.606999969482421964e+00  3.728070175438596578e+01
1.607499999999999929e+00  3.991228070175438347e+01
1.608000030517578116e+00  3.377192982456140413e+01
1.608500061035156303e+00  3.771929824561403422e+01
1.608999938964843723e+00  3.991228070175438347e+01
1.609499969482421911e+00  3.815789473684210975e+01
1.610000000000000098e+00  3.508771929824561653e+01
1.610500030517578063e+00  3.421052631578947256e+01
1.611000061035156250e+00  3.771929824561403422e+01
1.611499938964843670e+00  3.815789473684210975e+01
1.611999969482421857e+00  3.684210526315789735e+01
1.612500000000000044e+00  4.210526315789473983e+01
1.613000030517578232e+00  4.035087719298245901e+01
1.613500061035156197e+00  4.035087719298245190e+01
1.613999938964843839e+00  3.903508771929824661e+01
1.614499969482421804e+00  3.640350877192982182e+01
1.614999999999999991e+00  3.947368421052631504e+01
1.615500030517578178e+00  3.947368421052631504e+01
1.616000061035156143e+00  3.728070175438595868e+01
1.616499938964843786e+00  3.991228070175438347e+01
1.616999969482421973e+00  3.947368421052631504e+01
1.617499999999999938e+00  3.377192982456140413e+01
1.618000030517578125e+00  3.991228070175438347e+01
1.618500061035156312e+00  4.166666666666667140e+01
1.618999938964843732e+00  3.903508771929824661e+01
1.619499969482421919e+00  4.298245614035087669e+01
1.620000000000000107e+00  3.859649122807017818e+01
1.620500030517578072e+00  4.254385964912280826e+01
1.621000061035156259e+00  3.859649122807017818e+01
1.621499938964843679e+00  3.903508771929824661e+01
1.621999969482421866e+00  3.991228070175438347e+01
1.622500000000000053e+00  4.122807017543860297e+01
1.623000030517578018e+00  3.728070175438596578e+01
1.623500061035156206e+00  3.508771929824561653e+01
1.623999938964843848e+00  3.596491228070175339e+01
1.624499969482421813e+00  3.596491228070175339e+01
1.625000000000000000e+00  3.771929824561403422e+01
1.625500030517578187e+00  3.903508771929824661e+01
1.626000061035156152e+00  3.684210526315789735e+01
1.626499938964843794e+00  3.377192982456140413e+01
1.626999969482421982e+00  3.377192982456140413e+01
1.627499999999999947e+00  3.728070175438596578e+01
1.628000030517578134e+00  3.640350877192982892e+01
1.628500061035156321e+00  3.684210526315789025e+01
1.628999938964843741e+00  3.991228070175439058e+01
1.629499969482421928e+00  3.508771929824561653e+01
1.629999999999999893e+00  3.640350877192982892e+01
1.630500030517578081e+00  4.035087719298245901e+01
1.631000061035156268e+00  3.859649122807017818e+01
1.631499938964843688e+00  3.859649122807017818e+01
1.631999969482421875e+00  3.991228070175438347e+01
1.632500000000000062e+00  4.166666666666666430e+01
1.633000030517578027e+00  3.728070175438596578e+01
1.633500061035156214e+00  4.166666666666667140e+01
1.633999938964843857e+00  3.728070175438596578e+01
1.634499969482421822e+00  3.771929824561403422e+01
1.635000000000000009e+00  4.210526315789473983e+01
1.635500030517578196e+00  4.166666666666667140e+01
1.636000061035156161e+00  3.903508771929824661e+01
1.636499938964843803e+00  4.342105263157894512e+01
1.636999969482421768e+00  3.684210526315789025e+01
1.637499999999999956e+00  3.640350877192982182e+01
1.638000030517578143e+00  4.078947368421052744e+01
1.638500061035156330e+00  3.728070175438596578e+01
1.638999938964843750e+00  3.684210526315789735e+01
1.639499969482421937e+00  3.508771929824561653e+01
1.639999999999999902e+00  4.298245614035087669e+01
1.640500030517578089e+00  3.815789473684210265e+01
1.641000061035156277e+00  3.991228070175438347e+01
1.641499938964843697e+00  4.035087719298245901e+01
1.641999969482421884e+00  3.771929824561403422e+01
1.642500000000000071e+00  3.464912280701754810e+01
1.643000030517578036e+00  3.859649122807017108e+01
1.643500061035156223e+00  3.596491228070175339e+01
1.643999938964843643e+00  3.464912280701754810e+01
1.644499969482421831e+00  3.728070175438596578e+01
1.645000000000000018e+00  3.508771929824560942e+01
1.645500030517578205e+00  3.903508771929824661e+01
1.646000061035156170e+00  4.122807017543859587e+01
1.646499938964843812e+00  3.815789473684210265e+01
1.646999969482421777e+00  3.728070175438596578e+01
1.647499999999999964e+00  3.903508771929824661e+01
1.648000030517578152e+00  3.991228070175439058e+01
1.648500061035156339e+00  3.728070175438595868e+01
1.648999938964843759e+00  3.771929824561403422e+01
1.649499969482421946e+00  4.035087719298245190e+01
1.649999999999999911e+00  4.035087719298245190e+01
1.650500030517578098e+00  3.815789473684210265e+01
1.651000061035156286e+00  4.166666666666667140e+01
1.651499938964843706e+00  4.078947368421052744e+01
1.651999969482421893e+00  3.991228070175438347e+01
1.652500000000000080e+00  4.166666666666666430e+01
1.653000030517578045e+00  3.640350877192982892e+01
1.653500061035156232e+00  4.122807017543859587e+01
1.653999938964843652e+00  3.771929824561404132e+01
1.654499969482421839e+00  3.859649122807017818e+01
1.655000000000000027e+00  4.166666666666666430e+01
1.655500030517578214e+00  3.859649122807017818e+01
1.656000061035156179e+00  4.122807017543860297e+01
1.656499938964843821e+00  4.122807017543860297e+01
1.656999969482421786e+00  3.859649122807017818e+01
1.657499999999999973e+00  3.947368421052631504e+01
1.658000030517578161e+00  3.728070175438596578e+01
1.658500061035156348e+00  4.078947368421052744e+01
1.658999938964843768e+00  3.991228070175439058e+01
1.659499969482421955e+00  3.947368421052631504e+01
1.659999999999999920e+00  3.771929824561403422e+01
1.660500030517578107e+00  3.859649122807017818e+01
1.661000061035156294e+00  4.254385964912280826e+01
1.661499938964843714e+00  4.342105263157894512e+01
1.661999969482421902e+00  3.947368421052631504e+01
1.662500000000000089e+00  3.684210526315789025e+01
1.663000030517578054e+00  3.684210526315789025e+01
1.663500061035156241e+00  3.991228070175439058e+01
1.663999938964843661e+00  3.684210526315789025e+01
1.664499969482421848e+00  3.377192982456140413e+01
1.665000000000000036e+00  4.122807017543859587e+01
1.665500030517578223e+00  3.508771929824561653e+01
1.666000061035156188e+00  4.122807017543859587e+01
1.666499938964843830e+00  3.991228070175438347e+01
1.666999969482421795e+00  4.429824561403508909e+01
1.667499999999999982e+00  3.947368421052632215e+01
1.668000030517578169e+00  4.342105263157894512e+01
1.668500061035156357e+00  3.903508771929824661e+01
1.668999938964843777e+00  4.166666666666666430e+01
1.669499969482421964e+00  3.903508771929824661e+01
1.669999999999999929e+00  4.078947368421052744e+01
1.670500030517578116e+00  3.903508771929824661e+01
1.671000061035156303e+00  4.385964912280702066e+01
1.671499938964843723e+00  3.859649122807017818e+01
1.671999969482421911e+00  4.210526315789473983e+01
1.672500000000000098e+00  3.815789473684210265e+01
1.673000030517578063e+00  4.210526315789473983e+01
1.673500061035156250e+00  4.078947368421052033e+01
1.673999938964843670e+00  4.035087719298245190e+01
1.674499969482421857e+00  4.035087719298245190e+01
1.675000000000000044e+00  3.728070175438596578e+01
1.675500030517578232e+00  3.815789473684210265e+01
1.676000061035156197e+00  3.815789473684210975e+01
1.676499938964843839e+00  3.552631578947368496e+01
1.676999969482421804e+00  3.684210526315789025e+01
1.677499999999999991e+00  3.815789473684210265e+01
1.678000030517578178e+00  3.596491228070175339e+01
1.678500061035156143e+00  3.684210526315789735e+01
1.678999938964843786e+00  3.508771929824561653e+01
1.679499969482421973e+00  4.035087719298245190e+01
1.679999999999999938e+00  4.210526315789473273e+01
1.680500030517578125e+00  4.035087719298245901e+01
1.681000061035156312e+00  4.035087719298245190e+01
1.681499938964843732e+00  4.473684210526315042e+01
1.681999969482421919e+00  3.771929824561403422e+01
1.682500000000000107e+00  3.991228070175438347e+01
1.683000030517578072e+00  3.684210526315789735e+01
1.683500061035156259e+00  3.771929824561403422e+01
1.683999938964843679e+00  3.991228070175439058e+01
1.684499969482421866e+00  3.859649122807017818e+01
1.685000000000000053e+00  3.728070175438595868e+01
1.685500030517578018e+00  3.771929824561403422e+01
1.686000061035156206e+00  3.947368421052631504e+01
1.686499938964843848e+00  3.552631578947368496e+01
1.686999969482421813e+00  4.166666666666667140e+01
1.687500000000000000e+00  3.815789473684210265e+01
1.688000030517578187e+00  3.859649122807017818e+01
1.688500061035156152e+00  4.078947368421052744e+01
1.688999938964843794e+00  4.210526315789473273e+01
1.689499969482421982e+00  4.035087719298245190e+01
1.689999999999999947e+00  4.210526315789473983e+01
1.690500030517578134e+00  4.429824561403508199e+01
1.691000061035156321e+00  3.728070175438596578e+01
1.691499938964843741e+00  4.166666666666667140e+01
1.691999969482421928e+00  4.078947368421052744e+01
1.692499999999999893e+00  3.640350877192982892e+01
1.693000030517578081e+00  3.991228070175438347e+01
1.693500061035156268e+00  4.035087719298245190e+01
1.693999938964843688e+00  4.385964912280701355e+01
1.694499969482421875e+00  3.859649122807017818e+01
1.695000000000000062e+00  4.166666666666667140e+01
1.695500030517578027e+00  4.342105263157895223e+01
1.696000061035156214e+00  4.210526315789473273e+01
1.696499938964843857e+00  4.517543859649122595e+01
1.696999969482421822e+00  4.561403508771930149e+01
1.697500000000000009e+00  4.298245614035087669e+01
1.698000030517578196e+00  4.210526315789473983e+01
1.698500061035156161e+00  4.385964912280702066e+01
1.698999938964843803e+00  3.728070175438595868e+01
1.699499969482421768e+00  3.815789473684210265e+01
1.699999999999999956e+00  3.728070175438596578e+01
1.700500030517578143e+00  4.035087719298245190e+01
1.701000061035156330e+00  3.464912280701754810e+01
1.701499938964843750e+00  3.728070175438596578e+01
1.701999969482421937e+00  3.771929824561403422e+01
1.702499999999999902e+00  3.815789473684210975e+01
1.703000030517578089e+00  3.552631578947368496e+01
1.703500061035156277e+00  3.640350877192982182e+01
1.703999938964843697e+00  3.684210526315789025e+01
1.704499969482421884e+00  4.166666666666667140e+01
1.705000000000000071e+00  3.947368421052631504e+01
1.705500030517578036e+00  4.122807017543859587e+01
1.706000061035156223e+00  3.947368421052631504e+01
1.706499938964843643e+00  3.903508771929824661e+01
1.706999969482421831e+00  3.684210526315789735e+01
1.707500000000000018e+00  3.728070175438596578e+01
1.708000030517578205e+00  3.289473684210526017e+01
1.708500061035156170e+00  3.771929824561403422e+01
1.708999938964843812e+00  3.947368421052631504e+01
1.709499969482421777e+00  3.947368421052631504e+01
1.709999999999999964e+00  4.078947368421052744e+01
1.710500030517578152e+00  3.815789473684210265e+01
1.711000061035156339e+00  3.991228070175438347e+01
1.711499938964843759e+00  3.903508771929824661e+01
1.711999969482421946e+00  4.122807017543859587e+01
1.712499999999999911e+00  4.298245614035087669e+01
1.713000030517578098e+00  4.122807017543859587e+01
1.713500061035156286e+00  3.903508771929824661e+01
1.713999938964843706e+00  4.122807017543859587e+01
1.714499969482421893e+00  3.552631578947368496e+01
1.715000000000000080e+00  4.210526315789473273e+01
1.715500030517578045e+00  3.859649122807017818e+01
1.716000061035156232e+00  3.728070175438596578e+01
1.716499938964843652e+00  3.815789473684210975e+01
1.716999969482421839e+00  4.035087719298245901e+01
1.717500000000000027e+00  3.947368421052631504e+01
1.718000030517578214e+00  3.947368421052631504e+01
1.718500061035156179e+00  3.947368421052631504e+01
1.718999938964843821e+00  3.991228070175438347e+01
1.719499969482421786e+00  3.640350877192982182e+01
1.719999999999999973e+00  3.728070175438596578e+01
1.720500030517578161e+00  3.903508771929824661e+01
1.721000061035156348e+00  3.640350877192982182e+01
1.721499938964843768e+00  4.342105263157895223e+01
1.721999969482421955e+00  3.552631578947368496e+01
1.722499999999999920e+00  3.771929824561403422e+01
1.723000030517578107e+00  4.078947368421052744e+01
1.723500061035156294e+00  3.684210526315789025e+01
1.723999938964843714e+00  4.035087719298245190e+01
1.724499969482421902e+00  3.859649122807017818e+01
1.725000000000000089e+00  3.903508771929824661e+01
1.725500030517578054e+00  3.947368421052631504e+01
1.726000061035156241e+00  3.684210526315789025e+01
1.726499938964843661e+00  3.640350877192982182e+01
1.726999969482421848e+00  3.815789473684210265e+01
1.727500000000000036e+00  3.640350877192982182e+01
1.728000030517578223e+00  3.508771929824561653e+01
1.728500061035156188e+00  3.070175438596491446e+01
1.728999938964843830e+00  3.728070175438596578e+01
1.729499969482421795e+00  3.859649122807017818e+01
1.729999999999999982e+00  3.508771929824560942e+01
1.730500030517578169e+00  3.596491228070175339e+01
1.731000061035156357e+00  3.377192982456140413e+01
1.731499938964843777e+00  3.640350877192982892e+01
1.731999969482421964e+00  3.552631578947368496e+01
1.732499999999999929e+00  3.333333333333332860e+01
1.733000030517578116e+00  3.552631578947368496e+01
1.733500061035156303e+00  3.464912280701754810e+01
1.733999938964843723e+00  3.552631578947368496e+01
1.734499969482421911e+00  3.289473684210526727e+01
1.735000000000000098e+00  3.421052631578947256e+01
1.735500030517578063e+00  3.333333333333333570e+01
1.736000061035156250e+00  3.377192982456140413e+01
1.736499938964843670e+00  4.210526315789473983e+01
1.736999969482421857e+00  3.552631578947368496e+01
1.737500000000000044e+00  3.377192982456140413e+01
1.738000030517578232e+00  3.991228070175439058e+01
1.738500061035156197e+00  3.596491228070175339e+01
1.738999938964843839e+00  3.859649122807017818e+01
1.739499969482421804e+00  3.815789473684210975e+01
1.739999999999999991e+00  4.122807017543859587e+01
1.740500030517578178e+00  4.342105263157895223e+01
1.741000061035156143e+00  4.078947368421052744e+01
1.741499938964843786e+00  4.166666666666667140e+01
1.741999969482421973e+00  4.166666666666667140e+01
1.742499999999999938e+00  4.210526315789473983e+01
1.743000030517578125e+00  4.298245614035088380e+01
1.743500061035156312e+00  3.991228070175438347e+01
1.743999938964843732e+00  3.903508771929824661e+01
1.744499969482421919e+00  3.903508771929824661e+01
1.745000000000000107e+00  3.815789473684210975e+01
1.745500030517578072e+00  4.166666666666667140e+01
1.746000061035156259e+00  3.640350877192982182e+01
1.746499938964843679e+00  3.421052631578947256e+01
1.746999969482421866e+00  3.728070175438596578e+01
1.747500000000000053e+00  4.035087719298245901e+01
1.748000030517578018e+00  3.771929824561403422e+01
1.748500061035156206e+00  3.859649122807017818e+01
1.748999938964843848e+00  4.078947368421052744e+01
1.749499969482421813e+00  4.429824561403508909e+01
1.750000000000000000e+00  4.078947368421052744e+01
1.750500030517578187e+00  3.903508771929824661e+01
1.751000061035156152e+00  3.903508771929824661e+01
1.751499938964843794e+00  3.552631578947368496e+01
1.751999969482421982e+00  3.771929824561403422e+01
1.752499999999999947e+00  3.991228070175439058e+01
1.753000030517578134e+00  3.947368421052631504e+01
1.753500061035156321e+00  3.596491228070175339e+01
1.753999938964843741e+00  3.640350877192982892e+01
1.754499969482421928e+00  3.859649122807017818e+01
1.754999999999999893e+00  3.728070175438595868e+01
1.755500030517578081e+00  4.166666666666666430e+01
1.756000061035156268e+00  3.991228070175439058e+01
1.756499938964843688e+00  4.210526315789473273e+01
1.756999969482421875e+00  4.035087719298245190e+01
1.757500000000000062e+00  3.859649122807017108e+01
1.758000030517578027e+00  3.596491228070175339e+01
1.758500061035156214e+00  3.903508771929824661e+01
1.758999938964843857e+00  3.903508771929824661e+01
1.759499969482421822e+00  4.254385964912280826e+01
1.760000000000000009e+00  3.903508771929824661e+01
1.760500030517578196e+00  4.122807017543859587e+01
1.761000061035156161e+00  3.859649122807017818e+01
1.761499938964843803e+00  3.815789473684210265e+01
1.761999969482421768e+00  3.596491228070175339e+01
1.762499999999999956e+00  3.377192982456140413e+01
1.763000030517578143e+00  4.078947368421052744e+01
1.763500061035156330e+00  3.421052631578947256e+01
1.763999938964843750e+00  3.684210526315789025e+01
1.764499969482421937e+00  3.464912280701754099e+01
1.764999999999999902e+00  3.552631578947368496e+01
1.765500030517578089e+00  3.771929824561403422e+01
1.766000061035156277e+00  3.728070175438596578e+01
1.766499938964843697e+00  3.421052631578947967e+01
1.766999969482421884e+00  3.947368421052632215e+01
1.767500000000000071e+00  3.421052631578947256e+01
1.768000030517578036e+00  3.508771929824561653e+01
1.768500061035156223e+00  3.333333333333333570e+01
1.768999938964843643e+00  3.596491228070175339e+01
1.769499969482421831e+00  3.640350877192982182e+01
1.770000000000000018e+00  3.377192982456140413e+01
1.770500030517578205e+00  3.421052631578947256e+01
1.771000061035156170e+00  3.508771929824561653e+01
1.771499938964843812e+00  3.728070175438595868e+01
1.771999969482421777e+00  3.859649122807017818e+01
1.772499999999999964e+00  3.684210526315789735e+01
1.773000030517578152e+00  3.464912280701754099e+01
1.773500061035156339e+00  3.421052631578947256e+01
1.773999938964843759e+00  3.552631578947368496e+01
1.774499969482421946e+00  3.070175438596491091e+01
1.774999999999999911e+00  3.771929824561403422e+01
1.775500030517578098e+00  3.333333333333332860e+01
1.776000061035156286e+00  3.333333333333333570e+01
1.776499938964843706e+00  3.728070175438596578e+01
1.776999969482421893e+00  3.377192982456140413e+01
1.777500000000000080e+00  3.771929824561403422e+01
1.778000030517578045e+00  3.289473684210526017e+01
1.778500061035156232e+00  3.157894736842105132e+01
1.778999938964843652e+00  3.728070175438596578e+01
1.779499969482421839e+00  3.596491228070175339e+01
1.780000000000000027e+00  3.771929824561404132e+01
1.780500030517578214e+00  3.859649122807017108e+01
1.781000061035156179e+00  3.464912280701754099e+01
1.781499938964843821e+00  3.245614035087719174e+01
1.781999969482421786e+00  3.684210526315789735e+01
1.782499999999999973e+00  3.508771929824561653e+01
1.783000030517578161e+00  3.464912280701754810e+01
1.783500061035156348e+00  3.815789473684210265e+01
1.783999938964843768e+00  3.464912280701754099e+01
1.784499969482421955e+00  3.289473684210526017e+01
1.784999999999999920e+00  3.377192982456139703e+01
1.785500030517578107e+00  3.771929824561403422e+01
1.786000061035156294e+00  3.289473684210526017e+01
1.786499938964843714e+00  3.289473684210526017e+01
1.786999969482421902e+00  3.508771929824560942e+01
1.787500000000000089e+00  3.596491228070175339e+01
1.788000030517578054e+00  3.771929824561403422e+01
1.788500061035156241e+00  3.201754385964912331e+01
1.788999938964843661e+00  3.201754385964912331e+01
1.789499969482421848e+00  3.421052631578947256e+01
1.790000000000000036e+00  3.464912280701754099e+01
1.790500030517578223e+00  3.684210526315789735e+01
1.791000061035156188e+00  3.245614035087719174e+01
1.791499938964843830e+00  3.421052631578947256e+01
1.791999969482421795e+00  3.070175438596491091e+01
1.792499999999999982e+00  3.114035087719298289e+01
1.793000030517578169e+00  3.640350877192982892e+01
1.793500061035156357e+00  3.508771929824561653e+01
1.793999938964843777e+00  3.070175438596491446e+01
1.794499969482421964e+00  3.464912280701754099e+01
1.794999999999999929e+00  3.552631578947368496e+01
1.795500030517578116e+00  3.552631578947368496e+01
1.796000061035156303e+00  3.903508771929824661e+01
1.796499938964843723e+00  3.728070175438596578e+01
1.796999969482421911e+00  3.815789473684210975e+01
1.797500000000000098e+00  3.771929824561403422e+01
1.798000030517578063e+00  3.684210526315789025e+01
1.798500061035156250e+00  3.640350877192982182e+01
1.798999938964843670e+00  3.859649122807017818e+01
1.799499969482421857e+00  3.508771929824561653e+01
1.800000000000000044e+00  3.377192982456140413e+01
1.800500030517578232e+00  3.245614035087719884e+01
1.801000061035156197e+00  3.289473684210526017e+01
1.801499938964843839e+00  3.552631578947368496e+01
1.801999969482421804e+00  3.640350877192982182e+01
1.802499999999999991e+00  3.245614035087719174e+01
1.803000030517578178e+00  3.947368421052632215e+01
1.803500061035156143e+00  2.938596491228069851e+01
1.803999938964843786e+00  3.245614035087719174e+01
1.804499969482421973e+00  3.421052631578947256e+01
1.804999999999999938e+00  3.421052631578947256e+01
1.805500030517578125e+00  3.070175438596491091e+01
1.806000061035156312e+00  3.377192982456140413e+01
1.806499938964843732e+00  3.377192982456140413e+01
1.806999969482421919e+00  3.157894736842105132e+01
1.807500000000000107e+00  3.114035087719297934e+01
1.808000030517578072e+00  3.552631578947368496e+01
1.808500061035156259e+00  3.377192982456140413e+01
1.808999938964843679e+00  3.596491228070175339e+01
1.809499969482421866e+00  3.464912280701754099e+01
1.810000000000000053e+00  3.815789473684210265e+01
1.810500030517578018e+00  3.464912280701754099e+01
1.811000061035156206e+00  3.771929824561403422e+01
1.811499938964843848e+00  3.201754385964912331e+01
1.811999969482421813e+00  3.114035087719298289e+01
1.812500000000000000e+00  3.245614035087719174e+01
1.813000030517578187e+00  3.333333333333332860e+01
1.813500061035156152e+00  3.640350877192982182e+01
1.813999938964843794e+00  3.552631578947368496e+01
1.814499969482421982e+00  3.464912280701754810e+01
1.814999999999999947e+00  3.640350877192982892e+01
1.815500030517578134e+00  3.421052631578947256e+01
1.816000061035156321e+00  3.377192982456140413e+01
1.816499938964843741e+00  3.508771929824560942e+01
1.816999969482421928e+00  3.421052631578947256e+01
1.817499999999999893e+00  3.728070175438596578e+01
1.818000030517578081e+00  3.026315789473683893e+01
1.818500061035156268e+00  3.421052631578947256e+01
1.818999938964843688e+00  3.245614035087719174e+01
1.819499969482421875e+00  3.201754385964912331e+01
1.820000000000000062e+00  3.640350877192982182e+01
1.820500030517578027e+00  3.464912280701754099e+01
1.821000061035156214e+00  3.421052631578947256e+01
1.821499938964843857e+00  3.289473684210526017e+01
1.821999969482421822e+00  3.289473684210526727e+01
1.822500000000000009e+00  3.333333333333332860e+01
1.823000030517578196e+00  3.596491228070175339e+01
1.823500061035156161e+00  3.421052631578947256e+01
1.823999938964843803e+00  3.377192982456140413e+01
1.824499969482421768e+00  3.114035087719298289e+01
1.824999999999999956e+00  3.552631578947368496e+01
1.825500030517578143e+00  3.552631578947368496e+01
1.826000061035156330e+00  3.596491228070175339e+01
1.826499938964843750e+00  3.333333333333333570e+01
1.826999969482421937e+00  3.947368421052631504e+01
1.827499999999999902e+00  3.421052631578947256e+01
1.828000030517578089e+00  3.508771929824560942e+01
1.828500061035156277e+00  3.377192982456140413e+01
1.828999938964843697e+00  3.114035087719297934e+01
1.829499969482421884e+00  3.289473684210526727e+01
1.830000000000000071e+00  3.728070175438595868e+01
1.830500030517578036e+00  3.157894736842105132e+01
1.831000061035156223e+00  3.157894736842105488e+01
1.831499938964843643e+00  3.377192982456140413e+01
1.831999969482421831e+00  3.508771929824561653e+01
1.832500000000000018e+00  3.771929824561403422e+01
1.833000030517578205e+00  3.508771929824560942e+01
1.833500061035156170e+00  3.859649122807017818e+01
1.833999938964843812e+00  3.201754385964912331e+01
1.834499969482421777e+00  3.464912280701754099e+01
1.834999999999999964e+00  3.245614035087719174e+01
1.835500030517578152e+00  3.684210526315789025e+01
1.836000061035156339e+00  3.421052631578947256e+01
1.836499938964843759e+00  2.982456140350877050e+01
1.836999969482421946e+00  3.552631578947368496e+01
1.837499999999999911e+00  3.508771929824561653e+01
1.838000030517578098e+00  3.157894736842105132e+01
1.838500061035156286e+00  3.026315789473684248e+01
1.838999938964843706e+00  3.333333333333333570e+01
1.839499969482421893e+00  3.070175438596491091e+01
1.840000000000000080e+00  3.289473684210526017e+01
1.840500030517578045e+00  3.508771929824561653e+01
1.841000061035156232e+00  3.245614035087719174e+01
1.841499938964843652e+00  3.508771929824560942e+01
1.841999969482421839e+00  3.157894736842105488e+01
1.842500000000000027e+00  3.552631578947368496e+01
1.843000030517578214e+00  3.201754385964912331e+01
1.843500061035156179e+00  3.245614035087719174e+01
1.843999938964843821e+00  3.728070175438596578e+01
1.844499969482421786e+00  3.333333333333333570e+01
1.844999999999999973e+00  3.421052631578947256e+01
1.845500030517578161e+00  3.333333333333332860e+01
1.846000061035156348e+00  3.377192982456140413e+01
1.846499938964843768e+00  3.552631578947368496e+01
1.846999969482421955e+00  3.508771929824560942e+01
1.847499999999999920e+00  3.289473684210526727e+01
1.848000030517578107e+00  3.377192982456139703e+01
1.848500061035156294e+00  3.377192982456140413e+01
1.848999938964843714e+00  3.333333333333332860e+01
1.849499969482421902e+00  3.201754385964912331e+01
1.850000000000000089e+00  3.552631578947368496e+01
1.850500030517578054e+00  3.333333333333333570e+01
1.851000061035156241e+00  3.552631578947368496e+01
1.851499938964843661e+00  3.947368421052631504e+01
1.851999969482421848e+00  3.245614035087719174e+01
1.852500000000000036e+00  3.464912280701754099e+01
1.853000030517578223e+00  3.684210526315789735e+01
1.853500061035156188e+00  3.596491228070175339e+01
1.853999938964843830e+00  3.684210526315789735e+01
1.854499969482421795e+00  3.421052631578947256e+01
1.854999999999999982e+00  3.333333333333332860e+01
1.855500030517578169e+00  3.640350877192982182e+01
1.856000061035156357e+00  3.684210526315789025e+01
1.856499938964843777e+00  3.771929824561403422e+01
1.856999969482421964e+00  3.552631578947368496e+01
1.857499999999999929e+00  3.859649122807017818e+01
1.858000030517578116e+00  3.640350877192982182e+01
1.858500061035156303e+00  3.771929824561403422e+01
1.858999938964843723e+00  3.508771929824561653e+01
1.859499969482421911e+00  3.640350877192982892e+01
1.860000000000000098e+00  3.377192982456140413e+01
1.860500030517578063e+00  3.552631578947368496e+01
1.861000061035156250e+00  3.201754385964912331e+01
1.861499938964843670e+00  3.333333333333332860e+01
1.861999969482421857e+00  3.508771929824561653e+01
1.862500000000000044e+00  3.552631578947368496e+01
1.863000030517578232e+00  3.771929824561404132e+01
1.863500061035156197e+00  3.245614035087719884e+01
1.863999938964843839e+00  3.596491228070175339e+01
1.864499969482421804e+00  3.377192982456140413e+01
1.864999999999999991e+00  3.508771929824561653e+01
1.865500030517578178e+00  3.421052631578947967e+01
1.866000061035156143e+00  3.377192982456140413e+01
1.866499938964843786e+00  3.859649122807017818e+01
1.866999969482421973e+00  3.377192982456140413e+01
1.867499999999999938e+00  3.596491228070175339e+01
1.868000030517578125e+00  3.245614035087719174e+01
1.868500061035156312e+00  3.421052631578947256e+01
1.868999938964843732e+00  3.596491228070175339e+01
1.869499969482421919e+00  3.464912280701754810e+01
1.870000000000000107e+00  3.421052631578947256e+01
1.870500030517578072e+00  3.596491228070175339e+01
1.871000061035156259e+00  3.201754385964912331e+01
1.871499938964843679e+00  3.421052631578947256e+01
1.871999969482421866e+00  3.684210526315789735e+01
1.872500000000000053e+00  3.289473684210526017e+01
1.873000030517578018e+00  2.938596491228070207e+01
1.873500061035156206e+00  2.982456140350877405e+01
1.873999938964843848e+00  3.026315789473683893e+01
1.874499969482421813e+00  3.464912280701754810e+01
1.875000000000000000e+00  3.026315789473684248e+01
1.875500030517578187e+00  3.070175438596491091e+01
1.876000061035156152e+00  3.464912280701754099e+01
1.876499938964843794e+00  3.684210526315789735e+01
1.876999969482421982e+00  3.201754385964912331e+01
1.877499999999999947e+00  3.114035087719298289e+01
1.878000030517578134e+00  3.377192982456140413e+01
1.878500061035156321e+00  3.289473684210526727e+01
1.878999938964843741e+00  3.596491228070175339e+01
1.879499969482421928e+00  3.245614035087719174e+01
1.879999999999999893e+00  3.464912280701754099e+01
1.880500030517578081e+00  3.552631578947368496e+01
1.881000061035156268e+00  3.026315789473684248e+01
1.881499938964843688e+00  3.596491228070175339e+01
1.881999969482421875e+00  2.763157894736842124e+01
1.882500000000000062e+00  3.070175438596491091e+01
1.883000030517578027e+00  3.070175438596491446e+01
1.883500061035156214e+00  3.333333333333333570e+01
1.883999938964843857e+00  3.552631578947368496e+01
1.884499969482421822e+00  3.245614035087719174e+01
1.885000000000000009e+00  3.289473684210526017e+01
1.885500030517578196e+00  3.552631578947368496e+01
1.886000061035156161e+00  2.894736842105263008e+01
1.886499938964843803e+00  3.552631578947368496e+01
1.886999969482421768e+00  3.201754385964912331e+01
1.887499999999999956e+00  3.421052631578947256e+01
1.888000030517578143e+00  3.201754385964912331e+01
1.888500061035156330e+00  3.508771929824560942e+01
1.888999938964843750e+00  3.377192982456140413e+01
1.889499969482421937e+00  3.157894736842105488e+01
1.889999999999999902e+00  3.552631578947368496e+01
1.890500030517578089e+00  3.421052631578947256e+01
1.891000061035156277e+00  2.894736842105263008e+01
1.891499938964843697e+00  3.289473684210526017e+01
1.891999969482421884e+00  3.552631578947368496e+01
1.892500000000000071e+00  3.245614035087719884e+01
1.893000030517578036e+00  3.377192982456139703e+01
1.893500061035156223e+00  3.289473684210526017e+01
1.893999938964843643e+00  3.026315789473684248e+01
1.894499969482421831e+00  3.421052631578947256e+01
1.895000000000000018e+00  3.377192982456139703e+01
1.895500030517578205e+00  3.245614035087719174e+01
1.896000061035156170e+00  3.508771929824561653e+01
1.896499938964843812e+00  3.684210526315789735e+01
1.896999969482421777e+00  3.464912280701754099e+01
1.897499999999999964e+00  3.333333333333332860e+01
1.898000030517578152e+00  3.421052631578947256e+01
1.898500061035156339e+00  3.421052631578947967e+01
1.898999938964843759e+00  3.245614035087719174e+01
1.899499969482421946e+00  2.938596491228070207e+01
1.899999999999999911e+00  3.070175438596491091e+01
1.900500030517578098e+00  3.377192982456140413e+01
1.901000061035156286e+00  3.377192982456140413e+01
1.901499938964843706e+00  3.377192982456140413e+01
1.901999969482421893e+00  3.596491228070175339e+01
1.902500000000000080e+00  3.201754385964912331e+01
1.903000030517578045e+00  3.596491228070175339e+01
1.903500061035156232e+00  3.464912280701754810e+01
1.903999938964843652e+00  3.333333333333333570e+01
1.904499969482421839e+00  3.640350877192982182e+01
1.905000000000000027e+00  3.201754385964912331e+01
1.905500030517578214e+00  3.728070175438596578e+01
1.906000061035156179e+00  3.464912280701754810e+01
1.906499938964843821e+00  3.377192982456140413e+01
1.906999969482421786e+00  3.640350877192982182e+01
1.907499999999999973e+00  3.596491228070175339e+01
1.908000030517578161e+00  3.201754385964912331e+01
1.908500061035156348e+00  3.201754385964912331e+01
1.908999938964843768e+00  3.596491228070175339e+01
1.909499969482421955e+00  3.114035087719298289e+01
1.909999999999999920e+00  3.377192982456140413e+01
1.910500030517578107e+00  3.508771929824561653e+01
1.911000061035156294e+00  3.684210526315789025e+01
1.911499938964843714e+00  3.640350877192982182e+01
1.911999969482421902e+00  3.464912280701754099e+01
1.912500000000000089e+00  3.114035087719298289e+01
1.913000030517578054e+00  3.201754385964912331e+01
1.913500061035156241e+00  3.333333333333333570e+01
1.913999938964843661e+00  3.289473684210526017e+01
1.914499969482421848e+00  3.552631578947368496e+01
1.915000000000000036e+00  3.114035087719298289e+01
1.915500030517578223e+00  3.201754385964912331e+01
1.916000061035156188e+00  3.728070175438596578e+01
1.916499938964843830e+00  3.201754385964912331e+01
1.916999969482421795e+00  3.640350877192982892e+01
1.917499999999999982e+00  3.859649122807017108e+01
1.918000030517578169e+00  3.684210526315789735e+01
1.918500061035156357e+00  3.771929824561404132e+01
1.918999938964843777e+00  3.508771929824561653e+01
1.919499969482421964e+00  3.114035087719298289e+01
1.919999999999999929e+00  3.377192982456140413e+01
1.920500030517578116e+00  3.640350877192982182e+01
1.921000061035156303e+00  3.201754385964912331e+01
1.921499938964843723e+00  3.245614035087719174e+01
1.921999969482421911e+00  3.245614035087719174e+01
1.922500000000000098e+00  3.245614035087719174e+01
1.923000030517578063e+00  3.464912280701754810e+01
1.923500061035156250e+00  3.026315789473684248e+01
1.923999938964843670e+00  3.333333333333333570e+01
1.924499969482421857e+00  2.807017543859649322e+01
1.925000000000000044e+00  2.894736842105263364e+01
1.925500030517578232e+00  3.201754385964912331e+01
1.926000061035156197e+00  2.938596491228070207e+01
1.926499938964843839e+00  3.114035087719298289e+01
1.926999969482421804e+00  3.464912280701754810e+01
1.927499999999999991e+00  3.289473684210526727e+01
1.928000030517578178e+00  3.114035087719297934e+01
1.928500061035156143e+00  2.850877192982456165e+01
1.928999938964843786e+00  3.421052631578947256e+01
1.929499969482421973e+00  3.245614035087719174e+01
1.929999999999999938e+00  3.464912280701754810e+01
1.930500030517578125e+00  3.070175438596491446e+01
1.931000061035156312e+00  3.377192982456140413e+01
1.931499938964843732e+00  3.157894736842105488e+01
1.931999969482421919e+00  3.684210526315789735e+01
1.932500000000000107e+00  3.157894736842105132e+01
1.933000030517578072e+00  3.421052631578947256e+01
1.933500061035156259e+00  3.464912280701754099e+01
1.933999938964843679e+00  3.508771929824561653e+01
1.934499969482421866e+00  3.201754385964912331e+01
1.935000000000000053e+00  3.245614035087719174e+01
1.935500030517578018e+00  3.464912280701754810e+01
1.936000061035156206e+00  3.508771929824561653e+01
1.936499938964843848e+00  3.552631578947368496e+01
1.936999969482421813e+00  3.377192982456140413e+01
1.937500000000000000e+00  3.377192982456140413e+01
1.938000030517578187e+00  3.552631578947368496e+01
1.938500061035156152e+00  3.245614035087719174e+01
1.938999938964843794e+00  3.421052631578947967e+01
1.939499969482421982e+00  3.333333333333333570e+01
1.939999999999999947e+00  3.728070175438596578e+01
1.940500030517578134e+00  3.421052631578947256e+01
1.941000061035156321e+00  3.114035087719298645e+01
1.941499938964843741e+00  3.464912280701754099e+01
1.941999969482421928e+00  3.201754385964912331e+01
1.942499999999999893e+00  3.245614035087719174e+01
1.943000030517578081e+00  3.508771929824561653e+01
1.943500061035156268e+00  3.201754385964912331e+01
1.943999938964843688e+00  3.289473684210526017e+01
1.944499969482421875e+00  3.201754385964912331e+01
1.945000000000000062e+00  3.333333333333333570e+01
1.945500030517578027e+00  3.421052631578947256e+01
1.946000061035156214e+00  2.982456140350877050e+01
1.946499938964843857e+00  3.421052631578947256e+01
1.946999969482421822e+00  3.596491228070175339e+01
1.947500000000000009e+00  3.552631578947368496e+01
1.948000030517578196e+00  3.333333333333333570e+01
1.948500061035156161e+00  2.938596491228069851e+01
1.948999938964843803e+00  3.245614035087719174e+01
1.949499969482421768e+00  3.201754385964912331e+01
1.949999999999999956e+00  3.464912280701754810e+01
1.950500030517578143e+00  3.201754385964912331e+01
1.951000061035156330e+00  2.894736842105263008e+01
1.951499938964843750e+00  3.201754385964912331e+01
1.951999969482421937e+00  2.938596491228070207e+01
1.952499999999999902e+00  3.245614035087719174e+01
1.953000030517578089e+00  2.894736842105263008e+01
1.953500061035156277e+00  3.026315789473684248e+01
1.953999938964843697e+00  3.421052631578947256e+01
1.954499969482421884e+00  3.070175438596491091e+01
1.955000000000000071e+00  3.289473684210526017e+01
1.955500030517578036e+00  3.201754385964912331e+01
1.956000061035156223e+00  3.421052631578947256e+01
1.956499938964843643e+00  3.421052631578947967e+01
1.956999969482421831e+00  3.289473684210526017e+01
1.957500000000000018e+00  3.377192982456140413e+01
1.958000030517578205e+00  3.333333333333333570e+01
1.958500061035156170e+00  3.684210526315789735e+01
1.958999938964843812e+00  3.596491228070175339e+01
1.959499969482421777e+00  3.114035087719297934e+01
1.959999999999999964e+00  3.421052631578947256e+01
1.960500030517578152e+00  3.640350877192982182e+01
1.961000061035156339e+00  3.289473684210526017e+01
1.961499938964843759e+00  3.508771929824561653e+01
1.961999969482421946e+00  3.552631578947368496e+01
1.962499999999999911e+00  3.070175438596491091e+01
1.963000030517578098e+00  3.640350877192982182e+01
1.963500061035156286e+00  3.421052631578947256e+01
1.963999938964843706e+00  3.333333333333332860e+01
1.964499969482421893e+00  3.552631578947368496e+01
1.965000000000000080e+00  3.728070175438596578e+01
1.965500030517578045e+00  3.464912280701754099e+01
1.966000061035156232e+00  3.991228070175438347e+01
1.966499938964843652e+00  3.640350877192982182e+01
1.966999969482421839e+00  3.596491228070175339e+01
1.967500000000000027e+00  3.421052631578947256e+01
1.968000030517578214e+00  3.464912280701754810e+01
1.968500061035156179e+00  3.552631578947368496e+01
1.968999938964843821e+00  3.728070175438596578e+01
1.969499969482421786e+00  3.245614035087719174e+01
1.969999999999999973e+00  3.070175438596491091e+01
1.970500030517578161e+00  3.728070175438596578e+01
1.971000061035156348e+00  3.026315789473684248e+01
1.971499938964843768e+00  3.421052631578947256e+01
1.971999969482421955e+00  3.552631578947368496e+01
1.972499999999999920e+00  3.771929824561403422e+01
1.973000030517578107e+00  3.771929824561403422e+01
1.973500061035156294e+00  4.035087719298245190e+01
1.973999938964843714e+00  4.166666666666667140e+01
1.974499969482421902e+00  3.508771929824561653e+01
1.975000000000000089e+00  3.508771929824561653e+01
1.975500030517578054e+00  3.596491228070176049e+01
1.976000061035156241e+00  3.421052631578947967e+01
1.976499938964843661e+00  3.464912280701754099e+01
1.976999969482421848e+00  3.157894736842105132e+01
1.977500000000000036e+00  3.464912280701754810e+01
1.978000030517578223e+00  3.859649122807017818e+01
1.978500061035156188e+00  3.771929824561403422e+01
1.978999938964843830e+00  3.421052631578947256e+01
1.979499969482421795e+00  3.991228070175438347e+01
1.979999999999999982e+00  3.947368421052631504e+01
1.980500030517578169e+00  3.947368421052631504e+01
1.981000061035156357e+00  3.640350877192982892e+01
1.981499938964843777e+00  3.771929824561403422e+01
1.981999969482421964e+00  3.728070175438596578e+01
1.982499999999999929e+00  3.684210526315789025e+01
1.983000030517578116e+00  4.254385964912280826e+01
1.983500061035156303e+00  3.421052631578947256e+01
1.983999938964843723e+00  3.157894736842105132e+01
1.984499969482421911e+00  3.508771929824561653e+01
1.985000000000000098e+00  3.464912280701754810e+01
1.985500030517578063e+00  4.122807017543859587e+01
1.986000061035156250e+00  3.859649122807017818e+01
1.986499938964843670e+00  3.991228070175438347e+01
1.986999969482421857e+00  3.684210526315789735e+01
1.987500000000000044e+00  3.421052631578947256e+01
1.988000030517578232e+00  3.728070175438596578e+01
1.988500061035156197e+00  3.859649122807017108e+01
1.988999938964843839e+00  3.377192982456140413e+01
1.989499969482421804e+00  3.377192982456140413e+01
1.989999999999999991e+00  3.508771929824560942e+01
1.990500030517578178e+00  3.508771929824560942e+01
1.991000061035156143e+00  3.157894736842105132e+01
1.991499938964843786e+00  3.903508771929824661e+01
1.991999969482421973e+00  3.640350877192982182e+01
1.992499999999999938e+00  3.421052631578947967e+01
1.993000030517578125e+00  3.508771929824561653e+01
1.993500061035156312e+00  3.552631578947368496e+01
1.993999938964843732e+00  3.552631578947368496e+01
1.994499969482421919e+00  3.552631578947368496e+01
1.995000000000000107e+00  3.552631578947368496e+01
1.995500030517578072e+00  3.771929824561403422e+01
1.996000061035156259e+00  3.771929824561403422e+01
1.996499938964843679e+00  3.114035087719297934e+01
1.996999969482421866e+00  3.201754385964912331e+01
1.997500000000000053e+00  3.070175438596491446e+01
1.998000030517578018e+00  3.333333333333333570e+01
1.998500061035156206e+00  3.464912280701754099e+01
1.998999938964843848e+00  3.421052631578947256e+01
