# time adsorbed_count
0.000000000000000000e+00 1.000000000000000000e+00
1.000000000000000056e-01 1.000000000000000000e+00
2.000000000000000111e-01 1.000000000000000000e+00
2.999999999999999889e-01 1.000000000000000000e+00
4.000000000000000222e-01 1.000000000000000000e+00
5.000000000000000000e-01 1.000000000000000000e+00
5.999999999999999778e-01 1.000000000000000000e+00
6.999999999999999556e-01 1.000000000000000000e+00
8.000000000000000444e-01 1.000000000000000000e+00
9.000000000000000222e-01 1.000000000000000000e+00
1.000000000000000000e+00 1.000000000000000000e+00
1.100000000000000089e+00 1.000000000000000000e+00
1.199999999999999956e+00 1.000000000000000000e+00
1.300000000000000044e+00 1.000000000000000000e+00
1.399999999999999911e+00 1.000000000000000000e+00
1.500000000000000000e+00 1.000000000000000000e+00
1.600000000000000089e+00 1.000000000000000000e+00
1.699999999999999956e+00 1.000000000000000000e+00
1.800000000000000044e+00 1.000000000000000000e+00
1.899999999999999911e+00 1.000000000000000000e+00
2.000000000000000000e+00 1.000000000000000000e+00
2.100000000000000089e+00 1.000000000000000000e+00
2.200000000000000178e+00 1.000000000000000000e+00
2.299999999999999822e+00 1.000000000000000000e+00
2.399999999999999911e+00 1.000000000000000000e+00
2.500000000000000000e+00 1.000000000000000000e+00
2.600000000000000089e+00 1.000000000000000000e+00
2.700000000000000178e+00 1.000000000000000000e+00
2.799999999999999822e+00 1.000000000000000000e+00
2.899999999999999911e+00 1.000000000000000000e+00
3.000000000000000000e+00 1.000000000000000000e+00
3.100000000000000089e+00 1.000000000000000000e+00
3.200000000000000178e+00 1.000000000000000000e+00
3.299999999999999822e+00 1.000000000000000000e+00
3.399999999999999911e+00 1.000000000000000000e+00
3.500000000000000000e+00 2.000000000000000000e+00
3.600000000000000089e+00 1.000000000000000000e+00
3.700000000000000178e+00 1.000000000000000000e+00
3.799999999999999822e+00 1.000000000000000000e+00
3.899999999999999911e+00 1.000000000000000000e+00
4.000000000000000000e+00 1.000000000000000000e+00
4.099999999999999645e+00 1.000000000000000000e+00
4.200000000000000178e+00 1.000000000000000000e+00
4.299999999999999822e+00 1.000000000000000000e+00
4.400000000000000355e+00 1.000000000000000000e+00
4.500000000000000000e+00 1.000000000000000000e+00
4.599999999999999645e+00 1.000000000000000000e+00
4.700000000000000178e+00 1.000000000000000000e+00
4.799999999999999822e+00 1.000000000000000000e+00
4.900000000000000355e+00 1.000000000000000000e+00
5.000000000000000000e+00 1.000000000000000000e+00
5.099999999999999645e+00 1.000000000000000000e+00
5.200000000000000178e+00 1.000000000000000000e+00
5.299999999999999822e+00 1.000000000000000000e+00
5.400000000000000355e+00 1.000000000000000000e+00
5.500000000000000000e+00 1.000000000000000000e+00
5.599999999999999645e+00 1.000000000000000000e+00
5.700000000000000178e+00 1.000000000000000000e+00
5.799999999999999822e+00 1.000000000000000000e+00
5.900000000000000355e+00 1.000000000000000000e+00
6.000000000000000000e+00 2.000000000000000000e+00
6.099999999999999645e+00 2.000000000000000000e+00
6.200000000000000178e+00 1.000000000000000000e+00
6.299999999999999822e+00 2.000000000000000000e+00
6.400000000000000355e+00 2.000000000000000000e+00
6.500000000000000000e+00 2.000000000000000000e+00
6.599999999999999645e+00 2.000000000000000000e+00
6.700000000000000178e+00 2.000000000000000000e+00
6.799999999999999822e+00 2.000000000000000000e+00
6.900000000000000355e+00 2.000000000000000000e+00
7.000000000000000000e+00 3.000000000000000000e+00
7.099999999999999645e+00 3.000000000000000000e+00
7.200000000000000178e+00 2.000000000000000000e+00
7.299999999999999822e+00 2.000000000000000000e+00
7.400000000000000355e+00 2.000000000000000000e+00
7.500000000000000000e+00 2.000000000000000000e+00
7.599999999999999645e+00 2.000000000000000000e+00
7.700000000000000178e+00 2.000000000000000000e+00
7.799999999999999822e+00 2.000000000000000000e+00
7.900000000000000355e+00 2.000000000000000000e+00
8.000000000000000000e+00 2.000000000000000000e+00
8.099999999999999645e+00 2.000000000000000000e+00
8.199999999999999289e+00 2.000000000000000000e+00
8.300000000000000711e+00 2.000000000000000000e+00
8.400000000000000355e+00 2.000000000000000000e+00
8.500000000000000000e+00 2.000000000000000000e+00
8.599999999999999645e+00 2.000000000000000000e+00
8.699999999999999289e+00 2.000000000000000000e+00
8.800000000000000711e+00 2.000000000000000000e+00
8.900000000000000355e+00 2.000000000000000000e+00
9.000000000000000000e+00 2.000000000000000000e+00
9.099999999999999645e+00 2.000000000000000000e+00
9.199999999999999289e+00 2.000000000000000000e+00
9.300000000000000711e+00 2.000000000000000000e+00
9.400000000000000355e+00 2.000000000000000000e+00
9.500000000000000000e+00 2.000000000000000000e+00
9.599999999999999645e+00 2.000000000000000000e+00
9.699999999999999289e+00 2.000000000000000000e+00
9.800000000000000711e+00 2.000000000000000000e+00
9.900000000000000355e+00 2.000000000000000000e+00
1.000000000000000000e+01 2.000000000000000000e+00
1.009999999999999964e+01 2.000000000000000000e+00
1.019999999999999929e+01 2.000000000000000000e+00
1.030000000000000071e+01 2.000000000000000000e+00
1.040000000000000036e+01 2.000000000000000000e+00
1.050000000000000000e+01 2.000000000000000000e+00
1.059999999999999964e+01 2.000000000000000000e+00
1.069999999999999929e+01 2.000000000000000000e+00
1.080000000000000071e+01 2.000000000000000000e+00
1.090000000000000036e+01 2.000000000000000000e+00
1.100000000000000000e+01 2.000000000000000000e+00
1.109999999999999964e+01 2.000000000000000000e+00
1.119999999999999929e+01 2.000000000000000000e+00
1.130000000000000071e+01 2.000000000000000000e+00
1.140000000000000036e+01 2.000000000000000000e+00
1.150000000000000000e+01 2.000000000000000000e+00
1.159999999999999964e+01 2.000000000000000000e+00
1.169999999999999929e+01 2.000000000000000000e+00
1.180000000000000071e+01 4.000000000000000000e+00
1.190000000000000036e+01 4.000000000000000000e+00
1.200000000000000000e+01 5.000000000000000000e+00
1.209999999999999964e+01 4.000000000000000000e+00
1.219999999999999929e+01 5.000000000000000000e+00
1.230000000000000071e+01 3.000000000000000000e+00
1.240000000000000036e+01 2.000000000000000000e+00
1.250000000000000000e+01 3.000000000000000000e+00
1.259999999999999964e+01 3.000000000000000000e+00
1.269999999999999929e+01 3.000000000000000000e+00
1.280000000000000071e+01 4.000000000000000000e+00
1.290000000000000036e+01 4.000000000000000000e+00
1.300000000000000000e+01 4.000000000000000000e+00
1.309999999999999964e+01 4.000000000000000000e+00
1.319999999999999929e+01 4.000000000000000000e+00
1.330000000000000071e+01 4.000000000000000000e+00
1.340000000000000036e+01 4.000000000000000000e+00
1.350000000000000000e+01 4.000000000000000000e+00
1.359999999999999964e+01 4.000000000000000000e+00
1.369999999999999929e+01 4.000000000000000000e+00
1.380000000000000071e+01 4.000000000000000000e+00
1.390000000000000036e+01 4.000000000000000000e+00
1.400000000000000000e+01 4.000000000000000000e+00
1.409999999999999964e+01 4.000000000000000000e+00
1.419999999999999929e+01 4.000000000000000000e+00
1.430000000000000071e+01 4.000000000000000000e+00
1.440000000000000036e+01 4.000000000000000000e+00
1.450000000000000000e+01 4.000000000000000000e+00
1.459999999999999964e+01 4.000000000000000000e+00
1.469999999999999929e+01 4.000000000000000000e+00
1.480000000000000071e+01 4.000000000000000000e+00
1.490000000000000036e+01 4.000000000000000000e+00
1.500000000000000000e+01 4.000000000000000000e+00
1.509999999999999964e+01 4.000000000000000000e+00
1.519999999999999929e+01 4.000000000000000000e+00
1.530000000000000071e+01 4.000000000000000000e+00
1.540000000000000036e+01 4.000000000000000000e+00
1.550000000000000000e+01 4.000000000000000000e+00
1.559999999999999964e+01 4.000000000000000000e+00
1.569999999999999929e+01 4.000000000000000000e+00
1.580000000000000071e+01 4.000000000000000000e+00
1.590000000000000036e+01 4.000000000000000000e+00
1.600000000000000000e+01 4.000000000000000000e+00
1.610000000000000142e+01 4.000000000000000000e+00
1.619999999999999929e+01 4.000000000000000000e+00
1.630000000000000071e+01 4.000000000000000000e+00
1.639999999999999858e+01 4.000000000000000000e+00
1.650000000000000000e+01 4.000000000000000000e+00
1.660000000000000142e+01 4.000000000000000000e+00
1.669999999999999929e+01 4.000000000000000000e+00
1.680000000000000071e+01 5.000000000000000000e+00
1.689999999999999858e+01 4.000000000000000000e+00
1.700000000000000000e+01 4.000000000000000000e+00
1.710000000000000142e+01 4.000000000000000000e+00
1.719999999999999929e+01 4.000000000000000000e+00
1.730000000000000071e+01 4.000000000000000000e+00
1.739999999999999858e+01 4.000000000000000000e+00
1.750000000000000000e+01 4.000000000000000000e+00
1.760000000000000142e+01 4.000000000000000000e+00
1.769999999999999929e+01 4.000000000000000000e+00
1.780000000000000071e+01 4.000000000000000000e+00
1.789999999999999858e+01 4.000000000000000000e+00
1.800000000000000000e+01 4.000000000000000000e+00
1.810000000000000142e+01 4.000000000000000000e+00
1.819999999999999929e+01 4.000000000000000000e+00
1.830000000000000071e+01 4.000000000000000000e+00
1.839999999999999858e+01 5.000000000000000000e+00
1.850000000000000000e+01 4.000000000000000000e+00
1.860000000000000142e+01 4.000000000000000000e+00
1.869999999999999929e+01 4.000000000000000000e+00
1.880000000000000071e+01 4.000000000000000000e+00
1.889999999999999858e+01 5.000000000000000000e+00
1.900000000000000000e+01 5.000000000000000000e+00
1.910000000000000142e+01 5.000000000000000000e+00
1.919999999999999929e+01 5.000000000000000000e+00
1.930000000000000071e+01 5.000000000000000000e+00
1.939999999999999858e+01 5.000000000000000000e+00
1.950000000000000000e+01 5.000000000000000000e+00
1.960000000000000142e+01 5.000000000000000000e+00
1.969999999999999929e+01 5.000000000000000000e+00
1.980000000000000071e+01 5.000000000000000000e+00
1.989999999999999858e+01 5.000000000000000000e+00
2.000000000000000000e+01 5.000000000000000000e+00
2.010000000000000142e+01 5.000000000000000000e+00
2.019999999999999929e+01 5.000000000000000000e+00
2.030000000000000071e+01 5.000000000000000000e+00
2.039999999999999858e+01 5.000000000000000000e+00
2.050000000000000000e+01 5.000000000000000000e+00
2.060000000000000142e+01 5.000000000000000000e+00
2.069999999999999929e+01 5.000000000000000000e+00
2.080000000000000071e+01 4.000000000000000000e+00
2.089999999999999858e+01 5.000000000000000000e+00
2.100000000000000000e+01 5.000000000000000000e+00
2.110000000000000142e+01 5.000000000000000000e+00
2.119999999999999929e+01 5.000000000000000000e+00
2.130000000000000071e+01 5.000000000000000000e+00
2.139999999999999858e+01 5.000000000000000000e+00
2.150000000000000000e+01 5.000000000000000000e+00
2.160000000000000142e+01 5.000000000000000000e+00
2.169999999999999929e+01 5.000000000000000000e+00
2.180000000000000071e+01 5.000000000000000000e+00
2.189999999999999858e+01 5.000000000000000000e+00
2.200000000000000000e+01 5.000000000000000000e+00
2.210000000000000142e+01 5.000000000000000000e+00
2.219999999999999929e+01 5.000000000000000000e+00
2.230000000000000071e+01 5.000000000000000000e+00
2.239999999999999858e+01 5.000000000000000000e+00
2.250000000000000000e+01 5.000000000000000000e+00
2.260000000000000142e+01 5.000000000000000000e+00
2.269999999999999929e+01 5.000000000000000000e+00
2.280000000000000071e+01 5.000000000000000000e+00
2.289999999999999858e+01 5.000000000000000000e+00
2.300000000000000000e+01 5.000000000000000000e+00
2.310000000000000142e+01 5.000000000000000000e+00
2.319999999999999929e+01 5.000000000000000000e+00
2.330000000000000071e+01 5.000000000000000000e+00
2.339999999999999858e+01 5.000000000000000000e+00
2.350000000000000000e+01 5.000000000000000000e+00
2.360000000000000142e+01 5.000000000000000000e+00
2.369999999999999929e+01 5.000000000000000000e+00
2.380000000000000071e+01 5.000000000000000000e+00
2.389999999999999858e+01 5.000000000000000000e+00
2.400000000000000000e+01 5.000000000000000000e+00
2.410000000000000142e+01 5.000000000000000000e+00
2.419999999999999929e+01 5.000000000000000000e+00
2.430000000000000071e+01 5.000000000000000000e+00
2.439999999999999858e+01 5.000000000000000000e+00
2.450000000000000000e+01 5.000000000000000000e+00
2.460000000000000142e+01 5.000000000000000000e+00
2.469999999999999929e+01 5.000000000000000000e+00
2.480000000000000071e+01 5.000000000000000000e+00
2.489999999999999858e+01 5.000000000000000000e+00
2.500000000000000000e+01 5.000000000000000000e+00
2.510000000000000142e+01 5.000000000000000000e+00
2.519999999999999929e+01 5.000000000000000000e+00
2.530000000000000071e+01 5.000000000000000000e+00
2.539999999999999858e+01 5.000000000000000000e+00
2.550000000000000000e+01 5.000000000000000000e+00
2.560000000000000142e+01 5.000000000000000000e+00
2.569999999999999929e+01 5.000000000000000000e+00
2.580000000000000071e+01 5.000000000000000000e+00
2.589999999999999858e+01 5.000000000000000000e+00
2.600000000000000000e+01 5.000000000000000000e+00
2.610000000000000142e+01 5.000000000000000000e+00
2.619999999999999929e+01 5.000000000000000000e+00
2.630000000000000071e+01 5.000000000000000000e+00
2.639999999999999858e+01 5.000000000000000000e+00
2.650000000000000000e+01 5.000000000000000000e+00
2.660000000000000142e+01 5.000000000000000000e+00
2.669999999999999929e+01 5.000000000000000000e+00
2.680000000000000071e+01 5.000000000000000000e+00
2.689999999999999858e+01 4.000000000000000000e+00
2.700000000000000000e+01 5.000000000000000000e+00
2.710000000000000142e+01 5.000000000000000000e+00
2.719999999999999929e+01 5.000000000000000000e+00
2.730000000000000071e+01 5.000000000000000000e+00
2.739999999999999858e+01 5.000000000000000000e+00
2.750000000000000000e+01 5.000000000000000000e+00
2.760000000000000142e+01 5.000000000000000000e+00
2.769999999999999929e+01 5.000000000000000000e+00
2.780000000000000071e+01 5.000000000000000000e+00
2.789999999999999858e+01 5.000000000000000000e+00
2.800000000000000000e+01 5.000000000000000000e+00
2.810000000000000142e+01 5.000000000000000000e+00
2.819999999999999929e+01 5.000000000000000000e+00
2.830000000000000071e+01 5.000000000000000000e+00
2.839999999999999858e+01 5.000000000000000000e+00
2.850000000000000000e+01 5.000000000000000000e+00
2.860000000000000142e+01 5.000000000000000000e+00
2.869999999999999929e+01 5.000000000000000000e+00
2.880000000000000071e+01 5.000000000000000000e+00
2.889999999999999858e+01 5.000000000000000000e+00
2.900000000000000000e+01 5.000000000000000000e+00
2.910000000000000142e+01 5.000000000000000000e+00
2.919999999999999929e+01 5.000000000000000000e+00
2.930000000000000071e+01 5.000000000000000000e+00
2.939999999999999858e+01 5.000000000000000000e+00
2.950000000000000000e+01 5.000000000000000000e+00
2.960000000000000142e+01 5.000000000000000000e+00
2.969999999999999929e+01 5.000000000000000000e+00
2.980000000000000071e+01 5.000000000000000000e+00
2.989999999999999858e+01 5.000000000000000000e+00
3.000000000000000000e+01 5.000000000000000000e+00
3.010000000000000142e+01 5.000000000000000000e+00
3.019999999999999929e+01 5.000000000000000000e+00
3.030000000000000071e+01 5.000000000000000000e+00
3.039999999999999858e+01 5.000000000000000000e+00
3.050000000000000000e+01 5.000000000000000000e+00
3.060000000000000142e+01 5.000000000000000000e+00
3.069999999999999929e+01 5.000000000000000000e+00
3.080000000000000071e+01 5.000000000000000000e+00
3.089999999999999858e+01 5.000000000000000000e+00
3.100000000000000000e+01 5.000000000000000000e+00
3.110000000000000142e+01 5.000000000000000000e+00
3.119999999999999929e+01 5.000000000000000000e+00
3.130000000000000071e+01 5.000000000000000000e+00
3.139999999999999858e+01 5.000000000000000000e+00
3.150000000000000000e+01 5.000000000000000000e+00
3.160000000000000142e+01 5.000000000000000000e+00
3.169999999999999929e+01 5.000000000000000000e+00
3.180000000000000071e+01 5.000000000000000000e+00
3.189999999999999858e+01 5.000000000000000000e+00
3.200000000000000000e+01 5.000000000000000000e+00
3.210000000000000142e+01 5.000000000000000000e+00
3.220000000000000284e+01 5.000000000000000000e+00
3.229999999999999716e+01 5.000000000000000000e+00
3.239999999999999858e+01 5.000000000000000000e+00
3.250000000000000000e+01 5.000000000000000000e+00
3.260000000000000142e+01 5.000000000000000000e+00
3.270000000000000284e+01 5.000000000000000000e+00
3.279999999999999716e+01 5.000000000000000000e+00
3.289999999999999858e+01 5.000000000000000000e+00
3.300000000000000000e+01 5.000000000000000000e+00
3.310000000000000142e+01 5.000000000000000000e+00
3.320000000000000284e+01 5.000000000000000000e+00
3.329999999999999716e+01 5.000000000000000000e+00
3.339999999999999858e+01 5.000000000000000000e+00
3.350000000000000000e+01 5.000000000000000000e+00
3.360000000000000142e+01 5.000000000000000000e+00
3.370000000000000284e+01 5.000000000000000000e+00
3.379999999999999716e+01 5.000000000000000000e+00
3.389999999999999858e+01 5.000000000000000000e+00
3.400000000000000000e+01 5.000000000000000000e+00
3.410000000000000142e+01 5.000000000000000000e+00
3.420000000000000284e+01 5.000000000000000000e+00
3.429999999999999716e+01 5.000000000000000000e+00
3.439999999999999858e+01 5.000000000000000000e+00
3.450000000000000000e+01 5.000000000000000000e+00
3.460000000000000142e+01 5.000000000000000000e+00
3.470000000000000284e+01 5.000000000000000000e+00
3.479999999999999716e+01 5.000000000000000000e+00
3.489999999999999858e+01 5.000000000000000000e+00
3.500000000000000000e+01 5.000000000000000000e+00
3.510000000000000142e+01 5.000000000000000000e+00
3.520000000000000284e+01 5.000000000000000000e+00
3.529999999999999716e+01 5.000000000000000000e+00
3.539999999999999858e+01 5.000000000000000000e+00
3.550000000000000000e+01 5.000000000000000000e+00
3.560000000000000142e+01 5.000000000000000000e+00
3.570000000000000284e+01 5.000000000000000000e+00
3.579999999999999716e+01 5.000000000000000000e+00
3.589999999999999858e+01 5.000000000000000000e+00
3.600000000000000000e+01 5.000000000000000000e+00
3.610000000000000142e+01 5.000000000000000000e+00
3.620000000000000284e+01 5.000000000000000000e+00
3.629999999999999716e+01 5.000000000000000000e+00
3.639999999999999858e+01 5.000000000000000000e+00
3.650000000000000000e+01 5.000000000000000000e+00
3.660000000000000142e+01 5.000000000000000000e+00
3.670000000000000284e+01 5.000000000000000000e+00
3.679999999999999716e+01 5.000000000000000000e+00
3.689999999999999858e+01 5.000000000000000000e+00
3.700000000000000000e+01 5.000000000000000000e+00
3.710000000000000142e+01 5.000000000000000000e+00
3.720000000000000284e+01 5.000000000000000000e+00
3.729999999999999716e+01 5.000000000000000000e+00
3.739999999999999858e+01 5.000000000000000000e+00
3.750000000000000000e+01 5.000000000000000000e+00
3.760000000000000142e+01 5.000000000000000000e+00
3.770000000000000284e+01 5.000000000000000000e+00
3.779999999999999716e+01 5.000000000000000000e+00
3.789999999999999858e+01 5.000000000000000000e+00
3.800000000000000000e+01 5.000000000000000000e+00
3.810000000000000142e+01 5.000000000000000000e+00
3.820000000000000284e+01 5.000000000000000000e+00
3.829999999999999716e+01 5.000000000000000000e+00
3.839999999999999858e+01 5.000000000000000000e+00
3.850000000000000000e+01 5.000000000000000000e+00
3.860000000000000142e+01 5.000000000000000000e+00
3.870000000000000284e+01 5.000000000000000000e+00
3.879999999999999716e+01 5.000000000000000000e+00
3.889999999999999858e+01 5.000000000000000000e+00
3.900000000000000000e+01 5.000000000000000000e+00
3.910000000000000142e+01 5.000000000000000000e+00
3.920000000000000284e+01 5.000000000000000000e+00
3.929999999999999716e+01 5.000000000000000000e+00
3.939999999999999858e+01 5.000000000000000000e+00
3.950000000000000000e+01 5.000000000000000000e+00
3.960000000000000142e+01 5.000000000000000000e+00
3.970000000000000284e+01 5.000000000000000000e+00
3.979999999999999716e+01 5.000000000000000000e+00
3.989999999999999858e+01 5.000000000000000000e+00
4.000000000000000000e+01 5.000000000000000000e+00
4.010000000000000142e+01 5.000000000000000000e+00
4.020000000000000284e+01 5.000000000000000000e+00
4.029999999999999716e+01 5.000000000000000000e+00
4.039999999999999858e+01 5.000000000000000000e+00
4.050000000000000000e+01 5.000000000000000000e+00
4.060000000000000142e+01 5.000000000000000000e+00
4.070000000000000284e+01 5.000000000000000000e+00
4.079999999999999716e+01 5.000000000000000000e+00
4.089999999999999858e+01 5.000000000000000000e+00
4.100000000000000000e+01 5.000000000000000000e+00
4.110000000000000142e+01 5.000000000000000000e+00
4.120000000000000284e+01 5.000000000000000000e+00
4.129999999999999716e+01 5.000000000000000000e+00
4.139999999999999858e+01 5.000000000000000000e+00
4.150000000000000000e+01 5.000000000000000000e+00
4.160000000000000142e+01 5.000000000000000000e+00
4.170000000000000284e+01 5.000000000000000000e+00
4.179999999999999716e+01 5.000000000000000000e+00
4.189999999999999858e+01 5.000000000000000000e+00
4.200000000000000000e+01 5.000000000000000000e+00
4.210000000000000142e+01 5.000000000000000000e+00
4.220000000000000284e+01 5.000000000000000000e+00
4.229999999999999716e+01 5.000000000000000000e+00
4.239999999999999858e+01 5.000000000000000000e+00
4.250000000000000000e+01 5.000000000000000000e+00
4.260000000000000142e+01 5.000000000000000000e+00
4.270000000000000284e+01 5.000000000000000000e+00
4.279999999999999716e+01 5.000000000000000000e+00
4.289999999999999858e+01 5.000000000000000000e+00
4.300000000000000000e+01 5.000000000000000000e+00
4.310000000000000142e+01 5.000000000000000000e+00
4.320000000000000284e+01 5.000000000000000000e+00
4.329999999999999716e+01 5.000000000000000000e+00
4.339999999999999858e+01 5.000000000000000000e+00
4.350000000000000000e+01 5.000000000000000000e+00
4.360000000000000142e+01 5.000000000000000000e+00
4.370000000000000284e+01 5.000000000000000000e+00
4.379999999999999716e+01 5.000000000000000000e+00
4.389999999999999858e+01 5.000000000000000000e+00
4.400000000000000000e+01 5.000000000000000000e+00
4.410000000000000142e+01 5.000000000000000000e+00
4.420000000000000284e+01 5.000000000000000000e+00
4.429999999999999716e+01 5.000000000000000000e+00
4.439999999999999858e+01 5.000000000000000000e+00
4.450000000000000000e+01 5.000000000000000000e+00
4.460000000000000142e+01 5.000000000000000000e+00
4.470000000000000284e+01 5.000000000000000000e+00
4.479999999999999716e+01 5.000000000000000000e+00
4.489999999999999858e+01 5.000000000000000000e+00
4.500000000000000000e+01 5.000000000000000000e+00
4.510000000000000142e+01 5.000000000000000000e+00
4.520000000000000284e+01 5.000000000000000000e+00
4.529999999999999716e+01 5.000000000000000000e+00
4.539999999999999858e+01 5.000000000000000000e+00
4.550000000000000000e+01 5.000000000000000000e+00
4.560000000000000142e+01 5.000000000000000000e+00
4.570000000000000284e+01 5.000000000000000000e+00
4.579999999999999716e+01 5.000000000000000000e+00
4.589999999999999858e+01 5.000000000000000000e+00
4.600000000000000000e+01 5.000000000000000000e+00
4.610000000000000142e+01 5.000000000000000000e+00
4.620000000000000284e+01 5.000000000000000000e+00
4.629999999999999716e+01 5.000000000000000000e+00
4.639999999999999858e+01 5.000000000000000000e+00
4.650000000000000000e+01 5.000000000000000000e+00
4.660000000000000142e+01 5.000000000000000000e+00
4.670000000000000284e+01 5.000000000000000000e+00
4.679999999999999716e+01 5.000000000000000000e+00
4.689999999999999858e+01 5.000000000000000000e+00
4.700000000000000000e+01 5.000000000000000000e+00
4.710000000000000142e+01 5.000000000000000000e+00
4.720000000000000284e+01 5.000000000000000000e+00
4.729999999999999716e+01 5.000000000000000000e+00
4.739999999999999858e+01 5.000000000000000000e+00
4.750000000000000000e+01 5.000000000000000000e+00
4.760000000000000142e+01 5.000000000000000000e+00
4.770000000000000284e+01 5.000000000000000000e+00
4.779999999999999716e+01 5.000000000000000000e+00
4.789999999999999858e+01 5.000000000000000000e+00
4.800000000000000000e+01 5.000000000000000000e+00
4.810000000000000142e+01 5.000000000000000000e+00
4.820000000000000284e+01 5.000000000000000000e+00
4.829999999999999716e+01 5.000000000000000000e+00
4.839999999999999858e+01 5.000000000000000000e+00
4.850000000000000000e+01 5.000000000000000000e+00
4.860000000000000142e+01 5.000000000000000000e+00
4.870000000000000284e+01 5.000000000000000000e+00
4.879999999999999716e+01 5.000000000000000000e+00
4.889999999999999858e+01 5.000000000000000000e+00
4.900000000000000000e+01 5.000000000000000000e+00
4.910000000000000142e+01 5.000000000000000000e+00
4.920000000000000284e+01 5.000000000000000000e+00
4.929999999999999716e+01 5.000000000000000000e+00
4.939999999999999858e+01 5.000000000000000000e+00
4.950000000000000000e+01 5.000000000000000000e+00
4.960000000000000142e+01 5.000000000000000000e+00
4.970000000000000284e+01 5.000000000000000000e+00
4.979999999999999716e+01 5.000000000000000000e+00
4.989999999999999858e+01 5.000000000000000000e+00
5.000000000000000000e+01 5.000000000000000000e+00
5.010000000000000142e+01 5.000000000000000000e+00
5.020000000000000284e+01 5.000000000000000000e+00
5.029999999999999716e+01 5.000000000000000000e+00
5.039999999999999858e+01 5.000000000000000000e+00
5.050000000000000000e+01 5.000000000000000000e+00
5.060000000000000142e+01 5.000000000000000000e+00
5.070000000000000284e+01 5.000000000000000000e+00
5.079999999999999716e+01 5.000000000000000000e+00
5.089999999999999858e+01 5.000000000000000000e+00
5.100000000000000000e+01 5.000000000000000000e+00
5.110000000000000142e+01 5.000000000000000000e+00
5.120000000000000284e+01 5.000000000000000000e+00
5.129999999999999716e+01 5.000000000000000000e+00
5.139999999999999858e+01 5.000000000000000000e+00
5.150000000000000000e+01 5.000000000000000000e+00
5.160000000000000142e+01 5.000000000000000000e+00
5.170000000000000284e+01 5.000000000000000000e+00
5.179999999999999716e+01 5.000000000000000000e+00
5.189999999999999858e+01 5.000000000000000000e+00
5.200000000000000000e+01 5.000000000000000000e+00
5.210000000000000142e+01 5.000000000000000000e+00
5.220000000000000284e+01 5.000000000000000000e+00
5.229999999999999716e+01 5.000000000000000000e+00
5.239999999999999858e+01 5.000000000000000000e+00
5.250000000000000000e+01 5.000000000000000000e+00
5.260000000000000142e+01 5.000000000000000000e+00
5.270000000000000284e+01 5.000000000000000000e+00
5.279999999999999716e+01 5.000000000000000000e+00
5.289999999999999858e+01 5.000000000000000000e+00
5.300000000000000000e+01 5.000000000000000000e+00
5.310000000000000142e+01 5.000000000000000000e+00
5.320000000000000284e+01 5.000000000000000000e+00
5.329999999999999716e+01 5.000000000000000000e+00
5.339999999999999858e+01 5.000000000000000000e+00
5.350000000000000000e+01 5.000000000000000000e+00
5.360000000000000142e+01 5.000000000000000000e+00
5.370000000000000284e+01 5.000000000000000000e+00
5.379999999999999716e+01 5.000000000000000000e+00
5.389999999999999858e+01 5.000000000000000000e+00
5.400000000000000000e+01 5.000000000000000000e+00
5.410000000000000142e+01 5.000000000000000000e+00
5.420000000000000284e+01 5.000000000000000000e+00
5.429999999999999716e+01 5.000000000000000000e+00
5.439999999999999858e+01 5.000000000000000000e+00
5.450000000000000000e+01 5.000000000000000000e+00
5.460000000000000142e+01 5.000000000000000000e+00
5.470000000000000284e+01 5.000000000000000000e+00
5.479999999999999716e+01 5.000000000000000000e+00
5.489999999999999858e+01 5.000000000000000000e+00
5.500000000000000000e+01 5.000000000000000000e+00
5.510000000000000142e+01 5.000000000000000000e+00
5.520000000000000284e+01 5.000000000000000000e+00
5.529999999999999716e+01 5.000000000000000000e+00
5.539999999999999858e+01 5.000000000000000000e+00
5.550000000000000000e+01 5.000000000000000000e+00
5.560000000000000142e+01 5.000000000000000000e+00
5.570000000000000284e+01 5.000000000000000000e+00
5.579999999999999716e+01 5.000000000000000000e+00
5.589999999999999858e+01 5.000000000000000000e+00
5.600000000000000000e+01 5.000000000000000000e+00
5.610000000000000142e+01 5.000000000000000000e+00
5.620000000000000284e+01 5.000000000000000000e+00
5.629999999999999716e+01 5.000000000000000000e+00
5.639999999999999858e+01 5.000000000000000000e+00
5.650000000000000000e+01 5.000000000000000000e+00
5.660000000000000142e+01 5.000000000000000000e+00
5.670000000000000284e+01 5.000000000000000000e+00
5.679999999999999716e+01 5.000000000000000000e+00
5.689999999999999858e+01 5.000000000000000000e+00
5.700000000000000000e+01 5.000000000000000000e+00
5.710000000000000142e+01 5.000000000000000000e+00
5.720000000000000284e+01 5.000000000000000000e+00
5.729999999999999716e+01 5.000000000000000000e+00
5.739999999999999858e+01 5.000000000000000000e+00
5.750000000000000000e+01 5.000000000000000000e+00
5.760000000000000142e+01 5.000000000000000000e+00
5.770000000000000284e+01 5.000000000000000000e+00
5.779999999999999716e+01 5.000000000000000000e+00
5.789999999999999858e+01 5.000000000000000000e+00
5.800000000000000000e+01 5.000000000000000000e+00
5.810000000000000142e+01 5.000000000000000000e+00
5.820000000000000284e+01 5.000000000000000000e+00
5.829999999999999716e+01 5.000000000000000000e+00
5.839999999999999858e+01 5.000000000000000000e+00
5.850000000000000000e+01 5.000000000000000000e+00
5.860000000000000142e+01 5.000000000000000000e+00
5.870000000000000284e+01 5.000000000000000000e+00
5.879999999999999716e+01 5.000000000000000000e+00
5.889999999999999858e+01 5.000000000000000000e+00
5.900000000000000000e+01 5.000000000000000000e+00
5.910000000000000142e+01 5.000000000000000000e+00
5.920000000000000284e+01 5.000000000000000000e+00
5.929999999999999716e+01 5.000000000000000000e+00
5.939999999999999858e+01 5.000000000000000000e+00
5.950000000000000000e+01 4.000000000000000000e+00
5.960000000000000142e+01 5.000000000000000000e+00
5.970000000000000284e+01 5.000000000000000000e+00
5.979999999999999716e+01 5.000000000000000000e+00
5.989999999999999858e+01 4.000000000000000000e+00
6.000000000000000000e+01 5.000000000000000000e+00
6.010000000000000142e+01 5.000000000000000000e+00
6.020000000000000284e+01 5.000000000000000000e+00
6.029999999999999716e+01 5.000000000000000000e+00
6.039999999999999858e+01 5.000000000000000000e+00
6.050000000000000000e+01 5.000000000000000000e+00
6.060000000000000142e+01 5.000000000000000000e+00
6.070000000000000284e+01 5.000000000000000000e+00
6.079999999999999716e+01 5.000000000000000000e+00
6.089999999999999858e+01 5.000000000000000000e+00
6.100000000000000000e+01 5.000000000000000000e+00
6.110000000000000142e+01 5.000000000000000000e+00
6.120000000000000284e+01 5.000000000000000000e+00
6.129999999999999716e+01 5.000000000000000000e+00
6.139999999999999858e+01 5.000000000000000000e+00
6.150000000000000000e+01 5.000000000000000000e+00
6.160000000000000142e+01 5.000000000000000000e+00
6.170000000000000284e+01 5.000000000000000000e+00
6.179999999999999716e+01 5.000000000000000000e+00
6.189999999999999858e+01 5.000000000000000000e+00
6.200000000000000000e+01 5.000000000000000000e+00
6.210000000000000142e+01 5.000000000000000000e+00
6.220000000000000284e+01 5.000000000000000000e+00
6.229999999999999716e+01 5.000000000000000000e+00
6.239999999999999858e+01 5.000000000000000000e+00
6.250000000000000000e+01 5.000000000000000000e+00
6.260000000000000142e+01 5.000000000000000000e+00
6.270000000000000284e+01 5.000000000000000000e+00
6.279999999999999716e+01 5.000000000000000000e+00
6.289999999999999858e+01 5.000000000000000000e+00
6.300000000000000000e+01 5.000000000000000000e+00
6.310000000000000142e+01 5.000000000000000000e+00
6.320000000000000284e+01 5.000000000000000000e+00
6.329999999999999716e+01 5.000000000000000000e+00
6.339999999999999858e+01 5.000000000000000000e+00
6.350000000000000000e+01 5.000000000000000000e+00
6.360000000000000142e+01 5.000000000000000000e+00
6.370000000000000284e+01 5.000000000000000000e+00
6.379999999999999716e+01 5.000000000000000000e+00
6.389999999999999858e+01 5.000000000000000000e+00
6.400000000000000000e+01 5.000000000000000000e+00
6.409999999999999432e+01 5.000000000000000000e+00
6.420000000000000284e+01 5.000000000000000000e+00
6.429999999999999716e+01 5.000000000000000000e+00
6.440000000000000568e+01 5.000000000000000000e+00
6.450000000000000000e+01 5.000000000000000000e+00
6.459999999999999432e+01 5.000000000000000000e+00
6.470000000000000284e+01 5.000000000000000000e+00
6.479999999999999716e+01 5.000000000000000000e+00
6.490000000000000568e+01 5.000000000000000000e+00
6.500000000000000000e+01 5.000000000000000000e+00
6.509999999999999432e+01 5.000000000000000000e+00
6.520000000000000284e+01 5.000000000000000000e+00
6.529999999999999716e+01 5.000000000000000000e+00
6.540000000000000568e+01 5.000000000000000000e+00
6.550000000000000000e+01 5.000000000000000000e+00
6.559999999999999432e+01 5.000000000000000000e+00
6.570000000000000284e+01 5.000000000000000000e+00
6.579999999999999716e+01 5.000000000000000000e+00
6.590000000000000568e+01 5.000000000000000000e+00
6.600000000000000000e+01 5.000000000000000000e+00
6.609999999999999432e+01 5.000000000000000000e+00
6.620000000000000284e+01 5.000000000000000000e+00
6.629999999999999716e+01 5.000000000000000000e+00
6.640000000000000568e+01 5.000000000000000000e+00
6.650000000000000000e+01 5.000000000000000000e+00
6.659999999999999432e+01 5.000000000000000000e+00
6.670000000000000284e+01 5.000000000000000000e+00
6.679999999999999716e+01 5.000000000000000000e+00
6.690000000000000568e+01 5.000000000000000000e+00
6.700000000000000000e+01 5.000000000000000000e+00
6.709999999999999432e+01 5.000000000000000000e+00
6.720000000000000284e+01 5.000000000000000000e+00
6.729999999999999716e+01 5.000000000000000000e+00
6.740000000000000568e+01 5.000000000000000000e+00
6.750000000000000000e+01 5.000000000000000000e+00
6.759999999999999432e+01 5.000000000000000000e+00
6.770000000000000284e+01 5.000000000000000000e+00
6.779999999999999716e+01 5.000000000000000000e+00
6.790000000000000568e+01 5.000000000000000000e+00
6.800000000000000000e+01 5.000000000000000000e+00
6.809999999999999432e+01 5.000000000000000000e+00
6.820000000000000284e+01 5.000000000000000000e+00
6.829999999999999716e+01 5.000000000000000000e+00
6.840000000000000568e+01 5.000000000000000000e+00
6.850000000000000000e+01 5.000000000000000000e+00
6.859999999999999432e+01 5.000000000000000000e+00
6.870000000000000284e+01 5.000000000000000000e+00
6.879999999999999716e+01 5.000000000000000000e+00
6.890000000000000568e+01 5.000000000000000000e+00
6.900000000000000000e+01 5.000000000000000000e+00
6.909999999999999432e+01 5.000000000000000000e+00
6.920000000000000284e+01 5.000000000000000000e+00
6.929999999999999716e+01 5.000000000000000000e+00
6.940000000000000568e+01 5.000000000000000000e+00
6.950000000000000000e+01 5.000000000000000000e+00
6.959999999999999432e+01 5.000000000000000000e+00
6.970000000000000284e+01 5.000000000000000000e+00
6.979999999999999716e+01 5.000000000000000000e+00
6.990000000000000568e+01 5.000000000000000000e+00
7.000000000000000000e+01 5.000000000000000000e+00
7.009999999999999432e+01 5.000000000000000000e+00
7.020000000000000284e+01 5.000000000000000000e+00
7.029999999999999716e+01 5.000000000000000000e+00
7.040000000000000568e+01 5.000000000000000000e+00
7.050000000000000000e+01 5.000000000000000000e+00
7.059999999999999432e+01 5.000000000000000000e+00
7.070000000000000284e+01 5.000000000000000000e+00
7.079999999999999716e+01 5.000000000000000000e+00
7.090000000000000568e+01 5.000000000000000000e+00
7.100000000000000000e+01 5.000000000000000000e+00
7.109999999999999432e+01 5.000000000000000000e+00
7.120000000000000284e+01 5.000000000000000000e+00
7.129999999999999716e+01 5.000000000000000000e+00
7.140000000000000568e+01 5.000000000000000000e+00
7.150000000000000000e+01 5.000000000000000000e+00
7.159999999999999432e+01 5.000000000000000000e+00
7.170000000000000284e+01 5.000000000000000000e+00
7.179999999999999716e+01 5.000000000000000000e+00
7.190000000000000568e+01 5.000000000000000000e+00
7.200000000000000000e+01 5.000000000000000000e+00
7.209999999999999432e+01 5.000000000000000000e+00
7.220000000000000284e+01 5.000000000000000000e+00
7.229999999999999716e+01 5.000000000000000000e+00
7.240000000000000568e+01 5.000000000000000000e+00
7.250000000000000000e+01 5.000000000000000000e+00
7.259999999999999432e+01 5.000000000000000000e+00
7.270000000000000284e+01 5.000000000000000000e+00
7.279999999999999716e+01 5.000000000000000000e+00
7.290000000000000568e+01 5.000000000000000000e+00
7.300000000000000000e+01 5.000000000000000000e+00
7.309999999999999432e+01 5.000000000000000000e+00
7.320000000000000284e+01 5.000000000000000000e+00
7.329999999999999716e+01 5.000000000000000000e+00
7.340000000000000568e+01 5.000000000000000000e+00
7.350000000000000000e+01 5.000000000000000000e+00
7.359999999999999432e+01 5.000000000000000000e+00
7.370000000000000284e+01 5.000000000000000000e+00
7.379999999999999716e+01 5.000000000000000000e+00
7.390000000000000568e+01 5.000000000000000000e+00
7.400000000000000000e+01 5.000000000000000000e+00
7.409999999999999432e+01 5.000000000000000000e+00
7.420000000000000284e+01 5.000000000000000000e+00
7.429999999999999716e+01 5.000000000000000000e+00
7.440000000000000568e+01 5.000000000000000000e+00
7.450000000000000000e+01 5.000000000000000000e+00
7.459999999999999432e+01 5.000000000000000000e+00
7.470000000000000284e+01 5.000000000000000000e+00
7.479999999999999716e+01 5.000000000000000000e+00
7.490000000000000568e+01 5.000000000000000000e+00
7.500000000000000000e+01 5.000000000000000000e+00
7.509999999999999432e+01 5.000000000000000000e+00
7.520000000000000284e+01 5.000000000000000000e+00
7.529999999999999716e+01 5.000000000000000000e+00
7.540000000000000568e+01 5.000000000000000000e+00
7.550000000000000000e+01 5.000000000000000000e+00
7.559999999999999432e+01 5.000000000000000000e+00
7.570000000000000284e+01 5.000000000000000000e+00
7.579999999999999716e+01 5.000000000000000000e+00
7.590000000000000568e+01 5.000000000000000000e+00
7.600000000000000000e+01 5.000000000000000000e+00
7.609999999999999432e+01 5.000000000000000000e+00
7.620000000000000284e+01 5.000000000000000000e+00
7.629999999999999716e+01 5.000000000000000000e+00
7.640000000000000568e+01 5.000000000000000000e+00
7.650000000000000000e+01 5.000000000000000000e+00
7.659999999999999432e+01 5.000000000000000000e+00
7.670000000000000284e+01 5.000000000000000000e+00
7.679999999999999716e+01 5.000000000000000000e+00
7.690000000000000568e+01 5.000000000000000000e+00
7.700000000000000000e+01 5.000000000000000000e+00
7.709999999999999432e+01 5.000000000000000000e+00
7.720000000000000284e+01 5.000000000000000000e+00
7.729999999999999716e+01 5.000000000000000000e+00
7.740000000000000568e+01 5.000000000000000000e+00
7.750000000000000000e+01 5.000000000000000000e+00
7.759999999999999432e+01 5.000000000000000000e+00
7.770000000000000284e+01 5.000000000000000000e+00
7.779999999999999716e+01 5.000000000000000000e+00
7.790000000000000568e+01 5.000000000000000000e+00
7.800000000000000000e+01 5.000000000000000000e+00
7.809999999999999432e+01 5.000000000000000000e+00
7.820000000000000284e+01 5.000000000000000000e+00
7.829999999999999716e+01 5.000000000000000000e+00
7.840000000000000568e+01 5.000000000000000000e+00
7.850000000000000000e+01 5.000000000000000000e+00
7.859999999999999432e+01 5.000000000000000000e+00
7.870000000000000284e+01 5.000000000000000000e+00
7.879999999999999716e+01 5.000000000000000000e+00
7.890000000000000568e+01 5.000000000000000000e+00
7.900000000000000000e+01 5.000000000000000000e+00
7.909999999999999432e+01 5.000000000000000000e+00
7.920000000000000284e+01 5.000000000000000000e+00
7.929999999999999716e+01 5.000000000000000000e+00
7.940000000000000568e+01 5.000000000000000000e+00
7.950000000000000000e+01 5.000000000000000000e+00
7.959999999999999432e+01 5.000000000000000000e+00
7.970000000000000284e+01 5.000000000000000000e+00
7.979999999999999716e+01 5.000000000000000000e+00
7.990000000000000568e+01 5.000000000000000000e+00
8.000000000000000000e+01 5.000000000000000000e+00
8.009999999999999432e+01 5.000000000000000000e+00
8.020000000000000284e+01 5.000000000000000000e+00
8.029999999999999716e+01 5.000000000000000000e+00
8.040000000000000568e+01 5.000000000000000000e+00
8.050000000000000000e+01 5.000000000000000000e+00
8.059999999999999432e+01 5.000000000000000000e+00
8.070000000000000284e+01 5.000000000000000000e+00
8.079999999999999716e+01 5.000000000000000000e+00
8.090000000000000568e+01 5.000000000000000000e+00
8.100000000000000000e+01 5.000000000000000000e+00
8.109999999999999432e+01 5.000000000000000000e+00
8.120000000000000284e+01 5.000000000000000000e+00
8.129999999999999716e+01 5.000000000000000000e+00
8.140000000000000568e+01 5.000000000000000000e+00
8.150000000000000000e+01 5.000000000000000000e+00
8.159999999999999432e+01 5.000000000000000000e+00
8.170000000000000284e+01 5.000000000000000000e+00
8.179999999999999716e+01 5.000000000000000000e+00
8.190000000000000568e+01 5.000000000000000000e+00
8.200000000000000000e+01 5.000000000000000000e+00
8.209999999999999432e+01 5.000000000000000000e+00
8.220000000000000284e+01 5.000000000000000000e+00
8.229999999999999716e+01 5.000000000000000000e+00
8.240000000000000568e+01 5.000000000000000000e+00
8.250000000000000000e+01 5.000000000000000000e+00
8.259999999999999432e+01 5.000000000000000000e+00
8.270000000000000284e+01 5.000000000000000000e+00
8.279999999999999716e+01 5.000000000000000000e+00
8.290000000000000568e+01 5.000000000000000000e+00
8.300000000000000000e+01 5.000000000000000000e+00
8.309999999999999432e+01 5.000000000000000000e+00
8.320000000000000284e+01 5.000000000000000000e+00
8.329999999999999716e+01 5.000000000000000000e+00
8.340000000000000568e+01 5.000000000000000000e+00
8.350000000000000000e+01 5.000000000000000000e+00
8.359999999999999432e+01 5.000000000000000000e+00
8.370000000000000284e+01 5.000000000000000000e+00
8.379999999999999716e+01 5.000000000000000000e+00
8.390000000000000568e+01 5.000000000000000000e+00
8.400000000000000000e+01 5.000000000000000000e+00
8.409999999999999432e+01 5.000000000000000000e+00
8.420000000000000284e+01 5.000000000000000000e+00
8.429999999999999716e+01 5.000000000000000000e+00
8.440000000000000568e+01 5.000000000000000000e+00
8.450000000000000000e+01 5.000000000000000000e+00
8.459999999999999432e+01 5.000000000000000000e+00
8.470000000000000284e+01 5.000000000000000000e+00
8.479999999999999716e+01 5.000000000000000000e+00
8.490000000000000568e+01 5.000000000000000000e+00
8.500000000000000000e+01 5.000000000000000000e+00
8.509999999999999432e+01 5.000000000000000000e+00
8.520000000000000284e+01 5.000000000000000000e+00
8.529999999999999716e+01 5.000000000000000000e+00
8.540000000000000568e+01 5.000000000000000000e+00
8.550000000000000000e+01 5.000000000000000000e+00
8.559999999999999432e+01 5.000000000000000000e+00
8.570000000000000284e+01 5.000000000000000000e+00
8.579999999999999716e+01 5.000000000000000000e+00
8.590000000000000568e+01 5.000000000000000000e+00
8.600000000000000000e+01 5.000000000000000000e+00
8.609999999999999432e+01 5.000000000000000000e+00
8.620000000000000284e+01 5.000000000000000000e+00
8.629999999999999716e+01 5.000000000000000000e+00
8.640000000000000568e+01 5.000000000000000000e+00
8.650000000000000000e+01 5.000000000000000000e+00
8.659999999999999432e+01 5.000000000000000000e+00
8.670000000000000284e+01 5.000000000000000000e+00
8.679999999999999716e+01 5.000000000000000000e+00
8.690000000000000568e+01 5.000000000000000000e+00
8.700000000000000000e+01 5.000000000000000000e+00
8.709999999999999432e+01 5.000000000000000000e+00
8.720000000000000284e+01 5.000000000000000000e+00
8.729999999999999716e+01 5.000000000000000000e+00
8.740000000000000568e+01 5.000000000000000000e+00
8.750000000000000000e+01 5.000000000000000000e+00
8.759999999999999432e+01 5.000000000000000000e+00
8.770000000000000284e+01 5.000000000000000000e+00
8.779999999999999716e+01 5.000000000000000000e+00
8.790000000000000568e+01 5.000000000000000000e+00
8.800000000000000000e+01 5.000000000000000000e+00
8.809999999999999432e+01 5.000000000000000000e+00
8.820000000000000284e+01 5.000000000000000000e+00
8.829999999999999716e+01 5.000000000000000000e+00
8.840000000000000568e+01 5.000000000000000000e+00
8.850000000000000000e+01 5.000000000000000000e+00
8.859999999999999432e+01 5.000000000000000000e+00
8.870000000000000284e+01 5.000000000000000000e+00
8.879999999999999716e+01 5.000000000000000000e+00
8.890000000000000568e+01 5.000000000000000000e+00
8.900000000000000000e+01 5.000000000000000000e+00
8.909999999999999432e+01 5.000000000000000000e+00
8.920000000000000284e+01 5.000000000000000000e+00
8.929999999999999716e+01 5.000000000000000000e+00
8.940000000000000568e+01 5.000000000000000000e+00
8.950000000000000000e+01 5.000000000000000000e+00
8.959999999999999432e+01 5.000000000000000000e+00
8.970000000000000284e+01 5.000000000000000000e+00
8.979999999999999716e+01 5.000000000000000000e+00
8.990000000000000568e+01 5.000000000000000000e+00
9.000000000000000000e+01 5.000000000000000000e+00
9.009999999999999432e+01 5.000000000000000000e+00
9.020000000000000284e+01 5.000000000000000000e+00
9.029999999999999716e+01 5.000000000000000000e+00
9.040000000000000568e+01 5.000000000000000000e+00
9.050000000000000000e+01 5.000000000000000000e+00
9.059999999999999432e+01 5.000000000000000000e+00
9.070000000000000284e+01 5.000000000000000000e+00
9.079999999999999716e+01 5.000000000000000000e+00
9.090000000000000568e+01 5.000000000000000000e+00
9.100000000000000000e+01 5.000000000000000000e+00
9.109999999999999432e+01 5.000000000000000000e+00
9.120000000000000284e+01 5.000000000000000000e+00
9.129999999999999716e+01 5.000000000000000000e+00
9.140000000000000568e+01 5.000000000000000000e+00
9.150000000000000000e+01 5.000000000000000000e+00
9.159999999999999432e+01 5.000000000000000000e+00
9.170000000000000284e+01 5.000000000000000000e+00
9.179999999999999716e+01 5.000000000000000000e+00
9.190000000000000568e+01 5.000000000000000000e+00
9.200000000000000000e+01 5.000000000000000000e+00
9.209999999999999432e+01 5.000000000000000000e+00
9.220000000000000284e+01 5.000000000000000000e+00
9.229999999999999716e+01 5.000000000000000000e+00
9.240000000000000568e+01 5.000000000000000000e+00
9.250000000000000000e+01 5.000000000000000000e+00
9.259999999999999432e+01 5.000000000000000000e+00
9.270000000000000284e+01 5.000000000000000000e+00
9.279999999999999716e+01 5.000000000000000000e+00
9.290000000000000568e+01 5.000000000000000000e+00
9.300000000000000000e+01 5.000000000000000000e+00
9.309999999999999432e+01 5.000000000000000000e+00
9.320000000000000284e+01 5.000000000000000000e+00
9.329999999999999716e+01 5.000000000000000000e+00
9.340000000000000568e+01 5.000000000000000000e+00
9.350000000000000000e+01 5.000000000000000000e+00
9.359999999999999432e+01 5.000000000000000000e+00
9.370000000000000284e+01 5.000000000000000000e+00
9.379999999999999716e+01 5.000000000000000000e+00
9.390000000000000568e+01 5.000000000000000000e+00
9.400000000000000000e+01 5.000000000000000000e+00
9.409999999999999432e+01 5.000000000000000000e+00
9.420000000000000284e+01 5.000000000000000000e+00
9.429999999999999716e+01 5.000000000000000000e+00
9.440000000000000568e+01 5.000000000000000000e+00
9.450000000000000000e+01 5.000000000000000000e+00
9.459999999999999432e+01 5.000000000000000000e+00
9.470000000000000284e+01 5.000000000000000000e+00
9.479999999999999716e+01 5.000000000000000000e+00
9.490000000000000568e+01 5.000000000000000000e+00
9.500000000000000000e+01 5.000000000000000000e+00
9.509999999999999432e+01 5.000000000000000000e+00
9.520000000000000284e+01 5.000000000000000000e+00
9.529999999999999716e+01 5.000000000000000000e+00
9.540000000000000568e+01 5.000000000000000000e+00
9.550000000000000000e+01 5.000000000000000000e+00
9.559999999999999432e+01 5.000000000000000000e+00
9.570000000000000284e+01 5.000000000000000000e+00
9.579999999999999716e+01 5.000000000000000000e+00
9.590000000000000568e+01 5.000000000000000000e+00
9.600000000000000000e+01 5.000000000000000000e+00
9.609999999999999432e+01 5.000000000000000000e+00
9.620000000000000284e+01 5.000000000000000000e+00
9.629999999999999716e+01 5.000000000000000000e+00
9.640000000000000568e+01 5.000000000000000000e+00
9.650000000000000000e+01 5.000000000000000000e+00
9.659999999999999432e+01 5.000000000000000000e+00
9.670000000000000284e+01 5.000000000000000000e+00
9.679999999999999716e+01 5.000000000000000000e+00
9.690000000000000568e+01 5.000000000000000000e+00
9.700000000000000000e+01 5.000000000000000000e+00
9.709999999999999432e+01 5.000000000000000000e+00
9.720000000000000284e+01 5.000000000000000000e+00
9.729999999999999716e+01 5.000000000000000000e+00
9.740000000000000568e+01 5.000000000000000000e+00
9.750000000000000000e+01 5.000000000000000000e+00
9.759999999999999432e+01 5.000000000000000000e+00
9.770000000000000284e+01 5.000000000000000000e+00
9.779999999999999716e+01 5.000000000000000000e+00
9.790000000000000568e+01 5.000000000000000000e+00
9.800000000000000000e+01 5.000000000000000000e+00
9.809999999999999432e+01 5.000000000000000000e+00
9.820000000000000284e+01 5.000000000000000000e+00
9.829999999999999716e+01 5.000000000000000000e+00
9.840000000000000568e+01 5.000000000000000000e+00
9.850000000000000000e+01 5.000000000000000000e+00
9.859999999999999432e+01 5.000000000000000000e+00
9.870000000000000284e+01 5.000000000000000000e+00
9.879999999999999716e+01 5.000000000000000000e+00
9.890000000000000568e+01 5.000000000000000000e+00
9.900000000000000000e+01 5.000000000000000000e+00
9.909999999999999432e+01 5.000000000000000000e+00
9.920000000000000284e+01 5.000000000000000000e+00
9.929999999999999716e+01 5.000000000000000000e+00
9.940000000000000568e+01 5.000000000000000000e+00
9.950000000000000000e+01 5.000000000000000000e+00
9.959999999999999432e+01 5.000000000000000000e+00
9.970000000000000284e+01 5.000000000000000000e+00
9.979999999999999716e+01 5.000000000000000000e+00
9.990000000000000568e+01 5.000000000000000000e+00
1.000000000000000000e+02 5.000000000000000000e+00
1.000999999999999943e+02 5.000000000000000000e+00
1.002000000000000028e+02 5.000000000000000000e+00
1.002999999999999972e+02 5.000000000000000000e+00
1.004000000000000057e+02 5.000000000000000000e+00
1.005000000000000000e+02 5.000000000000000000e+00
1.005999999999999943e+02 5.000000000000000000e+00
1.007000000000000028e+02 5.000000000000000000e+00
1.007999999999999972e+02 5.000000000000000000e+00
1.009000000000000057e+02 5.000000000000000000e+00
1.010000000000000000e+02 5.000000000000000000e+00
1.010999999999999943e+02 5.000000000000000000e+00
1.012000000000000028e+02 5.000000000000000000e+00
1.012999999999999972e+02 5.000000000000000000e+00
1.014000000000000057e+02 5.000000000000000000e+00
1.015000000000000000e+02 5.000000000000000000e+00
1.015999999999999943e+02 5.000000000000000000e+00
1.017000000000000028e+02 5.000000000000000000e+00
1.017999999999999972e+02 5.000000000000000000e+00
1.019000000000000057e+02 5.000000000000000000e+00
1.020000000000000000e+02 5.000000000000000000e+00
1.020999999999999943e+02 5.000000000000000000e+00
1.022000000000000028e+02 5.000000000000000000e+00
1.022999999999999972e+02 5.000000000000000000e+00
1.024000000000000057e+02 5.000000000000000000e+00
1.025000000000000000e+02 5.000000000000000000e+00
1.025999999999999943e+02 5.000000000000000000e+00
1.027000000000000028e+02 5.000000000000000000e+00
1.027999999999999972e+02 5.000000000000000000e+00
1.029000000000000057e+02 5.000000000000000000e+00
1.030000000000000000e+02 5.000000000000000000e+00
1.030999999999999943e+02 5.000000000000000000e+00
1.032000000000000028e+02 5.000000000000000000e+00
1.032999999999999972e+02 5.000000000000000000e+00
1.034000000000000057e+02 5.000000000000000000e+00
1.035000000000000000e+02 5.000000000000000000e+00
1.035999999999999943e+02 5.000000000000000000e+00
1.037000000000000028e+02 5.000000000000000000e+00
1.037999999999999972e+02 5.000000000000000000e+00
1.039000000000000057e+02 5.000000000000000000e+00
1.040000000000000000e+02 5.000000000000000000e+00
1.040999999999999943e+02 5.000000000000000000e+00
1.042000000000000028e+02 5.000000000000000000e+00
1.042999999999999972e+02 5.000000000000000000e+00
1.044000000000000057e+02 5.000000000000000000e+00
1.045000000000000000e+02 5.000000000000000000e+00
1.045999999999999943e+02 5.000000000000000000e+00
1.047000000000000028e+02 5.000000000000000000e+00
1.047999999999999972e+02 5.000000000000000000e+00
1.049000000000000057e+02 5.000000000000000000e+00
1.050000000000000000e+02 5.000000000000000000e+00
1.050999999999999943e+02 5.000000000000000000e+00
1.052000000000000028e+02 5.000000000000000000e+00
1.052999999999999972e+02 5.000000000000000000e+00
1.054000000000000057e+02 5.000000000000000000e+00
1.055000000000000000e+02 5.000000000000000000e+00
1.055999999999999943e+02 5.000000000000000000e+00
1.057000000000000028e+02 5.000000000000000000e+00
1.057999999999999972e+02 5.000000000000000000e+00
1.059000000000000057e+02 5.000000000000000000e+00
1.060000000000000000e+02 5.000000000000000000e+00
1.060999999999999943e+02 5.000000000000000000e+00
1.062000000000000028e+02 5.000000000000000000e+00
1.062999999999999972e+02 5.000000000000000000e+00
1.064000000000000057e+02 5.000000000000000000e+00
1.065000000000000000e+02 5.000000000000000000e+00
1.065999999999999943e+02 5.000000000000000000e+00
1.067000000000000028e+02 5.000000000000000000e+00
1.067999999999999972e+02 5.000000000000000000e+00
1.069000000000000057e+02 5.000000000000000000e+00
1.070000000000000000e+02 5.000000000000000000e+00
1.070999999999999943e+02 5.000000000000000000e+00
1.072000000000000028e+02 5.000000000000000000e+00
1.072999999999999972e+02 5.000000000000000000e+00
1.074000000000000057e+02 5.000000000000000000e+00
1.075000000000000000e+02 5.000000000000000000e+00
1.075999999999999943e+02 5.000000000000000000e+00
1.077000000000000028e+02 5.000000000000000000e+00
1.077999999999999972e+02 5.000000000000000000e+00
1.079000000000000057e+02 5.000000000000000000e+00
1.080000000000000000e+02 5.000000000000000000e+00
1.080999999999999943e+02 5.000000000000000000e+00
1.082000000000000028e+02 5.000000000000000000e+00
1.082999999999999972e+02 5.000000000000000000e+00
1.084000000000000057e+02 5.000000000000000000e+00
1.085000000000000000e+02 5.000000000000000000e+00
1.085999999999999943e+02 5.000000000000000000e+00
1.087000000000000028e+02 5.000000000000000000e+00
1.087999999999999972e+02 5.000000000000000000e+00
1.089000000000000057e+02 5.000000000000000000e+00
1.090000000000000000e+02 5.000000000000000000e+00
1.090999999999999943e+02 5.000000000000000000e+00
1.092000000000000028e+02 5.000000000000000000e+00
1.092999999999999972e+02 5.000000000000000000e+00
1.094000000000000057e+02 5.000000000000000000e+00
1.095000000000000000e+02 5.000000000000000000e+00
1.095999999999999943e+02 5.000000000000000000e+00
1.097000000000000028e+02 5.000000000000000000e+00
1.097999999999999972e+02 5.000000000000000000e+00
1.099000000000000057e+02 5.000000000000000000e+00
1.100000000000000000e+02 5.000000000000000000e+00
1.100999999999999943e+02 5.000000000000000000e+00
1.102000000000000028e+02 5.000000000000000000e+00
1.102999999999999972e+02 5.000000000000000000e+00
1.104000000000000057e+02 5.000000000000000000e+00
1.105000000000000000e+02 5.000000000000000000e+00
1.105999999999999943e+02 5.000000000000000000e+00
1.107000000000000028e+02 5.000000000000000000e+00
1.107999999999999972e+02 5.000000000000000000e+00
1.109000000000000057e+02 5.000000000000000000e+00
1.110000000000000000e+02 5.000000000000000000e+00
1.110999999999999943e+02 5.000000000000000000e+00
1.112000000000000028e+02 5.000000000000000000e+00
1.112999999999999972e+02 5.000000000000000000e+00
1.114000000000000057e+02 5.000000000000000000e+00
1.115000000000000000e+02 5.000000000000000000e+00
1.115999999999999943e+02 5.000000000000000000e+00
1.117000000000000028e+02 5.000000000000000000e+00
1.117999999999999972e+02 5.000000000000000000e+00
1.119000000000000057e+02 5.000000000000000000e+00
1.120000000000000000e+02 5.000000000000000000e+00
1.120999999999999943e+02 5.000000000000000000e+00
1.122000000000000028e+02 5.000000000000000000e+00
1.122999999999999972e+02 5.000000000000000000e+00
1.124000000000000057e+02 5.000000000000000000e+00
1.125000000000000000e+02 5.000000000000000000e+00
1.125999999999999943e+02 5.000000000000000000e+00
1.127000000000000028e+02 5.000000000000000000e+00
1.127999999999999972e+02 5.000000000000000000e+00
1.129000000000000057e+02 5.000000000000000000e+00
1.130000000000000000e+02 5.000000000000000000e+00
1.130999999999999943e+02 5.000000000000000000e+00
1.132000000000000028e+02 5.000000000000000000e+00
1.132999999999999972e+02 5.000000000000000000e+00
1.134000000000000057e+02 5.000000000000000000e+00
1.135000000000000000e+02 5.000000000000000000e+00
1.135999999999999943e+02 5.000000000000000000e+00
1.137000000000000028e+02 5.000000000000000000e+00
1.137999999999999972e+02 5.000000000000000000e+00
1.139000000000000057e+02 5.000000000000000000e+00
1.140000000000000000e+02 5.000000000000000000e+00
1.140999999999999943e+02 5.000000000000000000e+00
1.142000000000000028e+02 5.000000000000000000e+00
1.142999999999999972e+02 5.000000000000000000e+00
1.144000000000000057e+02 5.000000000000000000e+00
1.145000000000000000e+02 5.000000000000000000e+00
1.145999999999999943e+02 5.000000000000000000e+00
1.147000000000000028e+02 5.000000000000000000e+00
1.147999999999999972e+02 5.000000000000000000e+00
1.149000000000000057e+02 5.000000000000000000e+00
1.150000000000000000e+02 5.000000000000000000e+00
1.150999999999999943e+02 5.000000000000000000e+00
1.152000000000000028e+02 5.000000000000000000e+00
1.152999999999999972e+02 5.000000000000000000e+00
1.154000000000000057e+02 5.000000000000000000e+00
1.155000000000000000e+02 5.000000000000000000e+00
1.155999999999999943e+02 5.000000000000000000e+00
1.157000000000000028e+02 5.000000000000000000e+00
1.157999999999999972e+02 5.000000000000000000e+00
1.159000000000000057e+02 5.000000000000000000e+00
1.160000000000000000e+02 5.000000000000000000e+00
1.160999999999999943e+02 5.000000000000000000e+00
1.162000000000000028e+02 5.000000000000000000e+00
1.162999999999999972e+02 5.000000000000000000e+00
1.164000000000000057e+02 5.000000000000000000e+00
1.165000000000000000e+02 5.000000000000000000e+00
1.165999999999999943e+02 5.000000000000000000e+00
1.167000000000000028e+02 5.000000000000000000e+00
1.167999999999999972e+02 5.000000000000000000e+00
1.169000000000000057e+02 5.000000000000000000e+00
1.170000000000000000e+02 5.000000000000000000e+00
1.170999999999999943e+02 5.000000000000000000e+00
1.172000000000000028e+02 5.000000000000000000e+00
1.172999999999999972e+02 5.000000000000000000e+00
1.174000000000000057e+02 5.000000000000000000e+00
1.175000000000000000e+02 5.000000000000000000e+00
1.175999999999999943e+02 5.000000000000000000e+00
1.177000000000000028e+02 5.000000000000000000e+00
1.177999999999999972e+02 5.000000000000000000e+00
1.179000000000000057e+02 5.000000000000000000e+00
1.180000000000000000e+02 5.000000000000000000e+00
1.180999999999999943e+02 5.000000000000000000e+00
1.182000000000000028e+02 5.000000000000000000e+00
1.182999999999999972e+02 5.000000000000000000e+00
1.184000000000000057e+02 5.000000000000000000e+00
1.185000000000000000e+02 5.000000000000000000e+00
1.185999999999999943e+02 5.000000000000000000e+00
1.187000000000000028e+02 5.000000000000000000e+00
1.187999999999999972e+02 5.000000000000000000e+00
1.189000000000000057e+02 5.000000000000000000e+00
1.190000000000000000e+02 5.000000000000000000e+00
1.190999999999999943e+02 5.000000000000000000e+00
1.192000000000000028e+02 5.000000000000000000e+00
1.192999999999999972e+02 5.000000000000000000e+00
1.194000000000000057e+02 5.000000000000000000e+00
1.195000000000000000e+02 5.000000000000000000e+00
1.195999999999999943e+02 5.000000000000000000e+00
1.197000000000000028e+02 5.000000000000000000e+00
1.197999999999999972e+02 5.000000000000000000e+00
1.199000000000000057e+02 5.000000000000000000e+00
1.200000000000000000e+02 5.000000000000000000e+00
1.200999999999999943e+02 5.000000000000000000e+00
1.202000000000000028e+02 5.000000000000000000e+00
1.202999999999999972e+02 5.000000000000000000e+00
1.204000000000000057e+02 5.000000000000000000e+00
1.205000000000000000e+02 5.000000000000000000e+00
1.205999999999999943e+02 5.000000000000000000e+00
1.207000000000000028e+02 5.000000000000000000e+00
1.207999999999999972e+02 5.000000000000000000e+00
1.209000000000000057e+02 5.000000000000000000e+00
1.210000000000000000e+02 5.000000000000000000e+00
1.210999999999999943e+02 5.000000000000000000e+00
1.212000000000000028e+02 5.000000000000000000e+00
1.212999999999999972e+02 5.000000000000000000e+00
1.214000000000000057e+02 5.000000000000000000e+00
1.215000000000000000e+02 5.000000000000000000e+00
1.215999999999999943e+02 5.000000000000000000e+00
1.217000000000000028e+02 5.000000000000000000e+00
1.217999999999999972e+02 5.000000000000000000e+00
1.219000000000000057e+02 5.000000000000000000e+00
1.220000000000000000e+02 5.000000000000000000e+00
1.220999999999999943e+02 5.000000000000000000e+00
1.222000000000000028e+02 5.000000000000000000e+00
1.222999999999999972e+02 5.000000000000000000e+00
1.224000000000000057e+02 5.000000000000000000e+00
1.225000000000000000e+02 5.000000000000000000e+00
1.225999999999999943e+02 5.000000000000000000e+00
1.227000000000000028e+02 5.000000000000000000e+00
1.227999999999999972e+02 5.000000000000000000e+00
1.229000000000000057e+02 5.000000000000000000e+00
1.230000000000000000e+02 5.000000000000000000e+00
1.230999999999999943e+02 5.000000000000000000e+00
1.232000000000000028e+02 5.000000000000000000e+00
1.232999999999999972e+02 5.000000000000000000e+00
1.234000000000000057e+02 5.000000000000000000e+00
1.235000000000000000e+02 5.000000000000000000e+00
1.235999999999999943e+02 5.000000000000000000e+00
1.237000000000000028e+02 5.000000000000000000e+00
1.237999999999999972e+02 5.000000000000000000e+00
1.239000000000000057e+02 5.000000000000000000e+00
1.240000000000000000e+02 5.000000000000000000e+00
1.240999999999999943e+02 5.000000000000000000e+00
1.242000000000000028e+02 5.000000000000000000e+00
1.242999999999999972e+02 5.000000000000000000e+00
1.244000000000000057e+02 5.000000000000000000e+00
1.245000000000000000e+02 5.000000000000000000e+00
1.245999999999999943e+02 5.000000000000000000e+00
1.247000000000000028e+02 5.000000000000000000e+00
1.247999999999999972e+02 5.000000000000000000e+00
1.249000000000000057e+02 5.000000000000000000e+00
1.250000000000000000e+02 5.000000000000000000e+00
1.250999999999999943e+02 5.000000000000000000e+00
1.252000000000000028e+02 5.000000000000000000e+00
1.252999999999999972e+02 5.000000000000000000e+00
1.254000000000000057e+02 5.000000000000000000e+00
1.255000000000000000e+02 5.000000000000000000e+00
1.255999999999999943e+02 5.000000000000000000e+00
1.257000000000000028e+02 5.000000000000000000e+00
1.257999999999999972e+02 5.000000000000000000e+00
1.259000000000000057e+02 5.000000000000000000e+00
1.260000000000000000e+02 5.000000000000000000e+00
1.260999999999999943e+02 5.000000000000000000e+00
1.262000000000000028e+02 5.000000000000000000e+00
1.262999999999999972e+02 5.000000000000000000e+00
1.264000000000000057e+02 5.000000000000000000e+00
1.265000000000000000e+02 5.000000000000000000e+00
1.265999999999999943e+02 5.000000000000000000e+00
1.267000000000000028e+02 5.000000000000000000e+00
1.267999999999999972e+02 5.000000000000000000e+00
1.269000000000000057e+02 5.000000000000000000e+00
1.270000000000000000e+02 5.000000000000000000e+00
1.270999999999999943e+02 5.000000000000000000e+00
1.272000000000000028e+02 5.000000000000000000e+00
1.272999999999999972e+02 5.000000000000000000e+00
1.274000000000000057e+02 5.000000000000000000e+00
1.275000000000000000e+02 5.000000000000000000e+00
1.275999999999999943e+02 5.000000000000000000e+00
1.277000000000000028e+02 5.000000000000000000e+00
1.277999999999999972e+02 5.000000000000000000e+00
1.279000000000000057e+02 5.000000000000000000e+00
1.280000000000000000e+02 5.000000000000000000e+00
1.280999999999999943e+02 5.000000000000000000e+00
1.281999999999999886e+02 5.000000000000000000e+00
1.283000000000000114e+02 5.000000000000000000e+00
1.284000000000000057e+02 5.000000000000000000e+00
1.285000000000000000e+02 5.000000000000000000e+00
1.285999999999999943e+02 5.000000000000000000e+00
1.286999999999999886e+02 5.000000000000000000e+00
1.288000000000000114e+02 5.000000000000000000e+00
1.289000000000000057e+02 5.000000000000000000e+00
1.290000000000000000e+02 5.000000000000000000e+00
1.290999999999999943e+02 5.000000000000000000e+00
1.291999999999999886e+02 5.000000000000000000e+00
1.293000000000000114e+02 5.000000000000000000e+00
1.294000000000000057e+02 5.000000000000000000e+00
1.295000000000000000e+02 5.000000000000000000e+00
1.295999999999999943e+02 5.000000000000000000e+00
1.296999999999999886e+02 5.000000000000000000e+00
1.298000000000000114e+02 5.000000000000000000e+00
1.299000000000000057e+02 5.000000000000000000e+00
1.300000000000000000e+02 5.000000000000000000e+00
1.300999999999999943e+02 5.000000000000000000e+00
1.301999999999999886e+02 5.000000000000000000e+00
1.303000000000000114e+02 5.000000000000000000e+00
1.304000000000000057e+02 5.000000000000000000e+00
1.305000000000000000e+02 5.000000000000000000e+00
1.305999999999999943e+02 5.000000000000000000e+00
1.306999999999999886e+02 5.000000000000000000e+00
1.308000000000000114e+02 5.000000000000000000e+00
1.309000000000000057e+02 5.000000000000000000e+00
1.310000000000000000e+02 5.000000000000000000e+00
1.310999999999999943e+02 5.000000000000000000e+00
1.311999999999999886e+02 5.000000000000000000e+00
1.313000000000000114e+02 5.000000000000000000e+00
1.314000000000000057e+02 5.000000000000000000e+00
1.315000000000000000e+02 5.000000000000000000e+00
1.315999999999999943e+02 5.000000000000000000e+00
1.316999999999999886e+02 5.000000000000000000e+00
1.318000000000000114e+02 5.000000000000000000e+00
1.319000000000000057e+02 5.000000000000000000e+00
1.320000000000000000e+02 5.000000000000000000e+00
1.320999999999999943e+02 5.000000000000000000e+00
1.321999999999999886e+02 5.000000000000000000e+00
1.323000000000000114e+02 5.000000000000000000e+00
1.324000000000000057e+02 5.000000000000000000e+00
1.325000000000000000e+02 5.000000000000000000e+00
1.325999999999999943e+02 5.000000000000000000e+00
1.326999999999999886e+02 5.000000000000000000e+00
1.328000000000000114e+02 5.000000000000000000e+00
1.329000000000000057e+02 5.000000000000000000e+00
1.330000000000000000e+02 5.000000000000000000e+00
1.330999999999999943e+02 5.000000000000000000e+00
1.331999999999999886e+02 5.000000000000000000e+00
1.333000000000000114e+02 5.000000000000000000e+00
1.334000000000000057e+02 5.000000000000000000e+00
1.335000000000000000e+02 5.000000000000000000e+00
1.335999999999999943e+02 5.000000000000000000e+00
1.336999999999999886e+02 5.000000000000000000e+00
1.338000000000000114e+02 5.000000000000000000e+00
1.339000000000000057e+02 5.000000000000000000e+00
1.340000000000000000e+02 5.000000000000000000e+00
1.340999999999999943e+02 5.000000000000000000e+00
1.341999999999999886e+02 5.000000000000000000e+00
1.343000000000000114e+02 5.000000000000000000e+00
1.344000000000000057e+02 5.000000000000000000e+00
1.345000000000000000e+02 5.000000000000000000e+00
1.345999999999999943e+02 5.000000000000000000e+00
1.346999999999999886e+02 5.000000000000000000e+00
1.348000000000000114e+02 5.000000000000000000e+00
1.349000000000000057e+02 5.000000000000000000e+00
1.350000000000000000e+02 5.000000000000000000e+00
1.350999999999999943e+02 5.000000000000000000e+00
1.351999999999999886e+02 5.000000000000000000e+00
1.353000000000000114e+02 5.000000000000000000e+00
1.354000000000000057e+02 5.000000000000000000e+00
1.355000000000000000e+02 5.000000000000000000e+00
1.355999999999999943e+02 5.000000000000000000e+00
1.356999999999999886e+02 5.000000000000000000e+00
1.358000000000000114e+02 5.000000000000000000e+00
1.359000000000000057e+02 5.000000000000000000e+00
1.360000000000000000e+02 5.000000000000000000e+00
1.360999999999999943e+02 5.000000000000000000e+00
1.361999999999999886e+02 5.000000000000000000e+00
1.363000000000000114e+02 5.000000000000000000e+00
1.364000000000000057e+02 5.000000000000000000e+00
1.365000000000000000e+02 5.000000000000000000e+00
1.365999999999999943e+02 5.000000000000000000e+00
1.366999999999999886e+02 5.000000000000000000e+00
1.368000000000000114e+02 5.000000000000000000e+00
1.369000000000000057e+02 5.000000000000000000e+00
1.370000000000000000e+02 5.000000000000000000e+00
1.370999999999999943e+02 5.000000000000000000e+00
1.371999999999999886e+02 5.000000000000000000e+00
1.373000000000000114e+02 5.000000000000000000e+00
1.374000000000000057e+02 5.000000000000000000e+00
1.375000000000000000e+02 5.000000000000000000e+00
1.375999999999999943e+02 5.000000000000000000e+00
1.376999999999999886e+02 5.000000000000000000e+00
1.378000000000000114e+02 5.000000000000000000e+00
1.379000000000000057e+02 5.000000000000000000e+00
1.380000000000000000e+02 5.000000000000000000e+00
1.380999999999999943e+02 5.000000000000000000e+00
1.381999999999999886e+02 5.000000000000000000e+00
1.383000000000000114e+02 5.000000000000000000e+00
1.384000000000000057e+02 5.000000000000000000e+00
1.385000000000000000e+02 5.000000000000000000e+00
1.385999999999999943e+02 5.000000000000000000e+00
1.386999999999999886e+02 5.000000000000000000e+00
1.388000000000000114e+02 5.000000000000000000e+00
1.389000000000000057e+02 5.000000000000000000e+00
1.390000000000000000e+02 5.000000000000000000e+00
1.390999999999999943e+02 5.000000000000000000e+00
1.391999999999999886e+02 5.000000000000000000e+00
1.393000000000000114e+02 5.000000000000000000e+00
1.394000000000000057e+02 5.000000000000000000e+00
1.395000000000000000e+02 5.000000000000000000e+00
1.395999999999999943e+02 5.000000000000000000e+00
1.396999999999999886e+02 5.000000000000000000e+00
1.398000000000000114e+02 5.000000000000000000e+00
1.399000000000000057e+02 5.000000000000000000e+00
1.400000000000000000e+02 5.000000000000000000e+00
1.400999999999999943e+02 5.000000000000000000e+00
1.401999999999999886e+02 5.000000000000000000e+00
1.403000000000000114e+02 5.000000000000000000e+00
1.404000000000000057e+02 5.000000000000000000e+00
1.405000000000000000e+02 5.000000000000000000e+00
1.405999999999999943e+02 5.000000000000000000e+00
1.406999999999999886e+02 5.000000000000000000e+00
1.408000000000000114e+02 5.000000000000000000e+00
1.409000000000000057e+02 5.000000000000000000e+00
1.410000000000000000e+02 5.000000000000000000e+00
1.410999999999999943e+02 5.000000000000000000e+00
1.411999999999999886e+02 5.000000000000000000e+00
1.413000000000000114e+02 5.000000000000000000e+00
1.414000000000000057e+02 5.000000000000000000e+00
1.415000000000000000e+02 5.000000000000000000e+00
1.415999999999999943e+02 5.000000000000000000e+00
1.416999999999999886e+02 5.000000000000000000e+00
1.418000000000000114e+02 5.000000000000000000e+00
1.419000000000000057e+02 5.000000000000000000e+00
1.420000000000000000e+02 5.000000000000000000e+00
1.420999999999999943e+02 5.000000000000000000e+00
1.421999999999999886e+02 5.000000000000000000e+00
1.423000000000000114e+02 5.000000000000000000e+00
1.424000000000000057e+02 5.000000000000000000e+00
1.425000000000000000e+02 5.000000000000000000e+00
1.425999999999999943e+02 5.000000000000000000e+00
1.426999999999999886e+02 5.000000000000000000e+00
1.428000000000000114e+02 5.000000000000000000e+00
1.429000000000000057e+02 5.000000000000000000e+00
1.430000000000000000e+02 5.000000000000000000e+00
1.430999999999999943e+02 5.000000000000000000e+00
1.431999999999999886e+02 5.000000000000000000e+00
1.433000000000000114e+02 5.000000000000000000e+00
1.434000000000000057e+02 5.000000000000000000e+00
1.435000000000000000e+02 5.000000000000000000e+00
1.435999999999999943e+02 5.000000000000000000e+00
1.436999999999999886e+02 5.000000000000000000e+00
1.438000000000000114e+02 5.000000000000000000e+00
1.439000000000000057e+02 5.000000000000000000e+00
1.440000000000000000e+02 5.000000000000000000e+00
1.440999999999999943e+02 5.000000000000000000e+00
1.441999999999999886e+02 5.000000000000000000e+00
1.443000000000000114e+02 5.000000000000000000e+00
1.444000000000000057e+02 5.000000000000000000e+00
1.445000000000000000e+02 5.000000000000000000e+00
1.445999999999999943e+02 5.000000000000000000e+00
1.446999999999999886e+02 5.000000000000000000e+00
1.448000000000000114e+02 5.000000000000000000e+00
1.449000000000000057e+02 5.000000000000000000e+00
1.450000000000000000e+02 5.000000000000000000e+00
1.450999999999999943e+02 5.000000000000000000e+00
1.451999999999999886e+02 5.000000000000000000e+00
1.453000000000000114e+02 5.000000000000000000e+00
1.454000000000000057e+02 5.000000000000000000e+00
1.455000000000000000e+02 5.000000000000000000e+00
1.455999999999999943e+02 5.000000000000000000e+00
1.456999999999999886e+02 5.000000000000000000e+00
1.458000000000000114e+02 5.000000000000000000e+00
1.459000000000000057e+02 5.000000000000000000e+00
1.460000000000000000e+02 5.000000000000000000e+00
1.460999999999999943e+02 5.000000000000000000e+00
1.461999999999999886e+02 5.000000000000000000e+00
1.463000000000000114e+02 5.000000000000000000e+00
1.464000000000000057e+02 5.000000000000000000e+00
1.465000000000000000e+02 5.000000000000000000e+00
1.465999999999999943e+02 5.000000000000000000e+00
1.466999999999999886e+02 5.000000000000000000e+00
1.468000000000000114e+02 5.000000000000000000e+00
1.469000000000000057e+02 5.000000000000000000e+00
1.470000000000000000e+02 5.000000000000000000e+00
1.470999999999999943e+02 5.000000000000000000e+00
1.471999999999999886e+02 5.000000000000000000e+00
1.473000000000000114e+02 5.000000000000000000e+00
1.474000000000000057e+02 5.000000000000000000e+00
1.475000000000000000e+02 5.000000000000000000e+00
1.475999999999999943e+02 5.000000000000000000e+00
1.476999999999999886e+02 5.000000000000000000e+00
1.478000000000000114e+02 5.000000000000000000e+00
1.479000000000000057e+02 5.000000000000000000e+00
1.480000000000000000e+02 5.000000000000000000e+00
1.480999999999999943e+02 5.000000000000000000e+00
1.481999999999999886e+02 5.000000000000000000e+00
1.483000000000000114e+02 5.000000000000000000e+00
1.484000000000000057e+02 5.000000000000000000e+00
1.485000000000000000e+02 5.000000000000000000e+00
1.485999999999999943e+02 5.000000000000000000e+00
1.486999999999999886e+02 5.000000000000000000e+00
1.488000000000000114e+02 5.000000000000000000e+00
1.489000000000000057e+02 5.000000000000000000e+00
1.490000000000000000e+02 5.000000000000000000e+00
1.490999999999999943e+02 5.000000000000000000e+00
1.491999999999999886e+02 5.000000000000000000e+00
1.493000000000000114e+02 5.000000000000000000e+00
1.494000000000000057e+02 5.000000000000000000e+00
1.495000000000000000e+02 5.000000000000000000e+00
1.495999999999999943e+02 5.000000000000000000e+00
1.496999999999999886e+02 5.000000000000000000e+00
1.498000000000000114e+02 5.000000000000000000e+00
1.499000000000000057e+02 5.000000000000000000e+00
1.500000000000000000e+02 5.000000000000000000e+00
1.500999999999999943e+02 5.000000000000000000e+00
1.501999999999999886e+02 5.000000000000000000e+00
1.503000000000000114e+02 5.000000000000000000e+00
1.504000000000000057e+02 5.000000000000000000e+00
1.505000000000000000e+02 5.000000000000000000e+00
1.505999999999999943e+02 5.000000000000000000e+00
1.506999999999999886e+02 5.000000000000000000e+00
1.508000000000000114e+02 5.000000000000000000e+00
1.509000000000000057e+02 5.000000000000000000e+00
1.510000000000000000e+02 5.000000000000000000e+00
1.510999999999999943e+02 5.000000000000000000e+00
1.511999999999999886e+02 5.000000000000000000e+00
1.513000000000000114e+02 5.000000000000000000e+00
1.514000000000000057e+02 5.000000000000000000e+00
1.515000000000000000e+02 5.000000000000000000e+00
1.515999999999999943e+02 5.000000000000000000e+00
1.516999999999999886e+02 5.000000000000000000e+00
1.518000000000000114e+02 5.000000000000000000e+00
1.519000000000000057e+02 5.000000000000000000e+00
1.520000000000000000e+02 5.000000000000000000e+00
1.520999999999999943e+02 5.000000000000000000e+00
1.521999999999999886e+02 5.000000000000000000e+00
1.523000000000000114e+02 5.000000000000000000e+00
1.524000000000000057e+02 5.000000000000000000e+00
1.525000000000000000e+02 5.000000000000000000e+00
1.525999999999999943e+02 5.000000000000000000e+00
1.526999999999999886e+02 5.000000000000000000e+00
1.528000000000000114e+02 5.000000000000000000e+00
1.529000000000000057e+02 5.000000000000000000e+00
1.530000000000000000e+02 5.000000000000000000e+00
1.530999999999999943e+02 5.000000000000000000e+00
1.531999999999999886e+02 5.000000000000000000e+00
1.533000000000000114e+02 5.000000000000000000e+00
1.534000000000000057e+02 5.000000000000000000e+00
1.535000000000000000e+02 5.000000000000000000e+00
1.535999999999999943e+02 5.000000000000000000e+00
1.536999999999999886e+02 5.000000000000000000e+00
1.538000000000000114e+02 5.000000000000000000e+00
1.539000000000000057e+02 5.000000000000000000e+00
1.540000000000000000e+02 5.000000000000000000e+00
1.540999999999999943e+02 5.000000000000000000e+00
1.541999999999999886e+02 5.000000000000000000e+00
1.543000000000000114e+02 5.000000000000000000e+00
1.544000000000000057e+02 5.000000000000000000e+00
1.545000000000000000e+02 5.000000000000000000e+00
1.545999999999999943e+02 5.000000000000000000e+00
1.546999999999999886e+02 5.000000000000000000e+00
1.548000000000000114e+02 5.000000000000000000e+00
1.549000000000000057e+02 5.000000000000000000e+00
1.550000000000000000e+02 5.000000000000000000e+00
1.550999999999999943e+02 5.000000000000000000e+00
1.551999999999999886e+02 5.000000000000000000e+00
1.553000000000000114e+02 5.000000000000000000e+00
1.554000000000000057e+02 5.000000000000000000e+00
1.555000000000000000e+02 5.000000000000000000e+00
1.555999999999999943e+02 5.000000000000000000e+00
1.556999999999999886e+02 5.000000000000000000e+00
1.558000000000000114e+02 5.000000000000000000e+00
1.559000000000000057e+02 5.000000000000000000e+00
1.560000000000000000e+02 5.000000000000000000e+00
1.560999999999999943e+02 5.000000000000000000e+00
1.561999999999999886e+02 5.000000000000000000e+00
1.563000000000000114e+02 5.000000000000000000e+00
1.564000000000000057e+02 5.000000000000000000e+00
1.565000000000000000e+02 5.000000000000000000e+00
1.565999999999999943e+02 5.000000000000000000e+00
1.566999999999999886e+02 5.000000000000000000e+00
1.568000000000000114e+02 5.000000000000000000e+00
1.569000000000000057e+02 5.000000000000000000e+00
1.570000000000000000e+02 5.000000000000000000e+00
1.570999999999999943e+02 5.000000000000000000e+00
1.571999999999999886e+02 5.000000000000000000e+00
1.573000000000000114e+02 5.000000000000000000e+00
1.574000000000000057e+02 5.000000000000000000e+00
1.575000000000000000e+02 5.000000000000000000e+00
1.575999999999999943e+02 5.000000000000000000e+00
1.576999999999999886e+02 5.000000000000000000e+00
1.578000000000000114e+02 5.000000000000000000e+00
1.579000000000000057e+02 5.000000000000000000e+00
1.580000000000000000e+02 5.000000000000000000e+00
1.580999999999999943e+02 5.000000000000000000e+00
1.581999999999999886e+02 5.000000000000000000e+00
1.583000000000000114e+02 5.000000000000000000e+00
1.584000000000000057e+02 5.000000000000000000e+00
1.585000000000000000e+02 5.000000000000000000e+00
1.585999999999999943e+02 5.000000000000000000e+00
1.586999999999999886e+02 5.000000000000000000e+00
1.588000000000000114e+02 5.000000000000000000e+00
1.589000000000000057e+02 5.000000000000000000e+00
1.590000000000000000e+02 5.000000000000000000e+00
1.590999999999999943e+02 5.000000000000000000e+00
1.591999999999999886e+02 5.000000000000000000e+00
1.593000000000000114e+02 5.000000000000000000e+00
1.594000000000000057e+02 5.000000000000000000e+00
1.595000000000000000e+02 5.000000000000000000e+00
1.595999999999999943e+02 5.000000000000000000e+00
1.596999999999999886e+02 5.000000000000000000e+00
1.598000000000000114e+02 5.000000000000000000e+00
1.599000000000000057e+02 5.000000000000000000e+00
1.600000000000000000e+02 5.000000000000000000e+00
1.600999999999999943e+02 5.000000000000000000e+00
1.601999999999999886e+02 5.000000000000000000e+00
1.603000000000000114e+02 5.000000000000000000e+00
1.604000000000000057e+02 5.000000000000000000e+00
1.605000000000000000e+02 5.000000000000000000e+00
1.605999999999999943e+02 5.000000000000000000e+00
1.606999999999999886e+02 5.000000000000000000e+00
1.608000000000000114e+02 5.000000000000000000e+00
1.609000000000000057e+02 5.000000000000000000e+00
1.610000000000000000e+02 5.000000000000000000e+00
1.610999999999999943e+02 5.000000000000000000e+00
1.611999999999999886e+02 5.000000000000000000e+00
1.613000000000000114e+02 5.000000000000000000e+00
1.614000000000000057e+02 5.000000000000000000e+00
1.615000000000000000e+02 5.000000000000000000e+00
1.615999999999999943e+02 5.000000000000000000e+00
1.616999999999999886e+02 5.000000000000000000e+00
1.618000000000000114e+02 5.000000000000000000e+00
1.619000000000000057e+02 5.000000000000000000e+00
1.620000000000000000e+02 5.000000000000000000e+00
1.620999999999999943e+02 5.000000000000000000e+00
1.621999999999999886e+02 5.000000000000000000e+00
1.623000000000000114e+02 5.000000000000000000e+00
1.624000000000000057e+02 5.000000000000000000e+00
1.625000000000000000e+02 5.000000000000000000e+00
1.625999999999999943e+02 5.000000000000000000e+00
1.626999999999999886e+02 5.000000000000000000e+00
1.628000000000000114e+02 5.000000000000000000e+00
1.629000000000000057e+02 5.000000000000000000e+00
1.630000000000000000e+02 5.000000000000000000e+00
1.630999999999999943e+02 5.000000000000000000e+00
1.631999999999999886e+02 5.000000000000000000e+00
1.633000000000000114e+02 5.000000000000000000e+00
1.634000000000000057e+02 5.000000000000000000e+00
1.635000000000000000e+02 5.000000000000000000e+00
1.635999999999999943e+02 5.000000000000000000e+00
1.636999999999999886e+02 5.000000000000000000e+00
1.638000000000000114e+02 5.000000000000000000e+00
1.639000000000000057e+02 5.000000000000000000e+00
1.640000000000000000e+02 5.000000000000000000e+00
1.640999999999999943e+02 5.000000000000000000e+00
1.641999999999999886e+02 5.000000000000000000e+00
1.643000000000000114e+02 5.000000000000000000e+00
1.644000000000000057e+02 5.000000000000000000e+00
1.645000000000000000e+02 5.000000000000000000e+00
1.645999999999999943e+02 5.000000000000000000e+00
1.646999999999999886e+02 5.000000000000000000e+00
1.648000000000000114e+02 5.000000000000000000e+00
1.649000000000000057e+02 5.000000000000000000e+00
1.650000000000000000e+02 5.000000000000000000e+00
1.650999999999999943e+02 5.000000000000000000e+00
1.651999999999999886e+02 5.000000000000000000e+00
1.653000000000000114e+02 5.000000000000000000e+00
1.654000000000000057e+02 5.000000000000000000e+00
1.655000000000000000e+02 5.000000000000000000e+00
1.655999999999999943e+02 5.000000000000000000e+00
1.656999999999999886e+02 5.000000000000000000e+00
1.658000000000000114e+02 5.000000000000000000e+00
1.659000000000000057e+02 5.000000000000000000e+00
1.660000000000000000e+02 5.000000000000000000e+00
1.660999999999999943e+02 5.000000000000000000e+00
1.661999999999999886e+02 5.000000000000000000e+00
1.663000000000000114e+02 5.000000000000000000e+00
1.664000000000000057e+02 5.000000000000000000e+00
1.665000000000000000e+02 5.000000000000000000e+00
1.665999999999999943e+02 5.000000000000000000e+00
1.666999999999999886e+02 5.000000000000000000e+00
1.668000000000000114e+02 5.000000000000000000e+00
1.669000000000000057e+02 5.000000000000000000e+00
1.670000000000000000e+02 5.000000000000000000e+00
1.670999999999999943e+02 5.000000000000000000e+00
1.671999999999999886e+02 5.000000000000000000e+00
1.673000000000000114e+02 5.000000000000000000e+00
1.674000000000000057e+02 5.000000000000000000e+00
1.675000000000000000e+02 5.000000000000000000e+00
1.675999999999999943e+02 5.000000000000000000e+00
1.676999999999999886e+02 5.000000000000000000e+00
1.678000000000000114e+02 5.000000000000000000e+00
1.679000000000000057e+02 5.000000000000000000e+00
1.680000000000000000e+02 5.000000000000000000e+00
1.680999999999999943e+02 5.000000000000000000e+00
1.681999999999999886e+02 5.000000000000000000e+00
1.683000000000000114e+02 5.000000000000000000e+00
1.684000000000000057e+02 5.000000000000000000e+00
1.685000000000000000e+02 5.000000000000000000e+00
1.685999999999999943e+02 5.000000000000000000e+00
1.686999999999999886e+02 5.000000000000000000e+00
1.688000000000000114e+02 5.000000000000000000e+00
1.689000000000000057e+02 5.000000000000000000e+00
1.690000000000000000e+02 5.000000000000000000e+00
1.690999999999999943e+02 5.000000000000000000e+00
1.691999999999999886e+02 5.000000000000000000e+00
1.693000000000000114e+02 5.000000000000000000e+00
1.694000000000000057e+02 5.000000000000000000e+00
1.695000000000000000e+02 5.000000000000000000e+00
1.695999999999999943e+02 5.000000000000000000e+00
1.696999999999999886e+02 5.000000000000000000e+00
1.698000000000000114e+02 5.000000000000000000e+00
1.699000000000000057e+02 5.000000000000000000e+00
1.700000000000000000e+02 5.000000000000000000e+00
1.700999999999999943e+02 5.000000000000000000e+00
1.701999999999999886e+02 5.000000000000000000e+00
1.703000000000000114e+02 5.000000000000000000e+00
1.704000000000000057e+02 5.000000000000000000e+00
1.705000000000000000e+02 5.000000000000000000e+00
1.705999999999999943e+02 5.000000000000000000e+00
1.706999999999999886e+02 5.000000000000000000e+00
1.708000000000000114e+02 5.000000000000000000e+00
1.709000000000000057e+02 5.000000000000000000e+00
1.710000000000000000e+02 5.000000000000000000e+00
1.710999999999999943e+02 5.000000000000000000e+00
1.711999999999999886e+02 5.000000000000000000e+00
1.713000000000000114e+02 5.000000000000000000e+00
1.714000000000000057e+02 5.000000000000000000e+00
1.715000000000000000e+02 5.000000000000000000e+00
1.715999999999999943e+02 5.000000000000000000e+00
1.716999999999999886e+02 5.000000000000000000e+00
1.718000000000000114e+02 5.000000000000000000e+00
1.719000000000000057e+02 5.000000000000000000e+00
1.720000000000000000e+02 5.000000000000000000e+00
1.720999999999999943e+02 5.000000000000000000e+00
1.721999999999999886e+02 5.000000000000000000e+00
1.723000000000000114e+02 5.000000000000000000e+00
1.724000000000000057e+02 5.000000000000000000e+00
1.725000000000000000e+02 5.000000000000000000e+00
1.725999999999999943e+02 5.000000000000000000e+00
1.726999999999999886e+02 5.000000000000000000e+00
1.728000000000000114e+02 5.000000000000000000e+00
1.729000000000000057e+02 5.000000000000000000e+00
1.730000000000000000e+02 5.000000000000000000e+00
1.730999999999999943e+02 5.000000000000000000e+00
1.731999999999999886e+02 5.000000000000000000e+00
1.733000000000000114e+02 5.000000000000000000e+00
1.734000000000000057e+02 5.000000000000000000e+00
1.735000000000000000e+02 5.000000000000000000e+00
1.735999999999999943e+02 5.000000000000000000e+00
1.736999999999999886e+02 5.000000000000000000e+00
1.738000000000000114e+02 5.000000000000000000e+00
1.739000000000000057e+02 5.000000000000000000e+00
1.740000000000000000e+02 5.000000000000000000e+00
1.740999999999999943e+02 5.000000000000000000e+00
1.741999999999999886e+02 5.000000000000000000e+00
1.743000000000000114e+02 5.000000000000000000e+00
1.744000000000000057e+02 5.000000000000000000e+00
1.745000000000000000e+02 5.000000000000000000e+00
1.745999999999999943e+02 5.000000000000000000e+00
1.746999999999999886e+02 5.000000000000000000e+00
1.748000000000000114e+02 5.000000000000000000e+00
1.749000000000000057e+02 5.000000000000000000e+00
1.750000000000000000e+02 5.000000000000000000e+00
1.750999999999999943e+02 5.000000000000000000e+00
1.751999999999999886e+02 5.000000000000000000e+00
1.753000000000000114e+02 5.000000000000000000e+00
1.754000000000000057e+02 5.000000000000000000e+00
1.755000000000000000e+02 5.000000000000000000e+00
1.755999999999999943e+02 5.000000000000000000e+00
1.756999999999999886e+02 5.000000000000000000e+00
1.758000000000000114e+02 5.000000000000000000e+00
1.759000000000000057e+02 5.000000000000000000e+00
1.760000000000000000e+02 5.000000000000000000e+00
1.760999999999999943e+02 5.000000000000000000e+00
1.761999999999999886e+02 5.000000000000000000e+00
1.763000000000000114e+02 5.000000000000000000e+00
1.764000000000000057e+02 5.000000000000000000e+00
1.765000000000000000e+02 5.000000000000000000e+00
1.765999999999999943e+02 5.000000000000000000e+00
1.766999999999999886e+02 5.000000000000000000e+00
1.768000000000000114e+02 5.000000000000000000e+00
1.769000000000000057e+02 5.000000000000000000e+00
1.770000000000000000e+02 5.000000000000000000e+00
1.770999999999999943e+02 5.000000000000000000e+00
1.771999999999999886e+02 5.000000000000000000e+00
1.773000000000000114e+02 5.000000000000000000e+00
1.774000000000000057e+02 5.000000000000000000e+00
1.775000000000000000e+02 5.000000000000000000e+00
1.775999999999999943e+02 5.000000000000000000e+00
1.776999999999999886e+02 5.000000000000000000e+00
1.778000000000000114e+02 5.000000000000000000e+00
1.779000000000000057e+02 5.000000000000000000e+00
1.780000000000000000e+02 5.000000000000000000e+00
1.780999999999999943e+02 5.000000000000000000e+00
1.781999999999999886e+02 5.000000000000000000e+00
1.783000000000000114e+02 5.000000000000000000e+00
1.784000000000000057e+02 5.000000000000000000e+00
1.785000000000000000e+02 5.000000000000000000e+00
1.785999999999999943e+02 5.000000000000000000e+00
1.786999999999999886e+02 5.000000000000000000e+00
1.788000000000000114e+02 5.000000000000000000e+00
1.789000000000000057e+02 5.000000000000000000e+00
1.790000000000000000e+02 5.000000000000000000e+00
1.790999999999999943e+02 5.000000000000000000e+00
1.791999999999999886e+02 5.000000000000000000e+00
1.793000000000000114e+02 5.000000000000000000e+00
1.794000000000000057e+02 5.000000000000000000e+00
1.795000000000000000e+02 5.000000000000000000e+00
1.795999999999999943e+02 5.000000000000000000e+00
1.796999999999999886e+02 5.000000000000000000e+00
1.798000000000000114e+02 5.000000000000000000e+00
1.799000000000000057e+02 5.000000000000000000e+00
1.800000000000000000e+02 5.000000000000000000e+00
1.800999999999999943e+02 5.000000000000000000e+00
1.801999999999999886e+02 5.000000000000000000e+00
1.803000000000000114e+02 5.000000000000000000e+00
1.804000000000000057e+02 5.000000000000000000e+00
1.805000000000000000e+02 5.000000000000000000e+00
1.805999999999999943e+02 5.000000000000000000e+00
1.806999999999999886e+02 5.000000000000000000e+00
1.808000000000000114e+02 5.000000000000000000e+00
1.809000000000000057e+02 5.000000000000000000e+00
1.810000000000000000e+02 5.000000000000000000e+00
1.810999999999999943e+02 5.000000000000000000e+00
1.811999999999999886e+02 5.000000000000000000e+00
1.813000000000000114e+02 5.000000000000000000e+00
1.814000000000000057e+02 5.000000000000000000e+00
1.815000000000000000e+02 5.000000000000000000e+00
1.815999999999999943e+02 5.000000000000000000e+00
1.816999999999999886e+02 5.000000000000000000e+00
1.818000000000000114e+02 5.000000000000000000e+00
1.819000000000000057e+02 5.000000000000000000e+00
1.820000000000000000e+02 5.000000000000000000e+00
1.820999999999999943e+02 5.000000000000000000e+00
1.821999999999999886e+02 5.000000000000000000e+00
1.823000000000000114e+02 5.000000000000000000e+00
1.824000000000000057e+02 5.000000000000000000e+00
1.825000000000000000e+02 5.000000000000000000e+00
1.825999999999999943e+02 5.000000000000000000e+00
1.826999999999999886e+02 5.000000000000000000e+00
1.828000000000000114e+02 5.000000000000000000e+00
1.829000000000000057e+02 5.000000000000000000e+00
1.830000000000000000e+02 5.000000000000000000e+00
1.830999999999999943e+02 5.000000000000000000e+00
1.831999999999999886e+02 5.000000000000000000e+00
1.833000000000000114e+02 5.000000000000000000e+00
1.834000000000000057e+02 5.000000000000000000e+00
1.835000000000000000e+02 5.000000000000000000e+00
1.835999999999999943e+02 5.000000000000000000e+00
1.836999999999999886e+02 5.000000000000000000e+00
1.838000000000000114e+02 5.000000000000000000e+00
1.839000000000000057e+02 5.000000000000000000e+00
1.840000000000000000e+02 5.000000000000000000e+00
1.840999999999999943e+02 5.000000000000000000e+00
1.841999999999999886e+02 5.000000000000000000e+00
1.843000000000000114e+02 5.000000000000000000e+00
1.844000000000000057e+02 5.000000000000000000e+00
1.845000000000000000e+02 5.000000000000000000e+00
1.845999999999999943e+02 5.000000000000000000e+00
1.846999999999999886e+02 5.000000000000000000e+00
1.848000000000000114e+02 5.000000000000000000e+00
1.849000000000000057e+02 5.000000000000000000e+00
1.850000000000000000e+02 5.000000000000000000e+00
1.850999999999999943e+02 5.000000000000000000e+00
1.851999999999999886e+02 5.000000000000000000e+00
1.853000000000000114e+02 5.000000000000000000e+00
1.854000000000000057e+02 5.000000000000000000e+00
1.855000000000000000e+02 5.000000000000000000e+00
1.855999999999999943e+02 5.000000000000000000e+00
1.856999999999999886e+02 5.000000000000000000e+00
1.858000000000000114e+02 5.000000000000000000e+00
1.859000000000000057e+02 5.000000000000000000e+00
1.860000000000000000e+02 5.000000000000000000e+00
1.860999999999999943e+02 5.000000000000000000e+00
1.861999999999999886e+02 5.000000000000000000e+00
1.863000000000000114e+02 5.000000000000000000e+00
1.864000000000000057e+02 5.000000000000000000e+00
1.865000000000000000e+02 5.000000000000000000e+00
1.865999999999999943e+02 5.000000000000000000e+00
1.866999999999999886e+02 5.000000000000000000e+00
1.868000000000000114e+02 5.000000000000000000e+00
1.869000000000000057e+02 5.000000000000000000e+00
1.870000000000000000e+02 5.000000000000000000e+00
1.870999999999999943e+02 5.000000000000000000e+00
1.871999999999999886e+02 5.000000000000000000e+00
1.873000000000000114e+02 5.000000000000000000e+00
1.874000000000000057e+02 5.000000000000000000e+00
1.875000000000000000e+02 5.000000000000000000e+00
1.875999999999999943e+02 5.000000000000000000e+00
1.876999999999999886e+02 5.000000000000000000e+00
1.878000000000000114e+02 5.000000000000000000e+00
1.879000000000000057e+02 5.000000000000000000e+00
1.880000000000000000e+02 5.000000000000000000e+00
1.880999999999999943e+02 5.000000000000000000e+00
1.881999999999999886e+02 5.000000000000000000e+00
1.883000000000000114e+02 5.000000000000000000e+00
1.884000000000000057e+02 5.000000000000000000e+00
1.885000000000000000e+02 5.000000000000000000e+00
1.885999999999999943e+02 5.000000000000000000e+00
1.886999999999999886e+02 5.000000000000000000e+00
1.888000000000000114e+02 5.000000000000000000e+00
1.889000000000000057e+02 5.000000000000000000e+00
1.890000000000000000e+02 5.000000000000000000e+00
1.890999999999999943e+02 5.000000000000000000e+00
1.891999999999999886e+02 5.000000000000000000e+00
1.893000000000000114e+02 5.000000000000000000e+00
1.894000000000000057e+02 5.000000000000000000e+00
1.895000000000000000e+02 5.000000000000000000e+00
1.895999999999999943e+02 5.000000000000000000e+00
1.896999999999999886e+02 5.000000000000000000e+00
1.898000000000000114e+02 5.000000000000000000e+00
1.899000000000000057e+02 5.000000000000000000e+00
1.900000000000000000e+02 5.000000000000000000e+00
1.900999999999999943e+02 5.000000000000000000e+00
1.901999999999999886e+02 5.000000000000000000e+00
1.903000000000000114e+02 5.000000000000000000e+00
1.904000000000000057e+02 5.000000000000000000e+00
1.905000000000000000e+02 5.000000000000000000e+00
1.905999999999999943e+02 5.000000000000000000e+00
1.906999999999999886e+02 5.000000000000000000e+00
1.908000000000000114e+02 5.000000000000000000e+00
1.909000000000000057e+02 5.000000000000000000e+00
1.910000000000000000e+02 5.000000000000000000e+00
1.910999999999999943e+02 5.000000000000000000e+00
1.911999999999999886e+02 5.000000000000000000e+00
1.913000000000000114e+02 5.000000000000000000e+00
1.914000000000000057e+02 5.000000000000000000e+00
1.915000000000000000e+02 5.000000000000000000e+00
1.915999999999999943e+02 5.000000000000000000e+00
1.916999999999999886e+02 5.000000000000000000e+00
1.918000000000000114e+02 5.000000000000000000e+00
1.919000000000000057e+02 5.000000000000000000e+00
1.920000000000000000e+02 5.000000000000000000e+00
1.920999999999999943e+02 5.000000000000000000e+00
1.921999999999999886e+02 5.000000000000000000e+00
1.923000000000000114e+02 5.000000000000000000e+00
1.924000000000000057e+02 5.000000000000000000e+00
1.925000000000000000e+02 5.000000000000000000e+00
1.925999999999999943e+02 5.000000000000000000e+00
1.926999999999999886e+02 5.000000000000000000e+00
1.928000000000000114e+02 5.000000000000000000e+00
1.929000000000000057e+02 5.000000000000000000e+00
1.930000000000000000e+02 5.000000000000000000e+00
1.930999999999999943e+02 5.000000000000000000e+00
1.931999999999999886e+02 5.000000000000000000e+00
1.933000000000000114e+02 5.000000000000000000e+00
1.934000000000000057e+02 5.000000000000000000e+00
1.935000000000000000e+02 5.000000000000000000e+00
1.935999999999999943e+02 5.000000000000000000e+00
1.936999999999999886e+02 5.000000000000000000e+00
1.938000000000000114e+02 5.000000000000000000e+00
1.939000000000000057e+02 5.000000000000000000e+00
1.940000000000000000e+02 5.000000000000000000e+00
1.940999999999999943e+02 5.000000000000000000e+00
1.941999999999999886e+02 5.000000000000000000e+00
1.943000000000000114e+02 5.000000000000000000e+00
1.944000000000000057e+02 5.000000000000000000e+00
1.945000000000000000e+02 5.000000000000000000e+00
1.945999999999999943e+02 5.000000000000000000e+00
1.946999999999999886e+02 5.000000000000000000e+00
1.948000000000000114e+02 5.000000000000000000e+00
1.949000000000000057e+02 5.000000000000000000e+00
1.950000000000000000e+02 5.000000000000000000e+00
1.950999999999999943e+02 5.000000000000000000e+00
1.951999999999999886e+02 5.000000000000000000e+00
1.953000000000000114e+02 5.000000000000000000e+00
1.954000000000000057e+02 5.000000000000000000e+00
1.955000000000000000e+02 5.000000000000000000e+00
1.955999999999999943e+02 5.000000000000000000e+00
1.956999999999999886e+02 5.000000000000000000e+00
1.958000000000000114e+02 5.000000000000000000e+00
1.959000000000000057e+02 5.000000000000000000e+00
1.960000000000000000e+02 5.000000000000000000e+00
1.960999999999999943e+02 5.000000000000000000e+00
1.961999999999999886e+02 5.000000000000000000e+00
1.963000000000000114e+02 5.000000000000000000e+00
1.964000000000000057e+02 5.000000000000000000e+00
1.965000000000000000e+02 5.000000000000000000e+00
1.965999999999999943e+02 5.000000000000000000e+00
1.966999999999999886e+02 5.000000000000000000e+00
1.968000000000000114e+02 5.000000000000000000e+00
1.969000000000000057e+02 5.000000000000000000e+00
1.970000000000000000e+02 5.000000000000000000e+00
1.970999999999999943e+02 5.000000000000000000e+00
1.971999999999999886e+02 5.000000000000000000e+00
1.973000000000000114e+02 5.000000000000000000e+00
1.974000000000000057e+02 5.000000000000000000e+00
1.975000000000000000e+02 5.000000000000000000e+00
1.975999999999999943e+02 5.000000000000000000e+00
1.976999999999999886e+02 5.000000000000000000e+00
1.978000000000000114e+02 5.000000000000000000e+00
1.979000000000000057e+02 5.000000000000000000e+00
1.980000000000000000e+02 5.000000000000000000e+00
1.980999999999999943e+02 5.000000000000000000e+00
1.981999999999999886e+02 5.000000000000000000e+00
1.983000000000000114e+02 5.000000000000000000e+00
1.984000000000000057e+02 5.000000000000000000e+00
1.985000000000000000e+02 5.000000000000000000e+00
1.985999999999999943e+02 5.000000000000000000e+00
1.986999999999999886e+02 5.000000000000000000e+00
1.988000000000000114e+02 5.000000000000000000e+00
1.989000000000000057e+02 5.000000000000000000e+00
1.990000000000000000e+02 5.000000000000000000e+00
1.990999999999999943e+02 5.000000000000000000e+00
1.991999999999999886e+02 5.000000000000000000e+00
1.993000000000000114e+02 5.000000000000000000e+00
1.994000000000000057e+02 5.000000000000000000e+00
1.995000000000000000e+02 5.000000000000000000e+00
1.995999999999999943e+02 5.000000000000000000e+00
1.996999999999999886e+02 5.000000000000000000e+00
1.998000000000000114e+02 5.000000000000000000e+00
1.999000000000000057e+02 5.000000000000000000e+00
2.000000000000000000e+02 5.000000000000000000e+00
2.000999999999999943e+02 5.000000000000000000e+00
2.001999999999999886e+02 5.000000000000000000e+00
2.003000000000000114e+02 5.000000000000000000e+00
2.004000000000000057e+02 5.000000000000000000e+00
2.005000000000000000e+02 5.000000000000000000e+00
2.005999999999999943e+02 5.000000000000000000e+00
2.006999999999999886e+02 5.000000000000000000e+00
2.008000000000000114e+02 5.000000000000000000e+00
2.009000000000000057e+02 5.000000000000000000e+00
2.010000000000000000e+02 5.000000000000000000e+00
2.010999999999999943e+02 5.000000000000000000e+00
2.011999999999999886e+02 5.000000000000000000e+00
2.013000000000000114e+02 5.000000000000000000e+00
2.014000000000000057e+02 5.000000000000000000e+00
2.015000000000000000e+02 5.000000000000000000e+00
2.015999999999999943e+02 5.000000000000000000e+00
2.016999999999999886e+02 5.000000000000000000e+00
2.018000000000000114e+02 5.000000000000000000e+00
2.019000000000000057e+02 5.000000000000000000e+00
2.020000000000000000e+02 5.000000000000000000e+00
2.020999999999999943e+02 5.000000000000000000e+00
2.021999999999999886e+02 5.000000000000000000e+00
2.023000000000000114e+02 5.000000000000000000e+00
2.024000000000000057e+02 5.000000000000000000e+00
2.025000000000000000e+02 5.000000000000000000e+00
2.025999999999999943e+02 5.000000000000000000e+00
2.026999999999999886e+02 5.000000000000000000e+00
2.028000000000000114e+02 5.000000000000000000e+00
2.029000000000000057e+02 5.000000000000000000e+00
2.030000000000000000e+02 5.000000000000000000e+00
2.030999999999999943e+02 5.000000000000000000e+00
2.031999999999999886e+02 5.000000000000000000e+00
2.033000000000000114e+02 5.000000000000000000e+00
2.034000000000000057e+02 5.000000000000000000e+00
2.035000000000000000e+02 5.000000000000000000e+00
2.035999999999999943e+02 5.000000000000000000e+00
2.036999999999999886e+02 5.000000000000000000e+00
2.038000000000000114e+02 5.000000000000000000e+00
2.039000000000000057e+02 5.000000000000000000e+00
2.040000000000000000e+02 5.000000000000000000e+00
2.040999999999999943e+02 5.000000000000000000e+00
2.041999999999999886e+02 5.000000000000000000e+00
2.043000000000000114e+02 5.000000000000000000e+00
2.044000000000000057e+02 5.000000000000000000e+00
2.045000000000000000e+02 5.000000000000000000e+00
2.045999999999999943e+02 5.000000000000000000e+00
2.046999999999999886e+02 5.000000000000000000e+00
2.048000000000000114e+02 5.000000000000000000e+00
2.049000000000000057e+02 5.000000000000000000e+00
2.050000000000000000e+02 5.000000000000000000e+00
2.050999999999999943e+02 5.000000000000000000e+00
2.051999999999999886e+02 5.000000000000000000e+00
2.053000000000000114e+02 5.000000000000000000e+00
2.054000000000000057e+02 5.000000000000000000e+00
2.055000000000000000e+02 5.000000000000000000e+00
2.055999999999999943e+02 5.000000000000000000e+00
2.056999999999999886e+02 5.000000000000000000e+00
2.058000000000000114e+02 5.000000000000000000e+00
2.059000000000000057e+02 5.000000000000000000e+00
2.060000000000000000e+02 5.000000000000000000e+00
2.060999999999999943e+02 5.000000000000000000e+00
2.061999999999999886e+02 5.000000000000000000e+00
2.063000000000000114e+02 5.000000000000000000e+00
2.064000000000000057e+02 5.000000000000000000e+00
2.065000000000000000e+02 5.000000000000000000e+00
2.065999999999999943e+02 5.000000000000000000e+00
2.066999999999999886e+02 5.000000000000000000e+00
2.068000000000000114e+02 5.000000000000000000e+00
2.069000000000000057e+02 5.000000000000000000e+00
2.070000000000000000e+02 5.000000000000000000e+00
2.070999999999999943e+02 5.000000000000000000e+00
2.071999999999999886e+02 5.000000000000000000e+00
2.073000000000000114e+02 5.000000000000000000e+00
2.074000000000000057e+02 5.000000000000000000e+00
2.075000000000000000e+02 5.000000000000000000e+00
2.075999999999999943e+02 5.000000000000000000e+00
2.076999999999999886e+02 5.000000000000000000e+00
2.078000000000000114e+02 5.000000000000000000e+00
2.079000000000000057e+02 5.000000000000000000e+00
2.080000000000000000e+02 5.000000000000000000e+00
2.080999999999999943e+02 5.000000000000000000e+00
2.081999999999999886e+02 5.000000000000000000e+00
2.083000000000000114e+02 5.000000000000000000e+00
2.084000000000000057e+02 5.000000000000000000e+00
2.085000000000000000e+02 5.000000000000000000e+00
2.085999999999999943e+02 5.000000000000000000e+00
2.086999999999999886e+02 5.000000000000000000e+00
2.088000000000000114e+02 5.000000000000000000e+00
2.089000000000000057e+02 5.000000000000000000e+00
2.090000000000000000e+02 5.000000000000000000e+00
2.090999999999999943e+02 5.000000000000000000e+00
2.091999999999999886e+02 5.000000000000000000e+00
2.093000000000000114e+02 5.000000000000000000e+00
2.094000000000000057e+02 5.000000000000000000e+00
2.095000000000000000e+02 5.000000000000000000e+00
2.095999999999999943e+02 5.000000000000000000e+00
2.096999999999999886e+02 5.000000000000000000e+00
2.098000000000000114e+02 5.000000000000000000e+00
2.099000000000000057e+02 5.000000000000000000e+00
2.100000000000000000e+02 5.000000000000000000e+00
2.100999999999999943e+02 5.000000000000000000e+00
2.101999999999999886e+02 5.000000000000000000e+00
2.103000000000000114e+02 5.000000000000000000e+00
2.104000000000000057e+02 5.000000000000000000e+00
2.105000000000000000e+02 5.000000000000000000e+00
2.105999999999999943e+02 5.000000000000000000e+00
2.106999999999999886e+02 5.000000000000000000e+00
2.108000000000000114e+02 5.000000000000000000e+00
2.109000000000000057e+02 5.000000000000000000e+00
2.110000000000000000e+02 5.000000000000000000e+00
2.110999999999999943e+02 5.000000000000000000e+00
2.111999999999999886e+02 5.000000000000000000e+00
2.113000000000000114e+02 5.000000000000000000e+00
2.114000000000000057e+02 5.000000000000000000e+00
2.115000000000000000e+02 5.000000000000000000e+00
2.115999999999999943e+02 5.000000000000000000e+00
2.116999999999999886e+02 5.000000000000000000e+00
2.118000000000000114e+02 5.000000000000000000e+00
2.119000000000000057e+02 5.000000000000000000e+00
2.120000000000000000e+02 5.000000000000000000e+00
2.120999999999999943e+02 5.000000000000000000e+00
2.121999999999999886e+02 5.000000000000000000e+00
2.123000000000000114e+02 5.000000000000000000e+00
2.124000000000000057e+02 5.000000000000000000e+00
2.125000000000000000e+02 5.000000000000000000e+00
2.125999999999999943e+02 5.000000000000000000e+00
2.126999999999999886e+02 5.000000000000000000e+00
2.128000000000000114e+02 5.000000000000000000e+00
2.129000000000000057e+02 5.000000000000000000e+00
2.130000000000000000e+02 5.000000000000000000e+00
2.130999999999999943e+02 5.000000000000000000e+00
2.131999999999999886e+02 5.000000000000000000e+00
2.133000000000000114e+02 5.000000000000000000e+00
2.134000000000000057e+02 5.000000000000000000e+00
2.135000000000000000e+02 5.000000000000000000e+00
2.135999999999999943e+02 5.000000000000000000e+00
2.136999999999999886e+02 5.000000000000000000e+00
2.138000000000000114e+02 5.000000000000000000e+00
2.139000000000000057e+02 5.000000000000000000e+00
2.140000000000000000e+02 5.000000000000000000e+00
2.140999999999999943e+02 5.000000000000000000e+00
2.141999999999999886e+02 5.000000000000000000e+00
2.143000000000000114e+02 5.000000000000000000e+00
2.144000000000000057e+02 5.000000000000000000e+00
2.145000000000000000e+02 5.000000000000000000e+00
2.145999999999999943e+02 5.000000000000000000e+00
2.146999999999999886e+02 5.000000000000000000e+00
2.148000000000000114e+02 5.000000000000000000e+00
2.149000000000000057e+02 5.000000000000000000e+00
2.150000000000000000e+02 5.000000000000000000e+00
2.150999999999999943e+02 5.000000000000000000e+00
2.151999999999999886e+02 5.000000000000000000e+00
2.153000000000000114e+02 5.000000000000000000e+00
2.154000000000000057e+02 5.000000000000000000e+00
2.155000000000000000e+02 5.000000000000000000e+00
2.155999999999999943e+02 5.000000000000000000e+00
2.156999999999999886e+02 5.000000000000000000e+00
2.158000000000000114e+02 5.000000000000000000e+00
2.159000000000000057e+02 5.000000000000000000e+00
2.160000000000000000e+02 5.000000000000000000e+00
2.160999999999999943e+02 5.000000000000000000e+00
2.161999999999999886e+02 5.000000000000000000e+00
2.163000000000000114e+02 5.000000000000000000e+00
2.164000000000000057e+02 5.000000000000000000e+00
2.165000000000000000e+02 5.000000000000000000e+00
2.165999999999999943e+02 5.000000000000000000e+00
2.166999999999999886e+02 5.000000000000000000e+00
2.168000000000000114e+02 5.000000000000000000e+00
2.169000000000000057e+02 5.000000000000000000e+00
2.170000000000000000e+02 5.000000000000000000e+00
2.170999999999999943e+02 5.000000000000000000e+00
2.171999999999999886e+02 5.000000000000000000e+00
2.173000000000000114e+02 5.000000000000000000e+00
2.174000000000000057e+02 5.000000000000000000e+00
2.175000000000000000e+02 5.000000000000000000e+00
2.175999999999999943e+02 5.000000000000000000e+00
2.176999999999999886e+02 5.000000000000000000e+00
2.178000000000000114e+02 5.000000000000000000e+00
2.179000000000000057e+02 5.000000000000000000e+00
2.180000000000000000e+02 5.000000000000000000e+00
2.180999999999999943e+02 5.000000000000000000e+00
2.181999999999999886e+02 5.000000000000000000e+00
2.183000000000000114e+02 5.000000000000000000e+00
2.184000000000000057e+02 5.000000000000000000e+00
2.185000000000000000e+02 5.000000000000000000e+00
2.185999999999999943e+02 5.000000000000000000e+00
2.186999999999999886e+02 5.000000000000000000e+00
2.188000000000000114e+02 5.000000000000000000e+00
2.189000000000000057e+02 5.000000000000000000e+00
2.190000000000000000e+02 5.000000000000000000e+00
2.190999999999999943e+02 5.000000000000000000e+00
2.191999999999999886e+02 5.000000000000000000e+00
2.193000000000000114e+02 5.000000000000000000e+00
2.194000000000000057e+02 5.000000000000000000e+00
2.195000000000000000e+02 5.000000000000000000e+00
2.195999999999999943e+02 5.000000000000000000e+00
2.196999999999999886e+02 5.000000000000000000e+00
2.198000000000000114e+02 5.000000000000000000e+00
2.199000000000000057e+02 5.000000000000000000e+00
2.200000000000000000e+02 5.000000000000000000e+00
2.200999999999999943e+02 5.000000000000000000e+00
2.201999999999999886e+02 5.000000000000000000e+00
2.203000000000000114e+02 5.000000000000000000e+00
2.204000000000000057e+02 5.000000000000000000e+00
2.205000000000000000e+02 5.000000000000000000e+00
2.205999999999999943e+02 5.000000000000000000e+00
2.206999999999999886e+02 5.000000000000000000e+00
2.208000000000000114e+02 5.000000000000000000e+00
2.209000000000000057e+02 5.000000000000000000e+00
2.210000000000000000e+02 5.000000000000000000e+00
2.210999999999999943e+02 5.000000000000000000e+00
2.211999999999999886e+02 5.000000000000000000e+00
2.213000000000000114e+02 5.000000000000000000e+00
2.214000000000000057e+02 5.000000000000000000e+00
2.215000000000000000e+02 5.000000000000000000e+00
2.215999999999999943e+02 5.000000000000000000e+00
2.216999999999999886e+02 5.000000000000000000e+00
2.218000000000000114e+02 5.000000000000000000e+00
2.219000000000000057e+02 5.000000000000000000e+00
2.220000000000000000e+02 5.000000000000000000e+00
2.220999999999999943e+02 5.000000000000000000e+00
2.221999999999999886e+02 5.000000000000000000e+00
2.223000000000000114e+02 5.000000000000000000e+00
2.224000000000000057e+02 5.000000000000000000e+00
2.225000000000000000e+02 5.000000000000000000e+00
2.225999999999999943e+02 5.000000000000000000e+00
2.226999999999999886e+02 5.000000000000000000e+00
2.228000000000000114e+02 5.000000000000000000e+00
2.229000000000000057e+02 5.000000000000000000e+00
2.230000000000000000e+02 5.000000000000000000e+00
2.230999999999999943e+02 5.000000000000000000e+00
2.231999999999999886e+02 5.000000000000000000e+00
2.233000000000000114e+02 5.000000000000000000e+00
2.234000000000000057e+02 5.000000000000000000e+00
2.235000000000000000e+02 5.000000000000000000e+00
2.235999999999999943e+02 5.000000000000000000e+00
2.236999999999999886e+02 5.000000000000000000e+00
2.238000000000000114e+02 5.000000000000000000e+00
2.239000000000000057e+02 5.000000000000000000e+00
2.240000000000000000e+02 5.000000000000000000e+00
2.240999999999999943e+02 5.000000000000000000e+00
2.241999999999999886e+02 5.000000000000000000e+00
2.243000000000000114e+02 5.000000000000000000e+00
2.244000000000000057e+02 5.000000000000000000e+00
2.245000000000000000e+02 5.000000000000000000e+00
2.245999999999999943e+02 5.000000000000000000e+00
2.246999999999999886e+02 5.000000000000000000e+00
2.248000000000000114e+02 5.000000000000000000e+00
2.249000000000000057e+02 5.000000000000000000e+00
2.250000000000000000e+02 5.000000000000000000e+00
2.250999999999999943e+02 5.000000000000000000e+00
2.251999999999999886e+02 5.000000000000000000e+00
2.253000000000000114e+02 5.000000000000000000e+00
2.254000000000000057e+02 5.000000000000000000e+00
2.255000000000000000e+02 5.000000000000000000e+00
2.255999999999999943e+02 5.000000000000000000e+00
2.256999999999999886e+02 5.000000000000000000e+00
2.258000000000000114e+02 5.000000000000000000e+00
2.259000000000000057e+02 5.000000000000000000e+00
2.260000000000000000e+02 5.000000000000000000e+00
2.260999999999999943e+02 5.000000000000000000e+00
2.261999999999999886e+02 5.000000000000000000e+00
2.263000000000000114e+02 5.000000000000000000e+00
2.264000000000000057e+02 5.000000000000000000e+00
2.265000000000000000e+02 5.000000000000000000e+00
2.265999999999999943e+02 5.000000000000000000e+00
2.266999999999999886e+02 5.000000000000000000e+00
2.268000000000000114e+02 5.000000000000000000e+00
2.269000000000000057e+02 5.000000000000000000e+00
2.270000000000000000e+02 5.000000000000000000e+00
2.270999999999999943e+02 5.000000000000000000e+00
2.271999999999999886e+02 5.000000000000000000e+00
2.273000000000000114e+02 5.000000000000000000e+00
2.274000000000000057e+02 5.000000000000000000e+00
2.275000000000000000e+02 5.000000000000000000e+00
2.275999999999999943e+02 5.000000000000000000e+00
2.276999999999999886e+02 5.000000000000000000e+00
2.278000000000000114e+02 5.000000000000000000e+00
2.279000000000000057e+02 5.000000000000000000e+00
2.280000000000000000e+02 5.000000000000000000e+00
2.280999999999999943e+02 5.000000000000000000e+00
2.281999999999999886e+02 5.000000000000000000e+00
2.283000000000000114e+02 5.000000000000000000e+00
2.284000000000000057e+02 5.000000000000000000e+00
2.285000000000000000e+02 5.000000000000000000e+00
2.285999999999999943e+02 5.000000000000000000e+00
2.286999999999999886e+02 5.000000000000000000e+00
2.288000000000000114e+02 5.000000000000000000e+00
2.289000000000000057e+02 5.000000000000000000e+00
2.290000000000000000e+02 5.000000000000000000e+00
2.290999999999999943e+02 5.000000000000000000e+00
2.291999999999999886e+02 5.000000000000000000e+00
2.293000000000000114e+02 5.000000000000000000e+00
2.294000000000000057e+02 5.000000000000000000e+00
2.295000000000000000e+02 5.000000000000000000e+00
2.295999999999999943e+02 5.000000000000000000e+00
2.296999999999999886e+02 5.000000000000000000e+00
2.298000000000000114e+02 5.000000000000000000e+00
2.299000000000000057e+02 5.000000000000000000e+00
2.300000000000000000e+02 5.000000000000000000e+00
2.300999999999999943e+02 5.000000000000000000e+00
2.301999999999999886e+02 5.000000000000000000e+00
2.303000000000000114e+02 5.000000000000000000e+00
2.304000000000000057e+02 5.000000000000000000e+00
2.305000000000000000e+02 5.000000000000000000e+00
2.305999999999999943e+02 5.000000000000000000e+00
2.306999999999999886e+02 5.000000000000000000e+00
2.308000000000000114e+02 5.000000000000000000e+00
2.309000000000000057e+02 5.000000000000000000e+00
2.310000000000000000e+02 5.000000000000000000e+00
2.310999999999999943e+02 5.000000000000000000e+00
2.311999999999999886e+02 5.000000000000000000e+00
2.313000000000000114e+02 5.000000000000000000e+00
2.314000000000000057e+02 5.000000000000000000e+00
2.315000000000000000e+02 5.000000000000000000e+00
2.315999999999999943e+02 5.000000000000000000e+00
2.316999999999999886e+02 5.000000000000000000e+00
2.318000000000000114e+02 5.000000000000000000e+00
2.319000000000000057e+02 5.000000000000000000e+00
2.320000000000000000e+02 5.000000000000000000e+00
2.320999999999999943e+02 5.000000000000000000e+00
2.321999999999999886e+02 5.000000000000000000e+00
2.323000000000000114e+02 5.000000000000000000e+00
2.324000000000000057e+02 5.000000000000000000e+00
2.325000000000000000e+02 5.000000000000000000e+00
2.325999999999999943e+02 5.000000000000000000e+00
2.326999999999999886e+02 5.000000000000000000e+00
2.328000000000000114e+02 5.000000000000000000e+00
2.329000000000000057e+02 5.000000000000000000e+00
2.330000000000000000e+02 5.000000000000000000e+00
2.330999999999999943e+02 5.000000000000000000e+00
2.331999999999999886e+02 5.000000000000000000e+00
2.333000000000000114e+02 5.000000000000000000e+00
2.334000000000000057e+02 5.000000000000000000e+00
2.335000000000000000e+02 5.000000000000000000e+00
2.335999999999999943e+02 5.000000000000000000e+00
2.336999999999999886e+02 5.000000000000000000e+00
2.338000000000000114e+02 5.000000000000000000e+00
2.339000000000000057e+02 5.000000000000000000e+00
2.340000000000000000e+02 5.000000000000000000e+00
2.340999999999999943e+02 5.000000000000000000e+00
2.341999999999999886e+02 5.000000000000000000e+00
2.343000000000000114e+02 5.000000000000000000e+00
2.344000000000000057e+02 5.000000000000000000e+00
2.345000000000000000e+02 5.000000000000000000e+00
2.345999999999999943e+02 5.000000000000000000e+00
2.346999999999999886e+02 5.000000000000000000e+00
2.348000000000000114e+02 5.000000000000000000e+00
2.349000000000000057e+02 5.000000000000000000e+00
2.350000000000000000e+02 5.000000000000000000e+00
2.350999999999999943e+02 5.000000000000000000e+00
2.351999999999999886e+02 5.000000000000000000e+00
2.353000000000000114e+02 5.000000000000000000e+00
2.354000000000000057e+02 5.000000000000000000e+00
2.355000000000000000e+02 5.000000000000000000e+00
2.355999999999999943e+02 5.000000000000000000e+00
2.356999999999999886e+02 5.000000000000000000e+00
2.358000000000000114e+02 5.000000000000000000e+00
2.359000000000000057e+02 5.000000000000000000e+00
2.360000000000000000e+02 5.000000000000000000e+00
2.360999999999999943e+02 5.000000000000000000e+00
2.361999999999999886e+02 5.000000000000000000e+00
2.363000000000000114e+02 5.000000000000000000e+00
2.364000000000000057e+02 5.000000000000000000e+00
2.365000000000000000e+02 5.000000000000000000e+00
2.365999999999999943e+02 5.000000000000000000e+00
2.366999999999999886e+02 5.000000000000000000e+00
2.368000000000000114e+02 5.000000000000000000e+00
2.369000000000000057e+02 5.000000000000000000e+00
2.370000000000000000e+02 5.000000000000000000e+00
2.370999999999999943e+02 5.000000000000000000e+00
2.371999999999999886e+02 5.000000000000000000e+00
2.373000000000000114e+02 5.000000000000000000e+00
2.374000000000000057e+02 5.000000000000000000e+00
2.375000000000000000e+02 5.000000000000000000e+00
2.375999999999999943e+02 5.000000000000000000e+00
2.376999999999999886e+02 5.000000000000000000e+00
2.378000000000000114e+02 5.000000000000000000e+00
2.379000000000000057e+02 5.000000000000000000e+00
2.380000000000000000e+02 5.000000000000000000e+00
2.380999999999999943e+02 5.000000000000000000e+00
2.381999999999999886e+02 5.000000000000000000e+00
2.383000000000000114e+02 5.000000000000000000e+00
2.384000000000000057e+02 5.000000000000000000e+00
2.385000000000000000e+02 5.000000000000000000e+00
2.385999999999999943e+02 5.000000000000000000e+00
2.386999999999999886e+02 5.000000000000000000e+00
2.388000000000000114e+02 5.000000000000000000e+00
2.389000000000000057e+02 5.000000000000000000e+00
2.390000000000000000e+02 5.000000000000000000e+00
2.390999999999999943e+02 5.000000000000000000e+00
2.391999999999999886e+02 5.000000000000000000e+00
2.393000000000000114e+02 5.000000000000000000e+00
2.394000000000000057e+02 5.000000000000000000e+00
2.395000000000000000e+02 5.000000000000000000e+00
2.395999999999999943e+02 5.000000000000000000e+00
2.396999999999999886e+02 5.000000000000000000e+00
2.398000000000000114e+02 5.000000000000000000e+00
2.399000000000000057e+02 5.000000000000000000e+00
2.400000000000000000e+02 5.000000000000000000e+00
2.400999999999999943e+02 5.000000000000000000e+00
2.401999999999999886e+02 5.000000000000000000e+00
2.403000000000000114e+02 5.000000000000000000e+00
2.404000000000000057e+02 5.000000000000000000e+00
2.405000000000000000e+02 5.000000000000000000e+00
2.405999999999999943e+02 5.000000000000000000e+00
2.406999999999999886e+02 5.000000000000000000e+00
2.408000000000000114e+02 5.000000000000000000e+00
2.409000000000000057e+02 5.000000000000000000e+00
2.410000000000000000e+02 5.000000000000000000e+00
2.410999999999999943e+02 5.000000000000000000e+00
2.411999999999999886e+02 5.000000000000000000e+00
2.413000000000000114e+02 5.000000000000000000e+00
2.414000000000000057e+02 5.000000000000000000e+00
2.415000000000000000e+02 5.000000000000000000e+00
2.415999999999999943e+02 5.000000000000000000e+00
2.416999999999999886e+02 5.000000000000000000e+00
2.418000000000000114e+02 5.000000000000000000e+00
2.419000000000000057e+02 5.000000000000000000e+00
2.420000000000000000e+02 5.000000000000000000e+00
2.420999999999999943e+02 5.000000000000000000e+00
2.421999999999999886e+02 5.000000000000000000e+00
2.423000000000000114e+02 5.000000000000000000e+00
2.424000000000000057e+02 5.000000000000000000e+00
2.425000000000000000e+02 5.000000000000000000e+00
2.425999999999999943e+02 5.000000000000000000e+00
2.426999999999999886e+02 5.000000000000000000e+00
2.428000000000000114e+02 5.000000000000000000e+00
2.429000000000000057e+02 5.000000000000000000e+00
2.430000000000000000e+02 5.000000000000000000e+00
2.430999999999999943e+02 5.000000000000000000e+00
2.431999999999999886e+02 5.000000000000000000e+00
2.433000000000000114e+02 5.000000000000000000e+00
2.434000000000000057e+02 5.000000000000000000e+00
2.435000000000000000e+02 5.000000000000000000e+00
2.435999999999999943e+02 5.000000000000000000e+00
2.436999999999999886e+02 5.000000000000000000e+00
2.438000000000000114e+02 5.000000000000000000e+00
2.439000000000000057e+02 5.000000000000000000e+00
2.440000000000000000e+02 5.000000000000000000e+00
2.440999999999999943e+02 5.000000000000000000e+00
2.441999999999999886e+02 5.000000000000000000e+00
2.443000000000000114e+02 5.000000000000000000e+00
2.444000000000000057e+02 5.000000000000000000e+00
2.445000000000000000e+02 5.000000000000000000e+00
2.445999999999999943e+02 5.000000000000000000e+00
2.446999999999999886e+02 5.000000000000000000e+00
2.448000000000000114e+02 5.000000000000000000e+00
2.449000000000000057e+02 5.000000000000000000e+00
2.450000000000000000e+02 5.000000000000000000e+00
2.450999999999999943e+02 5.000000000000000000e+00
2.451999999999999886e+02 5.000000000000000000e+00
2.453000000000000114e+02 5.000000000000000000e+00
2.454000000000000057e+02 5.000000000000000000e+00
2.455000000000000000e+02 5.000000000000000000e+00
2.455999999999999943e+02 5.000000000000000000e+00
2.456999999999999886e+02 5.000000000000000000e+00
2.458000000000000114e+02 5.000000000000000000e+00
2.459000000000000057e+02 5.000000000000000000e+00
2.460000000000000000e+02 5.000000000000000000e+00
2.460999999999999943e+02 5.000000000000000000e+00
2.461999999999999886e+02 5.000000000000000000e+00
2.463000000000000114e+02 5.000000000000000000e+00
2.464000000000000057e+02 5.000000000000000000e+00
2.465000000000000000e+02 5.000000000000000000e+00
2.465999999999999943e+02 5.000000000000000000e+00
2.466999999999999886e+02 5.000000000000000000e+00
2.468000000000000114e+02 5.000000000000000000e+00
2.469000000000000057e+02 5.000000000000000000e+00
2.470000000000000000e+02 5.000000000000000000e+00
2.470999999999999943e+02 5.000000000000000000e+00
2.471999999999999886e+02 5.000000000000000000e+00
2.473000000000000114e+02 5.000000000000000000e+00
2.474000000000000057e+02 5.000000000000000000e+00
2.475000000000000000e+02 5.000000000000000000e+00
2.475999999999999943e+02 5.000000000000000000e+00
2.476999999999999886e+02 5.000000000000000000e+00
2.478000000000000114e+02 5.000000000000000000e+00
2.479000000000000057e+02 5.000000000000000000e+00
2.480000000000000000e+02 5.000000000000000000e+00
2.480999999999999943e+02 5.000000000000000000e+00
2.481999999999999886e+02 5.000000000000000000e+00
2.483000000000000114e+02 5.000000000000000000e+00
2.484000000000000057e+02 5.000000000000000000e+00
2.485000000000000000e+02 5.000000000000000000e+00
2.485999999999999943e+02 5.000000000000000000e+00
2.486999999999999886e+02 5.000000000000000000e+00
2.488000000000000114e+02 5.000000000000000000e+00
2.489000000000000057e+02 5.000000000000000000e+00
2.490000000000000000e+02 5.000000000000000000e+00
2.490999999999999943e+02 5.000000000000000000e+00
2.491999999999999886e+02 5.000000000000000000e+00
2.493000000000000114e+02 5.000000000000000000e+00
2.494000000000000057e+02 5.000000000000000000e+00
2.495000000000000000e+02 5.000000000000000000e+00
2.495999999999999943e+02 5.000000000000000000e+00
2.496999999999999886e+02 5.000000000000000000e+00
2.498000000000000114e+02 5.000000000000000000e+00
2.499000000000000057e+02 5.000000000000000000e+00
2.500000000000000000e+02 5.000000000000000000e+00
2.500999999999999943e+02 5.000000000000000000e+00
2.501999999999999886e+02 5.000000000000000000e+00
2.503000000000000114e+02 5.000000000000000000e+00
2.504000000000000057e+02 5.000000000000000000e+00
2.505000000000000000e+02 5.000000000000000000e+00
2.505999999999999943e+02 5.000000000000000000e+00
2.506999999999999886e+02 5.000000000000000000e+00
2.508000000000000114e+02 5.000000000000000000e+00
2.509000000000000057e+02 5.000000000000000000e+00
2.510000000000000000e+02 5.000000000000000000e+00
2.510999999999999943e+02 5.000000000000000000e+00
2.511999999999999886e+02 5.000000000000000000e+00
2.513000000000000114e+02 5.000000000000000000e+00
2.514000000000000057e+02 5.000000000000000000e+00
2.515000000000000000e+02 5.000000000000000000e+00
2.515999999999999943e+02 5.000000000000000000e+00
2.516999999999999886e+02 5.000000000000000000e+00
2.518000000000000114e+02 5.000000000000000000e+00
2.519000000000000057e+02 5.000000000000000000e+00
2.520000000000000000e+02 5.000000000000000000e+00
2.520999999999999943e+02 5.000000000000000000e+00
2.521999999999999886e+02 5.000000000000000000e+00
2.523000000000000114e+02 5.000000000000000000e+00
2.524000000000000057e+02 5.000000000000000000e+00
2.525000000000000000e+02 5.000000000000000000e+00
2.525999999999999943e+02 5.000000000000000000e+00
2.526999999999999886e+02 5.000000000000000000e+00
2.528000000000000114e+02 5.000000000000000000e+00
2.529000000000000057e+02 5.000000000000000000e+00
2.530000000000000000e+02 5.000000000000000000e+00
2.530999999999999943e+02 5.000000000000000000e+00
2.531999999999999886e+02 5.000000000000000000e+00
2.533000000000000114e+02 5.000000000000000000e+00
2.534000000000000057e+02 5.000000000000000000e+00
2.535000000000000000e+02 5.000000000000000000e+00
2.535999999999999943e+02 5.000000000000000000e+00
2.536999999999999886e+02 5.000000000000000000e+00
2.538000000000000114e+02 5.000000000000000000e+00
2.539000000000000057e+02 5.000000000000000000e+00
2.540000000000000000e+02 5.000000000000000000e+00
2.540999999999999943e+02 5.000000000000000000e+00
2.541999999999999886e+02 5.000000000000000000e+00
2.543000000000000114e+02 5.000000000000000000e+00
2.544000000000000057e+02 5.000000000000000000e+00
2.545000000000000000e+02 5.000000000000000000e+00
2.545999999999999943e+02 5.000000000000000000e+00
2.546999999999999886e+02 5.000000000000000000e+00
2.548000000000000114e+02 5.000000000000000000e+00
2.549000000000000057e+02 5.000000000000000000e+00
2.550000000000000000e+02 5.000000000000000000e+00
2.550999999999999943e+02 5.000000000000000000e+00
2.551999999999999886e+02 5.000000000000000000e+00
2.553000000000000114e+02 5.000000000000000000e+00
2.554000000000000057e+02 5.000000000000000000e+00
2.555000000000000000e+02 5.000000000000000000e+00
2.555999999999999943e+02 5.000000000000000000e+00
2.556999999999999886e+02 5.000000000000000000e+00
2.558000000000000114e+02 5.000000000000000000e+00
2.559000000000000057e+02 5.000000000000000000e+00
2.560000000000000000e+02 5.000000000000000000e+00
2.561000000000000227e+02 5.000000000000000000e+00
2.561999999999999886e+02 5.000000000000000000e+00
2.563000000000000114e+02 5.000000000000000000e+00
2.563999999999999773e+02 5.000000000000000000e+00
2.565000000000000000e+02 5.000000000000000000e+00
2.566000000000000227e+02 5.000000000000000000e+00
2.566999999999999886e+02 5.000000000000000000e+00
2.568000000000000114e+02 5.000000000000000000e+00
2.568999999999999773e+02 5.000000000000000000e+00
2.570000000000000000e+02 5.000000000000000000e+00
2.571000000000000227e+02 5.000000000000000000e+00
2.571999999999999886e+02 5.000000000000000000e+00
2.573000000000000114e+02 5.000000000000000000e+00
2.573999999999999773e+02 5.000000000000000000e+00
2.575000000000000000e+02 5.000000000000000000e+00
2.576000000000000227e+02 5.000000000000000000e+00
2.576999999999999886e+02 5.000000000000000000e+00
2.578000000000000114e+02 5.000000000000000000e+00
2.578999999999999773e+02 5.000000000000000000e+00
2.580000000000000000e+02 5.000000000000000000e+00
2.581000000000000227e+02 5.000000000000000000e+00
2.581999999999999886e+02 5.000000000000000000e+00
2.583000000000000114e+02 5.000000000000000000e+00
2.583999999999999773e+02 5.000000000000000000e+00
2.585000000000000000e+02 5.000000000000000000e+00
2.586000000000000227e+02 5.000000000000000000e+00
2.586999999999999886e+02 5.000000000000000000e+00
2.588000000000000114e+02 5.000000000000000000e+00
2.588999999999999773e+02 5.000000000000000000e+00
2.590000000000000000e+02 5.000000000000000000e+00
2.591000000000000227e+02 5.000000000000000000e+00
2.591999999999999886e+02 5.000000000000000000e+00
2.593000000000000114e+02 5.000000000000000000e+00
2.593999999999999773e+02 5.000000000000000000e+00
2.595000000000000000e+02 5.000000000000000000e+00
2.596000000000000227e+02 5.000000000000000000e+00
2.596999999999999886e+02 5.000000000000000000e+00
2.598000000000000114e+02 5.000000000000000000e+00
2.598999999999999773e+02 5.000000000000000000e+00
2.600000000000000000e+02 5.000000000000000000e+00
2.601000000000000227e+02 5.000000000000000000e+00
2.601999999999999886e+02 5.000000000000000000e+00
2.603000000000000114e+02 5.000000000000000000e+00
2.603999999999999773e+02 5.000000000000000000e+00
2.605000000000000000e+02 5.000000000000000000e+00
2.606000000000000227e+02 5.000000000000000000e+00
2.606999999999999886e+02 5.000000000000000000e+00
2.608000000000000114e+02 5.000000000000000000e+00
2.608999999999999773e+02 5.000000000000000000e+00
2.610000000000000000e+02 5.000000000000000000e+00
2.611000000000000227e+02 5.000000000000000000e+00
2.611999999999999886e+02 5.000000000000000000e+00
2.613000000000000114e+02 5.000000000000000000e+00
2.613999999999999773e+02 5.000000000000000000e+00
2.615000000000000000e+02 5.000000000000000000e+00
2.616000000000000227e+02 5.000000000000000000e+00
2.616999999999999886e+02 5.000000000000000000e+00
2.618000000000000114e+02 5.000000000000000000e+00
2.618999999999999773e+02 5.000000000000000000e+00
2.620000000000000000e+02 5.000000000000000000e+00
2.621000000000000227e+02 5.000000000000000000e+00
2.621999999999999886e+02 5.000000000000000000e+00
2.623000000000000114e+02 5.000000000000000000e+00
2.623999999999999773e+02 5.000000000000000000e+00
2.625000000000000000e+02 5.000000000000000000e+00
2.626000000000000227e+02 5.000000000000000000e+00
2.626999999999999886e+02 5.000000000000000000e+00
2.628000000000000114e+02 5.000000000000000000e+00
2.628999999999999773e+02 5.000000000000000000e+00
2.630000000000000000e+02 5.000000000000000000e+00
2.631000000000000227e+02 5.000000000000000000e+00
2.631999999999999886e+02 5.000000000000000000e+00
2.633000000000000114e+02 5.000000000000000000e+00
2.633999999999999773e+02 5.000000000000000000e+00
2.635000000000000000e+02 5.000000000000000000e+00
2.636000000000000227e+02 5.000000000000000000e+00
2.636999999999999886e+02 5.000000000000000000e+00
2.638000000000000114e+02 5.000000000000000000e+00
2.638999999999999773e+02 5.000000000000000000e+00
2.640000000000000000e+02 5.000000000000000000e+00
2.641000000000000227e+02 5.000000000000000000e+00
2.641999999999999886e+02 5.000000000000000000e+00
2.643000000000000114e+02 5.000000000000000000e+00
2.643999999999999773e+02 5.000000000000000000e+00
2.645000000000000000e+02 5.000000000000000000e+00
2.646000000000000227e+02 5.000000000000000000e+00
2.646999999999999886e+02 5.000000000000000000e+00
2.648000000000000114e+02 5.000000000000000000e+00
2.648999999999999773e+02 5.000000000000000000e+00
2.650000000000000000e+02 5.000000000000000000e+00
2.651000000000000227e+02 5.000000000000000000e+00
2.651999999999999886e+02 5.000000000000000000e+00
2.653000000000000114e+02 5.000000000000000000e+00
2.653999999999999773e+02 5.000000000000000000e+00
2.655000000000000000e+02 5.000000000000000000e+00
2.656000000000000227e+02 5.000000000000000000e+00
2.656999999999999886e+02 5.000000000000000000e+00
2.658000000000000114e+02 5.000000000000000000e+00
2.658999999999999773e+02 5.000000000000000000e+00
2.660000000000000000e+02 5.000000000000000000e+00
2.661000000000000227e+02 5.000000000000000000e+00
2.661999999999999886e+02 5.000000000000000000e+00
2.663000000000000114e+02 5.000000000000000000e+00
2.663999999999999773e+02 5.000000000000000000e+00
2.665000000000000000e+02 5.000000000000000000e+00
2.666000000000000227e+02 5.000000000000000000e+00
2.666999999999999886e+02 5.000000000000000000e+00
2.668000000000000114e+02 5.000000000000000000e+00
2.668999999999999773e+02 5.000000000000000000e+00
2.670000000000000000e+02 5.000000000000000000e+00
2.671000000000000227e+02 5.000000000000000000e+00
2.671999999999999886e+02 5.000000000000000000e+00
2.673000000000000114e+02 5.000000000000000000e+00
2.673999999999999773e+02 5.000000000000000000e+00
2.675000000000000000e+02 5.000000000000000000e+00
2.676000000000000227e+02 5.000000000000000000e+00
2.676999999999999886e+02 5.000000000000000000e+00
2.678000000000000114e+02 5.000000000000000000e+00
2.678999999999999773e+02 5.000000000000000000e+00
2.680000000000000000e+02 5.000000000000000000e+00
2.681000000000000227e+02 5.000000000000000000e+00
2.681999999999999886e+02 5.000000000000000000e+00
2.683000000000000114e+02 5.000000000000000000e+00
2.683999999999999773e+02 5.000000000000000000e+00
2.685000000000000000e+02 5.000000000000000000e+00
2.686000000000000227e+02 5.000000000000000000e+00
2.686999999999999886e+02 5.000000000000000000e+00
2.688000000000000114e+02 5.000000000000000000e+00
2.688999999999999773e+02 5.000000000000000000e+00
2.690000000000000000e+02 5.000000000000000000e+00
2.691000000000000227e+02 5.000000000000000000e+00
2.691999999999999886e+02 5.000000000000000000e+00
2.693000000000000114e+02 5.000000000000000000e+00
2.693999999999999773e+02 5.000000000000000000e+00
2.695000000000000000e+02 5.000000000000000000e+00
2.696000000000000227e+02 5.000000000000000000e+00
2.696999999999999886e+02 5.000000000000000000e+00
2.698000000000000114e+02 5.000000000000000000e+00
2.698999999999999773e+02 5.000000000000000000e+00
2.700000000000000000e+02 5.000000000000000000e+00
2.701000000000000227e+02 5.000000000000000000e+00
2.701999999999999886e+02 5.000000000000000000e+00
2.703000000000000114e+02 5.000000000000000000e+00
2.703999999999999773e+02 5.000000000000000000e+00
2.705000000000000000e+02 5.000000000000000000e+00
2.706000000000000227e+02 5.000000000000000000e+00
2.706999999999999886e+02 5.000000000000000000e+00
2.708000000000000114e+02 5.000000000000000000e+00
2.708999999999999773e+02 5.000000000000000000e+00
2.710000000000000000e+02 5.000000000000000000e+00
2.711000000000000227e+02 5.000000000000000000e+00
2.711999999999999886e+02 5.000000000000000000e+00
2.713000000000000114e+02 5.000000000000000000e+00
2.713999999999999773e+02 5.000000000000000000e+00
2.715000000000000000e+02 5.000000000000000000e+00
2.716000000000000227e+02 5.000000000000000000e+00
2.716999999999999886e+02 5.000000000000000000e+00
2.718000000000000114e+02 5.000000000000000000e+00
2.718999999999999773e+02 5.000000000000000000e+00
2.720000000000000000e+02 5.000000000000000000e+00
2.721000000000000227e+02 5.000000000000000000e+00
2.721999999999999886e+02 5.000000000000000000e+00
2.723000000000000114e+02 5.000000000000000000e+00
2.723999999999999773e+02 5.000000000000000000e+00
2.725000000000000000e+02 5.000000000000000000e+00
2.726000000000000227e+02 5.000000000000000000e+00
2.726999999999999886e+02 5.000000000000000000e+00
2.728000000000000114e+02 5.000000000000000000e+00
2.728999999999999773e+02 5.000000000000000000e+00
2.730000000000000000e+02 5.000000000000000000e+00
2.731000000000000227e+02 5.000000000000000000e+00
2.731999999999999886e+02 5.000000000000000000e+00
2.733000000000000114e+02 5.000000000000000000e+00
2.733999999999999773e+02 5.000000000000000000e+00
2.735000000000000000e+02 5.000000000000000000e+00
2.736000000000000227e+02 5.000000000000000000e+00
2.736999999999999886e+02 5.000000000000000000e+00
2.738000000000000114e+02 5.000000000000000000e+00
2.738999999999999773e+02 5.000000000000000000e+00
2.740000000000000000e+02 5.000000000000000000e+00
2.741000000000000227e+02 5.000000000000000000e+00
2.741999999999999886e+02 5.000000000000000000e+00
2.743000000000000114e+02 5.000000000000000000e+00
2.743999999999999773e+02 5.000000000000000000e+00
2.745000000000000000e+02 5.000000000000000000e+00
2.746000000000000227e+02 5.000000000000000000e+00
2.746999999999999886e+02 5.000000000000000000e+00
2.748000000000000114e+02 5.000000000000000000e+00
2.748999999999999773e+02 5.000000000000000000e+00
2.750000000000000000e+02 5.000000000000000000e+00
2.751000000000000227e+02 5.000000000000000000e+00
2.751999999999999886e+02 5.000000000000000000e+00
2.753000000000000114e+02 5.000000000000000000e+00
2.753999999999999773e+02 5.000000000000000000e+00
2.755000000000000000e+02 5.000000000000000000e+00
2.756000000000000227e+02 5.000000000000000000e+00
2.756999999999999886e+02 5.000000000000000000e+00
2.758000000000000114e+02 5.000000000000000000e+00
2.758999999999999773e+02 5.000000000000000000e+00
2.760000000000000000e+02 5.000000000000000000e+00
2.761000000000000227e+02 5.000000000000000000e+00
2.761999999999999886e+02 5.000000000000000000e+00
2.763000000000000114e+02 5.000000000000000000e+00
2.763999999999999773e+02 5.000000000000000000e+00
2.765000000000000000e+02 5.000000000000000000e+00
2.766000000000000227e+02 5.000000000000000000e+00
2.766999999999999886e+02 5.000000000000000000e+00
2.768000000000000114e+02 5.000000000000000000e+00
2.768999999999999773e+02 5.000000000000000000e+00
2.770000000000000000e+02 5.000000000000000000e+00
2.771000000000000227e+02 5.000000000000000000e+00
2.771999999999999886e+02 5.000000000000000000e+00
2.773000000000000114e+02 5.000000000000000000e+00
2.773999999999999773e+02 5.000000000000000000e+00
2.775000000000000000e+02 5.000000000000000000e+00
2.776000000000000227e+02 5.000000000000000000e+00
2.776999999999999886e+02 5.000000000000000000e+00
2.778000000000000114e+02 5.000000000000000000e+00
2.778999999999999773e+02 5.000000000000000000e+00
2.780000000000000000e+02 5.000000000000000000e+00
2.781000000000000227e+02 5.000000000000000000e+00
2.781999999999999886e+02 5.000000000000000000e+00
2.783000000000000114e+02 5.000000000000000000e+00
2.783999999999999773e+02 5.000000000000000000e+00
2.785000000000000000e+02 5.000000000000000000e+00
2.786000000000000227e+02 5.000000000000000000e+00
2.786999999999999886e+02 5.000000000000000000e+00
2.788000000000000114e+02 5.000000000000000000e+00
2.788999999999999773e+02 5.000000000000000000e+00
2.790000000000000000e+02 5.000000000000000000e+00
2.791000000000000227e+02 5.000000000000000000e+00
2.791999999999999886e+02 5.000000000000000000e+00
2.793000000000000114e+02 5.000000000000000000e+00
2.793999999999999773e+02 5.000000000000000000e+00
2.795000000000000000e+02 5.000000000000000000e+00
2.796000000000000227e+02 5.000000000000000000e+00
2.796999999999999886e+02 5.000000000000000000e+00
2.798000000000000114e+02 5.000000000000000000e+00
2.798999999999999773e+02 5.000000000000000000e+00
2.800000000000000000e+02 5.000000000000000000e+00
2.801000000000000227e+02 5.000000000000000000e+00
2.801999999999999886e+02 5.000000000000000000e+00
2.803000000000000114e+02 5.000000000000000000e+00
2.803999999999999773e+02 5.000000000000000000e+00
2.805000000000000000e+02 5.000000000000000000e+00
2.806000000000000227e+02 5.000000000000000000e+00
2.806999999999999886e+02 5.000000000000000000e+00
2.808000000000000114e+02 5.000000000000000000e+00
2.808999999999999773e+02 5.000000000000000000e+00
2.810000000000000000e+02 5.000000000000000000e+00
2.811000000000000227e+02 5.000000000000000000e+00
2.811999999999999886e+02 5.000000000000000000e+00
2.813000000000000114e+02 5.000000000000000000e+00
2.813999999999999773e+02 5.000000000000000000e+00
2.815000000000000000e+02 5.000000000000000000e+00
2.816000000000000227e+02 5.000000000000000000e+00
2.816999999999999886e+02 5.000000000000000000e+00
2.818000000000000114e+02 5.000000000000000000e+00
2.818999999999999773e+02 5.000000000000000000e+00
2.820000000000000000e+02 5.000000000000000000e+00
2.821000000000000227e+02 5.000000000000000000e+00
2.821999999999999886e+02 5.000000000000000000e+00
2.823000000000000114e+02 5.000000000000000000e+00
2.823999999999999773e+02 5.000000000000000000e+00
2.825000000000000000e+02 5.000000000000000000e+00
2.826000000000000227e+02 5.000000000000000000e+00
2.826999999999999886e+02 5.000000000000000000e+00
2.828000000000000114e+02 5.000000000000000000e+00
2.828999999999999773e+02 5.000000000000000000e+00
2.830000000000000000e+02 5.000000000000000000e+00
2.831000000000000227e+02 5.000000000000000000e+00
2.831999999999999886e+02 5.000000000000000000e+00
2.833000000000000114e+02 5.000000000000000000e+00
2.833999999999999773e+02 5.000000000000000000e+00
2.835000000000000000e+02 5.000000000000000000e+00
2.836000000000000227e+02 5.000000000000000000e+00
2.836999999999999886e+02 5.000000000000000000e+00
2.838000000000000114e+02 5.000000000000000000e+00
2.838999999999999773e+02 5.000000000000000000e+00
2.840000000000000000e+02 5.000000000000000000e+00
2.841000000000000227e+02 5.000000000000000000e+00
2.841999999999999886e+02 5.000000000000000000e+00
2.843000000000000114e+02 5.000000000000000000e+00
2.843999999999999773e+02 5.000000000000000000e+00
2.845000000000000000e+02 5.000000000000000000e+00
2.846000000000000227e+02 5.000000000000000000e+00
2.846999999999999886e+02 5.000000000000000000e+00
2.848000000000000114e+02 5.000000000000000000e+00
2.848999999999999773e+02 5.000000000000000000e+00
2.850000000000000000e+02 5.000000000000000000e+00
2.851000000000000227e+02 5.000000000000000000e+00
2.851999999999999886e+02 5.000000000000000000e+00
2.853000000000000114e+02 5.000000000000000000e+00
2.853999999999999773e+02 5.000000000000000000e+00
2.855000000000000000e+02 5.000000000000000000e+00
2.856000000000000227e+02 5.000000000000000000e+00
2.856999999999999886e+02 5.000000000000000000e+00
2.858000000000000114e+02 5.000000000000000000e+00
2.858999999999999773e+02 5.000000000000000000e+00
2.860000000000000000e+02 5.000000000000000000e+00
2.861000000000000227e+02 5.000000000000000000e+00
2.861999999999999886e+02 5.000000000000000000e+00
2.863000000000000114e+02 5.000000000000000000e+00
2.863999999999999773e+02 5.000000000000000000e+00
2.865000000000000000e+02 5.000000000000000000e+00
2.866000000000000227e+02 5.000000000000000000e+00
2.866999999999999886e+02 5.000000000000000000e+00
2.868000000000000114e+02 5.000000000000000000e+00
2.868999999999999773e+02 5.000000000000000000e+00
2.870000000000000000e+02 5.000000000000000000e+00
2.871000000000000227e+02 5.000000000000000000e+00
2.871999999999999886e+02 5.000000000000000000e+00
2.873000000000000114e+02 5.000000000000000000e+00
2.873999999999999773e+02 5.000000000000000000e+00
2.875000000000000000e+02 5.000000000000000000e+00
2.876000000000000227e+02 5.000000000000000000e+00
2.876999999999999886e+02 5.000000000000000000e+00
2.878000000000000114e+02 5.000000000000000000e+00
2.878999999999999773e+02 5.000000000000000000e+00
2.880000000000000000e+02 5.000000000000000000e+00
2.881000000000000227e+02 5.000000000000000000e+00
2.881999999999999886e+02 5.000000000000000000e+00
2.883000000000000114e+02 5.000000000000000000e+00
2.883999999999999773e+02 5.000000000000000000e+00
2.885000000000000000e+02 5.000000000000000000e+00
2.886000000000000227e+02 5.000000000000000000e+00
2.886999999999999886e+02 5.000000000000000000e+00
2.888000000000000114e+02 5.000000000000000000e+00
2.888999999999999773e+02 5.000000000000000000e+00
2.890000000000000000e+02 5.000000000000000000e+00
2.891000000000000227e+02 5.000000000000000000e+00
2.891999999999999886e+02 5.000000000000000000e+00
2.893000000000000114e+02 5.000000000000000000e+00
2.893999999999999773e+02 5.000000000000000000e+00
2.895000000000000000e+02 5.000000000000000000e+00
2.896000000000000227e+02 5.000000000000000000e+00
2.896999999999999886e+02 5.000000000000000000e+00
2.898000000000000114e+02 5.000000000000000000e+00
2.898999999999999773e+02 5.000000000000000000e+00
2.900000000000000000e+02 5.000000000000000000e+00
2.901000000000000227e+02 5.000000000000000000e+00
2.901999999999999886e+02 5.000000000000000000e+00
2.903000000000000114e+02 5.000000000000000000e+00
2.903999999999999773e+02 5.000000000000000000e+00
2.905000000000000000e+02 5.000000000000000000e+00
2.906000000000000227e+02 5.000000000000000000e+00
2.906999999999999886e+02 5.000000000000000000e+00
2.908000000000000114e+02 5.000000000000000000e+00
2.908999999999999773e+02 5.000000000000000000e+00
2.910000000000000000e+02 5.000000000000000000e+00
2.911000000000000227e+02 5.000000000000000000e+00
2.911999999999999886e+02 5.000000000000000000e+00
2.913000000000000114e+02 5.000000000000000000e+00
2.913999999999999773e+02 5.000000000000000000e+00
2.915000000000000000e+02 5.000000000000000000e+00
2.916000000000000227e+02 5.000000000000000000e+00
2.916999999999999886e+02 5.000000000000000000e+00
2.918000000000000114e+02 5.000000000000000000e+00
2.918999999999999773e+02 5.000000000000000000e+00
2.920000000000000000e+02 5.000000000000000000e+00
2.921000000000000227e+02 5.000000000000000000e+00
2.921999999999999886e+02 5.000000000000000000e+00
2.923000000000000114e+02 5.000000000000000000e+00
2.923999999999999773e+02 5.000000000000000000e+00
2.925000000000000000e+02 5.000000000000000000e+00
2.926000000000000227e+02 5.000000000000000000e+00
2.926999999999999886e+02 5.000000000000000000e+00
2.928000000000000114e+02 5.000000000000000000e+00
2.928999999999999773e+02 5.000000000000000000e+00
2.930000000000000000e+02 5.000000000000000000e+00
2.931000000000000227e+02 5.000000000000000000e+00
2.931999999999999886e+02 5.000000000000000000e+00
2.933000000000000114e+02 5.000000000000000000e+00
2.933999999999999773e+02 5.000000000000000000e+00
2.935000000000000000e+02 5.000000000000000000e+00
2.936000000000000227e+02 5.000000000000000000e+00
2.936999999999999886e+02 5.000000000000000000e+00
2.938000000000000114e+02 5.000000000000000000e+00
2.938999999999999773e+02 5.000000000000000000e+00
2.940000000000000000e+02 5.000000000000000000e+00
2.941000000000000227e+02 5.000000000000000000e+00
2.941999999999999886e+02 5.000000000000000000e+00
2.943000000000000114e+02 5.000000000000000000e+00
2.943999999999999773e+02 5.000000000000000000e+00
2.945000000000000000e+02 5.000000000000000000e+00
2.946000000000000227e+02 5.000000000000000000e+00
2.946999999999999886e+02 5.000000000000000000e+00
2.948000000000000114e+02 5.000000000000000000e+00
2.948999999999999773e+02 5.000000000000000000e+00
2.950000000000000000e+02 5.000000000000000000e+00
2.951000000000000227e+02 5.000000000000000000e+00
2.951999999999999886e+02 5.000000000000000000e+00
2.953000000000000114e+02 5.000000000000000000e+00
2.953999999999999773e+02 5.000000000000000000e+00
2.955000000000000000e+02 5.000000000000000000e+00
2.956000000000000227e+02 5.000000000000000000e+00
2.956999999999999886e+02 5.000000000000000000e+00
2.958000000000000114e+02 5.000000000000000000e+00
2.958999999999999773e+02 5.000000000000000000e+00
2.960000000000000000e+02 5.000000000000000000e+00
2.961000000000000227e+02 5.000000000000000000e+00
2.961999999999999886e+02 5.000000000000000000e+00
2.963000000000000114e+02 5.000000000000000000e+00
2.963999999999999773e+02 5.000000000000000000e+00
2.965000000000000000e+02 5.000000000000000000e+00
2.966000000000000227e+02 5.000000000000000000e+00
2.966999999999999886e+02 5.000000000000000000e+00
2.968000000000000114e+02 5.000000000000000000e+00
2.968999999999999773e+02 5.000000000000000000e+00
2.970000000000000000e+02 5.000000000000000000e+00
2.971000000000000227e+02 5.000000000000000000e+00
2.971999999999999886e+02 5.000000000000000000e+00
2.973000000000000114e+02 5.000000000000000000e+00
2.973999999999999773e+02 5.000000000000000000e+00
2.975000000000000000e+02 5.000000000000000000e+00
2.976000000000000227e+02 5.000000000000000000e+00
2.976999999999999886e+02 5.000000000000000000e+00
2.978000000000000114e+02 5.000000000000000000e+00
2.978999999999999773e+02 5.000000000000000000e+00
2.980000000000000000e+02 5.000000000000000000e+00
2.981000000000000227e+02 5.000000000000000000e+00
2.981999999999999886e+02 5.000000000000000000e+00
2.983000000000000114e+02 5.000000000000000000e+00
2.983999999999999773e+02 5.000000000000000000e+00
2.985000000000000000e+02 5.000000000000000000e+00
2.986000000000000227e+02 5.000000000000000000e+00
2.986999999999999886e+02 5.000000000000000000e+00
2.988000000000000114e+02 5.000000000000000000e+00
2.988999999999999773e+02 5.000000000000000000e+00
2.990000000000000000e+02 5.000000000000000000e+00
2.991000000000000227e+02 5.000000000000000000e+00
2.991999999999999886e+02 5.000000000000000000e+00
2.993000000000000114e+02 5.000000000000000000e+00
2.993999999999999773e+02 5.000000000000000000e+00
2.995000000000000000e+02 5.000000000000000000e+00
2.996000000000000227e+02 5.000000000000000000e+00
2.996999999999999886e+02 5.000000000000000000e+00
2.998000000000000114e+02 5.000000000000000000e+00
2.998999999999999773e+02 5.000000000000000000e+00
3.000000000000000000e+02 5.000000000000000000e+00
3.001000000000000227e+02 5.000000000000000000e+00
3.001999999999999886e+02 5.000000000000000000e+00
3.003000000000000114e+02 5.000000000000000000e+00
3.003999999999999773e+02 5.000000000000000000e+00
3.005000000000000000e+02 5.000000000000000000e+00
3.006000000000000227e+02 5.000000000000000000e+00
3.006999999999999886e+02 5.000000000000000000e+00
3.008000000000000114e+02 5.000000000000000000e+00
3.008999999999999773e+02 5.000000000000000000e+00
3.010000000000000000e+02 5.000000000000000000e+00
3.011000000000000227e+02 5.000000000000000000e+00
3.011999999999999886e+02 5.000000000000000000e+00
3.013000000000000114e+02 5.000000000000000000e+00
3.013999999999999773e+02 5.000000000000000000e+00
3.015000000000000000e+02 5.000000000000000000e+00
3.016000000000000227e+02 5.000000000000000000e+00
3.016999999999999886e+02 5.000000000000000000e+00
3.018000000000000114e+02 5.000000000000000000e+00
3.018999999999999773e+02 5.000000000000000000e+00
3.020000000000000000e+02 5.000000000000000000e+00
3.021000000000000227e+02 5.000000000000000000e+00
3.021999999999999886e+02 5.000000000000000000e+00
3.023000000000000114e+02 5.000000000000000000e+00
3.023999999999999773e+02 5.000000000000000000e+00
3.025000000000000000e+02 5.000000000000000000e+00
3.026000000000000227e+02 5.000000000000000000e+00
3.026999999999999886e+02 5.000000000000000000e+00
3.028000000000000114e+02 5.000000000000000000e+00
3.028999999999999773e+02 5.000000000000000000e+00
3.030000000000000000e+02 5.000000000000000000e+00
3.031000000000000227e+02 5.000000000000000000e+00
3.031999999999999886e+02 5.000000000000000000e+00
3.033000000000000114e+02 5.000000000000000000e+00
3.033999999999999773e+02 5.000000000000000000e+00
3.035000000000000000e+02 5.000000000000000000e+00
3.036000000000000227e+02 5.000000000000000000e+00
3.036999999999999886e+02 5.000000000000000000e+00
3.038000000000000114e+02 5.000000000000000000e+00
3.038999999999999773e+02 5.000000000000000000e+00
3.040000000000000000e+02 5.000000000000000000e+00
3.041000000000000227e+02 5.000000000000000000e+00
3.041999999999999886e+02 5.000000000000000000e+00
3.043000000000000114e+02 5.000000000000000000e+00
3.043999999999999773e+02 5.000000000000000000e+00
3.045000000000000000e+02 5.000000000000000000e+00
3.046000000000000227e+02 5.000000000000000000e+00
3.046999999999999886e+02 5.000000000000000000e+00
3.048000000000000114e+02 5.000000000000000000e+00
3.048999999999999773e+02 5.000000000000000000e+00
3.050000000000000000e+02 5.000000000000000000e+00
3.051000000000000227e+02 5.000000000000000000e+00
3.051999999999999886e+02 5.000000000000000000e+00
3.053000000000000114e+02 5.000000000000000000e+00
3.053999999999999773e+02 5.000000000000000000e+00
3.055000000000000000e+02 5.000000000000000000e+00
3.056000000000000227e+02 5.000000000000000000e+00
3.056999999999999886e+02 5.000000000000000000e+00
3.058000000000000114e+02 5.000000000000000000e+00
3.058999999999999773e+02 5.000000000000000000e+00
3.060000000000000000e+02 5.000000000000000000e+00
3.061000000000000227e+02 5.000000000000000000e+00
3.061999999999999886e+02 5.000000000000000000e+00
3.063000000000000114e+02 5.000000000000000000e+00
3.063999999999999773e+02 5.000000000000000000e+00
3.065000000000000000e+02 5.000000000000000000e+00
3.066000000000000227e+02 5.000000000000000000e+00
3.066999999999999886e+02 5.000000000000000000e+00
3.068000000000000114e+02 5.000000000000000000e+00
3.068999999999999773e+02 5.000000000000000000e+00
3.070000000000000000e+02 5.000000000000000000e+00
3.071000000000000227e+02 5.000000000000000000e+00
3.071999999999999886e+02 5.000000000000000000e+00
3.073000000000000114e+02 5.000000000000000000e+00
3.073999999999999773e+02 5.000000000000000000e+00
3.075000000000000000e+02 5.000000000000000000e+00
3.076000000000000227e+02 5.000000000000000000e+00
3.076999999999999886e+02 5.000000000000000000e+00
3.078000000000000114e+02 5.000000000000000000e+00
3.078999999999999773e+02 5.000000000000000000e+00
3.080000000000000000e+02 5.000000000000000000e+00
3.081000000000000227e+02 5.000000000000000000e+00
3.081999999999999886e+02 5.000000000000000000e+00
3.083000000000000114e+02 5.000000000000000000e+00
3.083999999999999773e+02 5.000000000000000000e+00
3.085000000000000000e+02 5.000000000000000000e+00
3.086000000000000227e+02 5.000000000000000000e+00
3.086999999999999886e+02 5.000000000000000000e+00
3.088000000000000114e+02 5.000000000000000000e+00
3.088999999999999773e+02 5.000000000000000000e+00
3.090000000000000000e+02 5.000000000000000000e+00
3.091000000000000227e+02 5.000000000000000000e+00
3.091999999999999886e+02 5.000000000000000000e+00
3.093000000000000114e+02 5.000000000000000000e+00
3.093999999999999773e+02 5.000000000000000000e+00
3.095000000000000000e+02 5.000000000000000000e+00
3.096000000000000227e+02 5.000000000000000000e+00
3.096999999999999886e+02 5.000000000000000000e+00
3.098000000000000114e+02 5.000000000000000000e+00
3.098999999999999773e+02 5.000000000000000000e+00
3.100000000000000000e+02 5.000000000000000000e+00
3.101000000000000227e+02 5.000000000000000000e+00
3.101999999999999886e+02 5.000000000000000000e+00
3.103000000000000114e+02 5.000000000000000000e+00
3.103999999999999773e+02 5.000000000000000000e+00
3.105000000000000000e+02 5.000000000000000000e+00
3.106000000000000227e+02 5.000000000000000000e+00
3.106999999999999886e+02 5.000000000000000000e+00
3.108000000000000114e+02 5.000000000000000000e+00
3.108999999999999773e+02 5.000000000000000000e+00
3.110000000000000000e+02 5.000000000000000000e+00
3.111000000000000227e+02 5.000000000000000000e+00
3.111999999999999886e+02 5.000000000000000000e+00
3.113000000000000114e+02 5.000000000000000000e+00
3.113999999999999773e+02 5.000000000000000000e+00
3.115000000000000000e+02 5.000000000000000000e+00
3.116000000000000227e+02 5.000000000000000000e+00
3.116999999999999886e+02 5.000000000000000000e+00
3.118000000000000114e+02 5.000000000000000000e+00
3.118999999999999773e+02 5.000000000000000000e+00
3.120000000000000000e+02 5.000000000000000000e+00
3.121000000000000227e+02 5.000000000000000000e+00
3.121999999999999886e+02 5.000000000000000000e+00
3.123000000000000114e+02 5.000000000000000000e+00
3.123999999999999773e+02 5.000000000000000000e+00
3.125000000000000000e+02 5.000000000000000000e+00
3.126000000000000227e+02 5.000000000000000000e+00
3.126999999999999886e+02 5.000000000000000000e+00
3.128000000000000114e+02 5.000000000000000000e+00
3.128999999999999773e+02 5.000000000000000000e+00
3.130000000000000000e+02 5.000000000000000000e+00
3.131000000000000227e+02 5.000000000000000000e+00
3.131999999999999886e+02 5.000000000000000000e+00
3.133000000000000114e+02 5.000000000000000000e+00
3.133999999999999773e+02 5.000000000000000000e+00
3.135000000000000000e+02 5.000000000000000000e+00
3.136000000000000227e+02 5.000000000000000000e+00
3.136999999999999886e+02 5.000000000000000000e+00
3.138000000000000114e+02 5.000000000000000000e+00
3.138999999999999773e+02 5.000000000000000000e+00
3.140000000000000000e+02 5.000000000000000000e+00
3.141000000000000227e+02 5.000000000000000000e+00
3.141999999999999886e+02 5.000000000000000000e+00
3.143000000000000114e+02 5.000000000000000000e+00
3.143999999999999773e+02 5.000000000000000000e+00
3.145000000000000000e+02 5.000000000000000000e+00
3.146000000000000227e+02 5.000000000000000000e+00
3.146999999999999886e+02 5.000000000000000000e+00
3.148000000000000114e+02 5.000000000000000000e+00
3.148999999999999773e+02 5.000000000000000000e+00
3.150000000000000000e+02 5.000000000000000000e+00
3.151000000000000227e+02 5.000000000000000000e+00
3.151999999999999886e+02 5.000000000000000000e+00
3.153000000000000114e+02 5.000000000000000000e+00
3.153999999999999773e+02 5.000000000000000000e+00
3.155000000000000000e+02 5.000000000000000000e+00
3.156000000000000227e+02 5.000000000000000000e+00
3.156999999999999886e+02 5.000000000000000000e+00
3.158000000000000114e+02 5.000000000000000000e+00
3.158999999999999773e+02 5.000000000000000000e+00
3.160000000000000000e+02 5.000000000000000000e+00
3.161000000000000227e+02 5.000000000000000000e+00
3.161999999999999886e+02 5.000000000000000000e+00
3.163000000000000114e+02 5.000000000000000000e+00
3.163999999999999773e+02 5.000000000000000000e+00
3.165000000000000000e+02 5.000000000000000000e+00
3.166000000000000227e+02 5.000000000000000000e+00
3.166999999999999886e+02 5.000000000000000000e+00
3.168000000000000114e+02 5.000000000000000000e+00
3.168999999999999773e+02 5.000000000000000000e+00
3.170000000000000000e+02 5.000000000000000000e+00
3.171000000000000227e+02 5.000000000000000000e+00
3.171999999999999886e+02 5.000000000000000000e+00
3.173000000000000114e+02 5.000000000000000000e+00
3.173999999999999773e+02 5.000000000000000000e+00
3.175000000000000000e+02 5.000000000000000000e+00
3.176000000000000227e+02 5.000000000000000000e+00
3.176999999999999886e+02 5.000000000000000000e+00
3.178000000000000114e+02 5.000000000000000000e+00
3.178999999999999773e+02 5.000000000000000000e+00
3.180000000000000000e+02 5.000000000000000000e+00
3.181000000000000227e+02 5.000000000000000000e+00
3.181999999999999886e+02 5.000000000000000000e+00
3.183000000000000114e+02 5.000000000000000000e+00
3.183999999999999773e+02 5.000000000000000000e+00
3.185000000000000000e+02 5.000000000000000000e+00
3.186000000000000227e+02 5.000000000000000000e+00
3.186999999999999886e+02 5.000000000000000000e+00
3.188000000000000114e+02 5.000000000000000000e+00
3.188999999999999773e+02 5.000000000000000000e+00
3.190000000000000000e+02 5.000000000000000000e+00
3.191000000000000227e+02 5.000000000000000000e+00
3.191999999999999886e+02 5.000000000000000000e+00
3.193000000000000114e+02 5.000000000000000000e+00
3.193999999999999773e+02 5.000000000000000000e+00
3.195000000000000000e+02 5.000000000000000000e+00
3.196000000000000227e+02 5.000000000000000000e+00
3.196999999999999886e+02 5.000000000000000000e+00
3.198000000000000114e+02 5.000000000000000000e+00
3.198999999999999773e+02 5.000000000000000000e+00
3.200000000000000000e+02 5.000000000000000000e+00
3.201000000000000227e+02 5.000000000000000000e+00
3.201999999999999886e+02 5.000000000000000000e+00
3.203000000000000114e+02 5.000000000000000000e+00
3.203999999999999773e+02 5.000000000000000000e+00
3.205000000000000000e+02 5.000000000000000000e+00
3.206000000000000227e+02 5.000000000000000000e+00
3.206999999999999886e+02 5.000000000000000000e+00
3.208000000000000114e+02 5.000000000000000000e+00
3.208999999999999773e+02 5.000000000000000000e+00
3.210000000000000000e+02 5.000000000000000000e+00
3.211000000000000227e+02 5.000000000000000000e+00
3.211999999999999886e+02 5.000000000000000000e+00
3.213000000000000114e+02 5.000000000000000000e+00
3.213999999999999773e+02 5.000000000000000000e+00
3.215000000000000000e+02 5.000000000000000000e+00
3.216000000000000227e+02 5.000000000000000000e+00
3.216999999999999886e+02 5.000000000000000000e+00
3.218000000000000114e+02 5.000000000000000000e+00
3.218999999999999773e+02 5.000000000000000000e+00
3.220000000000000000e+02 5.000000000000000000e+00
3.221000000000000227e+02 5.000000000000000000e+00
3.221999999999999886e+02 5.000000000000000000e+00
3.223000000000000114e+02 5.000000000000000000e+00
3.223999999999999773e+02 5.000000000000000000e+00
3.225000000000000000e+02 5.000000000000000000e+00
3.226000000000000227e+02 5.000000000000000000e+00
3.226999999999999886e+02 5.000000000000000000e+00
3.228000000000000114e+02 5.000000000000000000e+00
3.228999999999999773e+02 5.000000000000000000e+00
3.230000000000000000e+02 5.000000000000000000e+00
3.231000000000000227e+02 5.000000000000000000e+00
3.231999999999999886e+02 5.000000000000000000e+00
3.233000000000000114e+02 5.000000000000000000e+00
3.233999999999999773e+02 5.000000000000000000e+00
3.235000000000000000e+02 5.000000000000000000e+00
3.236000000000000227e+02 5.000000000000000000e+00
3.236999999999999886e+02 5.000000000000000000e+00
3.238000000000000114e+02 5.000000000000000000e+00
3.238999999999999773e+02 5.000000000000000000e+00
3.240000000000000000e+02 5.000000000000000000e+00
3.241000000000000227e+02 5.000000000000000000e+00
3.241999999999999886e+02 5.000000000000000000e+00
3.243000000000000114e+02 5.000000000000000000e+00
3.243999999999999773e+02 5.000000000000000000e+00
3.245000000000000000e+02 5.000000000000000000e+00
3.246000000000000227e+02 5.000000000000000000e+00
3.246999999999999886e+02 5.000000000000000000e+00
3.248000000000000114e+02 5.000000000000000000e+00
3.248999999999999773e+02 5.000000000000000000e+00
3.250000000000000000e+02 5.000000000000000000e+00
3.251000000000000227e+02 5.000000000000000000e+00
3.251999999999999886e+02 5.000000000000000000e+00
3.253000000000000114e+02 5.000000000000000000e+00
3.253999999999999773e+02 5.000000000000000000e+00
3.255000000000000000e+02 5.000000000000000000e+00
3.256000000000000227e+02 5.000000000000000000e+00
3.256999999999999886e+02 5.000000000000000000e+00
3.258000000000000114e+02 5.000000000000000000e+00
3.258999999999999773e+02 5.000000000000000000e+00
3.260000000000000000e+02 5.000000000000000000e+00
3.261000000000000227e+02 5.000000000000000000e+00
3.261999999999999886e+02 5.000000000000000000e+00
3.263000000000000114e+02 5.000000000000000000e+00
3.263999999999999773e+02 5.000000000000000000e+00
3.265000000000000000e+02 5.000000000000000000e+00
3.266000000000000227e+02 5.000000000000000000e+00
3.266999999999999886e+02 5.000000000000000000e+00
3.268000000000000114e+02 5.000000000000000000e+00
3.268999999999999773e+02 5.000000000000000000e+00
3.270000000000000000e+02 5.000000000000000000e+00
3.271000000000000227e+02 5.000000000000000000e+00
3.271999999999999886e+02 5.000000000000000000e+00
3.273000000000000114e+02 5.000000000000000000e+00
3.273999999999999773e+02 5.000000000000000000e+00
3.275000000000000000e+02 5.000000000000000000e+00
3.276000000000000227e+02 5.000000000000000000e+00
3.276999999999999886e+02 5.000000000000000000e+00
3.278000000000000114e+02 5.000000000000000000e+00
3.278999999999999773e+02 5.000000000000000000e+00
3.280000000000000000e+02 5.000000000000000000e+00
3.281000000000000227e+02 5.000000000000000000e+00
3.281999999999999886e+02 5.000000000000000000e+00
3.283000000000000114e+02 5.000000000000000000e+00
3.283999999999999773e+02 5.000000000000000000e+00
3.285000000000000000e+02 5.000000000000000000e+00
3.286000000000000227e+02 5.000000000000000000e+00
3.286999999999999886e+02 5.000000000000000000e+00
3.288000000000000114e+02 5.000000000000000000e+00
3.288999999999999773e+02 5.000000000000000000e+00
3.290000000000000000e+02 5.000000000000000000e+00
3.291000000000000227e+02 5.000000000000000000e+00
3.291999999999999886e+02 5.000000000000000000e+00
3.293000000000000114e+02 5.000000000000000000e+00
3.293999999999999773e+02 5.000000000000000000e+00
3.295000000000000000e+02 5.000000000000000000e+00
3.296000000000000227e+02 5.000000000000000000e+00
3.296999999999999886e+02 5.000000000000000000e+00
3.298000000000000114e+02 5.000000000000000000e+00
3.298999999999999773e+02 5.000000000000000000e+00
3.300000000000000000e+02 5.000000000000000000e+00
3.301000000000000227e+02 5.000000000000000000e+00
3.301999999999999886e+02 5.000000000000000000e+00
3.303000000000000114e+02 5.000000000000000000e+00
3.303999999999999773e+02 5.000000000000000000e+00
3.305000000000000000e+02 5.000000000000000000e+00
3.306000000000000227e+02 5.000000000000000000e+00
3.306999999999999886e+02 5.000000000000000000e+00
3.308000000000000114e+02 5.000000000000000000e+00
3.308999999999999773e+02 5.000000000000000000e+00
3.310000000000000000e+02 5.000000000000000000e+00
3.311000000000000227e+02 5.000000000000000000e+00
3.311999999999999886e+02 5.000000000000000000e+00
3.313000000000000114e+02 5.000000000000000000e+00
3.313999999999999773e+02 5.000000000000000000e+00
3.315000000000000000e+02 5.000000000000000000e+00
3.316000000000000227e+02 5.000000000000000000e+00
3.316999999999999886e+02 5.000000000000000000e+00
3.318000000000000114e+02 5.000000000000000000e+00
3.318999999999999773e+02 5.000000000000000000e+00
3.320000000000000000e+02 5.000000000000000000e+00
3.321000000000000227e+02 5.000000000000000000e+00
3.321999999999999886e+02 5.000000000000000000e+00
3.323000000000000114e+02 5.000000000000000000e+00
3.323999999999999773e+02 5.000000000000000000e+00
3.325000000000000000e+02 5.000000000000000000e+00
3.326000000000000227e+02 5.000000000000000000e+00
3.326999999999999886e+02 5.000000000000000000e+00
3.328000000000000114e+02 5.000000000000000000e+00
3.328999999999999773e+02 5.000000000000000000e+00
3.330000000000000000e+02 5.000000000000000000e+00
3.331000000000000227e+02 5.000000000000000000e+00
3.331999999999999886e+02 5.000000000000000000e+00
3.333000000000000114e+02 5.000000000000000000e+00
3.333999999999999773e+02 5.000000000000000000e+00
3.335000000000000000e+02 5.000000000000000000e+00
3.336000000000000227e+02 5.000000000000000000e+00
3.336999999999999886e+02 5.000000000000000000e+00
3.338000000000000114e+02 5.000000000000000000e+00
3.338999999999999773e+02 5.000000000000000000e+00
3.340000000000000000e+02 5.000000000000000000e+00
3.341000000000000227e+02 5.000000000000000000e+00
3.341999999999999886e+02 5.000000000000000000e+00
3.343000000000000114e+02 5.000000000000000000e+00
3.343999999999999773e+02 5.000000000000000000e+00
3.345000000000000000e+02 5.000000000000000000e+00
3.346000000000000227e+02 5.000000000000000000e+00
3.346999999999999886e+02 5.000000000000000000e+00
3.348000000000000114e+02 5.000000000000000000e+00
3.348999999999999773e+02 5.000000000000000000e+00
3.350000000000000000e+02 5.000000000000000000e+00
3.351000000000000227e+02 5.000000000000000000e+00
3.351999999999999886e+02 5.000000000000000000e+00
3.353000000000000114e+02 5.000000000000000000e+00
3.353999999999999773e+02 5.000000000000000000e+00
3.355000000000000000e+02 5.000000000000000000e+00
3.356000000000000227e+02 5.000000000000000000e+00
3.356999999999999886e+02 5.000000000000000000e+00
3.358000000000000114e+02 5.000000000000000000e+00
3.358999999999999773e+02 5.000000000000000000e+00
3.360000000000000000e+02 5.000000000000000000e+00
3.361000000000000227e+02 5.000000000000000000e+00
3.361999999999999886e+02 5.000000000000000000e+00
3.363000000000000114e+02 5.000000000000000000e+00
3.363999999999999773e+02 5.000000000000000000e+00
3.365000000000000000e+02 5.000000000000000000e+00
3.366000000000000227e+02 5.000000000000000000e+00
3.366999999999999886e+02 5.000000000000000000e+00
3.368000000000000114e+02 5.000000000000000000e+00
3.368999999999999773e+02 5.000000000000000000e+00
3.370000000000000000e+02 5.000000000000000000e+00
3.371000000000000227e+02 5.000000000000000000e+00
3.371999999999999886e+02 5.000000000000000000e+00
3.373000000000000114e+02 5.000000000000000000e+00
3.373999999999999773e+02 5.000000000000000000e+00
3.375000000000000000e+02 5.000000000000000000e+00
3.376000000000000227e+02 5.000000000000000000e+00
3.376999999999999886e+02 5.000000000000000000e+00
3.378000000000000114e+02 5.000000000000000000e+00
3.378999999999999773e+02 5.000000000000000000e+00
3.380000000000000000e+02 5.000000000000000000e+00
3.381000000000000227e+02 5.000000000000000000e+00
3.381999999999999886e+02 5.000000000000000000e+00
3.383000000000000114e+02 5.000000000000000000e+00
3.383999999999999773e+02 5.000000000000000000e+00
3.385000000000000000e+02 5.000000000000000000e+00
3.386000000000000227e+02 5.000000000000000000e+00
3.386999999999999886e+02 5.000000000000000000e+00
3.388000000000000114e+02 5.000000000000000000e+00
3.388999999999999773e+02 5.000000000000000000e+00
3.390000000000000000e+02 5.000000000000000000e+00
3.391000000000000227e+02 5.000000000000000000e+00
3.391999999999999886e+02 5.000000000000000000e+00
3.393000000000000114e+02 5.000000000000000000e+00
3.393999999999999773e+02 5.000000000000000000e+00
3.395000000000000000e+02 5.000000000000000000e+00
3.396000000000000227e+02 5.000000000000000000e+00
3.396999999999999886e+02 5.000000000000000000e+00
3.398000000000000114e+02 5.000000000000000000e+00
3.398999999999999773e+02 5.000000000000000000e+00
3.400000000000000000e+02 5.000000000000000000e+00
3.401000000000000227e+02 5.000000000000000000e+00
3.401999999999999886e+02 5.000000000000000000e+00
3.403000000000000114e+02 5.000000000000000000e+00
3.403999999999999773e+02 5.000000000000000000e+00
3.405000000000000000e+02 5.000000000000000000e+00
3.406000000000000227e+02 5.000000000000000000e+00
3.406999999999999886e+02 5.000000000000000000e+00
3.408000000000000114e+02 5.000000000000000000e+00
3.408999999999999773e+02 5.000000000000000000e+00
3.410000000000000000e+02 5.000000000000000000e+00
3.411000000000000227e+02 5.000000000000000000e+00
3.411999999999999886e+02 5.000000000000000000e+00
3.413000000000000114e+02 5.000000000000000000e+00
3.413999999999999773e+02 5.000000000000000000e+00
3.415000000000000000e+02 5.000000000000000000e+00
3.416000000000000227e+02 5.000000000000000000e+00
3.416999999999999886e+02 5.000000000000000000e+00
3.418000000000000114e+02 5.000000000000000000e+00
3.418999999999999773e+02 5.000000000000000000e+00
3.420000000000000000e+02 5.000000000000000000e+00
3.421000000000000227e+02 5.000000000000000000e+00
3.421999999999999886e+02 5.000000000000000000e+00
3.423000000000000114e+02 5.000000000000000000e+00
3.423999999999999773e+02 5.000000000000000000e+00
3.425000000000000000e+02 5.000000000000000000e+00
3.426000000000000227e+02 5.000000000000000000e+00
3.426999999999999886e+02 5.000000000000000000e+00
3.428000000000000114e+02 5.000000000000000000e+00
3.428999999999999773e+02 5.000000000000000000e+00
3.430000000000000000e+02 5.000000000000000000e+00
3.431000000000000227e+02 5.000000000000000000e+00
3.431999999999999886e+02 5.000000000000000000e+00
3.433000000000000114e+02 5.000000000000000000e+00
3.433999999999999773e+02 5.000000000000000000e+00
3.435000000000000000e+02 5.000000000000000000e+00
3.436000000000000227e+02 5.000000000000000000e+00
3.436999999999999886e+02 5.000000000000000000e+00
3.438000000000000114e+02 5.000000000000000000e+00
3.438999999999999773e+02 5.000000000000000000e+00
3.440000000000000000e+02 5.000000000000000000e+00
3.441000000000000227e+02 5.000000000000000000e+00
3.441999999999999886e+02 5.000000000000000000e+00
3.443000000000000114e+02 5.000000000000000000e+00
3.443999999999999773e+02 5.000000000000000000e+00
3.445000000000000000e+02 5.000000000000000000e+00
3.446000000000000227e+02 5.000000000000000000e+00
3.446999999999999886e+02 5.000000000000000000e+00
3.448000000000000114e+02 5.000000000000000000e+00
3.448999999999999773e+02 5.000000000000000000e+00
3.450000000000000000e+02 5.000000000000000000e+00
3.451000000000000227e+02 5.000000000000000000e+00
3.451999999999999886e+02 5.000000000000000000e+00
3.453000000000000114e+02 5.000000000000000000e+00
3.453999999999999773e+02 5.000000000000000000e+00
3.455000000000000000e+02 5.000000000000000000e+00
3.456000000000000227e+02 5.000000000000000000e+00
3.456999999999999886e+02 5.000000000000000000e+00
3.458000000000000114e+02 5.000000000000000000e+00
3.458999999999999773e+02 5.000000000000000000e+00
3.460000000000000000e+02 5.000000000000000000e+00
3.461000000000000227e+02 5.000000000000000000e+00
3.461999999999999886e+02 5.000000000000000000e+00
3.463000000000000114e+02 5.000000000000000000e+00
3.463999999999999773e+02 5.000000000000000000e+00
3.465000000000000000e+02 5.000000000000000000e+00
3.466000000000000227e+02 5.000000000000000000e+00
3.466999999999999886e+02 5.000000000000000000e+00
3.468000000000000114e+02 5.000000000000000000e+00
3.468999999999999773e+02 5.000000000000000000e+00
3.470000000000000000e+02 5.000000000000000000e+00
3.471000000000000227e+02 5.000000000000000000e+00
3.471999999999999886e+02 5.000000000000000000e+00
3.473000000000000114e+02 5.000000000000000000e+00
3.473999999999999773e+02 5.000000000000000000e+00
3.475000000000000000e+02 5.000000000000000000e+00
3.476000000000000227e+02 5.000000000000000000e+00
3.476999999999999886e+02 5.000000000000000000e+00
3.478000000000000114e+02 5.000000000000000000e+00
3.478999999999999773e+02 5.000000000000000000e+00
3.480000000000000000e+02 5.000000000000000000e+00
3.481000000000000227e+02 5.000000000000000000e+00
3.481999999999999886e+02 5.000000000000000000e+00
3.483000000000000114e+02 5.000000000000000000e+00
3.483999999999999773e+02 5.000000000000000000e+00
3.485000000000000000e+02 5.000000000000000000e+00
3.486000000000000227e+02 5.000000000000000000e+00
3.486999999999999886e+02 5.000000000000000000e+00
3.488000000000000114e+02 5.000000000000000000e+00
3.488999999999999773e+02 5.000000000000000000e+00
3.490000000000000000e+02 5.000000000000000000e+00
3.491000000000000227e+02 5.000000000000000000e+00
3.491999999999999886e+02 5.000000000000000000e+00
3.493000000000000114e+02 5.000000000000000000e+00
3.493999999999999773e+02 5.000000000000000000e+00
3.495000000000000000e+02 5.000000000000000000e+00
3.496000000000000227e+02 5.000000000000000000e+00
3.496999999999999886e+02 5.000000000000000000e+00
3.498000000000000114e+02 5.000000000000000000e+00
3.498999999999999773e+02 5.000000000000000000e+00
3.500000000000000000e+02 5.000000000000000000e+00
3.501000000000000227e+02 5.000000000000000000e+00
3.501999999999999886e+02 5.000000000000000000e+00
3.503000000000000114e+02 5.000000000000000000e+00
3.503999999999999773e+02 5.000000000000000000e+00
3.505000000000000000e+02 5.000000000000000000e+00
3.506000000000000227e+02 5.000000000000000000e+00
3.506999999999999886e+02 5.000000000000000000e+00
3.508000000000000114e+02 5.000000000000000000e+00
3.508999999999999773e+02 5.000000000000000000e+00
3.510000000000000000e+02 5.000000000000000000e+00
3.511000000000000227e+02 5.000000000000000000e+00
3.511999999999999886e+02 5.000000000000000000e+00
3.513000000000000114e+02 5.000000000000000000e+00
3.513999999999999773e+02 5.000000000000000000e+00
3.515000000000000000e+02 5.000000000000000000e+00
3.516000000000000227e+02 5.000000000000000000e+00
3.516999999999999886e+02 5.000000000000000000e+00
3.518000000000000114e+02 5.000000000000000000e+00
3.518999999999999773e+02 5.000000000000000000e+00
3.520000000000000000e+02 5.000000000000000000e+00
3.521000000000000227e+02 5.000000000000000000e+00
3.521999999999999886e+02 5.000000000000000000e+00
3.523000000000000114e+02 5.000000000000000000e+00
3.523999999999999773e+02 5.000000000000000000e+00
3.525000000000000000e+02 5.000000000000000000e+00
3.526000000000000227e+02 5.000000000000000000e+00
3.526999999999999886e+02 5.000000000000000000e+00
3.528000000000000114e+02 5.000000000000000000e+00
3.528999999999999773e+02 5.000000000000000000e+00
3.530000000000000000e+02 5.000000000000000000e+00
3.531000000000000227e+02 5.000000000000000000e+00
3.531999999999999886e+02 5.000000000000000000e+00
3.533000000000000114e+02 5.000000000000000000e+00
3.533999999999999773e+02 5.000000000000000000e+00
3.535000000000000000e+02 5.000000000000000000e+00
3.536000000000000227e+02 5.000000000000000000e+00
3.536999999999999886e+02 5.000000000000000000e+00
3.538000000000000114e+02 5.000000000000000000e+00
3.538999999999999773e+02 5.000000000000000000e+00
3.540000000000000000e+02 5.000000000000000000e+00
3.541000000000000227e+02 5.000000000000000000e+00
3.541999999999999886e+02 5.000000000000000000e+00
3.543000000000000114e+02 5.000000000000000000e+00
3.543999999999999773e+02 5.000000000000000000e+00
3.545000000000000000e+02 5.000000000000000000e+00
3.546000000000000227e+02 5.000000000000000000e+00
3.546999999999999886e+02 5.000000000000000000e+00
3.548000000000000114e+02 5.000000000000000000e+00
3.548999999999999773e+02 5.000000000000000000e+00
3.550000000000000000e+02 5.000000000000000000e+00
3.551000000000000227e+02 5.000000000000000000e+00
3.551999999999999886e+02 5.000000000000000000e+00
3.553000000000000114e+02 5.000000000000000000e+00
3.553999999999999773e+02 5.000000000000000000e+00
3.555000000000000000e+02 5.000000000000000000e+00
3.556000000000000227e+02 5.000000000000000000e+00
3.556999999999999886e+02 5.000000000000000000e+00
3.558000000000000114e+02 5.000000000000000000e+00
3.558999999999999773e+02 5.000000000000000000e+00
3.560000000000000000e+02 5.000000000000000000e+00
3.561000000000000227e+02 5.000000000000000000e+00
3.561999999999999886e+02 5.000000000000000000e+00
3.563000000000000114e+02 5.000000000000000000e+00
3.563999999999999773e+02 5.000000000000000000e+00
3.565000000000000000e+02 5.000000000000000000e+00
3.566000000000000227e+02 5.000000000000000000e+00
3.566999999999999886e+02 5.000000000000000000e+00
3.568000000000000114e+02 5.000000000000000000e+00
3.568999999999999773e+02 5.000000000000000000e+00
3.570000000000000000e+02 5.000000000000000000e+00
3.571000000000000227e+02 5.000000000000000000e+00
3.571999999999999886e+02 5.000000000000000000e+00
3.573000000000000114e+02 5.000000000000000000e+00
3.573999999999999773e+02 5.000000000000000000e+00
3.575000000000000000e+02 5.000000000000000000e+00
3.576000000000000227e+02 5.000000000000000000e+00
3.576999999999999886e+02 5.000000000000000000e+00
3.578000000000000114e+02 5.000000000000000000e+00
3.578999999999999773e+02 5.000000000000000000e+00
3.580000000000000000e+02 5.000000000000000000e+00
3.581000000000000227e+02 5.000000000000000000e+00
3.581999999999999886e+02 5.000000000000000000e+00
3.583000000000000114e+02 5.000000000000000000e+00
3.583999999999999773e+02 5.000000000000000000e+00
3.585000000000000000e+02 5.000000000000000000e+00
3.586000000000000227e+02 5.000000000000000000e+00
3.586999999999999886e+02 5.000000000000000000e+00
3.588000000000000114e+02 5.000000000000000000e+00
3.588999999999999773e+02 5.000000000000000000e+00
3.590000000000000000e+02 5.000000000000000000e+00
3.591000000000000227e+02 5.000000000000000000e+00
3.591999999999999886e+02 5.000000000000000000e+00
3.593000000000000114e+02 5.000000000000000000e+00
3.593999999999999773e+02 5.000000000000000000e+00
3.595000000000000000e+02 5.000000000000000000e+00
3.596000000000000227e+02 5.000000000000000000e+00
3.596999999999999886e+02 5.000000000000000000e+00
3.598000000000000114e+02 5.000000000000000000e+00
3.598999999999999773e+02 5.000000000000000000e+00
3.600000000000000000e+02 5.000000000000000000e+00
3.601000000000000227e+02 5.000000000000000000e+00
3.601999999999999886e+02 5.000000000000000000e+00
3.603000000000000114e+02 5.000000000000000000e+00
3.603999999999999773e+02 5.000000000000000000e+00
3.605000000000000000e+02 5.000000000000000000e+00
3.606000000000000227e+02 5.000000000000000000e+00
3.606999999999999886e+02 5.000000000000000000e+00
3.608000000000000114e+02 5.000000000000000000e+00
3.608999999999999773e+02 5.000000000000000000e+00
3.610000000000000000e+02 5.000000000000000000e+00
3.611000000000000227e+02 5.000000000000000000e+00
3.611999999999999886e+02 5.000000000000000000e+00
3.613000000000000114e+02 5.000000000000000000e+00
3.613999999999999773e+02 5.000000000000000000e+00
3.615000000000000000e+02 5.000000000000000000e+00
3.616000000000000227e+02 5.000000000000000000e+00
3.616999999999999886e+02 5.000000000000000000e+00
3.618000000000000114e+02 5.000000000000000000e+00
3.618999999999999773e+02 5.000000000000000000e+00
3.620000000000000000e+02 5.000000000000000000e+00
3.621000000000000227e+02 5.000000000000000000e+00
3.621999999999999886e+02 5.000000000000000000e+00
3.623000000000000114e+02 5.000000000000000000e+00
3.623999999999999773e+02 5.000000000000000000e+00
3.625000000000000000e+02 5.000000000000000000e+00
3.626000000000000227e+02 5.000000000000000000e+00
3.626999999999999886e+02 5.000000000000000000e+00
3.628000000000000114e+02 5.000000000000000000e+00
3.628999999999999773e+02 5.000000000000000000e+00
3.630000000000000000e+02 5.000000000000000000e+00
3.631000000000000227e+02 5.000000000000000000e+00
3.631999999999999886e+02 5.000000000000000000e+00
3.633000000000000114e+02 5.000000000000000000e+00
3.633999999999999773e+02 5.000000000000000000e+00
3.635000000000000000e+02 5.000000000000000000e+00
3.636000000000000227e+02 5.000000000000000000e+00
3.636999999999999886e+02 5.000000000000000000e+00
3.638000000000000114e+02 5.000000000000000000e+00
3.638999999999999773e+02 5.000000000000000000e+00
3.640000000000000000e+02 5.000000000000000000e+00
3.641000000000000227e+02 5.000000000000000000e+00
3.641999999999999886e+02 5.000000000000000000e+00
3.643000000000000114e+02 5.000000000000000000e+00
3.643999999999999773e+02 5.000000000000000000e+00
3.645000000000000000e+02 5.000000000000000000e+00
3.646000000000000227e+02 5.000000000000000000e+00
3.646999999999999886e+02 5.000000000000000000e+00
3.648000000000000114e+02 5.000000000000000000e+00
3.648999999999999773e+02 5.000000000000000000e+00
3.650000000000000000e+02 5.000000000000000000e+00
3.651000000000000227e+02 5.000000000000000000e+00
3.651999999999999886e+02 5.000000000000000000e+00
3.653000000000000114e+02 5.000000000000000000e+00
3.653999999999999773e+02 5.000000000000000000e+00
3.655000000000000000e+02 5.000000000000000000e+00
3.656000000000000227e+02 5.000000000000000000e+00
3.656999999999999886e+02 5.000000000000000000e+00
3.658000000000000114e+02 5.000000000000000000e+00
3.658999999999999773e+02 5.000000000000000000e+00
3.660000000000000000e+02 5.000000000000000000e+00
3.661000000000000227e+02 5.000000000000000000e+00
3.661999999999999886e+02 5.000000000000000000e+00
3.663000000000000114e+02 5.000000000000000000e+00
3.663999999999999773e+02 5.000000000000000000e+00
3.665000000000000000e+02 5.000000000000000000e+00
3.666000000000000227e+02 5.000000000000000000e+00
3.666999999999999886e+02 5.000000000000000000e+00
3.668000000000000114e+02 5.000000000000000000e+00
3.668999999999999773e+02 5.000000000000000000e+00
3.670000000000000000e+02 5.000000000000000000e+00
3.671000000000000227e+02 5.000000000000000000e+00
3.671999999999999886e+02 5.000000000000000000e+00
3.673000000000000114e+02 5.000000000000000000e+00
3.673999999999999773e+02 5.000000000000000000e+00
3.675000000000000000e+02 5.000000000000000000e+00
3.676000000000000227e+02 5.000000000000000000e+00
3.676999999999999886e+02 5.000000000000000000e+00
3.678000000000000114e+02 5.000000000000000000e+00
3.678999999999999773e+02 5.000000000000000000e+00
3.680000000000000000e+02 5.000000000000000000e+00
3.681000000000000227e+02 5.000000000000000000e+00
3.681999999999999886e+02 5.000000000000000000e+00
3.683000000000000114e+02 5.000000000000000000e+00
3.683999999999999773e+02 5.000000000000000000e+00
3.685000000000000000e+02 5.000000000000000000e+00
3.686000000000000227e+02 5.000000000000000000e+00
3.686999999999999886e+02 5.000000000000000000e+00
3.688000000000000114e+02 5.000000000000000000e+00
3.688999999999999773e+02 5.000000000000000000e+00
3.690000000000000000e+02 5.000000000000000000e+00
3.691000000000000227e+02 5.000000000000000000e+00
3.691999999999999886e+02 5.000000000000000000e+00
3.693000000000000114e+02 5.000000000000000000e+00
3.693999999999999773e+02 5.000000000000000000e+00
3.695000000000000000e+02 5.000000000000000000e+00
3.696000000000000227e+02 5.000000000000000000e+00
3.696999999999999886e+02 5.000000000000000000e+00
3.698000000000000114e+02 5.000000000000000000e+00
3.698999999999999773e+02 5.000000000000000000e+00
3.700000000000000000e+02 5.000000000000000000e+00
3.701000000000000227e+02 5.000000000000000000e+00
3.701999999999999886e+02 5.000000000000000000e+00
3.703000000000000114e+02 5.000000000000000000e+00
3.703999999999999773e+02 5.000000000000000000e+00
3.705000000000000000e+02 5.000000000000000000e+00
3.706000000000000227e+02 5.000000000000000000e+00
3.706999999999999886e+02 5.000000000000000000e+00
3.708000000000000114e+02 5.000000000000000000e+00
3.708999999999999773e+02 5.000000000000000000e+00
3.710000000000000000e+02 5.000000000000000000e+00
3.711000000000000227e+02 5.000000000000000000e+00
3.711999999999999886e+02 5.000000000000000000e+00
3.713000000000000114e+02 5.000000000000000000e+00
3.713999999999999773e+02 5.000000000000000000e+00
3.715000000000000000e+02 5.000000000000000000e+00
3.716000000000000227e+02 5.000000000000000000e+00
3.716999999999999886e+02 5.000000000000000000e+00
3.718000000000000114e+02 5.000000000000000000e+00
3.718999999999999773e+02 5.000000000000000000e+00
3.720000000000000000e+02 5.000000000000000000e+00
3.721000000000000227e+02 5.000000000000000000e+00
3.721999999999999886e+02 5.000000000000000000e+00
3.723000000000000114e+02 5.000000000000000000e+00
3.723999999999999773e+02 5.000000000000000000e+00
3.725000000000000000e+02 5.000000000000000000e+00
3.726000000000000227e+02 5.000000000000000000e+00
3.726999999999999886e+02 5.000000000000000000e+00
3.728000000000000114e+02 5.000000000000000000e+00
3.728999999999999773e+02 5.000000000000000000e+00
3.730000000000000000e+02 5.000000000000000000e+00
3.731000000000000227e+02 5.000000000000000000e+00
3.731999999999999886e+02 5.000000000000000000e+00
3.733000000000000114e+02 5.000000000000000000e+00
3.733999999999999773e+02 5.000000000000000000e+00
3.735000000000000000e+02 5.000000000000000000e+00
3.736000000000000227e+02 5.000000000000000000e+00
3.736999999999999886e+02 5.000000000000000000e+00
3.738000000000000114e+02 5.000000000000000000e+00
3.738999999999999773e+02 5.000000000000000000e+00
3.740000000000000000e+02 5.000000000000000000e+00
3.741000000000000227e+02 5.000000000000000000e+00
3.741999999999999886e+02 5.000000000000000000e+00
3.743000000000000114e+02 5.000000000000000000e+00
3.743999999999999773e+02 5.000000000000000000e+00
3.745000000000000000e+02 5.000000000000000000e+00
3.746000000000000227e+02 5.000000000000000000e+00
3.746999999999999886e+02 5.000000000000000000e+00
3.748000000000000114e+02 5.000000000000000000e+00
3.748999999999999773e+02 5.000000000000000000e+00
3.750000000000000000e+02 5.000000000000000000e+00
3.751000000000000227e+02 5.000000000000000000e+00
3.751999999999999886e+02 5.000000000000000000e+00
3.753000000000000114e+02 5.000000000000000000e+00
3.753999999999999773e+02 5.000000000000000000e+00
3.755000000000000000e+02 5.000000000000000000e+00
3.756000000000000227e+02 5.000000000000000000e+00
3.756999999999999886e+02 5.000000000000000000e+00
3.758000000000000114e+02 5.000000000000000000e+00
3.758999999999999773e+02 5.000000000000000000e+00
3.760000000000000000e+02 5.000000000000000000e+00
3.761000000000000227e+02 5.000000000000000000e+00
3.761999999999999886e+02 5.000000000000000000e+00
3.763000000000000114e+02 5.000000000000000000e+00
3.763999999999999773e+02 5.000000000000000000e+00
3.765000000000000000e+02 5.000000000000000000e+00
3.766000000000000227e+02 5.000000000000000000e+00
3.766999999999999886e+02 5.000000000000000000e+00
3.768000000000000114e+02 5.000000000000000000e+00
3.768999999999999773e+02 5.000000000000000000e+00
3.770000000000000000e+02 5.000000000000000000e+00
3.771000000000000227e+02 5.000000000000000000e+00
3.771999999999999886e+02 5.000000000000000000e+00
3.773000000000000114e+02 5.000000000000000000e+00
3.773999999999999773e+02 5.000000000000000000e+00
3.775000000000000000e+02 5.000000000000000000e+00
3.776000000000000227e+02 5.000000000000000000e+00
3.776999999999999886e+02 5.000000000000000000e+00
3.778000000000000114e+02 5.000000000000000000e+00
3.778999999999999773e+02 5.000000000000000000e+00
3.780000000000000000e+02 5.000000000000000000e+00
3.781000000000000227e+02 5.000000000000000000e+00
3.781999999999999886e+02 5.000000000000000000e+00
3.783000000000000114e+02 5.000000000000000000e+00
3.783999999999999773e+02 5.000000000000000000e+00
3.785000000000000000e+02 5.000000000000000000e+00
3.786000000000000227e+02 5.000000000000000000e+00
3.786999999999999886e+02 5.000000000000000000e+00
3.788000000000000114e+02 5.000000000000000000e+00
3.788999999999999773e+02 5.000000000000000000e+00
3.790000000000000000e+02 5.000000000000000000e+00
3.791000000000000227e+02 5.000000000000000000e+00
3.791999999999999886e+02 5.000000000000000000e+00
3.793000000000000114e+02 5.000000000000000000e+00
3.793999999999999773e+02 5.000000000000000000e+00
3.795000000000000000e+02 5.000000000000000000e+00
3.796000000000000227e+02 5.000000000000000000e+00
3.796999999999999886e+02 5.000000000000000000e+00
3.798000000000000114e+02 5.000000000000000000e+00
3.798999999999999773e+02 5.000000000000000000e+00
3.800000000000000000e+02 5.000000000000000000e+00
3.801000000000000227e+02 5.000000000000000000e+00
3.801999999999999886e+02 5.000000000000000000e+00
3.803000000000000114e+02 5.000000000000000000e+00
3.803999999999999773e+02 5.000000000000000000e+00
3.805000000000000000e+02 5.000000000000000000e+00
3.806000000000000227e+02 5.000000000000000000e+00
3.806999999999999886e+02 5.000000000000000000e+00
3.808000000000000114e+02 5.000000000000000000e+00
3.808999999999999773e+02 5.000000000000000000e+00
3.810000000000000000e+02 5.000000000000000000e+00
3.811000000000000227e+02 5.000000000000000000e+00
3.811999999999999886e+02 5.000000000000000000e+00
3.813000000000000114e+02 5.000000000000000000e+00
3.813999999999999773e+02 5.000000000000000000e+00
3.815000000000000000e+02 5.000000000000000000e+00
3.816000000000000227e+02 5.000000000000000000e+00
3.816999999999999886e+02 5.000000000000000000e+00
3.818000000000000114e+02 5.000000000000000000e+00
3.818999999999999773e+02 5.000000000000000000e+00
3.820000000000000000e+02 5.000000000000000000e+00
3.821000000000000227e+02 5.000000000000000000e+00
3.821999999999999886e+02 5.000000000000000000e+00
3.823000000000000114e+02 5.000000000000000000e+00
3.823999999999999773e+02 5.000000000000000000e+00
3.825000000000000000e+02 5.000000000000000000e+00
3.826000000000000227e+02 5.000000000000000000e+00
3.826999999999999886e+02 5.000000000000000000e+00
3.828000000000000114e+02 5.000000000000000000e+00
3.828999999999999773e+02 5.000000000000000000e+00
3.830000000000000000e+02 5.000000000000000000e+00
3.831000000000000227e+02 5.000000000000000000e+00
3.831999999999999886e+02 5.000000000000000000e+00
3.833000000000000114e+02 5.000000000000000000e+00
3.833999999999999773e+02 5.000000000000000000e+00
3.835000000000000000e+02 5.000000000000000000e+00
3.836000000000000227e+02 5.000000000000000000e+00
3.836999999999999886e+02 5.000000000000000000e+00
3.838000000000000114e+02 5.000000000000000000e+00
3.838999999999999773e+02 5.000000000000000000e+00
3.840000000000000000e+02 5.000000000000000000e+00
3.841000000000000227e+02 5.000000000000000000e+00
3.841999999999999886e+02 5.000000000000000000e+00
3.843000000000000114e+02 5.000000000000000000e+00
3.843999999999999773e+02 5.000000000000000000e+00
3.845000000000000000e+02 5.000000000000000000e+00
3.846000000000000227e+02 5.000000000000000000e+00
3.846999999999999886e+02 5.000000000000000000e+00
3.848000000000000114e+02 5.000000000000000000e+00
3.848999999999999773e+02 5.000000000000000000e+00
3.850000000000000000e+02 5.000000000000000000e+00
3.851000000000000227e+02 5.000000000000000000e+00
3.851999999999999886e+02 5.000000000000000000e+00
3.853000000000000114e+02 5.000000000000000000e+00
3.853999999999999773e+02 5.000000000000000000e+00
3.855000000000000000e+02 5.000000000000000000e+00
3.856000000000000227e+02 5.000000000000000000e+00
3.856999999999999886e+02 5.000000000000000000e+00
3.858000000000000114e+02 5.000000000000000000e+00
3.858999999999999773e+02 5.000000000000000000e+00
3.860000000000000000e+02 5.000000000000000000e+00
3.861000000000000227e+02 5.000000000000000000e+00
3.861999999999999886e+02 5.000000000000000000e+00
3.863000000000000114e+02 5.000000000000000000e+00
3.863999999999999773e+02 5.000000000000000000e+00
3.865000000000000000e+02 5.000000000000000000e+00
3.866000000000000227e+02 5.000000000000000000e+00
3.866999999999999886e+02 5.000000000000000000e+00
3.868000000000000114e+02 5.000000000000000000e+00
3.868999999999999773e+02 5.000000000000000000e+00
3.870000000000000000e+02 5.000000000000000000e+00
3.871000000000000227e+02 5.000000000000000000e+00
3.871999999999999886e+02 5.000000000000000000e+00
3.873000000000000114e+02 5.000000000000000000e+00
3.873999999999999773e+02 5.000000000000000000e+00
3.875000000000000000e+02 5.000000000000000000e+00
3.876000000000000227e+02 5.000000000000000000e+00
3.876999999999999886e+02 5.000000000000000000e+00
3.878000000000000114e+02 5.000000000000000000e+00
3.878999999999999773e+02 5.000000000000000000e+00
3.880000000000000000e+02 5.000000000000000000e+00
3.881000000000000227e+02 5.000000000000000000e+00
3.881999999999999886e+02 5.000000000000000000e+00
3.883000000000000114e+02 5.000000000000000000e+00
3.883999999999999773e+02 5.000000000000000000e+00
3.885000000000000000e+02 5.000000000000000000e+00
3.886000000000000227e+02 5.000000000000000000e+00
3.886999999999999886e+02 5.000000000000000000e+00
3.888000000000000114e+02 5.000000000000000000e+00
3.888999999999999773e+02 5.000000000000000000e+00
3.890000000000000000e+02 5.000000000000000000e+00
3.891000000000000227e+02 5.000000000000000000e+00
3.891999999999999886e+02 5.000000000000000000e+00
3.893000000000000114e+02 5.000000000000000000e+00
3.893999999999999773e+02 5.000000000000000000e+00
3.895000000000000000e+02 5.000000000000000000e+00
3.896000000000000227e+02 5.000000000000000000e+00
3.896999999999999886e+02 5.000000000000000000e+00
3.898000000000000114e+02 5.000000000000000000e+00
3.898999999999999773e+02 5.000000000000000000e+00
3.900000000000000000e+02 5.000000000000000000e+00
3.901000000000000227e+02 5.000000000000000000e+00
3.901999999999999886e+02 5.000000000000000000e+00
3.903000000000000114e+02 5.000000000000000000e+00
3.903999999999999773e+02 5.000000000000000000e+00
3.905000000000000000e+02 5.000000000000000000e+00
3.906000000000000227e+02 5.000000000000000000e+00
3.906999999999999886e+02 5.000000000000000000e+00
3.908000000000000114e+02 5.000000000000000000e+00
3.908999999999999773e+02 5.000000000000000000e+00
3.910000000000000000e+02 5.000000000000000000e+00
3.911000000000000227e+02 5.000000000000000000e+00
3.911999999999999886e+02 5.000000000000000000e+00
3.913000000000000114e+02 5.000000000000000000e+00
3.913999999999999773e+02 5.000000000000000000e+00
3.915000000000000000e+02 5.000000000000000000e+00
3.916000000000000227e+02 5.000000000000000000e+00
3.916999999999999886e+02 5.000000000000000000e+00
3.918000000000000114e+02 5.000000000000000000e+00
3.918999999999999773e+02 5.000000000000000000e+00
3.920000000000000000e+02 5.000000000000000000e+00
3.921000000000000227e+02 5.000000000000000000e+00
3.921999999999999886e+02 5.000000000000000000e+00
3.923000000000000114e+02 5.000000000000000000e+00
3.923999999999999773e+02 5.000000000000000000e+00
3.925000000000000000e+02 5.000000000000000000e+00
3.926000000000000227e+02 5.000000000000000000e+00
3.926999999999999886e+02 5.000000000000000000e+00
3.928000000000000114e+02 5.000000000000000000e+00
3.928999999999999773e+02 5.000000000000000000e+00
3.930000000000000000e+02 5.000000000000000000e+00
3.931000000000000227e+02 5.000000000000000000e+00
3.931999999999999886e+02 5.000000000000000000e+00
3.933000000000000114e+02 5.000000000000000000e+00
3.933999999999999773e+02 5.000000000000000000e+00
3.935000000000000000e+02 5.000000000000000000e+00
3.936000000000000227e+02 5.000000000000000000e+00
3.936999999999999886e+02 5.000000000000000000e+00
3.938000000000000114e+02 5.000000000000000000e+00
3.938999999999999773e+02 5.000000000000000000e+00
3.940000000000000000e+02 5.000000000000000000e+00
3.941000000000000227e+02 5.000000000000000000e+00
3.941999999999999886e+02 5.000000000000000000e+00
3.943000000000000114e+02 5.000000000000000000e+00
3.943999999999999773e+02 5.000000000000000000e+00
3.945000000000000000e+02 5.000000000000000000e+00
3.946000000000000227e+02 5.000000000000000000e+00
3.946999999999999886e+02 5.000000000000000000e+00
3.948000000000000114e+02 5.000000000000000000e+00
3.948999999999999773e+02 5.000000000000000000e+00
3.950000000000000000e+02 5.000000000000000000e+00
3.951000000000000227e+02 5.000000000000000000e+00
3.951999999999999886e+02 5.000000000000000000e+00
3.953000000000000114e+02 5.000000000000000000e+00
3.953999999999999773e+02 5.000000000000000000e+00
3.955000000000000000e+02 5.000000000000000000e+00
3.956000000000000227e+02 5.000000000000000000e+00
3.956999999999999886e+02 5.000000000000000000e+00
3.958000000000000114e+02 5.000000000000000000e+00
3.958999999999999773e+02 5.000000000000000000e+00
3.960000000000000000e+02 5.000000000000000000e+00
3.961000000000000227e+02 5.000000000000000000e+00
3.961999999999999886e+02 5.000000000000000000e+00
3.963000000000000114e+02 5.000000000000000000e+00
3.963999999999999773e+02 5.000000000000000000e+00
3.965000000000000000e+02 5.000000000000000000e+00
3.966000000000000227e+02 5.000000000000000000e+00
3.966999999999999886e+02 5.000000000000000000e+00
3.968000000000000114e+02 5.000000000000000000e+00
3.968999999999999773e+02 5.000000000000000000e+00
3.970000000000000000e+02 5.000000000000000000e+00
3.971000000000000227e+02 5.000000000000000000e+00
3.971999999999999886e+02 5.000000000000000000e+00
3.973000000000000114e+02 5.000000000000000000e+00
3.973999999999999773e+02 5.000000000000000000e+00
3.975000000000000000e+02 5.000000000000000000e+00
3.976000000000000227e+02 5.000000000000000000e+00
3.976999999999999886e+02 5.000000000000000000e+00
3.978000000000000114e+02 5.000000000000000000e+00
3.978999999999999773e+02 5.000000000000000000e+00
3.980000000000000000e+02 5.000000000000000000e+00
3.981000000000000227e+02 5.000000000000000000e+00
3.981999999999999886e+02 5.000000000000000000e+00
3.983000000000000114e+02 5.000000000000000000e+00
3.983999999999999773e+02 5.000000000000000000e+00
3.985000000000000000e+02 5.000000000000000000e+00
3.986000000000000227e+02 5.000000000000000000e+00
3.986999999999999886e+02 5.000000000000000000e+00
3.988000000000000114e+02 5.000000000000000000e+00
