0.000000000000000000e+00 4.449564971825248350e+00
1.000000014901161194e-01 5.025303787815180279e+00
2.000000029802322388e-01 3.108545291915500108e+00
3.000000119209289551e-01 3.954915451269063631e+00
4.000000059604644775e-01 4.314148368991436833e+00
5.000000000000000000e-01 4.769856993349486096e+00
6.000000238418579102e-01 6.395960993820946072e+00
6.999999880790710449e-01 4.301851645332850360e+00
8.000000119209289551e-01 4.387307206041775487e+00
8.999999761581420898e-01 5.939804692241053452e+00
1.000000000000000000e+00 4.144166777544033842e+00
1.100000023841857910e+00 3.604033126030295797e+00
1.200000047683715820e+00 4.817926557686553757e+00
1.299999952316284180e+00 3.927068746561946710e+00
1.399999976158142090e+00 4.575733299647130714e+00
1.500000000000000000e+00 3.074886741567057324e+00
1.600000023841857910e+00 4.850954217425463177e+00
1.700000047683715820e+00 4.118917820596387891e+00
1.799999952316284180e+00 8.458447161910864764e+00
1.899999976158142090e+00 4.219241023264409307e+00
2.000000000000000000e+00 5.201759381221467748e+00
2.099999904632568359e+00 4.099074165301892059e+00
2.200000047683715820e+00 5.948073517601422999e+00
2.299999952316284180e+00 4.451907176290661461e+00
2.400000095367431641e+00 7.629588147716376945e+00
2.500000000000000000e+00 1.181440119740889472e+01
2.599999904632568359e+00 1.033864263532474403e+01
2.700000047683715820e+00 1.069820602952706956e+01
2.799999952316284180e+00 8.677662538709970619e+00
2.900000095367431641e+00 1.017608785949249750e+01
3.000000000000000000e+00 8.963362324265425229e+00
3.099999904632568359e+00 9.403027738488365372e+00
3.200000047683715820e+00 8.640674226960234350e+00
3.299999952316284180e+00 9.393463826360825664e+00
3.400000095367431641e+00 6.586081986127002352e+00
3.500000000000000000e+00 8.810254505728980945e+00
3.599999904632568359e+00 7.617263682028156957e+00
3.700000047683715820e+00 7.091803355082073601e+00
3.799999952316284180e+00 9.035730614047515985e+00
3.900000095367431641e+00 1.034076453644894400e+01
4.000000000000000000e+00 8.104282556227243361e+00
4.099999904632568359e+00 6.817471520156570541e+00
4.199999809265136719e+00 6.525072924715297873e+00
4.300000190734863281e+00 6.881644345727831791e+00
4.400000095367431641e+00 8.929102460712620370e+00
4.500000000000000000e+00 7.573505488581253609e+00
4.599999904632568359e+00 6.833158959550156730e+00
4.699999809265136719e+00 6.773852128725133426e+00
4.800000190734863281e+00 7.092172898918548185e+00
4.900000095367431641e+00 6.646549713977541352e+00
5.000000000000000000e+00 1.113329385248281689e+01
5.099999904632568359e+00 8.272744116952855720e+00
5.199999809265136719e+00 7.069073607913485269e+00
5.300000190734863281e+00 7.504173092932455269e+00
5.400000095367431641e+00 6.103079734249022614e+00
5.500000000000000000e+00 6.066910826185391237e+00
5.599999904632568359e+00 5.871292213622070655e+00
5.699999809265136719e+00 7.956072951533990967e+00
5.800000190734863281e+00 6.678000030143845578e+00
5.900000095367431641e+00 6.581214447370526521e+00
6.000000000000000000e+00 5.970729563343110335e+00
6.099999904632568359e+00 8.081096585150508105e+00
6.199999809265136719e+00 5.237338817305101202e+00
6.300000190734863281e+00 4.789342386657865269e+00
6.400000095367431641e+00 7.485748733201448069e+00
6.500000000000000000e+00 9.340630435805874043e+00
6.599999904632568359e+00 7.944085899772477255e+00
6.699999809265136719e+00 4.657780617682861113e+00
6.800000190734863281e+00 6.133948573450139996e+00
6.900000095367431641e+00 9.763981071785854837e+00
7.000000000000000000e+00 6.234017649501846670e+00
7.099999904632568359e+00 7.835976337459786834e+00
7.199999809265136719e+00 8.913487910454207963e+00
7.300000190734863281e+00 9.800609583528538948e+00
7.400000095367431641e+00 8.191860616427664610e+00
7.500000000000000000e+00 8.921454612948013008e+00
7.599999904632568359e+00 9.587636102746698086e+00
7.699999809265136719e+00 9.439216086369059511e+00
7.800000190734863281e+00 1.116420570257843359e+01
7.900000095367431641e+00 1.098365803104721650e+01
8.000000000000000000e+00 7.468324311190682074e+00
8.100000381469726562e+00 1.144206766019859778e+01
8.199999809265136719e+00 8.959225101515125189e+00
8.300000190734863281e+00 7.652072876451306627e+00
8.399999618530273438e+00 1.084459800854007128e+01
8.500000000000000000e+00 1.224336574143831591e+01
8.600000381469726562e+00 1.048470537605973796e+01
8.699999809265136719e+00 9.927178209372401696e+00
8.800000190734863281e+00 1.111807167988201961e+01
8.899999618530273438e+00 1.347968900849975427e+01
9.000000000000000000e+00 1.006940160538415974e+01
9.100000381469726562e+00 7.392482159802317376e+00
9.199999809265136719e+00 1.230024966178587498e+01
9.300000190734863281e+00 7.948043938798569741e+00
9.399999618530273438e+00 6.740226766767168698e+00
9.500000000000000000e+00 6.178764866688287505e+00
9.600000381469726562e+00 8.469786337989594571e+00
9.699999809265136719e+00 7.583549038178692747e+00
9.800000190734863281e+00 8.349298506082208249e+00
9.899999618530273438e+00 1.055094657083506782e+01
1.000000000000000000e+01 9.908856998070136868e+00
1.010000038146972656e+01 7.469309677140880233e+00
1.019999980926513672e+01 6.367919903853303865e+00
1.030000019073486328e+01 6.772762813251723024e+00
1.039999961853027344e+01 5.166066335228136630e+00
1.050000000000000000e+01 7.104172704718095588e+00
1.060000038146972656e+01 3.714296760057342883e+00
1.069999980926513672e+01 4.805796642179161360e+00
1.080000019073486328e+01 6.226401591130131585e+00
1.089999961853027344e+01 7.923261847011699999e+00
1.100000000000000000e+01 9.752910478931797300e+00
1.110000038146972656e+01 7.253647934116647100e+00
1.119999980926513672e+01 6.866189617089287545e+00
1.130000019073486328e+01 4.942357604573949459e+00
1.139999961853027344e+01 5.554022671303989966e+00
1.150000000000000000e+01 6.781099383852658313e+00
1.160000038146972656e+01 8.403260058462992177e+00
1.169999980926513672e+01 1.258237540930290521e+01
1.180000019073486328e+01 8.912141135615545551e+00
1.189999961853027344e+01 1.214829904343518407e+01
1.200000000000000000e+01 8.265552294502814590e+00
1.210000038146972656e+01 5.382279232888866005e+00
1.219999980926513672e+01 7.500933084311285803e+00
1.230000019073486328e+01 9.447782618281934219e+00
1.239999961853027344e+01 6.136644532925563666e+00
1.250000000000000000e+01 7.555479742647923658e+00
1.260000038146972656e+01 3.164443254096316327e+00
1.269999980926513672e+01 5.319286719681321607e+00
1.280000019073486328e+01 4.772343873622729937e+00
1.289999961853027344e+01 5.715953741247864706e+00
1.300000000000000000e+01 4.384031426004034060e+00
1.310000038146972656e+01 4.860436494140379260e+00
1.319999980926513672e+01 4.325693067020677240e+00
1.330000019073486328e+01 4.455724913759646633e+00
1.339999961853027344e+01 4.188065007558311237e+00
1.350000000000000000e+01 2.723661438249846523e+00
1.360000038146972656e+01 4.209655230012241844e+00
1.369999980926513672e+01 5.611752856260805444e+00
1.380000019073486328e+01 4.147846228831537196e+00
1.389999961853027344e+01 4.735013236638362599e+00
1.400000000000000000e+01 4.203318133603373141e+00
1.410000038146972656e+01 3.335723437722362128e+00
1.419999980926513672e+01 5.256180134825690686e+00
1.430000019073486328e+01 5.206053993067947694e+00
1.439999961853027344e+01 6.986896208558929011e+00
1.450000000000000000e+01 8.123789880463172963e+00
1.460000038146972656e+01 6.090847376694279447e+00
1.469999980926513672e+01 6.274377908291921990e+00
1.480000019073486328e+01 4.908144514036830941e+00
1.489999961853027344e+01 4.636454152565939957e+00
1.500000000000000000e+01 5.304543741177489835e+00
1.510000038146972656e+01 5.519100684399766088e+00
1.519999980926513672e+01 5.012882543853880435e+00
1.530000019073486328e+01 8.060197357489212067e+00
1.539999961853027344e+01 5.110441813534810862e+00
1.550000000000000000e+01 6.755879627068596349e+00
1.560000038146972656e+01 3.594572430992293732e+00
1.569999980926513672e+01 3.632702245750602632e+00
1.580000019073486328e+01 6.053906361613179854e+00
1.589999961853027344e+01 6.128328392674228020e+00
1.600000000000000000e+01 5.995468829636933172e+00
1.610000038146972656e+01 5.432115040815286733e+00
1.620000076293945312e+01 8.818953703465380656e+00
1.629999923706054688e+01 5.677930865271175520e+00
1.639999961853027344e+01 6.065653182071628180e+00
1.650000000000000000e+01 5.718028048863804891e+00
1.660000038146972656e+01 7.887696933805492527e+00
1.670000076293945312e+01 7.564848404541730353e+00
1.679999923706054688e+01 5.764664984805633274e+00
1.689999961853027344e+01 4.665728027338845507e+00
1.700000000000000000e+01 5.543063532523619941e+00
1.710000038146972656e+01 4.369343114921488080e+00
1.720000076293945312e+01 6.821591461984500171e+00
1.729999923706054688e+01 8.054759385666637073e+00
1.739999961853027344e+01 7.586331769050770113e+00
1.750000000000000000e+01 6.602070920721160086e+00
1.760000038146972656e+01 9.042183284823318346e+00
1.770000076293945312e+01 8.567709318079897329e+00
1.779999923706054688e+01 9.166383552338773555e+00
1.789999961853027344e+01 8.224412058197643205e+00
1.800000000000000000e+01 7.731628390406803497e+00
1.810000038146972656e+01 6.226926225878560039e+00
1.820000076293945312e+01 1.045773746334294785e+01
1.829999923706054688e+01 6.865467453465628367e+00
1.839999961853027344e+01 4.438360236352755450e+00
1.850000000000000000e+01 7.163129550271611024e+00
1.860000038146972656e+01 4.885396466797496728e+00
1.870000076293945312e+01 9.825453854918990260e+00
1.879999923706054688e+01 7.507918141487611940e+00
1.889999961853027344e+01 8.111903296439697542e+00
1.900000000000000000e+01 1.228025255222721235e+01
1.910000038146972656e+01 8.118038996094780302e+00
1.920000076293945312e+01 1.158438277944329720e+01
1.929999923706054688e+01 9.482106990760364340e+00
1.939999961853027344e+01 1.145421884773746513e+01
1.950000000000000000e+01 1.048992892408832844e+01
1.960000038146972656e+01 1.266358411007701790e+01
1.970000076293945312e+01 1.975596740228406034e+01
1.979999923706054688e+01 3.517160188835736534e+01
1.989999961853027344e+01 2.300702233127970686e+01
2.000000000000000000e+01 3.307152694173171881e+01
2.010000038146972656e+01 9.457514390546219829e+01
2.020000076293945312e+01 6.690880317369395414e+01
2.029999923706054688e+01 6.476148422909224678e+01
2.039999961853027344e+01 5.761205476373830692e+01
2.050000000000000000e+01 5.986837775105429671e+01
2.060000038146972656e+01 6.004150480616002739e+01
2.070000076293945312e+01 5.827224822578454422e+01
2.079999923706054688e+01 1.144335836680255056e+02
2.089999961853027344e+01 6.143036999302788104e+01
2.100000000000000000e+01 7.969900468895956180e+01
2.110000038146972656e+01 7.196691320432590544e+01
2.120000076293945312e+01 1.143571286969476688e+02
2.129999923706054688e+01 1.144470364582721373e+02
2.139999961853027344e+01 6.374959552966740972e+01
2.150000000000000000e+01 5.347454625934931727e+01
2.160000038146972656e+01 1.017746970837950755e+02
2.170000076293945312e+01 9.736471032100047296e+01
2.179999923706054688e+01 9.969082326441765929e+01
2.189999961853027344e+01 8.300033212216270329e+01
2.200000000000000000e+01 7.958608147277219302e+01
2.210000038146972656e+01 8.528424011024637252e+01
2.220000076293945312e+01 9.108719517052269055e+01
2.229999923706054688e+01 9.423186283390266738e+01
2.239999961853027344e+01 8.967807924817265075e+01
2.250000000000000000e+01 1.082115756992465379e+02
2.260000038146972656e+01 8.173488655643453171e+01
2.270000076293945312e+01 8.679805959919804081e+01
2.279999923706054688e+01 6.172966139943181219e+01
2.289999961853027344e+01 6.439485718895669208e+01
2.300000000000000000e+01 6.373530743767112483e+01
2.310000038146972656e+01 7.132287616324262558e+01
2.320000076293945312e+01 5.522682287925380962e+01
2.329999923706054688e+01 5.501153374614529667e+01
2.339999961853027344e+01 6.882524655377029887e+01
2.350000000000000000e+01 7.468746168701471788e+01
2.360000038146972656e+01 7.292125351774954822e+01
2.370000076293945312e+01 6.755116116802081194e+01
2.379999923706054688e+01 7.205180756906447925e+01
2.389999961853027344e+01 7.979769904230563782e+01
2.400000000000000000e+01 7.133615333239997369e+01
2.410000038146972656e+01 8.324547914918373692e+01
2.420000076293945312e+01 1.059819020747470262e+02
2.429999923706054688e+01 7.520822665020067177e+01
2.439999961853027344e+01 8.517279882546210956e+01
2.450000000000000000e+01 7.406770190611979388e+01
2.460000038146972656e+01 7.253480937272811957e+01
2.470000076293945312e+01 7.675530461728560283e+01
2.479999923706054688e+01 8.664754946659030566e+01
2.489999961853027344e+01 7.865456390843446854e+01
2.500000000000000000e+01 7.930164175940305427e+01
2.510000038146972656e+01 6.292627007092442426e+01
2.520000076293945312e+01 7.538917696298319981e+01
2.529999923706054688e+01 8.485249978536678839e+01
2.539999961853027344e+01 1.085835858359321691e+02
2.550000000000000000e+01 1.173262578139574970e+02
2.560000038146972656e+01 1.074823240414443148e+02
2.570000076293945312e+01 1.207546200292593426e+02
2.579999923706054688e+01 1.110106496145615296e+02
2.589999961853027344e+01 1.238344051220082207e+02
2.600000000000000000e+01 1.000902485543988121e+02
2.610000038146972656e+01 7.984529698814613141e+01
2.620000076293945312e+01 8.240253763366254702e+01
2.629999923706054688e+01 1.042742722108221756e+02
2.639999961853027344e+01 9.141125574229894823e+01
2.650000000000000000e+01 9.872822428377483561e+01
2.660000038146972656e+01 9.289942020050149551e+01
2.670000076293945312e+01 9.997003367988376965e+01
2.679999923706054688e+01 9.873512103504434378e+01
2.689999961853027344e+01 9.899640287209321343e+01
2.700000000000000000e+01 1.170460727162185748e+02
2.710000038146972656e+01 7.606126273180468900e+01
2.720000076293945312e+01 7.494252216036282732e+01
2.729999923706054688e+01 7.116197923048505913e+01
2.739999961853027344e+01 7.310616687420390747e+01
2.750000000000000000e+01 7.909834659254595124e+01
2.760000038146972656e+01 7.223512109399941039e+01
2.770000076293945312e+01 5.384442930847556852e+01
2.779999923706054688e+01 6.023738022437716921e+01
2.789999961853027344e+01 6.788113701959441926e+01
2.800000000000000000e+01 5.107018694986921759e+01
2.810000038146972656e+01 5.415415512225667527e+01
2.820000076293945312e+01 4.871054408919409440e+01
2.829999923706054688e+01 6.835363797376642481e+01
2.839999961853027344e+01 7.131028878185813369e+01
2.850000000000000000e+01 7.792252884524172885e+01
2.860000038146972656e+01 7.196472763715841836e+01
2.870000076293945312e+01 7.428392988445366996e+01
2.879999923706054688e+01 7.195813244854235791e+01
2.889999961853027344e+01 8.367825877627244324e+01
2.900000000000000000e+01 9.313919257543855679e+01
2.910000038146972656e+01 4.754300073851504038e+01
2.920000076293945312e+01 8.252644694963076688e+01
2.929999923706054688e+01 8.492822784620310017e+01
2.939999961853027344e+01 7.061686100280935818e+01
2.950000000000000000e+01 7.449299858710423905e+01
2.960000038146972656e+01 9.294113516096760463e+01
2.970000076293945312e+01 9.395266774624835193e+01
2.979999923706054688e+01 7.224288276256190500e+01
2.989999961853027344e+01 5.455812131153626154e+01
3.000000000000000000e+01 6.769364398100854885e+01
3.010000038146972656e+01 8.073640798623081594e+01
3.020000076293945312e+01 6.010136282003065133e+01
3.029999923706054688e+01 5.217380561094962843e+01
3.039999961853027344e+01 4.928561304599855220e+01
3.050000000000000000e+01 4.505924408292991501e+01
3.060000038146972656e+01 3.514958534965771975e+01
3.070000076293945312e+01 2.584752237091490557e+01
3.079999923706054688e+01 3.765796507269881488e+01
3.089999961853027344e+01 4.113185455565989912e+01
3.100000000000000000e+01 4.372389622122782527e+01
3.110000038146972656e+01 4.980132657899268622e+01
3.120000076293945312e+01 6.092840504328687246e+01
3.129999923706054688e+01 9.196707702613346669e+01
3.139999961853027344e+01 5.442597620379659418e+01
3.150000000000000000e+01 4.549494036047103407e+01
3.160000038146972656e+01 6.221712937280113209e+01
3.170000076293945312e+01 7.658243928343217988e+01
3.179999923706054688e+01 6.500715856791680380e+01
3.189999961853027344e+01 9.394818784078937313e+01
3.200000000000000000e+01 8.009578783459086537e+01
3.209999847412109375e+01 9.964250011130086193e+01
3.220000076293945312e+01 1.103335636510174140e+02
3.229999923706054688e+01 8.809449483486838517e+01
3.240000152587890625e+01 9.072109567602916513e+01
3.250000000000000000e+01 8.725033203781991631e+01
3.259999847412109375e+01 8.880818968442146399e+01
3.270000076293945312e+01 1.167865019071575858e+02
3.279999923706054688e+01 7.710528381474475168e+01
3.290000152587890625e+01 1.038147051033044477e+02
3.300000000000000000e+01 9.825606286457536953e+01
3.309999847412109375e+01 9.209898235193847427e+01
3.320000076293945312e+01 7.269751235243728615e+01
3.329999923706054688e+01 6.608537396080953386e+01
3.340000152587890625e+01 5.725520912078844304e+01
3.350000000000000000e+01 5.267150005512317534e+01
3.359999847412109375e+01 4.741703087406824579e+01
3.370000076293945312e+01 5.857711795718808645e+01
3.379999923706054688e+01 6.124859174560370434e+01
3.390000152587890625e+01 6.502083408377333740e+01
3.400000000000000000e+01 5.244082189900655777e+01
3.409999847412109375e+01 3.351497323822567864e+01
3.420000076293945312e+01 3.336241226453402930e+01
3.429999923706054688e+01 3.102122287094412201e+01
3.440000152587890625e+01 3.282717148142475594e+01
3.450000000000000000e+01 3.325333952359434875e+01
3.459999847412109375e+01 2.430605553354821424e+01
3.470000076293945312e+01 2.878613341117022983e+01
3.479999923706054688e+01 1.875538990681760865e+01
3.490000152587890625e+01 2.049395888458360915e+01
3.500000000000000000e+01 1.663581601250276876e+01
3.509999847412109375e+01 2.115870957319159373e+01
3.520000076293945312e+01 1.600034757909846306e+01
3.529999923706054688e+01 1.928863433823221030e+01
3.540000152587890625e+01 1.969777530327156256e+01
3.550000000000000000e+01 1.699318205368586376e+01
3.559999847412109375e+01 1.444687254811271160e+01
3.570000076293945312e+01 1.617255747996616222e+01
3.579999923706054688e+01 1.275117481807901143e+01
3.590000152587890625e+01 1.540428628793867283e+01
3.600000000000000000e+01 1.584802686007710726e+01
3.609999847412109375e+01 1.955193509306101518e+01
3.620000076293945312e+01 1.362598149962804150e+01
3.629999923706054688e+01 1.563933815435331987e+01
3.640000152587890625e+01 1.792436657106077647e+01
3.650000000000000000e+01 1.325403158240420431e+01
3.659999847412109375e+01 1.240470084264704020e+01
3.670000076293945312e+01 1.197250386778454256e+01
3.679999923706054688e+01 1.361731722587430227e+01
3.690000152587890625e+01 1.207763989513433067e+01
3.700000000000000000e+01 1.128615164933613002e+01
3.709999847412109375e+01 1.080634929583513504e+01
3.720000076293945312e+01 8.076003266332810071e+00
3.729999923706054688e+01 9.781720719840633294e+00
3.740000152587890625e+01 8.875993670411199687e+00
3.750000000000000000e+01 8.624083660396756557e+00
3.759999847412109375e+01 9.405749828391423151e+00
3.770000076293945312e+01 1.076947780127819065e+01
3.779999923706054688e+01 9.096051957244283059e+00
3.790000152587890625e+01 9.134986565979296813e+00
3.800000000000000000e+01 6.970825193755114668e+00
3.809999847412109375e+01 1.013512235504585490e+01
3.820000076293945312e+01 7.910911845812319321e+00
3.829999923706054688e+01 9.135663092729744861e+00
3.840000152587890625e+01 7.816787014048343529e+00
3.850000000000000000e+01 1.029965027599866723e+01
3.859999847412109375e+01 8.130530587194671810e+00
3.870000076293945312e+01 1.001348757990152016e+01
3.879999923706054688e+01 8.863586868524583551e+00
3.890000152587890625e+01 9.429460342626576619e+00
3.900000000000000000e+01 1.092498568520768920e+01
3.909999847412109375e+01 1.022467457770829213e+01
3.920000076293945312e+01 7.539283029146698567e+00
3.929999923706054688e+01 8.971042776250259365e+00
3.940000152587890625e+01 1.217472527322700238e+01
3.950000000000000000e+01 1.030818376756245236e+01
3.959999847412109375e+01 1.028377441591318586e+01
3.970000076293945312e+01 1.142669236900207785e+01
3.979999923706054688e+01 1.088170972887165178e+01
3.990000152587890625e+01 1.047236206448878804e+01
4.000000000000000000e+01 7.739661245035419412e+00
4.009999847412109375e+01 1.038857484640246120e+01
4.020000076293945312e+01 7.651080773260160228e+00
4.029999923706054688e+01 1.063217330377399605e+01
4.040000152587890625e+01 8.839293507565779251e+00
4.050000000000000000e+01 1.023025534727249131e+01
4.059999847412109375e+01 9.482494695316599831e+00
4.070000076293945312e+01 1.058331534048825517e+01
4.079999923706054688e+01 8.613498657353716226e+00
4.090000152587890625e+01 8.293523195033126072e+00
4.100000000000000000e+01 1.280427820289794205e+01
4.109999847412109375e+01 1.473330043328191508e+01
4.120000076293945312e+01 1.075157082563242561e+01
4.129999923706054688e+01 8.681453246593097361e+00
4.140000152587890625e+01 7.298695163978452527e+00
4.150000000000000000e+01 8.835640464309570064e+00
4.159999847412109375e+01 7.941283628657726190e+00
4.170000076293945312e+01 8.205906166114436573e+00
4.179999923706054688e+01 1.021064127088683904e+01
4.190000152587890625e+01 1.096024450022331465e+01
4.200000000000000000e+01 1.052360501435273221e+01
4.209999847412109375e+01 1.114759844764377839e+01
4.220000076293945312e+01 9.873108094229840148e+00
4.229999923706054688e+01 1.371358374943605618e+01
4.240000152587890625e+01 9.111747013107832416e+00
4.250000000000000000e+01 9.744061248599908964e+00
4.259999847412109375e+01 1.079626863568074668e+01
4.270000076293945312e+01 1.110400419237238800e+01
4.279999923706054688e+01 1.147522102845776892e+01
4.290000152587890625e+01 1.145981239087963033e+01
4.300000000000000000e+01 1.183161615031040625e+01
4.309999847412109375e+01 1.056148581614653814e+01
4.320000076293945312e+01 9.946901506100752854e+00
4.329999923706054688e+01 9.982937644966737523e+00
4.340000152587890625e+01 7.932550313255796404e+00
4.350000000000000000e+01 1.107715124175265764e+01
4.359999847412109375e+01 7.889896224694511240e+00
4.370000076293945312e+01 1.168594736372203613e+01
4.379999923706054688e+01 1.277543068445627661e+01
4.390000152587890625e+01 1.290208379844762199e+01
4.400000000000000000e+01 1.409544902607114203e+01
4.409999847412109375e+01 1.490246730547598730e+01
4.420000076293945312e+01 1.106988509768767059e+01
4.429999923706054688e+01 1.058899178987226186e+01
4.440000152587890625e+01 1.090761655938812602e+01
4.450000000000000000e+01 1.093553870551843232e+01
4.459999847412109375e+01 1.269637229912259180e+01
4.470000076293945312e+01 1.557215145263109157e+01
4.479999923706054688e+01 1.013939305042880257e+01
4.490000152587890625e+01 1.242604668449717842e+01
4.500000000000000000e+01 1.169183675544520895e+01
4.509999847412109375e+01 1.368075876772527444e+01
4.520000076293945312e+01 1.650136638774911901e+01
4.529999923706054688e+01 1.062816383583928115e+01
4.540000152587890625e+01 1.334602799840952869e+01
4.550000000000000000e+01 1.139983324120321662e+01
4.559999847412109375e+01 1.341167064093215444e+01
4.570000076293945312e+01 9.652410610162032611e+00
4.579999923706054688e+01 1.138239885354739478e+01
4.590000152587890625e+01 1.008587527963255503e+01
4.600000000000000000e+01 6.879664092288459543e+00
4.609999847412109375e+01 7.854608254787510013e+00
4.620000076293945312e+01 9.833272502561484885e+00
4.629999923706054688e+01 1.301429783005426799e+01
4.640000152587890625e+01 1.005894233581512687e+01
4.650000000000000000e+01 1.362644826977836132e+01
4.659999847412109375e+01 1.328411837009352681e+01
4.670000076293945312e+01 1.135340791128800575e+01
4.679999923706054688e+01 1.088813185191629174e+01
4.690000152587890625e+01 8.720138280256282570e+00
4.700000000000000000e+01 1.009159215765056139e+01
4.709999847412109375e+01 5.975937406230119819e+00
4.720000076293945312e+01 8.168612508215490564e+00
4.729999923706054688e+01 7.934423169007865262e+00
4.740000152587890625e+01 9.452548809245866934e+00
4.750000000000000000e+01 1.277499426085941003e+01
4.759999847412109375e+01 1.203351183331897190e+01
4.770000076293945312e+01 1.169869781295474098e+01
4.779999923706054688e+01 1.337868971190586898e+01
4.790000152587890625e+01 1.335079787920632732e+01
4.800000000000000000e+01 1.471214102554546699e+01
4.809999847412109375e+01 6.388431238900575515e+00
4.820000076293945312e+01 1.028644270657376580e+01
4.829999923706054688e+01 9.763552399735965892e+00
4.840000152587890625e+01 8.712679548855131628e+00
4.850000000000000000e+01 8.320387208228309461e+00
4.859999847412109375e+01 1.113297118785405893e+01
4.870000076293945312e+01 1.002630734197833107e+01
4.879999923706054688e+01 1.172362323033313025e+01
4.890000152587890625e+01 9.987301520887093886e+00
4.900000000000000000e+01 1.213828473506537442e+01
4.909999847412109375e+01 1.214978206405325700e+01
4.920000076293945312e+01 9.252614320352847699e+00
4.929999923706054688e+01 1.107150475226342756e+01
4.940000152587890625e+01 9.385747198193747920e+00
4.950000000000000000e+01 9.391924011955209650e+00
4.959999847412109375e+01 9.433329489298195369e+00
4.970000076293945312e+01 1.030357669388142483e+01
4.979999923706054688e+01 1.107071369114135173e+01
4.990000152587890625e+01 1.088190799478838677e+01
5.000000000000000000e+01 1.341902403922324361e+01
5.009999847412109375e+01 1.170439522896787032e+01
5.020000076293945312e+01 1.220705137717377831e+01
5.029999923706054688e+01 1.193035660110361107e+01
5.040000152587890625e+01 1.174336072893552263e+01
5.050000000000000000e+01 1.266738553343546592e+01
5.059999847412109375e+01 1.218895802017408947e+01
5.070000076293945312e+01 1.210721979860225339e+01
5.079999923706054688e+01 1.444580876412662462e+01
5.090000152587890625e+01 1.454776042386966850e+01
5.100000000000000000e+01 1.373826679083061286e+01
5.109999847412109375e+01 1.233940160781920703e+01
5.120000076293945312e+01 1.220013113299595098e+01
5.129999923706054688e+01 1.204773477025044670e+01
5.140000152587890625e+01 1.168618365367507117e+01
5.150000000000000000e+01 1.083035537268400361e+01
5.159999847412109375e+01 1.025769813122468577e+01
5.170000076293945312e+01 1.428712932588925000e+01
5.179999923706054688e+01 2.437731096511469886e+01
5.190000152587890625e+01 1.672252720043891827e+01
5.200000000000000000e+01 1.934757789236847358e+01
5.209999847412109375e+01 1.947410359808480962e+01
5.220000076293945312e+01 1.703268057905736299e+01
5.229999923706054688e+01 1.726678966247816760e+01
5.240000152587890625e+01 1.262118139175582243e+01
5.250000000000000000e+01 2.034327069439261848e+01
5.259999847412109375e+01 1.940141293638546927e+01
5.270000076293945312e+01 1.649445837928537628e+01
5.279999923706054688e+01 1.772234191394464986e+01
5.290000152587890625e+01 2.010690893025035919e+01
5.300000000000000000e+01 1.672683082773423635e+01
5.309999847412109375e+01 1.702108911355116305e+01
5.320000076293945312e+01 1.535955297102241879e+01
5.329999923706054688e+01 1.458146022863702029e+01
5.340000152587890625e+01 1.246906831209462041e+01
5.350000000000000000e+01 1.285722576179368026e+01
5.359999847412109375e+01 1.990771290691418827e+01
5.370000076293945312e+01 1.441826036402980193e+01
5.379999923706054688e+01 1.570921914571557920e+01
5.390000152587890625e+01 1.384123852431087265e+01
5.400000000000000000e+01 1.359762784325362972e+01
5.409999847412109375e+01 1.180201714769537169e+01
5.420000076293945312e+01 1.231646278969314778e+01
5.429999923706054688e+01 1.319984332571219454e+01
5.440000152587890625e+01 1.192032183115338029e+01
5.450000000000000000e+01 1.276158406647724952e+01
5.459999847412109375e+01 1.327013427382261490e+01
5.470000076293945312e+01 1.386967165372537814e+01
5.479999923706054688e+01 1.404775864617500147e+01
5.490000152587890625e+01 1.256769540524158302e+01
5.500000000000000000e+01 1.260430789480138714e+01
5.509999847412109375e+01 1.255129265829990359e+01
5.520000076293945312e+01 1.388870558304618186e+01
5.529999923706054688e+01 1.343193443655631647e+01
5.540000152587890625e+01 1.168972312184624585e+01
5.550000000000000000e+01 1.072086019023905834e+01
5.559999847412109375e+01 1.378000078319727351e+01
5.570000076293945312e+01 1.070039629092290667e+01
5.579999923706054688e+01 1.081868943252640136e+01
5.590000152587890625e+01 1.135824565133326658e+01
5.600000000000000000e+01 1.049805311012704045e+01
5.609999847412109375e+01 1.148297109761265844e+01
5.620000076293945312e+01 1.362284987209212339e+01
5.629999923706054688e+01 1.097729102977729099e+01
5.640000152587890625e+01 1.128065666273922396e+01
5.650000000000000000e+01 1.156954126870527766e+01
5.659999847412109375e+01 1.179902320943542016e+01
5.670000076293945312e+01 9.398214348455359968e+00
5.679999923706054688e+01 8.667596129463390753e+00
5.690000152587890625e+01 1.098678270718273886e+01
5.700000000000000000e+01 1.082449527713156279e+01
5.709999847412109375e+01 9.272051593130244740e+00
5.720000076293945312e+01 8.484490171490818966e+00
5.729999923706054688e+01 8.918545874865586143e+00
5.740000152587890625e+01 9.926430865050242858e+00
5.750000000000000000e+01 1.245099671365925609e+01
5.759999847412109375e+01 9.309530137043816822e+00
5.770000076293945312e+01 8.724508437015435547e+00
5.779999923706054688e+01 1.164667250948067512e+01
5.790000152587890625e+01 1.181338616628240068e+01
5.800000000000000000e+01 1.043465441507825986e+01
5.809999847412109375e+01 9.262964702262811656e+00
5.820000076293945312e+01 9.452600208697781170e+00
5.829999923706054688e+01 9.862810139644210494e+00
5.840000152587890625e+01 1.030287527162426642e+01
5.850000000000000000e+01 1.337732780442885350e+01
5.859999847412109375e+01 1.262616129888024297e+01
5.870000076293945312e+01 1.026825728976846008e+01
5.879999923706054688e+01 1.147200851907435393e+01
5.890000152587890625e+01 1.130015512166238523e+01
5.900000000000000000e+01 1.127180967673646172e+01
5.909999847412109375e+01 1.266071780648258915e+01
5.920000076293945312e+01 1.258768993426369320e+01
5.929999923706054688e+01 9.508739284532264691e+00
5.940000152587890625e+01 8.857867565747810090e+00
5.950000000000000000e+01 1.264604446962252737e+01
5.959999847412109375e+01 9.484784123100771680e+00
5.970000076293945312e+01 1.182737726350555185e+01
5.979999923706054688e+01 1.276317004407450817e+01
5.990000152587890625e+01 1.007732677307579827e+01
6.000000000000000000e+01 1.472106125132456533e+01
6.009999847412109375e+01 1.131715392435013534e+01
6.020000076293945312e+01 1.019235260532060927e+01
6.029999923706054688e+01 1.067448036367081876e+01
6.040000152587890625e+01 1.284002282634896019e+01
6.050000000000000000e+01 1.529364284981863342e+01
6.059999847412109375e+01 1.231237782389278124e+01
6.070000076293945312e+01 1.142768996374856805e+01
6.079999923706054688e+01 9.828536857660337134e+00
6.090000152587890625e+01 8.225129839885592986e+00
6.100000000000000000e+01 1.101283522422767014e+01
6.109999847412109375e+01 1.102049422575173487e+01
6.120000076293945312e+01 1.153580826721466046e+01
6.129999923706054688e+01 1.094034569388990086e+01
6.140000152587890625e+01 1.252163251944435629e+01
6.150000000000000000e+01 1.082975907462066090e+01
6.159999847412109375e+01 1.216304729331806733e+01
6.170000076293945312e+01 1.026323020553113174e+01
6.179999923706054688e+01 1.165061809826783090e+01
6.190000152587890625e+01 1.077882018388519647e+01
6.200000000000000000e+01 1.066332160798772222e+01
6.209999847412109375e+01 1.069722772224781338e+01
6.220000076293945312e+01 1.143807666716849347e+01
6.229999923706054688e+01 8.746901544695020903e+00
6.240000152587890625e+01 1.029392095573621724e+01
6.250000000000000000e+01 8.914545401547476544e+00
6.259999847412109375e+01 8.871556796468471617e+00
6.270000076293945312e+01 9.179075506158161701e+00
6.279999923706054688e+01 1.255507540789100673e+01
6.290000152587890625e+01 1.146745081260403332e+01
6.300000000000000000e+01 9.040050574043439369e+00
6.309999847412109375e+01 8.645432401109227172e+00
6.320000076293945312e+01 1.184487767211170173e+01
6.329999923706054688e+01 1.186681708199862051e+01
6.340000152587890625e+01 8.474374868584595433e+00
6.350000000000000000e+01 1.515465272791348639e+01
6.359999847412109375e+01 1.525102592630565645e+01
6.370000076293945312e+01 1.728210335378794937e+01
6.379999923706054688e+01 2.196999827603566047e+01
6.390000152587890625e+01 3.237754222837098439e+01
6.400000000000000000e+01 2.929323204018864502e+01
6.409999847412109375e+01 2.564712174520446908e+01
6.419999694824218750e+01 3.744062134941184894e+01
6.430000305175781250e+01 4.876446038706451702e+01
6.440000152587890625e+01 4.904563469153820421e+01
6.450000000000000000e+01 5.441149510207520734e+01
6.459999847412109375e+01 4.655393321978857557e+01
6.469999694824218750e+01 4.381043745339312068e+01
6.480000305175781250e+01 4.143302855644805760e+01
6.490000152587890625e+01 4.308534358460746461e+01
6.500000000000000000e+01 3.650526261256239025e+01
6.509999847412109375e+01 4.648060678353500919e+01
6.519999694824218750e+01 4.725222503538386576e+01
6.530000305175781250e+01 3.826947762045254819e+01
6.540000152587890625e+01 3.266673588279655149e+01
6.550000000000000000e+01 3.890868136125411070e+01
6.559999847412109375e+01 5.223969787569735956e+01
6.569999694824218750e+01 7.042129242358093677e+01
6.580000305175781250e+01 7.146033389357751275e+01
6.590000152587890625e+01 7.848222542847204863e+01
6.600000000000000000e+01 6.907655709355802287e+01
6.609999847412109375e+01 5.281743781950219585e+01
6.619999694824218750e+01 6.225074212304103582e+01
6.630000305175781250e+01 6.910481916671713520e+01
6.640000152587890625e+01 6.347376237041031999e+01
6.650000000000000000e+01 6.177757902935884005e+01
6.659999847412109375e+01 6.202426101773367151e+01
6.669999694824218750e+01 5.515519622904877650e+01
6.680000305175781250e+01 4.936036349370853316e+01
6.690000152587890625e+01 4.080544541001216885e+01
6.700000000000000000e+01 4.777492843090632846e+01
6.709999847412109375e+01 8.188110588631161590e+01
6.719999694824218750e+01 8.598066971069329156e+01
6.730000305175781250e+01 1.027412323213729195e+02
6.740000152587890625e+01 9.786932178916775626e+01
6.750000000000000000e+01 9.878050878446877903e+01
6.759999847412109375e+01 8.512582173664139873e+01
6.769999694824218750e+01 8.727495706438196521e+01
6.780000305175781250e+01 8.115732791854605921e+01
6.790000152587890625e+01 9.273741739192415423e+01
6.800000000000000000e+01 7.526798842803474088e+01
6.809999847412109375e+01 7.106656227496364409e+01
6.819999694824218750e+01 6.384577816057606015e+01
6.830000305175781250e+01 7.074606776511291173e+01
6.840000152587890625e+01 7.261008415809253336e+01
6.850000000000000000e+01 6.820798628197988478e+01
6.859999847412109375e+01 6.366048701447047620e+01
6.869999694824218750e+01 5.883262591286352716e+01
6.880000305175781250e+01 6.558074051066157040e+01
6.890000152587890625e+01 6.113515314980136139e+01
6.900000000000000000e+01 6.440952799702880327e+01
6.909999847412109375e+01 5.732271189740202999e+01
6.919999694824218750e+01 6.857210960747391937e+01
6.930000305175781250e+01 7.401455133358238925e+01
6.940000152587890625e+01 7.983059762326499254e+01
6.950000000000000000e+01 7.699829913034503193e+01
6.959999847412109375e+01 4.567792346567634354e+01
6.969999694824218750e+01 5.141841878486366824e+01
6.980000305175781250e+01 4.692802474952282665e+01
6.990000152587890625e+01 4.102249698047836546e+01
7.000000000000000000e+01 4.075130941869291235e+01
7.009999847412109375e+01 5.208104968914577881e+01
7.019999694824218750e+01 5.117135712844680029e+01
7.030000305175781250e+01 5.662072776852032518e+01
7.040000152587890625e+01 4.876355171249138465e+01
7.050000000000000000e+01 5.675210322608282354e+01
7.059999847412109375e+01 4.065335852349513601e+01
7.069999694824218750e+01 4.311104024049073047e+01
7.080000305175781250e+01 5.191631614564728636e+01
7.090000152587890625e+01 3.921469635427716582e+01
7.100000000000000000e+01 4.562685646328511524e+01
7.109999847412109375e+01 3.384027594712172515e+01
7.119999694824218750e+01 4.586519129936789341e+01
7.130000305175781250e+01 5.555321940190506069e+01
7.140000152587890625e+01 4.275406291163895389e+01
7.150000000000000000e+01 4.255265728846243434e+01
7.159999847412109375e+01 9.116695091461306788e+01
7.169999694824218750e+01 8.609022106591633872e+01
7.180000305175781250e+01 4.048623773791659630e+01
7.190000152587890625e+01 8.702846049775966719e+01
7.200000000000000000e+01 8.907484709328707595e+01
7.209999847412109375e+01 9.366725641023452908e+01
7.219999694824218750e+01 1.018369764380658609e+02
7.230000305175781250e+01 9.898173343793800427e+01
7.240000152587890625e+01 8.706222203992072650e+01
7.250000000000000000e+01 8.008607775055430977e+01
7.259999847412109375e+01 7.332221895651662180e+01
7.269999694824218750e+01 7.564875238577027972e+01
7.280000305175781250e+01 8.311006907205913308e+01
7.290000152587890625e+01 9.320917230445610357e+01
7.300000000000000000e+01 9.151928259318077608e+01
7.309999847412109375e+01 9.136972594906312395e+01
7.319999694824218750e+01 5.009704615880556133e+01
7.330000305175781250e+01 5.556901845598459744e+01
7.340000152587890625e+01 5.125334615658589854e+01
7.350000000000000000e+01 5.909341565049744105e+01
7.359999847412109375e+01 6.078097209071811591e+01
7.369999694824218750e+01 6.788845090384714354e+01
7.380000305175781250e+01 6.562581773456216183e+01
7.390000152587890625e+01 5.909915170344016389e+01
7.400000000000000000e+01 6.449951270972537998e+01
7.409999847412109375e+01 5.928885626093831718e+01
7.419999694824218750e+01 4.905775763823197622e+01
7.430000305175781250e+01 4.812388519463591763e+01
7.440000152587890625e+01 8.012005239292022907e+01
7.450000000000000000e+01 7.627312600522479613e+01
7.459999847412109375e+01 5.092111761953955096e+01
7.469999694824218750e+01 6.296570370622971780e+01
7.480000305175781250e+01 4.823211007754234458e+01
7.490000152587890625e+01 4.826059230462458771e+01
7.500000000000000000e+01 5.151605994404744138e+01
7.509999847412109375e+01 6.503558039988546113e+01
7.519999694824218750e+01 5.513044298408399868e+01
7.530000305175781250e+01 5.352310602457252742e+01
7.540000152587890625e+01 4.806755233870105570e+01
7.550000000000000000e+01 5.065440528312934276e+01
7.559999847412109375e+01 6.774526036946146235e+01
7.569999694824218750e+01 6.929413019825118170e+01
7.580000305175781250e+01 7.054909180402445656e+01
7.590000152587890625e+01 5.389078470209785365e+01
7.600000000000000000e+01 8.944111328558479102e+01
7.609999847412109375e+01 7.946584671179221004e+01
7.619999694824218750e+01 9.080522316948213302e+01
7.630000305175781250e+01 7.792552646217178847e+01
7.640000152587890625e+01 6.805100407896502190e+01
7.650000000000000000e+01 7.568351130935899107e+01
7.659999847412109375e+01 4.957783277566022662e+01
7.669999694824218750e+01 4.090169336831245062e+01
7.680000305175781250e+01 4.121539649867155930e+01
7.690000152587890625e+01 4.450474096332567342e+01
7.700000000000000000e+01 4.645053707834648549e+01
7.709999847412109375e+01 4.919676430424132008e+01
7.719999694824218750e+01 4.192771522516568439e+01
7.730000305175781250e+01 2.452095497752076625e+01
7.740000152587890625e+01 1.856339891600318026e+01
7.750000000000000000e+01 2.898751224236294988e+01
7.759999847412109375e+01 3.885979355008642244e+01
7.769999694824218750e+01 6.301940393127288331e+01
7.780000305175781250e+01 5.429432129124408135e+01
7.790000152587890625e+01 8.874543908553691551e+01
7.800000000000000000e+01 9.112495524691318849e+01
7.809999847412109375e+01 8.422533465250155871e+01
7.819999694824218750e+01 8.966355868442826704e+01
7.830000305175781250e+01 8.114948138415002177e+01
7.840000152587890625e+01 9.685602911968724982e+01
7.850000000000000000e+01 8.666268045572016376e+01
7.859999847412109375e+01 8.875126779517877651e+01
7.869999694824218750e+01 9.701303529575676521e+01
7.880000305175781250e+01 8.961630476625212793e+01
7.890000152587890625e+01 5.188664367837829161e+01
7.900000000000000000e+01 7.700879337670160396e+01
7.909999847412109375e+01 6.591045686127590386e+01
7.919999694824218750e+01 6.920859317287126089e+01
7.930000305175781250e+01 7.895836059476984303e+01
7.940000152587890625e+01 7.441456038103073922e+01
7.950000000000000000e+01 8.927388373003539357e+01
7.959999847412109375e+01 7.150382773882826370e+01
7.969999694824218750e+01 9.697671255942118762e+01
7.980000305175781250e+01 7.994986568787406611e+01
7.990000152587890625e+01 8.189316083252614931e+01
8.000000000000000000e+01 7.300009276404455250e+01
8.009999847412109375e+01 7.457324331366166348e+01
8.019999694824218750e+01 6.542893907873539661e+01
8.030000305175781250e+01 6.471891277041046919e+01
8.040000152587890625e+01 6.684736294253920619e+01
8.050000000000000000e+01 6.529204076195433970e+01
8.059999847412109375e+01 6.880015375156577306e+01
8.069999694824218750e+01 7.049790923332217574e+01
8.080000305175781250e+01 6.632386927355295825e+01
8.090000152587890625e+01 6.419011289204819093e+01
8.100000000000000000e+01 7.078663517311198916e+01
8.109999847412109375e+01 6.502140994592843981e+01
8.119999694824218750e+01 6.916981084778110755e+01
8.130000305175781250e+01 6.393532835685137883e+01
8.140000152587890625e+01 6.447290930023615374e+01
8.150000000000000000e+01 7.007448651109845628e+01
8.159999847412109375e+01 5.971758776568092486e+01
8.169999694824218750e+01 6.641865935638251983e+01
8.180000305175781250e+01 6.108041352989136641e+01
8.190000152587890625e+01 6.371362549504078743e+01
8.200000000000000000e+01 6.641573480165473597e+01
8.209999847412109375e+01 6.622799672726058873e+01
8.219999694824218750e+01 5.982628449459249964e+01
8.230000305175781250e+01 6.361480934953222288e+01
8.240000152587890625e+01 5.201683230167470384e+01
8.250000000000000000e+01 5.529007267202125320e+01
8.259999847412109375e+01 6.490924781297941593e+01
8.269999694824218750e+01 7.824229681352818488e+01
8.280000305175781250e+01 8.677415553643653823e+01
8.290000152587890625e+01 5.997322732851379357e+01
8.300000000000000000e+01 7.761489743263827279e+01
8.309999847412109375e+01 6.881971376928073880e+01
8.319999694824218750e+01 6.125249007242273080e+01
8.330000305175781250e+01 4.135616066470697660e+01
8.340000152587890625e+01 4.836175051484318743e+01
8.350000000000000000e+01 9.595845953406214335e+01
8.359999847412109375e+01 5.853923329430935496e+01
8.369999694824218750e+01 5.912547509434608628e+01
8.380000305175781250e+01 6.376254816918358870e+01
8.390000152587890625e+01 6.281522440580364730e+01
8.400000000000000000e+01 7.212327654794360399e+01
8.409999847412109375e+01 8.299911153203237291e+01
8.419999694824218750e+01 1.026982227065451241e+02
8.430000305175781250e+01 8.873063719118040638e+01
8.440000152587890625e+01 7.726775970619615919e+01
8.450000000000000000e+01 9.023995177294197845e+01
8.459999847412109375e+01 9.949582761563802080e+01
8.469999694824218750e+01 6.209952301550764986e+01
8.480000305175781250e+01 8.289057723176387071e+01
8.490000152587890625e+01 9.261431391599374763e+01
8.500000000000000000e+01 9.248830524498043815e+01
8.509999847412109375e+01 6.777245836815373536e+01
8.519999694824218750e+01 9.823445073343960132e+01
8.530000305175781250e+01 9.570613177086906376e+01
8.540000152587890625e+01 9.204404492498436241e+01
8.550000000000000000e+01 4.802887155687017184e+01
8.559999847412109375e+01 8.919845621752284615e+01
8.569999694824218750e+01 6.677209864287385699e+01
8.580000305175781250e+01 6.596344221076779490e+01
8.590000152587890625e+01 6.299875876566741795e+01
8.600000000000000000e+01 7.308543876485610724e+01
8.609999847412109375e+01 6.969480370855696094e+01
8.619999694824218750e+01 7.289106415024770058e+01
8.630000305175781250e+01 8.120197727055399639e+01
8.640000152587890625e+01 8.599185222723200184e+01
8.650000000000000000e+01 9.575982060645759475e+01
8.659999847412109375e+01 9.706415595392762441e+01
8.669999694824218750e+01 8.408177241409370595e+01
8.680000305175781250e+01 9.750861687074973361e+01
8.690000152587890625e+01 1.097694218708856368e+02
8.700000000000000000e+01 6.175701475671414187e+01
8.709999847412109375e+01 6.809256635913047262e+01
8.719999694824218750e+01 5.660523628736209645e+01
8.730000305175781250e+01 1.018558831770319415e+02
8.740000152587890625e+01 9.173244675886985533e+01
8.750000000000000000e+01 9.658248874801999762e+01
8.759999847412109375e+01 8.580252784909765751e+01
8.769999694824218750e+01 6.686585722638216112e+01
8.780000305175781250e+01 4.626007016723221454e+01
8.790000152587890625e+01 3.495128777820465160e+01
8.800000000000000000e+01 4.905567114023585162e+01
8.809999847412109375e+01 5.065913055399639831e+01
8.819999694824218750e+01 8.688577235394036791e+01
8.830000305175781250e+01 5.723423751659839098e+01
8.840000152587890625e+01 9.033697099156107413e+01
8.850000000000000000e+01 5.804422361400511932e+01
8.859999847412109375e+01 7.123730165163833306e+01
8.869999694824218750e+01 1.039445319954241853e+02
8.880000305175781250e+01 8.955449267131233171e+01
8.890000152587890625e+01 7.464161137353877962e+01
8.900000000000000000e+01 6.991851777185198102e+01
8.909999847412109375e+01 8.315378560408208841e+01
8.919999694824218750e+01 8.904003639271333270e+01
8.930000305175781250e+01 8.253285671767596909e+01
8.940000152587890625e+01 7.797415313686545346e+01
8.950000000000000000e+01 1.004153123164954167e+02
8.959999847412109375e+01 8.496677811841790628e+01
8.969999694824218750e+01 6.741573589795214616e+01
8.980000305175781250e+01 7.139625581447819513e+01
8.990000152587890625e+01 6.582326056888898336e+01
9.000000000000000000e+01 6.713986647366240845e+01
9.009999847412109375e+01 7.323722338934726395e+01
9.019999694824218750e+01 6.982119095637716555e+01
9.030000305175781250e+01 7.823379812449648796e+01
9.040000152587890625e+01 8.030125977366512302e+01
9.050000000000000000e+01 3.802545816077088148e+01
9.059999847412109375e+01 3.571087458851864938e+01
9.069999694824218750e+01 3.883608533602287594e+01
9.080000305175781250e+01 4.641303345907573430e+01
9.090000152587890625e+01 3.751228824985617649e+01
9.100000000000000000e+01 3.934947326772464749e+01
9.109999847412109375e+01 5.207349978172634763e+01
9.119999694824218750e+01 5.156127376061408540e+01
9.130000305175781250e+01 5.025459870125090589e+01
9.140000152587890625e+01 5.085823260248233879e+01
9.150000000000000000e+01 4.573422787360981800e+01
9.159999847412109375e+01 3.471716290124840043e+01
9.169999694824218750e+01 3.082581344600236051e+01
9.180000305175781250e+01 2.191886094275340469e+01
9.190000152587890625e+01 2.877680870681843572e+01
9.200000000000000000e+01 3.044218440928023384e+01
9.209999847412109375e+01 1.986092945498743489e+01
9.219999694824218750e+01 1.562743735684526136e+01
9.230000305175781250e+01 1.848293347847861057e+01
9.240000152587890625e+01 1.897712685011653733e+01
9.250000000000000000e+01 2.211493752179814365e+01
9.259999847412109375e+01 1.585338597216070333e+01
9.269999694824218750e+01 1.471187238863179658e+01
9.280000305175781250e+01 1.447459337018207393e+01
9.290000152587890625e+01 1.535802160966787078e+01
9.300000000000000000e+01 1.277132321327920650e+01
9.309999847412109375e+01 1.530135208908155597e+01
9.319999694824218750e+01 1.386777982885918270e+01
9.330000305175781250e+01 1.483671449459055758e+01
9.340000152587890625e+01 1.893997003528102496e+01
9.350000000000000000e+01 1.728056068881345197e+01
9.359999847412109375e+01 1.611954288576071903e+01
9.369999694824218750e+01 1.500457383768567610e+01
9.380000305175781250e+01 1.604398335723141855e+01
9.390000152587890625e+01 1.898542739814564939e+01
9.400000000000000000e+01 1.671701341081726611e+01
9.409999847412109375e+01 1.470949860836624623e+01
9.419999694824218750e+01 1.511851815070935778e+01
9.430000305175781250e+01 1.380245531709918261e+01
9.440000152587890625e+01 1.405177554631672976e+01
9.450000000000000000e+01 1.434828261095142210e+01
9.459999847412109375e+01 1.306216254355331152e+01
9.469999694824218750e+01 1.456701351851583937e+01
9.480000305175781250e+01 1.301807587972209568e+01
9.490000152587890625e+01 1.352456731466302564e+01
9.500000000000000000e+01 1.325970371896978151e+01
9.509999847412109375e+01 1.247528974697645943e+01
9.519999694824218750e+01 1.222181357982588068e+01
9.530000305175781250e+01 1.255001286085474099e+01
9.540000152587890625e+01 1.376120877949370858e+01
9.550000000000000000e+01 1.445595528077993741e+01
9.559999847412109375e+01 1.708303135357439828e+01
9.569999694824218750e+01 1.467370085027286208e+01
9.580000305175781250e+01 1.215092483486691499e+01
9.590000152587890625e+01 1.304676751206122631e+01
9.600000000000000000e+01 1.378862283110726672e+01
9.609999847412109375e+01 1.371767163647997201e+01
9.619999694824218750e+01 1.611675370603574819e+01
9.630000305175781250e+01 1.388220977859369754e+01
9.640000152587890625e+01 1.437642881911976822e+01
9.650000000000000000e+01 1.593055565247815153e+01
9.659999847412109375e+01 1.442807367116797401e+01
9.669999694824218750e+01 1.250917120335078536e+01
9.680000305175781250e+01 1.204646518635687791e+01
9.690000152587890625e+01 1.431782182887005028e+01
9.700000000000000000e+01 2.032836096270463955e+01
9.709999847412109375e+01 1.893494740882181659e+01
9.719999694824218750e+01 1.710985669116786667e+01
9.730000305175781250e+01 1.556647704987542191e+01
9.740000152587890625e+01 1.571224635046339912e+01
9.750000000000000000e+01 1.592745342561082822e+01
9.759999847412109375e+01 1.562962155248126983e+01
9.769999694824218750e+01 1.420641366416129436e+01
9.780000305175781250e+01 1.316905323578608389e+01
9.790000152587890625e+01 1.442347622004716889e+01
9.800000000000000000e+01 1.278218757585382370e+01
9.809999847412109375e+01 1.269740992733092888e+01
9.819999694824218750e+01 1.129715926572246332e+01
9.830000305175781250e+01 1.290262681140427681e+01
9.840000152587890625e+01 1.043550708768973401e+01
9.850000000000000000e+01 1.310019798961292459e+01
9.859999847412109375e+01 1.207933076327605093e+01
9.869999694824218750e+01 1.103370598802490221e+01
9.880000305175781250e+01 1.074431317802145180e+01
9.890000152587890625e+01 1.187853294907791124e+01
9.900000000000000000e+01 1.350377793834964280e+01
9.909999847412109375e+01 1.809235681068253143e+01
9.919999694824218750e+01 1.519810220967067771e+01
9.930000305175781250e+01 2.152180846831445038e+01
9.940000152587890625e+01 2.015490800509999758e+01
9.950000000000000000e+01 1.447988234937362684e+01
9.959999847412109375e+01 1.562505102255585321e+01
9.969999694824218750e+01 1.785617851478954421e+01
9.980000305175781250e+01 1.703657444814272992e+01
9.990000152587890625e+01 1.376392647577841544e+01
1.000000000000000000e+02 1.246184397180220671e+01
1.000999984741210938e+02 1.233518558659274333e+01
1.001999969482421875e+02 1.405884691404396847e+01
1.003000030517578125e+02 1.464571462999475138e+01
1.004000015258789062e+02 1.591643128561652887e+01
1.005000000000000000e+02 1.409314710730539311e+01
1.005999984741210938e+02 1.530840092857050827e+01
1.006999969482421875e+02 1.207422316170147703e+01
1.008000030517578125e+02 1.228596982785210656e+01
1.009000015258789062e+02 1.492283098349207648e+01
1.010000000000000000e+02 1.573667040960537022e+01
1.010999984741210938e+02 1.597310058989832982e+01
1.011999969482421875e+02 1.678715143414219568e+01
1.013000030517578125e+02 1.677680548993338050e+01
1.014000015258789062e+02 1.829445735501338177e+01
1.015000000000000000e+02 1.386155142140401964e+01
1.015999984741210938e+02 1.173185236406279408e+01
1.016999969482421875e+02 1.137043421454607284e+01
1.018000030517578125e+02 1.293155829073801044e+01
1.019000015258789062e+02 1.272025407964898314e+01
1.020000000000000000e+02 1.169458340526493245e+01
1.020999984741210938e+02 1.270029838834031288e+01
1.021999969482421875e+02 1.042008500533704662e+01
1.023000030517578125e+02 1.267390219949846930e+01
1.024000015258789062e+02 1.168795461057445628e+01
1.025000000000000000e+02 1.327310135190181128e+01
1.025999984741210938e+02 1.483535627980870331e+01
1.026999969482421875e+02 1.497455062935754633e+01
1.028000030517578125e+02 1.368873274654626115e+01
1.029000015258789062e+02 1.150910465944463645e+01
1.030000000000000000e+02 1.192487921234065062e+01
1.030999984741210938e+02 1.011825838687924062e+01
1.031999969482421875e+02 1.274047428910156832e+01
1.033000030517578125e+02 1.493814283218907946e+01
1.034000015258789062e+02 1.582478172227434854e+01
1.035000000000000000e+02 1.501555863841111105e+01
1.035999984741210938e+02 1.571585350808155646e+01
1.036999969482421875e+02 1.255903618386712672e+01
1.038000030517578125e+02 1.263562940271184409e+01
1.039000015258789062e+02 1.387539769648083876e+01
1.040000000000000000e+02 1.760083640785886416e+01
1.040999984741210938e+02 1.556949746311578586e+01
1.041999969482421875e+02 1.574319131989013876e+01
1.043000030517578125e+02 1.621280425342348153e+01
1.044000015258789062e+02 1.421680611209449729e+01
1.045000000000000000e+02 1.549824690260014926e+01
1.045999984741210938e+02 1.286527680990737998e+01
1.046999969482421875e+02 1.254321518488738363e+01
1.048000030517578125e+02 1.110876915022463329e+01
1.049000015258789062e+02 1.095033519980310821e+01
1.050000000000000000e+02 1.060515981104326322e+01
1.050999984741210938e+02 1.093084186317302553e+01
1.051999969482421875e+02 1.844814372636202648e+01
1.053000030517578125e+02 1.001068214328144990e+01
1.054000015258789062e+02 1.108799950864236727e+01
1.055000000000000000e+02 1.044026261864592442e+01
1.055999984741210938e+02 1.139328956955301564e+01
1.056999969482421875e+02 1.191827219841891683e+01
1.058000030517578125e+02 1.432179206431196050e+01
1.059000015258789062e+02 1.550938355647112488e+01
1.060000000000000000e+02 1.619351618676329707e+01
1.060999984741210938e+02 1.492583064227764922e+01
1.061999969482421875e+02 1.810638059566881353e+01
1.063000030517578125e+02 1.341855260224835433e+01
1.064000015258789062e+02 1.178843086199795209e+01
1.065000000000000000e+02 1.092247588855771312e+01
1.065999984741210938e+02 1.183408720111874857e+01
1.066999969482421875e+02 1.121366259726356240e+01
1.068000030517578125e+02 1.004174757789567529e+01
1.069000015258789062e+02 1.052560140664984267e+01
1.070000000000000000e+02 1.106321347004658762e+01
1.070999984741210938e+02 1.137643544321297107e+01
1.071999969482421875e+02 1.313838099232776990e+01
1.073000030517578125e+02 1.126434608136800541e+01
1.074000015258789062e+02 1.095258502470663409e+01
1.075000000000000000e+02 1.228983123167691893e+01
1.075999984741210938e+02 1.532366749037038112e+01
1.076999969482421875e+02 1.126477781144923362e+01
1.078000030517578125e+02 1.214715749656964938e+01
1.079000015258789062e+02 1.472581409991539658e+01
1.080000000000000000e+02 1.374119042911521404e+01
1.080999984741210938e+02 1.292766086385088364e+01
1.081999969482421875e+02 1.242934094838213532e+01
1.083000030517578125e+02 1.092841535124519403e+01
1.084000015258789062e+02 1.033651925859663301e+01
1.085000000000000000e+02 1.223174485656810262e+01
1.085999984741210938e+02 1.217352193438620311e+01
1.086999969482421875e+02 1.110272570264364411e+01
1.088000030517578125e+02 1.141086049337760322e+01
1.089000015258789062e+02 1.272004734102396561e+01
1.090000000000000000e+02 1.498916580373779794e+01
1.090999984741210938e+02 1.383407680952214314e+01
1.091999969482421875e+02 1.212147533809155675e+01
1.093000030517578125e+02 1.471320041643157772e+01
1.094000015258789062e+02 1.579220028805658416e+01
1.095000000000000000e+02 1.619493256545799298e+01
1.095999984741210938e+02 1.718699812151325901e+01
1.096999969482421875e+02 1.099373128715551218e+01
1.098000030517578125e+02 1.166165109140258238e+01
1.099000015258789062e+02 1.199723336422818498e+01
1.100000000000000000e+02 1.162344813666029530e+01
1.100999984741210938e+02 1.095587939310167691e+01
1.101999969482421875e+02 1.305361645548882876e+01
1.103000030517578125e+02 1.204321069194790006e+01
1.104000015258789062e+02 1.062256452248166738e+01
1.105000000000000000e+02 1.132437063725238247e+01
1.105999984741210938e+02 1.069827130116632219e+01
1.106999969482421875e+02 1.113772346585759898e+01
1.108000030517578125e+02 1.239001749489689708e+01
1.109000015258789062e+02 1.219347589809110843e+01
1.110000000000000000e+02 1.221592349726260629e+01
1.110999984741210938e+02 1.163851886644823530e+01
1.111999969482421875e+02 1.115725429082200826e+01
1.113000030517578125e+02 1.196905057079284163e+01
1.114000015258789062e+02 1.162025961355566395e+01
1.115000000000000000e+02 9.832680907757412214e+00
1.115999984741210938e+02 1.085651532443742617e+01
1.116999969482421875e+02 1.053717645342294418e+01
1.118000030517578125e+02 8.943181275273488495e+00
1.119000015258789062e+02 1.056154441440405733e+01
1.120000000000000000e+02 1.192700157766787861e+01
1.120999984741210938e+02 1.261274430261908464e+01
1.121999969482421875e+02 1.476760785617774729e+01
1.123000030517578125e+02 1.393437085393426855e+01
1.124000015258789062e+02 1.361871614779116690e+01
1.125000000000000000e+02 1.170232916942856249e+01
1.125999984741210938e+02 1.208860562664017557e+01
1.126999969482421875e+02 1.173730869579706493e+01
1.128000030517578125e+02 9.593760950605203064e+00
1.129000015258789062e+02 8.843310710884882297e+00
1.130000000000000000e+02 1.155926567126427607e+01
1.130999984741210938e+02 1.417503132631655838e+01
1.131999969482421875e+02 1.342720087142552643e+01
1.133000030517578125e+02 1.561899461424570923e+01
1.134000015258789062e+02 1.441505570457098706e+01
1.135000000000000000e+02 1.507217384888410727e+01
1.135999984741210938e+02 1.425636878574841049e+01
1.136999969482421875e+02 1.245614751420010968e+01
1.138000030517578125e+02 1.366312603142331561e+01
1.139000015258789062e+02 1.510128394572148380e+01
1.140000000000000000e+02 1.441654078325200672e+01
1.140999984741210938e+02 1.497021593213849933e+01
1.141999969482421875e+02 1.519249324279008562e+01
1.143000030517578125e+02 1.278285127574051572e+01
1.144000015258789062e+02 1.497792968898304622e+01
1.145000000000000000e+02 1.493508493247453828e+01
1.145999984741210938e+02 1.293424727775173189e+01
1.146999969482421875e+02 1.206946228018276202e+01
1.148000030517578125e+02 1.247740400388692983e+01
1.149000015258789062e+02 1.190852686314107167e+01
1.150000000000000000e+02 1.205372014673308811e+01
1.150999984741210938e+02 1.258844840079566119e+01
1.151999969482421875e+02 1.345036978839110731e+01
1.153000030517578125e+02 1.396003031132420347e+01
1.154000015258789062e+02 1.225324450191847703e+01
1.155000000000000000e+02 1.371613816810801012e+01
1.155999984741210938e+02 1.371894043716771527e+01
1.156999969482421875e+02 1.388814365325109357e+01
1.158000030517578125e+02 1.222024017575414057e+01
1.159000015258789062e+02 1.068615160409042808e+01
1.160000000000000000e+02 1.264666222305651644e+01
1.160999984741210938e+02 1.348890737048310839e+01
1.161999969482421875e+02 1.373476927040672813e+01
1.163000030517578125e+02 1.849168803098420000e+01
1.164000015258789062e+02 1.289659791826836610e+01
1.165000000000000000e+02 1.281058970362584759e+01
1.165999984741210938e+02 1.231191264677297070e+01
1.166999969482421875e+02 1.401935940959576854e+01
1.168000030517578125e+02 1.167527137090102940e+01
1.169000015258789062e+02 1.310033665844587070e+01
1.170000000000000000e+02 1.188254297437717355e+01
1.170999984741210938e+02 1.217680620645280598e+01
1.171999969482421875e+02 1.004363300418948235e+01
1.173000030517578125e+02 1.103099802188167544e+01
1.174000015258789062e+02 1.010356905524454163e+01
1.175000000000000000e+02 1.348069768021428061e+01
1.175999984741210938e+02 1.328359963703419311e+01
1.176999969482421875e+02 1.712946458774352010e+01
1.178000030517578125e+02 1.201011697848747239e+01
1.179000015258789062e+02 1.331787328104345569e+01
1.180000000000000000e+02 1.287728618003966830e+01
1.180999984741210938e+02 1.087815782247518470e+01
1.181999969482421875e+02 1.133255366333670722e+01
1.183000030517578125e+02 1.053416885457022012e+01
1.184000015258789062e+02 1.190884450477770606e+01
1.185000000000000000e+02 1.262148858266983886e+01
1.185999984741210938e+02 1.405294107133316750e+01
1.186999969482421875e+02 1.647610499176318299e+01
1.188000030517578125e+02 1.395166211529892841e+01
1.189000015258789062e+02 1.170904340348950790e+01
1.190000000000000000e+02 1.400361339923634141e+01
1.190999984741210938e+02 1.355859775878368900e+01
1.191999969482421875e+02 1.563631651468910810e+01
1.193000030517578125e+02 1.613517956733803160e+01
1.194000015258789062e+02 1.272374740295058793e+01
1.195000000000000000e+02 1.340964009419901792e+01
1.195999984741210938e+02 1.135967390275630073e+01
1.196999969482421875e+02 1.524391155973391676e+01
1.198000030517578125e+02 1.454648204618210627e+01
1.199000015258789062e+02 1.636779500709871726e+01
1.200000000000000000e+02 1.245437298191549935e+01
1.200999984741210938e+02 1.347359874521004386e+01
1.201999969482421875e+02 1.281914254278924048e+01
1.203000030517578125e+02 1.338436924647047555e+01
1.204000015258789062e+02 1.210066673255546732e+01
1.205000000000000000e+02 1.559840256536518766e+01
1.205999984741210938e+02 1.279694248329216499e+01
1.206999969482421875e+02 1.548896960217207663e+01
1.208000030517578125e+02 1.222966265018328613e+01
1.209000015258789062e+02 1.278862218937802453e+01
1.210000000000000000e+02 1.364146235613615943e+01
1.210999984741210938e+02 1.138972790130211976e+01
1.211999969482421875e+02 1.004495023176902535e+01
1.213000030517578125e+02 9.716412776628411407e+00
1.214000015258789062e+02 1.021604393001259936e+01
1.215000000000000000e+02 9.605782071709290548e+00
1.215999984741210938e+02 9.831560993076903898e+00
1.216999969482421875e+02 1.079057768716283761e+01
1.218000030517578125e+02 1.403398639090016609e+01
1.219000015258789062e+02 1.324216928464095133e+01
1.220000000000000000e+02 1.382382270578834138e+01
1.220999984741210938e+02 1.536013201038161213e+01
1.221999969482421875e+02 1.232038434304479324e+01
1.223000030517578125e+02 1.396875463874734002e+01
1.224000015258789062e+02 1.431400603287137940e+01
1.225000000000000000e+02 1.170310941250640724e+01
1.225999984741210938e+02 1.256336234704065191e+01
1.226999969482421875e+02 1.497026232940247503e+01
1.228000030517578125e+02 1.393418936241085682e+01
1.229000015258789062e+02 9.531089740677472832e+00
1.230000000000000000e+02 1.184069484405184802e+01
1.230999984741210938e+02 1.045732141002627280e+01
1.231999969482421875e+02 1.153645771198978842e+01
1.233000030517578125e+02 1.248380409022874282e+01
1.234000015258789062e+02 1.264019160697971955e+01
1.235000000000000000e+02 1.335675444430850334e+01
1.235999984741210938e+02 1.398890631090826986e+01
1.236999969482421875e+02 1.212425408677349203e+01
1.238000030517578125e+02 1.309322225692751829e+01
1.239000015258789062e+02 9.955346878892743945e+00
1.240000000000000000e+02 1.272424260734232604e+01
1.240999984741210938e+02 1.095283946503886163e+01
1.241999969482421875e+02 9.697817411985601765e+00
1.243000030517578125e+02 1.355829936797764823e+01
1.244000015258789062e+02 1.330220666984054922e+01
1.245000000000000000e+02 1.405703883793039743e+01
1.245999984741210938e+02 1.084497666767658153e+01
1.246999969482421875e+02 1.450228482319206336e+01
1.248000030517578125e+02 1.254463322457129948e+01
1.249000015258789062e+02 1.398219567277884856e+01
1.250000000000000000e+02 1.253746860912898597e+01
1.250999984741210938e+02 1.236111795957985571e+01
1.251999969482421875e+02 1.371086865902572782e+01
1.253000030517578125e+02 1.044299376524256395e+01
1.254000015258789062e+02 1.005805282957722824e+01
1.255000000000000000e+02 1.312690886498498521e+01
1.255999984741210938e+02 1.259644212837378952e+01
1.256999969482421875e+02 1.141203099329694304e+01
1.258000030517578125e+02 1.379901744538759800e+01
1.259000015258789062e+02 1.186855972832643502e+01
1.260000000000000000e+02 1.085511695252162490e+01
1.260999984741210938e+02 1.137436537790003932e+01
1.261999969482421875e+02 1.059894312621662493e+01
1.263000030517578125e+02 1.101831147811561173e+01
1.264000015258789062e+02 1.178245684828872797e+01
1.265000000000000000e+02 1.183618270824286078e+01
1.265999984741210938e+02 1.152342775750424941e+01
1.266999969482421875e+02 1.136704049098519143e+01
1.268000030517578125e+02 1.271643845880824131e+01
1.269000015258789062e+02 1.068138748613541367e+01
1.270000000000000000e+02 1.234525747417265151e+01
1.270999984741210938e+02 1.204461039389144439e+01
1.271999969482421875e+02 1.210640683120454675e+01
1.273000030517578125e+02 1.364506266727043915e+01
1.274000015258789062e+02 1.196868162494449273e+01
1.275000000000000000e+02 1.158407065965015548e+01
1.275999984741210938e+02 1.210865012930387152e+01
1.276999969482421875e+02 1.142506825597429199e+01
1.278000030517578125e+02 1.519977143047272250e+01
1.279000015258789062e+02 1.133364647116774826e+01
1.280000000000000000e+02 1.469083751035805108e+01
1.281000061035156250e+02 1.286850220540289058e+01
1.281999969482421875e+02 1.128298964829690121e+01
1.283000030517578125e+02 1.036669823918548339e+01
1.283999938964843750e+02 1.229352507314822063e+01
1.285000000000000000e+02 1.168660363506442401e+01
1.286000061035156250e+02 1.478877934918124559e+01
1.286999969482421875e+02 1.388802072359064077e+01
1.288000030517578125e+02 1.234947692192661250e+01
1.288999938964843750e+02 1.439476442401762490e+01
1.290000000000000000e+02 1.665783732519660632e+01
1.291000061035156250e+02 1.397070998907977391e+01
1.291999969482421875e+02 1.685204437846590508e+01
1.293000030517578125e+02 1.503680926132423323e+01
1.293999938964843750e+02 1.313587521385404777e+01
1.295000000000000000e+02 1.490985722426731641e+01
1.296000061035156250e+02 1.237232720849262257e+01
1.296999969482421875e+02 1.276399362025930984e+01
1.298000030517578125e+02 1.380440951354983703e+01
1.298999938964843750e+02 1.577502356922809135e+01
1.300000000000000000e+02 1.514431379568616798e+01
1.301000061035156250e+02 1.475995872791339991e+01
1.301999969482421875e+02 1.450681737824248785e+01
1.303000030517578125e+02 1.634888404551005081e+01
1.303999938964843750e+02 1.656005435094753153e+01
1.305000000000000000e+02 1.590603879973772550e+01
1.306000061035156250e+02 1.445219164038512538e+01
1.306999969482421875e+02 1.880677220073613398e+01
1.308000030517578125e+02 2.084739364491291269e+01
1.308999938964843750e+02 1.620439487810019585e+01
1.310000000000000000e+02 1.677830626734015951e+01
1.311000061035156250e+02 1.447354455051044297e+01
1.311999969482421875e+02 1.434526354695327832e+01
1.313000030517578125e+02 1.321408283207866496e+01
1.313999938964843750e+02 1.374421363978079214e+01
1.315000000000000000e+02 1.325525639863812266e+01
1.316000061035156250e+02 1.183717365698476520e+01
1.316999969482421875e+02 1.265511308523183232e+01
1.318000030517578125e+02 1.258651484216866479e+01
1.318999938964843750e+02 1.298553445040197118e+01
1.320000000000000000e+02 1.225414900062385115e+01
1.321000061035156250e+02 1.198990745267367686e+01
1.321999969482421875e+02 1.320382374267385295e+01
1.323000030517578125e+02 1.505170876492089072e+01
1.323999938964843750e+02 2.076080507209256965e+01
1.325000000000000000e+02 1.906795760724021704e+01
1.326000061035156250e+02 3.310921160594597268e+01
1.326999969482421875e+02 4.339294865479072882e+01
1.328000030517578125e+02 3.415767652446463387e+01
1.328999938964843750e+02 3.273597978208653814e+01
1.330000000000000000e+02 4.106300852814880642e+01
1.331000061035156250e+02 4.219048440178131898e+01
1.331999969482421875e+02 4.040448555467589387e+01
1.333000030517578125e+02 5.696423160354007820e+01
1.333999938964843750e+02 6.905620813551882975e+01
1.335000000000000000e+02 5.676308743497276055e+01
1.336000061035156250e+02 6.106151990589758327e+01
1.336999969482421875e+02 6.270579535824355588e+01
1.338000030517578125e+02 6.282837870065631591e+01
1.338999938964843750e+02 5.483276583641611523e+01
1.340000000000000000e+02 1.002867546829488958e+02
1.341000061035156250e+02 3.722931527692315257e+01
1.341999969482421875e+02 3.810443253348671533e+01
1.343000030517578125e+02 4.228320248142255622e+01
1.343999938964843750e+02 2.967937843170144063e+01
1.345000000000000000e+02 3.767836013045311461e+01
1.346000061035156250e+02 3.588140049455887493e+01
1.346999969482421875e+02 2.699943566518932769e+01
1.348000030517578125e+02 2.443784895813868019e+01
1.348999938964843750e+02 2.481519244591768469e+01
1.350000000000000000e+02 3.189658395696254090e+01
1.351000061035156250e+02 8.341607467543427390e+01
1.351999969482421875e+02 9.261959662463564769e+01
1.353000030517578125e+02 2.808201412848691092e+01
1.353999938964843750e+02 2.902331149568621527e+01
1.355000000000000000e+02 2.427275449070930691e+01
1.356000061035156250e+02 2.357918627040674409e+01
1.356999969482421875e+02 2.568981250187978560e+01
1.358000030517578125e+02 2.619284197885474441e+01
1.358999938964843750e+02 3.107817687122200212e+01
1.360000000000000000e+02 2.292069681399708614e+01
1.361000061035156250e+02 1.911704813540537629e+01
1.361999969482421875e+02 1.794748957437114711e+01
1.363000030517578125e+02 1.808368374200988882e+01
1.363999938964843750e+02 1.384766030491170952e+01
1.365000000000000000e+02 1.682532862858147027e+01
1.366000061035156250e+02 1.658746495868875570e+01
1.366999969482421875e+02 2.349200563564151878e+01
1.368000030517578125e+02 2.160353912915719121e+01
1.368999938964843750e+02 2.865204971983078863e+01
1.370000000000000000e+02 2.041227647566067915e+01
1.371000061035156250e+02 2.000088644918180947e+01
1.371999969482421875e+02 2.075340100417193767e+01
1.373000030517578125e+02 2.122758864647428823e+01
1.373999938964843750e+02 1.864778694572607876e+01
1.375000000000000000e+02 1.949765730011991849e+01
1.376000061035156250e+02 1.871140144912763503e+01
1.376999969482421875e+02 1.649457901665902426e+01
1.378000030517578125e+02 1.743566860724834555e+01
1.378999938964843750e+02 1.983711748762969407e+01
1.380000000000000000e+02 2.107322940058687522e+01
1.381000061035156250e+02 1.734902738867823757e+01
1.381999969482421875e+02 1.654578939480710886e+01
1.383000030517578125e+02 1.507784637741288059e+01
1.383999938964843750e+02 1.862965649849110861e+01
1.385000000000000000e+02 1.697690680789863649e+01
1.386000061035156250e+02 1.873210601224494098e+01
1.386999969482421875e+02 1.764097642765457152e+01
1.388000030517578125e+02 1.893040916603500179e+01
1.388999938964843750e+02 1.597932579214499782e+01
1.390000000000000000e+02 1.598103311639447099e+01
1.391000061035156250e+02 1.499146602000742945e+01
1.391999969482421875e+02 1.984888024440678578e+01
1.393000030517578125e+02 2.425141524565039930e+01
1.393999938964843750e+02 2.027994922265575539e+01
1.395000000000000000e+02 2.100130609841300000e+01
1.396000061035156250e+02 1.994536764987794797e+01
1.396999969482421875e+02 1.776681667298874245e+01
1.398000030517578125e+02 1.634365684757475989e+01
1.398999938964843750e+02 1.829144593185032264e+01
1.400000000000000000e+02 1.616134285889188149e+01
1.401000061035156250e+02 1.944189003275546312e+01
1.401999969482421875e+02 1.707649922821689614e+01
1.403000030517578125e+02 1.521905095706905442e+01
1.403999938964843750e+02 1.629799122417425750e+01
1.405000000000000000e+02 1.620498627233616773e+01
1.406000061035156250e+02 1.535187476086379732e+01
1.406999969482421875e+02 1.489402197167503772e+01
1.408000030517578125e+02 1.971818945695580894e+01
1.408999938964843750e+02 1.596622751206424340e+01
1.410000000000000000e+02 1.727458336646337145e+01
1.411000061035156250e+02 1.606695151214501394e+01
1.411999969482421875e+02 1.701579825846341265e+01
1.413000030517578125e+02 1.571795954181819432e+01
1.413999938964843750e+02 1.362057378456789358e+01
1.415000000000000000e+02 1.975385564922204296e+01
1.416000061035156250e+02 2.047269318508789837e+01
1.416999969482421875e+02 2.151465962066949444e+01
1.418000030517578125e+02 2.208133929015599151e+01
1.418999938964843750e+02 2.362814568136709426e+01
1.420000000000000000e+02 2.089672322983773967e+01
1.421000061035156250e+02 2.499932327853188951e+01
1.421999969482421875e+02 2.091168689800675295e+01
1.423000030517578125e+02 2.097811608998101107e+01
1.423999938964843750e+02 1.764044395216548722e+01
1.425000000000000000e+02 1.764423678851087374e+01
1.426000061035156250e+02 2.083397535281045876e+01
1.426999969482421875e+02 1.812376998196102562e+01
1.428000030517578125e+02 1.650237103614733059e+01
1.428999938964843750e+02 1.769971049814910913e+01
1.430000000000000000e+02 2.073303221205014069e+01
1.431000061035156250e+02 2.142399057236546156e+01
1.431999969482421875e+02 2.141404756456367409e+01
1.433000030517578125e+02 1.707241240963110585e+01
1.433999938964843750e+02 1.643029575884087379e+01
1.435000000000000000e+02 1.945919940024798578e+01
1.436000061035156250e+02 1.684954420362605632e+01
1.436999969482421875e+02 1.976475733312161864e+01
1.438000030517578125e+02 2.448368064180525394e+01
1.438999938964843750e+02 2.214280227188497108e+01
1.440000000000000000e+02 2.461431581809900493e+01
1.441000061035156250e+02 4.052422195300536600e+01
1.441999969482421875e+02 4.917822963655429191e+01
1.443000030517578125e+02 5.469842729468913944e+01
1.443999938964843750e+02 3.957892034792011771e+01
1.445000000000000000e+02 3.530008191075447144e+01
1.446000061035156250e+02 4.231207719127202438e+01
1.446999969482421875e+02 3.679670870953224693e+01
1.448000030517578125e+02 4.147654668497682451e+01
1.448999938964843750e+02 4.336584387403792107e+01
1.450000000000000000e+02 3.535534932030083155e+01
1.451000061035156250e+02 2.961992790590177194e+01
1.451999969482421875e+02 4.387631770661492681e+01
1.453000030517578125e+02 5.837805124095331166e+01
1.453999938964843750e+02 8.359269956943856528e+01
1.455000000000000000e+02 8.220309814357531764e+01
1.456000061035156250e+02 8.305597855385673256e+01
1.456999969482421875e+02 8.614174178912733737e+01
1.458000030517578125e+02 7.846120870400010006e+01
1.458999938964843750e+02 7.724337850541209605e+01
1.460000000000000000e+02 7.051951436295789222e+01
1.461000061035156250e+02 6.838032852463533118e+01
1.461999969482421875e+02 4.075981943219427706e+01
1.463000030517578125e+02 3.202830639433272353e+01
1.463999938964843750e+02 3.483661892440044738e+01
1.465000000000000000e+02 2.806050934560749610e+01
1.466000061035156250e+02 4.093453823231621413e+01
1.466999969482421875e+02 6.191216929990452655e+01
1.468000030517578125e+02 8.279790954917815782e+01
1.468999938964843750e+02 5.496326862613219078e+01
1.470000000000000000e+02 8.570811819258440778e+01
1.471000061035156250e+02 7.932512976500380830e+01
1.471999969482421875e+02 9.420198324959510217e+01
1.473000030517578125e+02 9.638687006924001821e+01
1.473999938964843750e+02 9.346429878454159734e+01
1.475000000000000000e+02 7.811826122810974482e+01
1.476000061035156250e+02 6.903042792937733907e+01
1.476999969482421875e+02 8.705028246261234415e+01
1.478000030517578125e+02 8.703738306737724884e+01
1.478999938964843750e+02 7.844183888907805624e+01
1.480000000000000000e+02 8.598777188268446992e+01
1.481000061035156250e+02 7.658134216642432079e+01
1.481999969482421875e+02 6.578257201831991097e+01
1.483000030517578125e+02 6.720937351317608943e+01
1.483999938964843750e+02 7.504348192779094973e+01
1.485000000000000000e+02 8.352927884184360607e+01
1.486000061035156250e+02 1.033533965230617042e+02
1.486999969482421875e+02 9.434033422060682028e+01
1.488000030517578125e+02 9.041350197690910306e+01
1.488999938964843750e+02 6.853514758787196115e+01
1.490000000000000000e+02 7.759257414938711861e+01
1.491000061035156250e+02 6.901107122138391503e+01
1.491999969482421875e+02 6.774799103766092401e+01
1.493000030517578125e+02 8.280750762584739277e+01
1.493999938964843750e+02 5.803089940051808782e+01
1.495000000000000000e+02 6.111167478409496567e+01
1.496000061035156250e+02 6.336892847512766735e+01
1.496999969482421875e+02 6.830197761478223129e+01
1.498000030517578125e+02 5.599689516833814196e+01
1.498999938964843750e+02 4.340587363092510742e+01
1.500000000000000000e+02 4.782906022313106575e+01
1.501000061035156250e+02 8.705115439202376137e+01
1.501999969482421875e+02 7.461676428923412630e+01
1.503000030517578125e+02 1.032654159591153444e+02
1.503999938964843750e+02 6.153333789286554634e+01
1.505000000000000000e+02 5.446910673697992422e+01
1.506000061035156250e+02 5.399511097253093084e+01
1.506999969482421875e+02 6.958301862434078089e+01
1.508000030517578125e+02 8.520394943155562828e+01
1.508999938964843750e+02 7.330886319861978961e+01
1.510000000000000000e+02 6.065238457626981017e+01
1.511000061035156250e+02 4.640006262159869266e+01
1.511999969482421875e+02 5.102820939322496230e+01
1.513000030517578125e+02 6.115487106038074927e+01
1.513999938964843750e+02 5.717789174229930182e+01
1.515000000000000000e+02 5.946484991383020713e+01
1.516000061035156250e+02 7.009101644534061393e+01
1.516999969482421875e+02 7.084338283227167210e+01
1.518000030517578125e+02 5.092789779892518709e+01
1.518999938964843750e+02 4.018089538040351272e+01
1.520000000000000000e+02 4.935048395328769288e+01
1.521000061035156250e+02 5.706453616184408162e+01
1.521999969482421875e+02 4.565618220336735789e+01
1.523000030517578125e+02 4.124721912451149564e+01
1.523999938964843750e+02 4.824261917799643129e+01
1.525000000000000000e+02 4.728667214223544590e+01
1.526000061035156250e+02 5.210033801400309272e+01
1.526999969482421875e+02 4.849295497429201163e+01
1.528000030517578125e+02 4.907108896115846619e+01
1.528999938964843750e+02 4.929337483392166064e+01
1.530000000000000000e+02 4.475695270962810923e+01
1.531000061035156250e+02 4.444961810770482202e+01
1.531999969482421875e+02 3.595858970316515979e+01
1.533000030517578125e+02 4.572254496933537382e+01
1.533999938964843750e+02 3.844672193913985581e+01
1.535000000000000000e+02 5.682615961598357046e+01
1.536000061035156250e+02 6.042804624326373641e+01
1.536999969482421875e+02 5.389311566657281816e+01
1.538000030517578125e+02 5.127080004027506277e+01
1.538999938964843750e+02 3.793019229692079364e+01
1.540000000000000000e+02 3.779927687203985442e+01
1.541000061035156250e+02 2.611804754694813369e+01
1.541999969482421875e+02 2.510448852980252354e+01
1.543000030517578125e+02 4.049574629857035291e+01
1.543999938964843750e+02 5.667052087212444178e+01
1.545000000000000000e+02 4.239412863469006965e+01
1.546000061035156250e+02 4.295780633825924610e+01
1.546999969482421875e+02 6.165852167292390362e+01
1.548000030517578125e+02 6.755874576110704766e+01
1.548999938964843750e+02 5.880326106153565036e+01
1.550000000000000000e+02 4.803191313551872099e+01
1.551000061035156250e+02 5.020080321153785974e+01
1.551999969482421875e+02 7.854441853216535208e+01
1.553000030517578125e+02 4.811589228322218048e+01
1.553999938964843750e+02 8.055726000874892634e+01
1.555000000000000000e+02 8.055568712969824219e+01
1.556000061035156250e+02 4.627778611544943743e+01
1.556999969482421875e+02 8.231296582124427630e+01
1.558000030517578125e+02 8.601861913186782260e+01
1.558999938964843750e+02 8.143718546258622837e+01
1.560000000000000000e+02 8.808394001458664491e+01
1.561000061035156250e+02 8.760537911454476045e+01
1.561999969482421875e+02 9.168923108761222807e+01
1.563000030517578125e+02 8.651809906727972077e+01
1.563999938964843750e+02 8.171887885047581790e+01
1.565000000000000000e+02 7.995756403523189704e+01
1.566000061035156250e+02 7.974552567969536199e+01
1.566999969482421875e+02 7.999261398769526465e+01
1.568000030517578125e+02 7.993138993127519143e+01
1.568999938964843750e+02 9.569316027382178902e+01
1.570000000000000000e+02 9.094930019098755736e+01
1.571000061035156250e+02 9.361425230823152788e+01
1.571999969482421875e+02 9.470573739516164835e+01
1.573000030517578125e+02 1.083337224431276979e+02
1.573999938964843750e+02 1.025793806401105712e+02
1.575000000000000000e+02 9.289260313109086553e+01
1.576000061035156250e+02 7.017409260892014800e+01
1.576999969482421875e+02 6.294068899184781429e+01
1.578000030517578125e+02 6.728483665212860387e+01
1.578999938964843750e+02 7.508148094698485409e+01
1.580000000000000000e+02 7.991961070020974489e+01
1.581000061035156250e+02 6.909762254345891108e+01
1.581999969482421875e+02 5.330935325539326186e+01
1.583000030517578125e+02 5.745945505590898961e+01
1.583999938964843750e+02 6.763377343831466249e+01
1.585000000000000000e+02 5.688154170275466015e+01
1.586000061035156250e+02 6.291262116242360491e+01
1.586999969482421875e+02 7.385271308750868968e+01
1.588000030517578125e+02 7.343756966525928931e+01
1.588999938964843750e+02 7.901111363898203876e+01
1.590000000000000000e+02 1.027939676263797111e+02
1.591000061035156250e+02 9.388897184845808397e+01
1.591999969482421875e+02 1.054563633362242285e+02
1.593000030517578125e+02 1.011492597914364069e+02
1.593999938964843750e+02 7.308742547958163982e+01
1.595000000000000000e+02 7.768319092830770956e+01
1.596000061035156250e+02 6.762796335909489187e+01
1.596999969482421875e+02 6.620276989970562909e+01
1.598000030517578125e+02 6.626135036897269970e+01
1.598999938964843750e+02 7.056063526467241331e+01
1.600000000000000000e+02 7.158763646499396316e+01
1.601000061035156250e+02 8.180767735620321446e+01
1.601999969482421875e+02 8.107691375759968366e+01
1.603000030517578125e+02 7.058248756310679539e+01
1.603999938964843750e+02 7.100487605446366501e+01
1.605000000000000000e+02 1.003263990282667208e+02
1.606000061035156250e+02 6.560389772278669795e+01
1.606999969482421875e+02 5.706057182885265888e+01
1.608000030517578125e+02 6.380174953725201448e+01
1.608999938964843750e+02 6.278713937818953639e+01
1.610000000000000000e+02 5.096552286801667719e+01
1.611000061035156250e+02 5.190862443311499419e+01
1.611999969482421875e+02 4.798496995706967283e+01
1.613000030517578125e+02 5.852280917778895741e+01
1.613999938964843750e+02 6.144514639147057267e+01
1.615000000000000000e+02 6.329602333476798037e+01
1.616000061035156250e+02 5.687624312518376968e+01
1.616999969482421875e+02 6.845227111163190159e+01
1.618000030517578125e+02 7.160637900036061865e+01
1.618999938964843750e+02 1.130153521191984822e+02
1.620000000000000000e+02 1.046355498293277435e+02
1.621000061035156250e+02 1.094742683344427689e+02
1.621999969482421875e+02 9.752039723234895519e+01
1.623000030517578125e+02 1.050036592904165786e+02
1.623999938964843750e+02 9.638067673684361125e+01
1.625000000000000000e+02 9.177233529160818648e+01
1.626000061035156250e+02 1.048318080134858832e+02
1.626999969482421875e+02 1.034617632117182779e+02
1.628000030517578125e+02 9.628306246597576035e+01
1.628999938964843750e+02 6.968498604069083058e+01
1.630000000000000000e+02 6.362057243903758774e+01
1.631000061035156250e+02 7.754568422088424029e+01
1.631999969482421875e+02 6.974359376387663190e+01
1.633000030517578125e+02 6.590924108784612656e+01
1.633999938964843750e+02 5.406639099616729283e+01
1.635000000000000000e+02 4.950436445203259694e+01
1.636000061035156250e+02 5.170460205678646304e+01
1.636999969482421875e+02 5.192669780258621870e+01
1.638000030517578125e+02 4.978460967895878753e+01
1.638999938964843750e+02 4.006528989261289553e+01
1.640000000000000000e+02 4.628655663978410217e+01
1.641000061035156250e+02 5.167722478699595001e+01
1.641999969482421875e+02 6.262423116804872336e+01
1.643000030517578125e+02 5.501068779063681546e+01
1.643999938964843750e+02 6.216312560119906294e+01
1.645000000000000000e+02 6.304378085168277579e+01
1.646000061035156250e+02 5.694012820717099288e+01
1.646999969482421875e+02 4.918768660238200141e+01
1.648000030517578125e+02 4.114894200959289350e+01
1.648999938964843750e+02 6.461798293866257836e+01
1.650000000000000000e+02 6.268737388964608925e+01
1.651000061035156250e+02 5.934928744230960973e+01
1.651999969482421875e+02 7.118763268248223142e+01
1.653000030517578125e+02 7.026954070535572328e+01
1.653999938964843750e+02 6.022754428127166193e+01
1.655000000000000000e+02 7.159359151052073855e+01
1.656000061035156250e+02 5.733944616469431566e+01
1.656999969482421875e+02 4.188388882243506117e+01
1.658000030517578125e+02 4.392796608797365820e+01
1.658999938964843750e+02 2.318742116635680262e+01
1.660000000000000000e+02 2.135176647730924770e+01
1.661000061035156250e+02 2.094921757039476162e+01
1.661999969482421875e+02 2.045294078406977434e+01
1.663000030517578125e+02 1.980778052365260322e+01
1.663999938964843750e+02 1.932681041239737141e+01
1.665000000000000000e+02 1.943112822002978746e+01
1.666000061035156250e+02 2.201182181598643695e+01
1.666999969482421875e+02 2.024755011798471571e+01
1.668000030517578125e+02 2.298639422232908558e+01
1.668999938964843750e+02 2.392187351652833627e+01
1.670000000000000000e+02 2.290420008025126464e+01
1.671000061035156250e+02 2.526710812561781694e+01
1.671999969482421875e+02 2.346248391965671587e+01
1.673000030517578125e+02 3.102927230205879638e+01
1.673999938964843750e+02 2.155007065113396436e+01
1.675000000000000000e+02 3.089358477814310433e+01
1.676000061035156250e+02 5.208390137188536784e+01
1.676999969482421875e+02 6.539306685924798046e+01
1.678000030517578125e+02 6.846232154592931352e+01
1.678999938964843750e+02 6.449436083680991771e+01
1.680000000000000000e+02 5.550435241419415888e+01
1.681000061035156250e+02 8.012937130909664063e+01
1.681999969482421875e+02 9.167460194323702183e+01
1.683000030517578125e+02 1.073826572738790333e+02
1.683999938964843750e+02 9.372454945239509527e+01
1.685000000000000000e+02 1.029162237007906953e+02
1.686000061035156250e+02 7.259471594279114015e+01
1.686999969482421875e+02 6.830408641710829443e+01
1.688000030517578125e+02 7.358776478375374097e+01
1.688999938964843750e+02 6.092934912703682926e+01
1.690000000000000000e+02 4.835313124625855608e+01
1.691000061035156250e+02 5.755840189380812433e+01
1.691999969482421875e+02 6.577522514862221215e+01
1.693000030517578125e+02 6.729019710679740740e+01
1.693999938964843750e+02 5.083655655972344789e+01
1.695000000000000000e+02 5.456656773698747287e+01
1.696000061035156250e+02 4.613596947742813370e+01
1.696999969482421875e+02 5.331665434336506593e+01
1.698000030517578125e+02 8.088874785645094789e+01
1.698999938964843750e+02 7.116875343380513641e+01
1.700000000000000000e+02 7.707095494557081850e+01
1.701000061035156250e+02 7.377962883136930827e+01
1.701999969482421875e+02 5.505441672850446366e+01
1.703000030517578125e+02 4.998022538008581961e+01
1.703999938964843750e+02 5.142989954359744331e+01
1.705000000000000000e+02 6.086240721505852491e+01
1.706000061035156250e+02 6.689349026711578006e+01
1.706999969482421875e+02 8.224131726800810327e+01
1.708000030517578125e+02 8.888863042941090953e+01
1.708999938964843750e+02 1.041969756698605352e+02
1.710000000000000000e+02 9.660937764852056375e+01
1.711000061035156250e+02 7.887365185349611352e+01
1.711999969482421875e+02 9.474555930610101484e+01
1.713000030517578125e+02 7.904171815133308598e+01
1.713999938964843750e+02 8.221310041896573750e+01
1.715000000000000000e+02 1.085217235946651186e+02
1.716000061035156250e+02 9.675346171628787317e+01
1.716999969482421875e+02 9.188786697232688994e+01
1.718000030517578125e+02 1.031453763888713695e+02
1.718999938964843750e+02 1.001117444360088200e+02
1.720000000000000000e+02 9.999852472309166274e+01
1.721000061035156250e+02 9.606451719196203953e+01
1.721999969482421875e+02 8.482362041287609600e+01
1.723000030517578125e+02 6.638930727236625273e+01
1.723999938964843750e+02 6.758405007940919518e+01
1.725000000000000000e+02 6.382849194618147948e+01
1.726000061035156250e+02 7.713791250346191930e+01
1.726999969482421875e+02 7.162916675328156657e+01
1.728000030517578125e+02 8.331146979052719814e+01
1.728999938964843750e+02 7.496155467364543767e+01
1.730000000000000000e+02 7.942066227902384412e+01
1.731000061035156250e+02 4.145034590764101523e+01
1.731999969482421875e+02 8.380920912546402235e+01
1.733000030517578125e+02 7.212809448160838599e+01
1.733999938964843750e+02 6.972998474729634211e+01
1.735000000000000000e+02 7.879973662705641857e+01
1.736000061035156250e+02 8.357102307022438481e+01
1.736999969482421875e+02 6.078812552844168948e+01
1.738000030517578125e+02 5.394686238963185332e+01
1.738999938964843750e+02 4.921144004125440574e+01
1.740000000000000000e+02 6.879141638219408605e+01
1.741000061035156250e+02 9.572187681380631830e+01
1.741999969482421875e+02 7.613058385044961085e+01
1.743000030517578125e+02 7.961047130423008866e+01
1.743999938964843750e+02 5.241730068361817985e+01
1.745000000000000000e+02 4.962767093478993985e+01
1.746000061035156250e+02 5.858470978327557788e+01
1.746999969482421875e+02 8.842304644929029678e+01
1.748000030517578125e+02 4.514098254037589442e+01
1.748999938964843750e+02 4.234554269269773386e+01
1.750000000000000000e+02 9.776509761939220766e+01
1.751000061035156250e+02 6.110064903413298509e+01
1.751999969482421875e+02 8.908162761651934147e+01
1.753000030517578125e+02 8.829348445118026234e+01
1.753999938964843750e+02 7.089641862483045998e+01
1.755000000000000000e+02 8.116143260372714963e+01
1.756000061035156250e+02 6.735683985127246842e+01
1.756999969482421875e+02 7.854220421435209687e+01
1.758000030517578125e+02 7.689997470719575290e+01
1.758999938964843750e+02 8.254363394598472325e+01
1.760000000000000000e+02 9.543906403673699401e+01
1.761000061035156250e+02 1.145882442912395192e+02
1.761999969482421875e+02 7.257005226505924611e+01
1.763000030517578125e+02 1.129231864058065327e+02
1.763999938964843750e+02 1.012554877398805218e+02
1.765000000000000000e+02 6.950380921411350243e+01
1.766000061035156250e+02 8.592557690089964240e+01
1.766999969482421875e+02 5.924569835830596531e+01
1.768000030517578125e+02 5.061486025729951166e+01
1.768999938964843750e+02 5.348215945124595549e+01
1.770000000000000000e+02 6.644569635067351498e+01
1.771000061035156250e+02 5.620443008101823779e+01
1.771999969482421875e+02 9.102887024343010580e+01
1.773000030517578125e+02 6.074077529116551233e+01
1.773999938964843750e+02 1.133833984543184670e+02
1.775000000000000000e+02 1.050033374116368634e+02
1.776000061035156250e+02 1.255060985417498074e+02
1.776999969482421875e+02 6.997918528598482624e+01
1.778000030517578125e+02 7.086219612400451240e+01
1.778999938964843750e+02 6.874248451823247308e+01
1.780000000000000000e+02 6.411040631589058592e+01
1.781000061035156250e+02 7.338142079812703855e+01
1.781999969482421875e+02 8.696643080045291185e+01
1.783000030517578125e+02 8.108945749915271506e+01
1.783999938964843750e+02 7.956407780129215723e+01
1.785000000000000000e+02 5.702473059874521510e+01
1.786000061035156250e+02 5.989785729461752339e+01
1.786999969482421875e+02 6.253772361031499827e+01
1.788000030517578125e+02 7.016467254717008473e+01
1.788999938964843750e+02 8.408352773519382595e+01
1.790000000000000000e+02 5.233031216235019656e+01
1.791000061035156250e+02 8.232633530216772044e+01
1.791999969482421875e+02 8.188466781958679519e+01
1.793000030517578125e+02 4.111958536148132737e+01
1.793999938964843750e+02 8.907892330346903975e+01
1.795000000000000000e+02 8.297428700965950554e+01
1.796000061035156250e+02 7.399224161759597962e+01
1.796999969482421875e+02 7.406904107969523920e+01
1.798000030517578125e+02 6.080314268177804848e+01
1.798999938964843750e+02 5.469896071718682862e+01
1.800000000000000000e+02 4.481842137089872580e+01
1.801000061035156250e+02 3.422235423770374041e+01
1.801999969482421875e+02 4.000666593423984807e+01
1.803000030517578125e+02 3.714144738366576348e+01
1.803999938964843750e+02 3.669088407693383402e+01
1.805000000000000000e+02 4.533909978853888845e+01
1.806000061035156250e+02 4.880755440740528428e+01
1.806999969482421875e+02 4.369438069519061685e+01
1.808000030517578125e+02 4.202542611040110643e+01
1.808999938964843750e+02 4.449015729390289664e+01
1.810000000000000000e+02 4.263395217737689080e+01
1.811000061035156250e+02 4.837276284822443273e+01
1.811999969482421875e+02 3.761414606250684756e+01
1.813000030517578125e+02 4.010857437365620370e+01
1.813999938964843750e+02 8.230566694566445562e+01
1.815000000000000000e+02 4.450689720378258585e+01
1.816000061035156250e+02 4.756279900858815779e+01
1.816999969482421875e+02 3.199449046949153797e+01
1.818000030517578125e+02 2.078900778241721881e+01
1.818999938964843750e+02 2.671239632192984459e+01
1.820000000000000000e+02 2.284482391083950503e+01
1.821000061035156250e+02 2.261666247128055574e+01
1.821999969482421875e+02 1.769463583689520192e+01
1.823000030517578125e+02 1.803988684644464158e+01
1.823999938964843750e+02 1.587524125901305183e+01
1.825000000000000000e+02 1.732693677114718511e+01
1.826000061035156250e+02 2.074634892492381510e+01
1.826999969482421875e+02 1.875593525896593405e+01
1.828000030517578125e+02 2.076436344496124420e+01
1.828999938964843750e+02 2.070457988809670624e+01
1.830000000000000000e+02 1.930677969395839355e+01
1.831000061035156250e+02 2.223408886255136707e+01
1.831999969482421875e+02 2.000011068854252017e+01
1.833000030517578125e+02 1.873596070508562050e+01
1.833999938964843750e+02 1.765223418226709740e+01
1.835000000000000000e+02 1.544106047435061591e+01
1.836000061035156250e+02 2.021103979098693060e+01
1.836999969482421875e+02 1.666615005249380843e+01
1.838000030517578125e+02 1.715300454708299327e+01
1.838999938964843750e+02 1.975294391476544931e+01
1.840000000000000000e+02 1.916230282565905085e+01
1.841000061035156250e+02 2.056067219159753279e+01
1.841999969482421875e+02 1.865551829790604188e+01
1.843000030517578125e+02 1.727670734394774854e+01
1.843999938964843750e+02 2.080846955014461130e+01
1.845000000000000000e+02 1.785019293849797251e+01
1.846000061035156250e+02 1.663440475346543579e+01
1.846999969482421875e+02 1.442552340595567628e+01
1.848000030517578125e+02 1.864613455672874665e+01
1.848999938964843750e+02 1.635567316457176545e+01
1.850000000000000000e+02 1.169082369390958220e+01
1.851000061035156250e+02 1.497470840616180077e+01
1.851999969482421875e+02 1.449239941265390996e+01
1.853000030517578125e+02 1.786526861602877148e+01
1.853999938964843750e+02 1.908382860845552287e+01
1.855000000000000000e+02 1.932471736752019353e+01
1.856000061035156250e+02 2.021235320446880124e+01
1.856999969482421875e+02 1.896115459056847286e+01
1.858000030517578125e+02 1.694033990906049425e+01
1.858999938964843750e+02 1.657240509533103534e+01
1.860000000000000000e+02 1.526039124091645682e+01
1.861000061035156250e+02 1.810639197111127530e+01
1.861999969482421875e+02 1.782078843523448697e+01
1.863000030517578125e+02 1.729596177644021893e+01
1.863999938964843750e+02 1.665679153451340966e+01
1.865000000000000000e+02 1.718808899572238857e+01
1.866000061035156250e+02 1.744716543539211528e+01
1.866999969482421875e+02 1.829441391321417854e+01
1.868000030517578125e+02 1.864925773482996618e+01
1.868999938964843750e+02 1.524100057135820308e+01
1.870000000000000000e+02 1.455483905195928074e+01
1.871000061035156250e+02 1.665110847265717098e+01
1.871999969482421875e+02 1.420794871818168481e+01
1.873000030517578125e+02 1.583522517414394670e+01
1.873999938964843750e+02 1.683207509014921399e+01
1.875000000000000000e+02 1.693119973412753154e+01
1.876000061035156250e+02 1.708930221179716469e+01
1.876999969482421875e+02 1.610713731420180750e+01
1.878000030517578125e+02 1.701277525247538591e+01
1.878999938964843750e+02 1.837361381220870626e+01
1.880000000000000000e+02 1.624963613914344762e+01
1.881000061035156250e+02 1.574191416733830273e+01
1.881999969482421875e+02 1.824778342838515854e+01
1.883000030517578125e+02 1.925684284877421604e+01
1.883999938964843750e+02 1.793157647551370459e+01
1.885000000000000000e+02 2.130209611823867277e+01
1.886000061035156250e+02 1.885361024947519226e+01
1.886999969482421875e+02 1.727257867125021207e+01
1.888000030517578125e+02 1.670903019966232605e+01
1.888999938964843750e+02 1.647775422427939063e+01
1.890000000000000000e+02 1.688329256795172029e+01
1.891000061035156250e+02 2.344555159833744540e+01
1.891999969482421875e+02 1.743086831481708643e+01
1.893000030517578125e+02 1.639383502280372085e+01
1.893999938964843750e+02 1.439941917711425923e+01
1.895000000000000000e+02 1.497087215544801708e+01
1.896000061035156250e+02 1.756425246556829478e+01
1.896999969482421875e+02 1.706508596393012311e+01
1.898000030517578125e+02 1.753784085054310893e+01
1.898999938964843750e+02 1.665936416306438517e+01
1.900000000000000000e+02 1.812641525578972335e+01
1.901000061035156250e+02 1.635157170533442539e+01
1.901999969482421875e+02 1.643878528052816179e+01
1.903000030517578125e+02 1.970995429940162325e+01
1.903999938964843750e+02 1.628660674667637309e+01
1.905000000000000000e+02 1.484982933447319908e+01
1.906000061035156250e+02 1.300730006506331193e+01
1.906999969482421875e+02 1.383561298994690070e+01
1.908000030517578125e+02 1.303548672213744553e+01
1.908999938964843750e+02 1.324220971369586231e+01
1.910000000000000000e+02 1.408761350078960461e+01
1.911000061035156250e+02 1.292969524943734605e+01
1.911999969482421875e+02 1.306173500135229482e+01
1.913000030517578125e+02 1.588164815593435186e+01
1.913999938964843750e+02 1.493969284574136935e+01
1.915000000000000000e+02 1.355616377567486275e+01
1.916000061035156250e+02 1.653889895887773065e+01
1.916999969482421875e+02 1.572134273455209375e+01
1.918000030517578125e+02 1.832269735588694815e+01
1.918999938964843750e+02 1.432245979839943040e+01
1.920000000000000000e+02 1.246704573997550192e+01
1.921000061035156250e+02 1.532996212973393924e+01
1.921999969482421875e+02 1.478415321187730669e+01
1.923000030517578125e+02 1.424858344476069405e+01
1.923999938964843750e+02 1.511035238420332405e+01
1.925000000000000000e+02 1.452965332043804203e+01
1.926000061035156250e+02 1.684150424441389760e+01
1.926999969482421875e+02 1.670414726792923332e+01
1.928000030517578125e+02 1.549876838336201601e+01
1.928999938964843750e+02 1.374574665341845581e+01
1.930000000000000000e+02 1.717365823866702002e+01
1.931000061035156250e+02 1.840674039638244608e+01
1.931999969482421875e+02 1.993096850588151980e+01
1.933000030517578125e+02 1.881014475480582604e+01
1.933999938964843750e+02 1.480650652970205350e+01
1.935000000000000000e+02 1.430063438254694397e+01
1.936000061035156250e+02 1.526671609756156123e+01
1.936999969482421875e+02 1.500283167025785147e+01
1.938000030517578125e+02 1.393157336409477765e+01
1.938999938964843750e+02 1.373127854571829864e+01
1.940000000000000000e+02 1.542339699778652395e+01
1.941000061035156250e+02 1.518542556581592073e+01
1.941999969482421875e+02 1.606310346909354436e+01
1.943000030517578125e+02 1.391697413071886125e+01
1.943999938964843750e+02 1.592926014223950837e+01
1.945000000000000000e+02 1.370780944227564824e+01
1.946000061035156250e+02 1.396061579519539286e+01
1.946999969482421875e+02 1.605482905447421871e+01
1.948000030517578125e+02 1.487462435447379150e+01
1.948999938964843750e+02 1.166827361839992427e+01
1.950000000000000000e+02 1.412032159813072241e+01
1.951000061035156250e+02 1.836658562953387985e+01
1.951999969482421875e+02 1.425690963320954019e+01
1.953000030517578125e+02 1.580950279617858811e+01
1.953999938964843750e+02 1.624885494553539544e+01
1.955000000000000000e+02 1.600272032040129133e+01
1.956000061035156250e+02 1.726504550640202496e+01
1.956999969482421875e+02 1.579369511238060930e+01
1.958000030517578125e+02 1.505477306965540762e+01
1.958999938964843750e+02 1.662994957086762682e+01
1.960000000000000000e+02 1.534545745774695291e+01
1.961000061035156250e+02 1.754453159744870305e+01
1.961999969482421875e+02 1.981775151458994344e+01
1.963000030517578125e+02 1.727187223036704466e+01
1.963999938964843750e+02 1.921868259787839150e+01
1.965000000000000000e+02 1.869029489135949973e+01
1.966000061035156250e+02 1.527285144604316258e+01
1.966999969482421875e+02 1.932785265114010187e+01
1.968000030517578125e+02 1.992160049198920291e+01
1.968999938964843750e+02 1.615702874408604472e+01
1.970000000000000000e+02 1.588025155982312064e+01
1.971000061035156250e+02 1.862748422530249925e+01
1.971999969482421875e+02 1.985752637609125770e+01
1.973000030517578125e+02 2.128698622850055955e+01
1.973999938964843750e+02 1.766609656613717050e+01
1.975000000000000000e+02 1.687552549815729819e+01
1.976000061035156250e+02 1.785336346799213558e+01
1.976999969482421875e+02 1.403580452709535820e+01
1.978000030517578125e+02 1.443669708132507523e+01
1.978999938964843750e+02 1.453302370084824169e+01
1.980000000000000000e+02 2.309326611976326404e+01
1.981000061035156250e+02 1.729528438689132841e+01
1.981999969482421875e+02 1.685433054433771716e+01
1.983000030517578125e+02 1.666209734239723161e+01
1.983999938964843750e+02 1.888306803705972214e+01
1.985000000000000000e+02 1.818525527463868485e+01
1.986000061035156250e+02 1.869309382253074858e+01
1.986999969482421875e+02 1.959482716677757352e+01
1.988000030517578125e+02 1.697919986907964329e+01
1.988999938964843750e+02 1.774957488968959041e+01
1.990000000000000000e+02 2.005170797820820638e+01
1.991000061035156250e+02 1.710080511606883036e+01
1.991999969482421875e+02 1.411229317201414446e+01
1.993000030517578125e+02 1.351104339769954699e+01
1.993999938964843750e+02 1.903238100738274241e+01
1.995000000000000000e+02 1.637036790452438240e+01
1.996000061035156250e+02 1.729580021041827109e+01
1.996999969482421875e+02 1.644723441818823417e+01
1.998000030517578125e+02 1.655734713411341019e+01
1.998999938964843750e+02 1.561883349382705788e+01
2.000000000000000000e+02 1.599576833943810961e+01
2.001000061035156250e+02 1.712840361705935521e+01
2.001999969482421875e+02 1.749607585152372380e+01
2.003000030517578125e+02 1.876602207921644805e+01
2.003999938964843750e+02 1.787069085886880870e+01
2.005000000000000000e+02 1.716104096722050798e+01
2.006000061035156250e+02 1.862084125480630803e+01
2.006999969482421875e+02 1.743933844134050304e+01
2.008000030517578125e+02 1.451031779021622548e+01
2.008999938964843750e+02 1.375277977428497067e+01
2.010000000000000000e+02 1.578306963399619534e+01
2.011000061035156250e+02 1.566231058459950454e+01
2.011999969482421875e+02 1.603236521534547165e+01
2.013000030517578125e+02 1.432461890578806063e+01
2.013999938964843750e+02 1.478329958369323371e+01
2.015000000000000000e+02 1.466764698096842778e+01
2.016000061035156250e+02 1.403142833870066042e+01
2.016999969482421875e+02 1.572676783192572003e+01
2.018000030517578125e+02 1.522016332504229474e+01
2.018999938964843750e+02 1.723071926201620485e+01
2.020000000000000000e+02 1.814931173804792763e+01
2.021000061035156250e+02 1.818372153538519242e+01
2.021999969482421875e+02 1.526943994352469147e+01
2.023000030517578125e+02 1.752347256597258252e+01
2.023999938964843750e+02 1.880090609256069101e+01
2.025000000000000000e+02 1.714869445628337630e+01
2.026000061035156250e+02 1.641455888178354527e+01
2.026999969482421875e+02 2.022968496722775811e+01
2.028000030517578125e+02 1.605674411449141559e+01
2.028999938964843750e+02 1.591329835997359154e+01
2.030000000000000000e+02 1.422590047223925502e+01
2.031000061035156250e+02 1.390339211587249579e+01
2.031999969482421875e+02 1.392776167775745222e+01
2.033000030517578125e+02 1.372656361547300818e+01
2.033999938964843750e+02 1.427417958197305481e+01
2.035000000000000000e+02 1.659733808479765926e+01
2.036000061035156250e+02 1.399390492898345073e+01
2.036999969482421875e+02 1.542245193642388834e+01
2.038000030517578125e+02 1.537672446457601794e+01
2.038999938964843750e+02 1.500516628242144535e+01
2.040000000000000000e+02 1.707307182381769906e+01
2.041000061035156250e+02 2.034166925086531563e+01
2.041999969482421875e+02 2.032782843597770750e+01
2.043000030517578125e+02 1.916959045578337850e+01
2.043999938964843750e+02 2.031242989487044071e+01
2.045000000000000000e+02 1.897374578464569694e+01
2.046000061035156250e+02 2.052289812714628781e+01
2.046999969482421875e+02 1.878066661265713932e+01
2.048000030517578125e+02 1.830960566544451140e+01
2.048999938964843750e+02 1.754444265016042337e+01
2.050000000000000000e+02 1.843908388942776000e+01
2.051000061035156250e+02 1.837924259358723234e+01
2.051999969482421875e+02 1.545620660131824309e+01
2.053000030517578125e+02 1.644340383458201060e+01
2.053999938964843750e+02 1.889739605484112772e+01
2.055000000000000000e+02 2.276657934970436514e+01
2.056000061035156250e+02 2.125076728646116919e+01
2.056999969482421875e+02 2.235925751003136597e+01
2.058000030517578125e+02 2.605131708813824432e+01
2.058999938964843750e+02 2.154633960465457321e+01
2.060000000000000000e+02 1.961719549738660007e+01
2.061000061035156250e+02 2.049105407967155301e+01
2.061999969482421875e+02 1.878146014632625693e+01
2.063000030517578125e+02 1.705201326965401520e+01
2.063999938964843750e+02 1.609507631844552122e+01
2.065000000000000000e+02 2.178808614770246876e+01
2.066000061035156250e+02 1.821408578309947401e+01
2.066999969482421875e+02 1.466053360517077664e+01
2.068000030517578125e+02 1.925201202183240312e+01
2.068999938964843750e+02 1.787927786028456723e+01
2.070000000000000000e+02 1.763728132214963651e+01
2.071000061035156250e+02 1.603195065695759780e+01
2.071999969482421875e+02 1.856209023016010917e+01
2.073000030517578125e+02 1.863321446392993153e+01
2.073999938964843750e+02 1.768908158202210146e+01
2.075000000000000000e+02 2.015780899288949612e+01
2.076000061035156250e+02 1.780776024353447440e+01
2.076999969482421875e+02 1.876854203576224833e+01
2.078000030517578125e+02 1.723641348505277904e+01
2.078999938964843750e+02 2.021560200117385975e+01
2.080000000000000000e+02 2.098848138659521112e+01
2.081000061035156250e+02 2.150306341954204470e+01
2.081999969482421875e+02 1.895875385442234062e+01
2.083000030517578125e+02 1.867935729649574128e+01
2.083999938964843750e+02 1.506595182128097221e+01
2.085000000000000000e+02 1.579302367929911455e+01
2.086000061035156250e+02 1.993825287581343986e+01
2.086999969482421875e+02 1.769710173991123980e+01
2.088000030517578125e+02 1.763379396793686382e+01
2.088999938964843750e+02 1.873191561570098429e+01
2.090000000000000000e+02 1.817351247472241127e+01
2.091000061035156250e+02 1.815485014135797925e+01
2.091999969482421875e+02 1.805107654104230619e+01
2.093000030517578125e+02 1.990504376672666353e+01
2.093999938964843750e+02 2.025204733736648777e+01
2.095000000000000000e+02 1.724549981704975821e+01
2.096000061035156250e+02 1.554354976892692974e+01
2.096999969482421875e+02 1.448574390284492530e+01
2.098000030517578125e+02 1.389002629257187138e+01
2.098999938964843750e+02 1.308628578426603539e+01
2.100000000000000000e+02 1.378875262505894739e+01
2.101000061035156250e+02 1.288494096939519018e+01
2.101999969482421875e+02 1.394183542994698932e+01
2.103000030517578125e+02 1.287827969913110948e+01
2.103999938964843750e+02 1.291445700652643858e+01
2.105000000000000000e+02 1.519953497373366602e+01
2.106000061035156250e+02 1.483642248303294053e+01
2.106999969482421875e+02 1.635247482922317275e+01
2.108000030517578125e+02 1.838171254241380481e+01
2.108999938964843750e+02 1.952321088596765364e+01
2.110000000000000000e+02 1.784473038041895165e+01
2.111000061035156250e+02 1.613241343593972132e+01
2.111999969482421875e+02 1.748613186781688356e+01
2.113000030517578125e+02 1.703932033502324472e+01
2.113999938964843750e+02 1.474172372031072520e+01
2.115000000000000000e+02 1.560933941336177888e+01
2.116000061035156250e+02 1.588051821455759871e+01
2.116999969482421875e+02 1.782008914419749246e+01
2.118000030517578125e+02 1.641364366511969308e+01
2.118999938964843750e+02 1.615473315163782431e+01
2.120000000000000000e+02 1.814430705421040102e+01
2.121000061035156250e+02 1.394005970644733772e+01
2.121999969482421875e+02 1.740267419793299197e+01
2.123000030517578125e+02 1.984038361628349989e+01
2.123999938964843750e+02 1.817717188830888020e+01
2.125000000000000000e+02 1.653622164079238388e+01
2.126000061035156250e+02 1.782328009198352348e+01
2.126999969482421875e+02 2.308514808167451804e+01
2.128000030517578125e+02 2.018855700863914748e+01
2.128999938964843750e+02 1.538053784762445453e+01
2.130000000000000000e+02 1.288468307795016088e+01
2.131000061035156250e+02 1.375493209990602494e+01
2.131999969482421875e+02 1.595127846211175893e+01
2.133000030517578125e+02 1.509854223122844097e+01
2.133999938964843750e+02 1.351116607571064776e+01
2.135000000000000000e+02 1.389229242230273265e+01
2.136000061035156250e+02 1.918314276377214966e+01
2.136999969482421875e+02 1.806350461908124316e+01
2.138000030517578125e+02 2.008610486616477075e+01
2.138999938964843750e+02 1.904304657169562986e+01
2.140000000000000000e+02 2.239573179017543580e+01
2.141000061035156250e+02 2.091269863963731979e+01
2.141999969482421875e+02 2.148506831456865740e+01
2.143000030517578125e+02 2.360981465825572911e+01
2.143999938964843750e+02 2.378188484711352402e+01
2.145000000000000000e+02 2.153374859660389617e+01
2.146000061035156250e+02 1.679560945152798013e+01
2.146999969482421875e+02 1.599008749850892031e+01
2.148000030517578125e+02 1.479424514831995019e+01
2.148999938964843750e+02 1.396018296873382702e+01
2.150000000000000000e+02 1.766435113526026868e+01
2.151000061035156250e+02 1.645011764107708174e+01
2.151999969482421875e+02 1.807678151970873870e+01
2.153000030517578125e+02 1.853264246889117572e+01
2.153999938964843750e+02 1.850914571035033873e+01
2.155000000000000000e+02 1.841713364462714253e+01
2.156000061035156250e+02 2.102697885586536231e+01
2.156999969482421875e+02 1.621043750121607019e+01
2.158000030517578125e+02 1.771065177505452937e+01
2.158999938964843750e+02 2.091381009964164761e+01
2.160000000000000000e+02 1.736628494493328390e+01
2.161000061035156250e+02 1.856088296725177855e+01
2.161999969482421875e+02 1.977547947872879774e+01
2.163000030517578125e+02 1.870055216292865552e+01
2.163999938964843750e+02 1.727418669487630254e+01
2.165000000000000000e+02 2.148319836162403718e+01
2.166000061035156250e+02 1.661922787044801453e+01
2.166999969482421875e+02 1.622807613837025187e+01
2.168000030517578125e+02 1.702018756887825290e+01
2.168999938964843750e+02 1.540970529224848207e+01
2.170000000000000000e+02 1.830066351436745364e+01
2.171000061035156250e+02 2.078940944248524403e+01
2.171999969482421875e+02 2.082594076650594772e+01
2.173000030517578125e+02 1.523075313236700978e+01
2.173999938964843750e+02 1.479883265877930576e+01
2.175000000000000000e+02 1.568370574363697045e+01
2.176000061035156250e+02 1.728235516877216327e+01
2.176999969482421875e+02 1.607706419313451818e+01
2.178000030517578125e+02 1.532239108056387700e+01
2.178999938964843750e+02 2.052168365619028734e+01
2.180000000000000000e+02 1.732463482616756423e+01
2.181000061035156250e+02 1.620708337375586439e+01
2.181999969482421875e+02 1.670655216688277278e+01
2.183000030517578125e+02 1.685627648627864872e+01
2.183999938964843750e+02 1.618776767807547401e+01
2.185000000000000000e+02 1.742594372750258103e+01
2.186000061035156250e+02 2.008972037875497918e+01
2.186999969482421875e+02 1.910342534385159752e+01
2.188000030517578125e+02 1.631897456546846570e+01
2.188999938964843750e+02 1.718309103954905481e+01
2.190000000000000000e+02 1.858206985579964510e+01
2.191000061035156250e+02 2.125956608739766907e+01
2.191999969482421875e+02 2.036611629843420701e+01
2.193000030517578125e+02 2.436048792015171216e+01
2.193999938964843750e+02 2.150958948236412738e+01
2.195000000000000000e+02 2.087471902517579991e+01
2.196000061035156250e+02 1.882883952515618731e+01
2.196999969482421875e+02 2.196581485209258489e+01
2.198000030517578125e+02 2.215779342937474183e+01
2.198999938964843750e+02 2.037798743387826406e+01
2.200000000000000000e+02 2.329681579383349543e+01
2.201000061035156250e+02 2.629762505910570525e+01
2.201999969482421875e+02 2.090341984141503318e+01
2.203000030517578125e+02 1.943691212658350054e+01
2.203999938964843750e+02 2.384287776901919997e+01
2.205000000000000000e+02 2.458495913780841136e+01
2.206000061035156250e+02 1.975404413732644215e+01
2.206999969482421875e+02 1.781310533824493803e+01
2.208000030517578125e+02 1.737772087702266788e+01
2.208999938964843750e+02 1.817425910070419093e+01
2.210000000000000000e+02 2.001313561525513052e+01
2.211000061035156250e+02 1.678691927906027459e+01
2.211999969482421875e+02 1.507916779647661798e+01
2.213000030517578125e+02 1.583142305846351050e+01
2.213999938964843750e+02 1.392810743258558226e+01
2.215000000000000000e+02 1.146004687024250757e+01
2.216000061035156250e+02 1.494654993649273145e+01
2.216999969482421875e+02 1.401660403695597168e+01
2.218000030517578125e+02 1.213023453766230197e+01
2.218999938964843750e+02 1.326485959151609606e+01
2.220000000000000000e+02 1.287717119248448938e+01
2.221000061035156250e+02 1.797434389097228902e+01
2.221999969482421875e+02 1.687491392837406678e+01
2.223000030517578125e+02 2.432054531445731271e+01
2.223999938964843750e+02 3.678872146893638018e+01
2.225000000000000000e+02 5.034030604356804162e+01
2.226000061035156250e+02 5.088517458701291929e+01
2.226999969482421875e+02 5.547558632337811702e+01
2.228000030517578125e+02 7.397252262319386773e+01
