0.000000000000000000e+00 2.000000000000000000e+01
1.000000014901161194e-01 1.900000000000000000e+01
2.000000029802322388e-01 2.300000000000000000e+01
3.000000119209289551e-01 2.300000000000000000e+01
4.000000059604644775e-01 2.400000000000000000e+01
5.000000000000000000e-01 2.400000000000000000e+01
6.000000238418579102e-01 2.200000000000000000e+01
6.999999880790710449e-01 2.500000000000000000e+01
8.000000119209289551e-01 2.500000000000000000e+01
8.999999761581420898e-01 2.100000000000000000e+01
1.000000000000000000e+00 2.800000000000000000e+01
1.100000023841857910e+00 2.700000000000000000e+01
1.200000047683715820e+00 2.400000000000000000e+01
1.299999952316284180e+00 2.500000000000000000e+01
1.399999976158142090e+00 2.700000000000000000e+01
1.500000000000000000e+00 2.000000000000000000e+01
1.600000023841857910e+00 2.300000000000000000e+01
1.700000047683715820e+00 2.000000000000000000e+01
1.799999952316284180e+00 1.800000000000000000e+01
1.899999976158142090e+00 2.300000000000000000e+01
2.000000000000000000e+00 2.100000000000000000e+01
2.099999904632568359e+00 2.100000000000000000e+01
2.200000047683715820e+00 1.600000000000000000e+01
2.299999952316284180e+00 1.700000000000000000e+01
2.400000095367431641e+00 1.500000000000000000e+01
2.500000000000000000e+00 1.000000000000000000e+01
2.599999904632568359e+00 1.600000000000000000e+01
2.700000047683715820e+00 1.300000000000000000e+01
2.799999952316284180e+00 2.100000000000000000e+01
2.900000095367431641e+00 1.600000000000000000e+01
3.000000000000000000e+00 2.100000000000000000e+01
3.099999904632568359e+00 2.100000000000000000e+01
3.200000047683715820e+00 1.800000000000000000e+01
3.299999952316284180e+00 1.300000000000000000e+01
3.400000095367431641e+00 2.000000000000000000e+01
3.500000000000000000e+00 1.200000000000000000e+01
3.599999904632568359e+00 1.400000000000000000e+01
3.700000047683715820e+00 1.800000000000000000e+01
3.799999952316284180e+00 1.700000000000000000e+01
3.900000095367431641e+00 1.900000000000000000e+01
4.000000000000000000e+00 1.600000000000000000e+01
4.099999904632568359e+00 1.700000000000000000e+01
4.199999809265136719e+00 1.600000000000000000e+01
4.300000190734863281e+00 1.800000000000000000e+01
4.400000095367431641e+00 1.900000000000000000e+01
4.500000000000000000e+00 1.700000000000000000e+01
4.599999904632568359e+00 1.900000000000000000e+01
4.699999809265136719e+00 2.000000000000000000e+01
4.800000190734863281e+00 2.100000000000000000e+01
4.900000095367431641e+00 2.000000000000000000e+01
5.000000000000000000e+00 1.200000000000000000e+01
5.099999904632568359e+00 9.000000000000000000e+00
5.199999809265136719e+00 1.500000000000000000e+01
5.300000190734863281e+00 1.700000000000000000e+01
5.400000095367431641e+00 2.300000000000000000e+01
5.500000000000000000e+00 2.400000000000000000e+01
5.599999904632568359e+00 1.700000000000000000e+01
5.699999809265136719e+00 1.600000000000000000e+01
5.800000190734863281e+00 1.400000000000000000e+01
5.900000095367431641e+00 1.500000000000000000e+01
6.000000000000000000e+00 1.700000000000000000e+01
6.099999904632568359e+00 1.600000000000000000e+01
6.199999809265136719e+00 1.800000000000000000e+01
6.300000190734863281e+00 1.800000000000000000e+01
6.400000095367431641e+00 1.700000000000000000e+01
6.500000000000000000e+00 1.400000000000000000e+01
6.599999904632568359e+00 1.700000000000000000e+01
6.699999809265136719e+00 1.800000000000000000e+01
6.800000190734863281e+00 1.800000000000000000e+01
6.900000095367431641e+00 1.800000000000000000e+01
7.000000000000000000e+00 1.700000000000000000e+01
7.099999904632568359e+00 1.500000000000000000e+01
7.199999809265136719e+00 1.700000000000000000e+01
7.300000190734863281e+00 1.600000000000000000e+01
7.400000095367431641e+00 1.700000000000000000e+01
7.500000000000000000e+00 1.400000000000000000e+01
7.599999904632568359e+00 1.400000000000000000e+01
7.699999809265136719e+00 1.300000000000000000e+01
7.800000190734863281e+00 1.400000000000000000e+01
7.900000095367431641e+00 1.000000000000000000e+01
8.000000000000000000e+00 1.900000000000000000e+01
8.100000381469726562e+00 1.200000000000000000e+01
8.199999809265136719e+00 8.000000000000000000e+00
8.300000190734863281e+00 1.600000000000000000e+01
8.399999618530273438e+00 1.400000000000000000e+01
8.500000000000000000e+00 8.000000000000000000e+00
8.600000381469726562e+00 1.200000000000000000e+01
8.699999809265136719e+00 1.600000000000000000e+01
8.800000190734863281e+00 1.600000000000000000e+01
8.899999618530273438e+00 1.400000000000000000e+01
9.000000000000000000e+00 1.300000000000000000e+01
9.100000381469726562e+00 1.700000000000000000e+01
9.199999809265136719e+00 1.300000000000000000e+01
9.300000190734863281e+00 1.900000000000000000e+01
9.399999618530273438e+00 1.900000000000000000e+01
9.500000000000000000e+00 1.100000000000000000e+01
9.600000381469726562e+00 1.700000000000000000e+01
9.699999809265136719e+00 1.700000000000000000e+01
9.800000190734863281e+00 1.700000000000000000e+01
9.899999618530273438e+00 1.800000000000000000e+01
1.000000000000000000e+01 2.100000000000000000e+01
1.010000038146972656e+01 2.000000000000000000e+01
1.019999980926513672e+01 2.100000000000000000e+01
1.030000019073486328e+01 1.900000000000000000e+01
1.039999961853027344e+01 2.100000000000000000e+01
1.050000000000000000e+01 2.000000000000000000e+01
1.060000038146972656e+01 1.800000000000000000e+01
1.069999980926513672e+01 1.900000000000000000e+01
1.080000019073486328e+01 1.800000000000000000e+01
1.089999961853027344e+01 1.400000000000000000e+01
1.100000000000000000e+01 2.000000000000000000e+01
1.110000038146972656e+01 1.700000000000000000e+01
1.119999980926513672e+01 1.400000000000000000e+01
1.130000019073486328e+01 2.100000000000000000e+01
1.139999961853027344e+01 1.700000000000000000e+01
1.150000000000000000e+01 1.800000000000000000e+01
1.160000038146972656e+01 1.700000000000000000e+01
1.169999980926513672e+01 1.400000000000000000e+01
1.180000019073486328e+01 1.800000000000000000e+01
1.189999961853027344e+01 1.300000000000000000e+01
1.200000000000000000e+01 1.700000000000000000e+01
1.210000038146972656e+01 2.000000000000000000e+01
1.219999980926513672e+01 1.200000000000000000e+01
1.230000019073486328e+01 1.400000000000000000e+01
1.239999961853027344e+01 1.500000000000000000e+01
1.250000000000000000e+01 1.500000000000000000e+01
1.260000038146972656e+01 1.900000000000000000e+01
1.269999980926513672e+01 1.700000000000000000e+01
1.280000019073486328e+01 2.000000000000000000e+01
1.289999961853027344e+01 1.700000000000000000e+01
1.300000000000000000e+01 2.100000000000000000e+01
1.310000038146972656e+01 2.100000000000000000e+01
1.319999980926513672e+01 2.500000000000000000e+01
1.330000019073486328e+01 1.700000000000000000e+01
1.339999961853027344e+01 2.200000000000000000e+01
1.350000000000000000e+01 2.200000000000000000e+01
1.360000038146972656e+01 1.900000000000000000e+01
1.369999980926513672e+01 2.000000000000000000e+01
1.380000019073486328e+01 1.700000000000000000e+01
1.389999961853027344e+01 1.600000000000000000e+01
1.400000000000000000e+01 1.900000000000000000e+01
1.410000038146972656e+01 1.900000000000000000e+01
1.419999980926513672e+01 1.600000000000000000e+01
1.430000019073486328e+01 2.200000000000000000e+01
1.439999961853027344e+01 2.000000000000000000e+01
1.450000000000000000e+01 1.700000000000000000e+01
1.460000038146972656e+01 1.600000000000000000e+01
1.469999980926513672e+01 2.000000000000000000e+01
1.480000019073486328e+01 2.600000000000000000e+01
1.489999961853027344e+01 2.200000000000000000e+01
1.500000000000000000e+01 2.300000000000000000e+01
1.510000038146972656e+01 2.800000000000000000e+01
1.519999980926513672e+01 3.200000000000000000e+01
1.530000019073486328e+01 2.000000000000000000e+01
1.539999961853027344e+01 2.300000000000000000e+01
1.550000000000000000e+01 2.300000000000000000e+01
1.560000038146972656e+01 2.900000000000000000e+01
1.569999980926513672e+01 3.600000000000000000e+01
1.580000019073486328e+01 2.100000000000000000e+01
1.589999961853027344e+01 2.600000000000000000e+01
1.600000000000000000e+01 2.200000000000000000e+01
1.610000038146972656e+01 2.000000000000000000e+01
1.620000076293945312e+01 1.500000000000000000e+01
1.629999923706054688e+01 1.800000000000000000e+01
1.639999961853027344e+01 2.000000000000000000e+01
1.650000000000000000e+01 1.800000000000000000e+01
1.660000038146972656e+01 1.700000000000000000e+01
1.670000076293945312e+01 1.700000000000000000e+01
1.679999923706054688e+01 1.700000000000000000e+01
1.689999961853027344e+01 2.100000000000000000e+01
1.700000000000000000e+01 2.000000000000000000e+01
1.710000038146972656e+01 2.200000000000000000e+01
1.720000076293945312e+01 1.500000000000000000e+01
1.729999923706054688e+01 1.600000000000000000e+01
1.739999961853027344e+01 1.800000000000000000e+01
1.750000000000000000e+01 1.700000000000000000e+01
1.760000038146972656e+01 1.700000000000000000e+01
1.770000076293945312e+01 1.800000000000000000e+01
1.779999923706054688e+01 2.000000000000000000e+01
1.789999961853027344e+01 1.600000000000000000e+01
1.800000000000000000e+01 1.700000000000000000e+01
1.810000038146972656e+01 2.000000000000000000e+01
1.820000076293945312e+01 1.400000000000000000e+01
1.829999923706054688e+01 1.300000000000000000e+01
1.839999961853027344e+01 2.200000000000000000e+01
1.850000000000000000e+01 2.200000000000000000e+01
1.860000038146972656e+01 2.300000000000000000e+01
1.870000076293945312e+01 1.600000000000000000e+01
1.879999923706054688e+01 2.100000000000000000e+01
1.889999961853027344e+01 1.800000000000000000e+01
1.900000000000000000e+01 1.200000000000000000e+01
1.910000038146972656e+01 2.300000000000000000e+01
1.920000076293945312e+01 1.700000000000000000e+01
1.929999923706054688e+01 1.900000000000000000e+01
1.939999961853027344e+01 1.500000000000000000e+01
1.950000000000000000e+01 1.700000000000000000e+01
1.960000038146972656e+01 1.200000000000000000e+01
1.970000076293945312e+01 3.000000000000000000e+00
1.979999923706054688e+01 0.000000000000000000e+00
1.989999961853027344e+01 4.000000000000000000e+00
2.000000000000000000e+01 0.000000000000000000e+00
2.010000038146972656e+01 0.000000000000000000e+00
2.020000076293945312e+01 0.000000000000000000e+00
2.029999923706054688e+01 0.000000000000000000e+00
2.039999961853027344e+01 0.000000000000000000e+00
2.050000000000000000e+01 0.000000000000000000e+00
2.060000038146972656e+01 0.000000000000000000e+00
2.070000076293945312e+01 0.000000000000000000e+00
2.079999923706054688e+01 0.000000000000000000e+00
2.089999961853027344e+01 0.000000000000000000e+00
2.100000000000000000e+01 0.000000000000000000e+00
2.110000038146972656e+01 0.000000000000000000e+00
2.120000076293945312e+01 0.000000000000000000e+00
2.129999923706054688e+01 0.000000000000000000e+00
2.139999961853027344e+01 0.000000000000000000e+00
2.150000000000000000e+01 0.000000000000000000e+00
2.160000038146972656e+01 0.000000000000000000e+00
2.170000076293945312e+01 0.000000000000000000e+00
2.179999923706054688e+01 0.000000000000000000e+00
2.189999961853027344e+01 0.000000000000000000e+00
2.200000000000000000e+01 0.000000000000000000e+00
2.210000038146972656e+01 0.000000000000000000e+00
2.220000076293945312e+01 0.000000000000000000e+00
2.229999923706054688e+01 0.000000000000000000e+00
2.239999961853027344e+01 0.000000000000000000e+00
2.250000000000000000e+01 0.000000000000000000e+00
2.260000038146972656e+01 0.000000000000000000e+00
2.270000076293945312e+01 0.000000000000000000e+00
2.279999923706054688e+01 0.000000000000000000e+00
2.289999961853027344e+01 0.000000000000000000e+00
2.300000000000000000e+01 0.000000000000000000e+00
2.310000038146972656e+01 0.000000000000000000e+00
2.320000076293945312e+01 0.000000000000000000e+00
2.329999923706054688e+01 0.000000000000000000e+00
2.339999961853027344e+01 0.000000000000000000e+00
2.350000000000000000e+01 0.000000000000000000e+00
2.360000038146972656e+01 0.000000000000000000e+00
2.370000076293945312e+01 0.000000000000000000e+00
2.379999923706054688e+01 0.000000000000000000e+00
2.389999961853027344e+01 0.000000000000000000e+00
2.400000000000000000e+01 0.000000000000000000e+00
2.410000038146972656e+01 0.000000000000000000e+00
2.420000076293945312e+01 0.000000000000000000e+00
2.429999923706054688e+01 0.000000000000000000e+00
2.439999961853027344e+01 0.000000000000000000e+00
2.450000000000000000e+01 0.000000000000000000e+00
2.460000038146972656e+01 0.000000000000000000e+00
2.470000076293945312e+01 0.000000000000000000e+00
2.479999923706054688e+01 0.000000000000000000e+00
2.489999961853027344e+01 0.000000000000000000e+00
2.500000000000000000e+01 0.000000000000000000e+00
2.510000038146972656e+01 0.000000000000000000e+00
2.520000076293945312e+01 0.000000000000000000e+00
2.529999923706054688e+01 0.000000000000000000e+00
2.539999961853027344e+01 0.000000000000000000e+00
2.550000000000000000e+01 0.000000000000000000e+00
2.560000038146972656e+01 0.000000000000000000e+00
2.570000076293945312e+01 0.000000000000000000e+00
2.579999923706054688e+01 0.000000000000000000e+00
2.589999961853027344e+01 0.000000000000000000e+00
2.600000000000000000e+01 0.000000000000000000e+00
2.610000038146972656e+01 0.000000000000000000e+00
2.620000076293945312e+01 0.000000000000000000e+00
2.629999923706054688e+01 0.000000000000000000e+00
2.639999961853027344e+01 0.000000000000000000e+00
2.650000000000000000e+01 0.000000000000000000e+00
2.660000038146972656e+01 0.000000000000000000e+00
2.670000076293945312e+01 0.000000000000000000e+00
2.679999923706054688e+01 0.000000000000000000e+00
2.689999961853027344e+01 0.000000000000000000e+00
2.700000000000000000e+01 0.000000000000000000e+00
2.710000038146972656e+01 0.000000000000000000e+00
2.720000076293945312e+01 0.000000000000000000e+00
2.729999923706054688e+01 0.000000000000000000e+00
2.739999961853027344e+01 0.000000000000000000e+00
2.750000000000000000e+01 0.000000000000000000e+00
2.760000038146972656e+01 0.000000000000000000e+00
2.770000076293945312e+01 0.000000000000000000e+00
2.779999923706054688e+01 0.000000000000000000e+00
2.789999961853027344e+01 0.000000000000000000e+00
2.800000000000000000e+01 0.000000000000000000e+00
2.810000038146972656e+01 0.000000000000000000e+00
2.820000076293945312e+01 0.000000000000000000e+00
2.829999923706054688e+01 0.000000000000000000e+00
2.839999961853027344e+01 0.000000000000000000e+00
2.850000000000000000e+01 0.000000000000000000e+00
2.860000038146972656e+01 0.000000000000000000e+00
2.870000076293945312e+01 0.000000000000000000e+00
2.879999923706054688e+01 0.000000000000000000e+00
2.889999961853027344e+01 0.000000000000000000e+00
2.900000000000000000e+01 0.000000000000000000e+00
2.910000038146972656e+01 0.000000000000000000e+00
2.920000076293945312e+01 0.000000000000000000e+00
2.929999923706054688e+01 0.000000000000000000e+00
2.939999961853027344e+01 0.000000000000000000e+00
2.950000000000000000e+01 0.000000000000000000e+00
2.960000038146972656e+01 0.000000000000000000e+00
2.970000076293945312e+01 0.000000000000000000e+00
2.979999923706054688e+01 0.000000000000000000e+00
2.989999961853027344e+01 0.000000000000000000e+00
3.000000000000000000e+01 0.000000000000000000e+00
3.010000038146972656e+01 0.000000000000000000e+00
3.020000076293945312e+01 0.000000000000000000e+00
3.029999923706054688e+01 0.000000000000000000e+00
3.039999961853027344e+01 0.000000000000000000e+00
3.050000000000000000e+01 0.000000000000000000e+00
3.060000038146972656e+01 0.000000000000000000e+00
3.070000076293945312e+01 2.000000000000000000e+00
3.079999923706054688e+01 0.000000000000000000e+00
3.089999961853027344e+01 0.000000000000000000e+00
3.100000000000000000e+01 0.000000000000000000e+00
3.110000038146972656e+01 0.000000000000000000e+00
3.120000076293945312e+01 0.000000000000000000e+00
3.129999923706054688e+01 0.000000000000000000e+00
3.139999961853027344e+01 0.000000000000000000e+00
3.150000000000000000e+01 0.000000000000000000e+00
3.160000038146972656e+01 0.000000000000000000e+00
3.170000076293945312e+01 0.000000000000000000e+00
3.179999923706054688e+01 0.000000000000000000e+00
3.189999961853027344e+01 0.000000000000000000e+00
3.200000000000000000e+01 0.000000000000000000e+00
3.209999847412109375e+01 0.000000000000000000e+00
3.220000076293945312e+01 0.000000000000000000e+00
3.229999923706054688e+01 0.000000000000000000e+00
3.240000152587890625e+01 0.000000000000000000e+00
3.250000000000000000e+01 0.000000000000000000e+00
3.259999847412109375e+01 0.000000000000000000e+00
3.270000076293945312e+01 0.000000000000000000e+00
3.279999923706054688e+01 0.000000000000000000e+00
3.290000152587890625e+01 0.000000000000000000e+00
3.300000000000000000e+01 0.000000000000000000e+00
3.309999847412109375e+01 0.000000000000000000e+00
3.320000076293945312e+01 0.000000000000000000e+00
3.329999923706054688e+01 0.000000000000000000e+00
3.340000152587890625e+01 0.000000000000000000e+00
3.350000000000000000e+01 0.000000000000000000e+00
3.359999847412109375e+01 0.000000000000000000e+00
3.370000076293945312e+01 0.000000000000000000e+00
3.379999923706054688e+01 0.000000000000000000e+00
3.390000152587890625e+01 0.000000000000000000e+00
3.400000000000000000e+01 0.000000000000000000e+00
3.409999847412109375e+01 0.000000000000000000e+00
3.420000076293945312e+01 0.000000000000000000e+00
3.429999923706054688e+01 4.000000000000000000e+00
3.440000152587890625e+01 4.000000000000000000e+00
3.450000000000000000e+01 1.000000000000000000e+00
3.459999847412109375e+01 5.000000000000000000e+00
3.470000076293945312e+01 5.000000000000000000e+00
3.479999923706054688e+01 4.000000000000000000e+00
3.490000152587890625e+01 1.000000000000000000e+00
3.500000000000000000e+01 6.000000000000000000e+00
3.509999847412109375e+01 1.000000000000000000e+01
3.520000076293945312e+01 1.600000000000000000e+01
3.529999923706054688e+01 7.000000000000000000e+00
3.540000152587890625e+01 1.400000000000000000e+01
3.550000000000000000e+01 1.100000000000000000e+01
3.559999847412109375e+01 1.600000000000000000e+01
3.570000076293945312e+01 1.500000000000000000e+01
3.579999923706054688e+01 2.100000000000000000e+01
3.590000152587890625e+01 1.800000000000000000e+01
3.600000000000000000e+01 1.100000000000000000e+01
3.609999847412109375e+01 1.000000000000000000e+01
3.620000076293945312e+01 1.900000000000000000e+01
3.629999923706054688e+01 1.800000000000000000e+01
3.640000152587890625e+01 1.800000000000000000e+01
3.650000000000000000e+01 1.700000000000000000e+01
3.659999847412109375e+01 1.700000000000000000e+01
3.670000076293945312e+01 1.700000000000000000e+01
3.679999923706054688e+01 1.900000000000000000e+01
3.690000152587890625e+01 1.800000000000000000e+01
3.700000000000000000e+01 1.600000000000000000e+01
3.709999847412109375e+01 1.500000000000000000e+01
3.720000076293945312e+01 1.900000000000000000e+01
3.729999923706054688e+01 1.900000000000000000e+01
3.740000152587890625e+01 2.300000000000000000e+01
3.750000000000000000e+01 1.900000000000000000e+01
3.759999847412109375e+01 1.700000000000000000e+01
3.770000076293945312e+01 1.600000000000000000e+01
3.779999923706054688e+01 1.800000000000000000e+01
3.790000152587890625e+01 1.700000000000000000e+01
3.800000000000000000e+01 2.200000000000000000e+01
3.809999847412109375e+01 1.800000000000000000e+01
3.820000076293945312e+01 2.000000000000000000e+01
3.829999923706054688e+01 1.700000000000000000e+01
3.840000152587890625e+01 2.300000000000000000e+01
3.850000000000000000e+01 1.800000000000000000e+01
3.859999847412109375e+01 1.900000000000000000e+01
3.870000076293945312e+01 1.800000000000000000e+01
3.879999923706054688e+01 1.800000000000000000e+01
3.890000152587890625e+01 1.600000000000000000e+01
3.900000000000000000e+01 1.700000000000000000e+01
3.909999847412109375e+01 1.700000000000000000e+01
3.920000076293945312e+01 2.100000000000000000e+01
3.929999923706054688e+01 2.000000000000000000e+01
3.940000152587890625e+01 1.500000000000000000e+01
3.950000000000000000e+01 1.600000000000000000e+01
3.959999847412109375e+01 1.700000000000000000e+01
3.970000076293945312e+01 1.500000000000000000e+01
3.979999923706054688e+01 1.800000000000000000e+01
3.990000152587890625e+01 2.000000000000000000e+01
4.000000000000000000e+01 2.000000000000000000e+01
4.009999847412109375e+01 2.200000000000000000e+01
4.020000076293945312e+01 2.500000000000000000e+01
4.029999923706054688e+01 2.100000000000000000e+01
4.040000152587890625e+01 2.200000000000000000e+01
4.050000000000000000e+01 1.700000000000000000e+01
4.059999847412109375e+01 2.100000000000000000e+01
4.070000076293945312e+01 1.800000000000000000e+01
4.079999923706054688e+01 1.900000000000000000e+01
4.090000152587890625e+01 2.000000000000000000e+01
4.100000000000000000e+01 2.100000000000000000e+01
4.109999847412109375e+01 1.500000000000000000e+01
4.120000076293945312e+01 1.600000000000000000e+01
4.129999923706054688e+01 2.000000000000000000e+01
4.140000152587890625e+01 2.100000000000000000e+01
4.150000000000000000e+01 2.000000000000000000e+01
4.159999847412109375e+01 1.800000000000000000e+01
4.170000076293945312e+01 1.600000000000000000e+01
4.179999923706054688e+01 1.800000000000000000e+01
4.190000152587890625e+01 1.700000000000000000e+01
4.200000000000000000e+01 2.100000000000000000e+01
4.209999847412109375e+01 1.900000000000000000e+01
4.220000076293945312e+01 1.600000000000000000e+01
4.229999923706054688e+01 1.900000000000000000e+01
4.240000152587890625e+01 2.100000000000000000e+01
4.250000000000000000e+01 1.800000000000000000e+01
4.259999847412109375e+01 2.200000000000000000e+01
4.270000076293945312e+01 1.800000000000000000e+01
4.279999923706054688e+01 1.800000000000000000e+01
4.290000152587890625e+01 1.500000000000000000e+01
4.300000000000000000e+01 1.500000000000000000e+01
4.309999847412109375e+01 1.800000000000000000e+01
4.320000076293945312e+01 2.000000000000000000e+01
4.329999923706054688e+01 1.900000000000000000e+01
4.340000152587890625e+01 2.100000000000000000e+01
4.350000000000000000e+01 1.800000000000000000e+01
4.359999847412109375e+01 1.700000000000000000e+01
4.370000076293945312e+01 1.700000000000000000e+01
4.379999923706054688e+01 2.000000000000000000e+01
4.390000152587890625e+01 1.900000000000000000e+01
4.400000000000000000e+01 2.100000000000000000e+01
4.409999847412109375e+01 1.300000000000000000e+01
4.420000076293945312e+01 2.400000000000000000e+01
4.429999923706054688e+01 2.500000000000000000e+01
4.440000152587890625e+01 2.300000000000000000e+01
4.450000000000000000e+01 2.300000000000000000e+01
4.459999847412109375e+01 2.400000000000000000e+01
4.470000076293945312e+01 2.000000000000000000e+01
4.479999923706054688e+01 2.000000000000000000e+01
4.490000152587890625e+01 1.600000000000000000e+01
4.500000000000000000e+01 1.700000000000000000e+01
4.509999847412109375e+01 1.500000000000000000e+01
4.520000076293945312e+01 1.500000000000000000e+01
4.529999923706054688e+01 2.000000000000000000e+01
4.540000152587890625e+01 1.500000000000000000e+01
4.550000000000000000e+01 1.700000000000000000e+01
4.559999847412109375e+01 2.100000000000000000e+01
4.570000076293945312e+01 1.800000000000000000e+01
4.579999923706054688e+01 2.100000000000000000e+01
4.590000152587890625e+01 1.800000000000000000e+01
4.600000000000000000e+01 2.500000000000000000e+01
4.609999847412109375e+01 2.400000000000000000e+01
4.620000076293945312e+01 2.300000000000000000e+01
4.629999923706054688e+01 1.700000000000000000e+01
4.640000152587890625e+01 1.900000000000000000e+01
4.650000000000000000e+01 1.500000000000000000e+01
4.659999847412109375e+01 1.800000000000000000e+01
4.670000076293945312e+01 1.500000000000000000e+01
4.679999923706054688e+01 1.800000000000000000e+01
4.690000152587890625e+01 2.000000000000000000e+01
4.700000000000000000e+01 2.200000000000000000e+01
4.709999847412109375e+01 2.500000000000000000e+01
4.720000076293945312e+01 1.800000000000000000e+01
4.729999923706054688e+01 2.600000000000000000e+01
4.740000152587890625e+01 2.200000000000000000e+01
4.750000000000000000e+01 1.800000000000000000e+01
4.759999847412109375e+01 2.100000000000000000e+01
4.770000076293945312e+01 1.800000000000000000e+01
4.779999923706054688e+01 1.700000000000000000e+01
4.790000152587890625e+01 2.300000000000000000e+01
4.800000000000000000e+01 1.900000000000000000e+01
4.809999847412109375e+01 2.100000000000000000e+01
4.820000076293945312e+01 1.800000000000000000e+01
4.829999923706054688e+01 1.900000000000000000e+01
4.840000152587890625e+01 2.000000000000000000e+01
4.850000000000000000e+01 1.900000000000000000e+01
4.859999847412109375e+01 1.700000000000000000e+01
4.870000076293945312e+01 1.700000000000000000e+01
4.879999923706054688e+01 1.500000000000000000e+01
4.890000152587890625e+01 2.000000000000000000e+01
4.900000000000000000e+01 1.900000000000000000e+01
4.909999847412109375e+01 1.700000000000000000e+01
4.920000076293945312e+01 1.900000000000000000e+01
4.929999923706054688e+01 2.100000000000000000e+01
4.940000152587890625e+01 2.100000000000000000e+01
4.950000000000000000e+01 2.300000000000000000e+01
4.959999847412109375e+01 1.900000000000000000e+01
4.970000076293945312e+01 2.000000000000000000e+01
4.979999923706054688e+01 2.100000000000000000e+01
4.990000152587890625e+01 2.200000000000000000e+01
5.000000000000000000e+01 1.800000000000000000e+01
5.009999847412109375e+01 2.200000000000000000e+01
5.020000076293945312e+01 2.300000000000000000e+01
5.029999923706054688e+01 2.100000000000000000e+01
5.040000152587890625e+01 2.000000000000000000e+01
5.050000000000000000e+01 2.400000000000000000e+01
5.059999847412109375e+01 2.000000000000000000e+01
5.070000076293945312e+01 1.800000000000000000e+01
5.079999923706054688e+01 1.400000000000000000e+01
5.090000152587890625e+01 1.800000000000000000e+01
5.100000000000000000e+01 2.400000000000000000e+01
5.109999847412109375e+01 2.200000000000000000e+01
5.120000076293945312e+01 2.200000000000000000e+01
5.129999923706054688e+01 2.000000000000000000e+01
5.140000152587890625e+01 1.300000000000000000e+01
5.150000000000000000e+01 1.600000000000000000e+01
5.159999847412109375e+01 1.300000000000000000e+01
5.170000076293945312e+01 8.000000000000000000e+00
5.179999923706054688e+01 1.000000000000000000e+00
5.190000152587890625e+01 1.300000000000000000e+01
5.200000000000000000e+01 8.000000000000000000e+00
5.209999847412109375e+01 1.100000000000000000e+01
5.220000076293945312e+01 9.000000000000000000e+00
5.229999923706054688e+01 5.000000000000000000e+00
5.240000152587890625e+01 1.000000000000000000e+01
5.250000000000000000e+01 4.000000000000000000e+00
5.259999847412109375e+01 6.000000000000000000e+00
5.270000076293945312e+01 8.000000000000000000e+00
5.279999923706054688e+01 5.000000000000000000e+00
5.290000152587890625e+01 3.000000000000000000e+00
5.300000000000000000e+01 6.000000000000000000e+00
5.309999847412109375e+01 5.000000000000000000e+00
5.320000076293945312e+01 1.500000000000000000e+01
5.329999923706054688e+01 1.000000000000000000e+01
5.340000152587890625e+01 1.700000000000000000e+01
5.350000000000000000e+01 1.300000000000000000e+01
5.359999847412109375e+01 5.000000000000000000e+00
5.370000076293945312e+01 1.300000000000000000e+01
5.379999923706054688e+01 1.500000000000000000e+01
5.390000152587890625e+01 1.800000000000000000e+01
5.400000000000000000e+01 2.100000000000000000e+01
5.409999847412109375e+01 1.800000000000000000e+01
5.420000076293945312e+01 2.100000000000000000e+01
5.429999923706054688e+01 2.100000000000000000e+01
5.440000152587890625e+01 2.200000000000000000e+01
5.450000000000000000e+01 2.100000000000000000e+01
5.459999847412109375e+01 2.300000000000000000e+01
5.470000076293945312e+01 1.900000000000000000e+01
5.479999923706054688e+01 1.900000000000000000e+01
5.490000152587890625e+01 2.300000000000000000e+01
5.500000000000000000e+01 2.000000000000000000e+01
5.509999847412109375e+01 2.000000000000000000e+01
5.520000076293945312e+01 1.900000000000000000e+01
5.529999923706054688e+01 1.800000000000000000e+01
5.540000152587890625e+01 2.000000000000000000e+01
5.550000000000000000e+01 1.600000000000000000e+01
5.559999847412109375e+01 1.500000000000000000e+01
5.570000076293945312e+01 2.200000000000000000e+01
5.579999923706054688e+01 2.200000000000000000e+01
5.590000152587890625e+01 2.200000000000000000e+01
5.600000000000000000e+01 1.900000000000000000e+01
5.609999847412109375e+01 2.200000000000000000e+01
5.620000076293945312e+01 2.600000000000000000e+01
5.629999923706054688e+01 2.000000000000000000e+01
5.640000152587890625e+01 2.200000000000000000e+01
5.650000000000000000e+01 1.500000000000000000e+01
5.659999847412109375e+01 2.100000000000000000e+01
5.670000076293945312e+01 1.700000000000000000e+01
5.679999923706054688e+01 1.800000000000000000e+01
5.690000152587890625e+01 1.900000000000000000e+01
5.700000000000000000e+01 1.500000000000000000e+01
5.709999847412109375e+01 1.700000000000000000e+01
5.720000076293945312e+01 1.800000000000000000e+01
5.729999923706054688e+01 1.700000000000000000e+01
5.740000152587890625e+01 1.700000000000000000e+01
5.750000000000000000e+01 1.400000000000000000e+01
5.759999847412109375e+01 1.300000000000000000e+01
5.770000076293945312e+01 1.900000000000000000e+01
5.779999923706054688e+01 2.000000000000000000e+01
5.790000152587890625e+01 1.800000000000000000e+01
5.800000000000000000e+01 1.900000000000000000e+01
5.809999847412109375e+01 1.700000000000000000e+01
5.820000076293945312e+01 1.400000000000000000e+01
5.829999923706054688e+01 1.900000000000000000e+01
5.840000152587890625e+01 1.700000000000000000e+01
5.850000000000000000e+01 1.900000000000000000e+01
5.859999847412109375e+01 1.400000000000000000e+01
5.870000076293945312e+01 1.700000000000000000e+01
5.879999923706054688e+01 1.700000000000000000e+01
5.890000152587890625e+01 1.700000000000000000e+01
5.900000000000000000e+01 2.000000000000000000e+01
5.909999847412109375e+01 1.800000000000000000e+01
5.920000076293945312e+01 1.700000000000000000e+01
5.929999923706054688e+01 1.500000000000000000e+01
5.940000152587890625e+01 1.800000000000000000e+01
5.950000000000000000e+01 1.400000000000000000e+01
5.959999847412109375e+01 1.600000000000000000e+01
5.970000076293945312e+01 1.600000000000000000e+01
5.979999923706054688e+01 1.500000000000000000e+01
5.990000152587890625e+01 1.900000000000000000e+01
6.000000000000000000e+01 1.300000000000000000e+01
6.009999847412109375e+01 1.600000000000000000e+01
6.020000076293945312e+01 1.900000000000000000e+01
6.029999923706054688e+01 1.500000000000000000e+01
6.040000152587890625e+01 1.700000000000000000e+01
6.050000000000000000e+01 1.600000000000000000e+01
6.059999847412109375e+01 1.300000000000000000e+01
6.070000076293945312e+01 1.400000000000000000e+01
6.079999923706054688e+01 1.200000000000000000e+01
6.090000152587890625e+01 2.200000000000000000e+01
6.100000000000000000e+01 1.300000000000000000e+01
6.109999847412109375e+01 1.500000000000000000e+01
6.120000076293945312e+01 1.300000000000000000e+01
6.129999923706054688e+01 1.600000000000000000e+01
6.140000152587890625e+01 1.400000000000000000e+01
6.150000000000000000e+01 2.000000000000000000e+01
6.159999847412109375e+01 1.700000000000000000e+01
6.170000076293945312e+01 1.800000000000000000e+01
6.179999923706054688e+01 1.500000000000000000e+01
6.190000152587890625e+01 1.900000000000000000e+01
6.200000000000000000e+01 2.000000000000000000e+01
6.209999847412109375e+01 1.500000000000000000e+01
6.220000076293945312e+01 1.400000000000000000e+01
6.229999923706054688e+01 1.800000000000000000e+01
6.240000152587890625e+01 1.700000000000000000e+01
6.250000000000000000e+01 1.700000000000000000e+01
6.259999847412109375e+01 2.200000000000000000e+01
6.270000076293945312e+01 2.000000000000000000e+01
6.279999923706054688e+01 1.900000000000000000e+01
6.290000152587890625e+01 1.600000000000000000e+01
6.300000000000000000e+01 2.100000000000000000e+01
6.309999847412109375e+01 1.900000000000000000e+01
6.320000076293945312e+01 1.300000000000000000e+01
6.329999923706054688e+01 1.600000000000000000e+01
6.340000152587890625e+01 2.100000000000000000e+01
6.350000000000000000e+01 1.000000000000000000e+01
6.359999847412109375e+01 1.500000000000000000e+01
6.370000076293945312e+01 6.000000000000000000e+00
6.379999923706054688e+01 0.000000000000000000e+00
6.390000152587890625e+01 0.000000000000000000e+00
6.400000000000000000e+01 0.000000000000000000e+00
6.409999847412109375e+01 0.000000000000000000e+00
6.419999694824218750e+01 0.000000000000000000e+00
6.430000305175781250e+01 0.000000000000000000e+00
6.440000152587890625e+01 0.000000000000000000e+00
6.450000000000000000e+01 0.000000000000000000e+00
6.459999847412109375e+01 0.000000000000000000e+00
6.469999694824218750e+01 1.000000000000000000e+00
6.480000305175781250e+01 0.000000000000000000e+00
6.490000152587890625e+01 2.000000000000000000e+00
6.500000000000000000e+01 2.000000000000000000e+00
6.509999847412109375e+01 1.000000000000000000e+00
6.519999694824218750e+01 2.000000000000000000e+00
6.530000305175781250e+01 1.000000000000000000e+00
6.540000152587890625e+01 0.000000000000000000e+00
6.550000000000000000e+01 0.000000000000000000e+00
6.559999847412109375e+01 1.000000000000000000e+00
6.569999694824218750e+01 0.000000000000000000e+00
6.580000305175781250e+01 0.000000000000000000e+00
6.590000152587890625e+01 0.000000000000000000e+00
6.600000000000000000e+01 0.000000000000000000e+00
6.609999847412109375e+01 0.000000000000000000e+00
6.619999694824218750e+01 0.000000000000000000e+00
6.630000305175781250e+01 0.000000000000000000e+00
6.640000152587890625e+01 0.000000000000000000e+00
6.650000000000000000e+01 0.000000000000000000e+00
6.659999847412109375e+01 0.000000000000000000e+00
6.669999694824218750e+01 0.000000000000000000e+00
6.680000305175781250e+01 0.000000000000000000e+00
6.690000152587890625e+01 0.000000000000000000e+00
6.700000000000000000e+01 0.000000000000000000e+00
6.709999847412109375e+01 0.000000000000000000e+00
6.719999694824218750e+01 0.000000000000000000e+00
6.730000305175781250e+01 0.000000000000000000e+00
6.740000152587890625e+01 0.000000000000000000e+00
6.750000000000000000e+01 0.000000000000000000e+00
6.759999847412109375e+01 0.000000000000000000e+00
6.769999694824218750e+01 0.000000000000000000e+00
6.780000305175781250e+01 0.000000000000000000e+00
6.790000152587890625e+01 0.000000000000000000e+00
6.800000000000000000e+01 0.000000000000000000e+00
6.809999847412109375e+01 0.000000000000000000e+00
6.819999694824218750e+01 0.000000000000000000e+00
6.830000305175781250e+01 0.000000000000000000e+00
6.840000152587890625e+01 0.000000000000000000e+00
6.850000000000000000e+01 0.000000000000000000e+00
6.859999847412109375e+01 0.000000000000000000e+00
6.869999694824218750e+01 0.000000000000000000e+00
6.880000305175781250e+01 0.000000000000000000e+00
6.890000152587890625e+01 0.000000000000000000e+00
6.900000000000000000e+01 0.000000000000000000e+00
6.909999847412109375e+01 0.000000000000000000e+00
6.919999694824218750e+01 0.000000000000000000e+00
6.930000305175781250e+01 0.000000000000000000e+00
6.940000152587890625e+01 0.000000000000000000e+00
6.950000000000000000e+01 0.000000000000000000e+00
6.959999847412109375e+01 0.000000000000000000e+00
6.969999694824218750e+01 0.000000000000000000e+00
6.980000305175781250e+01 0.000000000000000000e+00
6.990000152587890625e+01 0.000000000000000000e+00
7.000000000000000000e+01 0.000000000000000000e+00
7.009999847412109375e+01 0.000000000000000000e+00
7.019999694824218750e+01 0.000000000000000000e+00
7.030000305175781250e+01 0.000000000000000000e+00
7.040000152587890625e+01 0.000000000000000000e+00
7.050000000000000000e+01 0.000000000000000000e+00
7.059999847412109375e+01 0.000000000000000000e+00
7.069999694824218750e+01 0.000000000000000000e+00
7.080000305175781250e+01 0.000000000000000000e+00
7.090000152587890625e+01 0.000000000000000000e+00
7.100000000000000000e+01 0.000000000000000000e+00
7.109999847412109375e+01 0.000000000000000000e+00
7.119999694824218750e+01 0.000000000000000000e+00
7.130000305175781250e+01 0.000000000000000000e+00
7.140000152587890625e+01 0.000000000000000000e+00
7.150000000000000000e+01 0.000000000000000000e+00
7.159999847412109375e+01 0.000000000000000000e+00
7.169999694824218750e+01 0.000000000000000000e+00
7.180000305175781250e+01 0.000000000000000000e+00
7.190000152587890625e+01 0.000000000000000000e+00
7.200000000000000000e+01 0.000000000000000000e+00
7.209999847412109375e+01 0.000000000000000000e+00
7.219999694824218750e+01 0.000000000000000000e+00
7.230000305175781250e+01 0.000000000000000000e+00
7.240000152587890625e+01 0.000000000000000000e+00
7.250000000000000000e+01 0.000000000000000000e+00
7.259999847412109375e+01 0.000000000000000000e+00
7.269999694824218750e+01 0.000000000000000000e+00
7.280000305175781250e+01 0.000000000000000000e+00
7.290000152587890625e+01 0.000000000000000000e+00
7.300000000000000000e+01 0.000000000000000000e+00
7.309999847412109375e+01 0.000000000000000000e+00
7.319999694824218750e+01 0.000000000000000000e+00
7.330000305175781250e+01 0.000000000000000000e+00
7.340000152587890625e+01 0.000000000000000000e+00
7.350000000000000000e+01 0.000000000000000000e+00
7.359999847412109375e+01 0.000000000000000000e+00
7.369999694824218750e+01 0.000000000000000000e+00
7.380000305175781250e+01 0.000000000000000000e+00
7.390000152587890625e+01 0.000000000000000000e+00
7.400000000000000000e+01 0.000000000000000000e+00
7.409999847412109375e+01 0.000000000000000000e+00
7.419999694824218750e+01 0.000000000000000000e+00
7.430000305175781250e+01 0.000000000000000000e+00
7.440000152587890625e+01 0.000000000000000000e+00
7.450000000000000000e+01 0.000000000000000000e+00
7.459999847412109375e+01 0.000000000000000000e+00
7.469999694824218750e+01 0.000000000000000000e+00
7.480000305175781250e+01 0.000000000000000000e+00
7.490000152587890625e+01 0.000000000000000000e+00
7.500000000000000000e+01 0.000000000000000000e+00
7.509999847412109375e+01 0.000000000000000000e+00
7.519999694824218750e+01 0.000000000000000000e+00
7.530000305175781250e+01 0.000000000000000000e+00
7.540000152587890625e+01 0.000000000000000000e+00
7.550000000000000000e+01 0.000000000000000000e+00
7.559999847412109375e+01 0.000000000000000000e+00
7.569999694824218750e+01 0.000000000000000000e+00
7.580000305175781250e+01 0.000000000000000000e+00
7.590000152587890625e+01 0.000000000000000000e+00
7.600000000000000000e+01 0.000000000000000000e+00
7.609999847412109375e+01 0.000000000000000000e+00
7.619999694824218750e+01 0.000000000000000000e+00
7.630000305175781250e+01 0.000000000000000000e+00
7.640000152587890625e+01 0.000000000000000000e+00
7.650000000000000000e+01 0.000000000000000000e+00
7.659999847412109375e+01 0.000000000000000000e+00
7.669999694824218750e+01 0.000000000000000000e+00
7.680000305175781250e+01 0.000000000000000000e+00
7.690000152587890625e+01 0.000000000000000000e+00
7.700000000000000000e+01 0.000000000000000000e+00
7.709999847412109375e+01 0.000000000000000000e+00
7.719999694824218750e+01 0.000000000000000000e+00
7.730000305175781250e+01 5.000000000000000000e+00
7.740000152587890625e+01 6.000000000000000000e+00
7.750000000000000000e+01 0.000000000000000000e+00
7.759999847412109375e+01 0.000000000000000000e+00
7.769999694824218750e+01 0.000000000000000000e+00
7.780000305175781250e+01 0.000000000000000000e+00
7.790000152587890625e+01 0.000000000000000000e+00
7.800000000000000000e+01 0.000000000000000000e+00
7.809999847412109375e+01 0.000000000000000000e+00
7.819999694824218750e+01 0.000000000000000000e+00
7.830000305175781250e+01 0.000000000000000000e+00
7.840000152587890625e+01 0.000000000000000000e+00
7.850000000000000000e+01 0.000000000000000000e+00
7.859999847412109375e+01 0.000000000000000000e+00
7.869999694824218750e+01 0.000000000000000000e+00
7.880000305175781250e+01 0.000000000000000000e+00
7.890000152587890625e+01 0.000000000000000000e+00
7.900000000000000000e+01 0.000000000000000000e+00
7.909999847412109375e+01 0.000000000000000000e+00
7.919999694824218750e+01 0.000000000000000000e+00
7.930000305175781250e+01 0.000000000000000000e+00
7.940000152587890625e+01 0.000000000000000000e+00
7.950000000000000000e+01 0.000000000000000000e+00
7.959999847412109375e+01 0.000000000000000000e+00
7.969999694824218750e+01 0.000000000000000000e+00
7.980000305175781250e+01 0.000000000000000000e+00
7.990000152587890625e+01 0.000000000000000000e+00
8.000000000000000000e+01 0.000000000000000000e+00
8.009999847412109375e+01 0.000000000000000000e+00
8.019999694824218750e+01 4.000000000000000000e+00
8.030000305175781250e+01 1.400000000000000000e+01
8.040000152587890625e+01 7.000000000000000000e+00
8.050000000000000000e+01 7.000000000000000000e+00
8.059999847412109375e+01 9.000000000000000000e+00
8.069999694824218750e+01 9.000000000000000000e+00
8.080000305175781250e+01 8.000000000000000000e+00
8.090000152587890625e+01 2.000000000000000000e+00
8.100000000000000000e+01 7.000000000000000000e+00
8.109999847412109375e+01 8.000000000000000000e+00
8.119999694824218750e+01 7.000000000000000000e+00
8.130000305175781250e+01 6.000000000000000000e+00
8.140000152587890625e+01 9.000000000000000000e+00
8.150000000000000000e+01 9.000000000000000000e+00
8.159999847412109375e+01 1.200000000000000000e+01
8.169999694824218750e+01 6.000000000000000000e+00
8.180000305175781250e+01 1.000000000000000000e+01
8.190000152587890625e+01 5.000000000000000000e+00
8.200000000000000000e+01 9.000000000000000000e+00
8.209999847412109375e+01 9.000000000000000000e+00
8.219999694824218750e+01 0.000000000000000000e+00
8.230000305175781250e+01 0.000000000000000000e+00
8.240000152587890625e+01 0.000000000000000000e+00
8.250000000000000000e+01 0.000000000000000000e+00
8.259999847412109375e+01 0.000000000000000000e+00
8.269999694824218750e+01 0.000000000000000000e+00
8.280000305175781250e+01 0.000000000000000000e+00
8.290000152587890625e+01 0.000000000000000000e+00
8.300000000000000000e+01 0.000000000000000000e+00
8.309999847412109375e+01 0.000000000000000000e+00
8.319999694824218750e+01 0.000000000000000000e+00
8.330000305175781250e+01 0.000000000000000000e+00
8.340000152587890625e+01 0.000000000000000000e+00
8.350000000000000000e+01 0.000000000000000000e+00
8.359999847412109375e+01 0.000000000000000000e+00
8.369999694824218750e+01 0.000000000000000000e+00
8.380000305175781250e+01 0.000000000000000000e+00
8.390000152587890625e+01 0.000000000000000000e+00
8.400000000000000000e+01 0.000000000000000000e+00
8.409999847412109375e+01 0.000000000000000000e+00
8.419999694824218750e+01 0.000000000000000000e+00
8.430000305175781250e+01 0.000000000000000000e+00
8.440000152587890625e+01 0.000000000000000000e+00
8.450000000000000000e+01 0.000000000000000000e+00
8.459999847412109375e+01 0.000000000000000000e+00
8.469999694824218750e+01 0.000000000000000000e+00
8.480000305175781250e+01 0.000000000000000000e+00
8.490000152587890625e+01 0.000000000000000000e+00
8.500000000000000000e+01 0.000000000000000000e+00
8.509999847412109375e+01 0.000000000000000000e+00
8.519999694824218750e+01 0.000000000000000000e+00
8.530000305175781250e+01 0.000000000000000000e+00
8.540000152587890625e+01 0.000000000000000000e+00
8.550000000000000000e+01 0.000000000000000000e+00
8.559999847412109375e+01 0.000000000000000000e+00
8.569999694824218750e+01 0.000000000000000000e+00
8.580000305175781250e+01 0.000000000000000000e+00
8.590000152587890625e+01 0.000000000000000000e+00
8.600000000000000000e+01 0.000000000000000000e+00
8.609999847412109375e+01 0.000000000000000000e+00
8.619999694824218750e+01 0.000000000000000000e+00
8.630000305175781250e+01 0.000000000000000000e+00
8.640000152587890625e+01 0.000000000000000000e+00
8.650000000000000000e+01 0.000000000000000000e+00
8.659999847412109375e+01 0.000000000000000000e+00
8.669999694824218750e+01 0.000000000000000000e+00
8.680000305175781250e+01 0.000000000000000000e+00
8.690000152587890625e+01 0.000000000000000000e+00
8.700000000000000000e+01 0.000000000000000000e+00
8.709999847412109375e+01 0.000000000000000000e+00
8.719999694824218750e+01 0.000000000000000000e+00
8.730000305175781250e+01 0.000000000000000000e+00
8.740000152587890625e+01 0.000000000000000000e+00
8.750000000000000000e+01 0.000000000000000000e+00
8.759999847412109375e+01 0.000000000000000000e+00
8.769999694824218750e+01 0.000000000000000000e+00
8.780000305175781250e+01 0.000000000000000000e+00
8.790000152587890625e+01 0.000000000000000000e+00
8.800000000000000000e+01 0.000000000000000000e+00
8.809999847412109375e+01 0.000000000000000000e+00
8.819999694824218750e+01 0.000000000000000000e+00
8.830000305175781250e+01 0.000000000000000000e+00
8.840000152587890625e+01 0.000000000000000000e+00
8.850000000000000000e+01 0.000000000000000000e+00
8.859999847412109375e+01 0.000000000000000000e+00
8.869999694824218750e+01 0.000000000000000000e+00
8.880000305175781250e+01 0.000000000000000000e+00
8.890000152587890625e+01 0.000000000000000000e+00
8.900000000000000000e+01 0.000000000000000000e+00
8.909999847412109375e+01 0.000000000000000000e+00
8.919999694824218750e+01 0.000000000000000000e+00
8.930000305175781250e+01 0.000000000000000000e+00
8.940000152587890625e+01 0.000000000000000000e+00
8.950000000000000000e+01 0.000000000000000000e+00
8.959999847412109375e+01 0.000000000000000000e+00
8.969999694824218750e+01 0.000000000000000000e+00
8.980000305175781250e+01 0.000000000000000000e+00
8.990000152587890625e+01 0.000000000000000000e+00
9.000000000000000000e+01 0.000000000000000000e+00
9.009999847412109375e+01 0.000000000000000000e+00
9.019999694824218750e+01 0.000000000000000000e+00
9.030000305175781250e+01 0.000000000000000000e+00
9.040000152587890625e+01 0.000000000000000000e+00
9.050000000000000000e+01 0.000000000000000000e+00
9.059999847412109375e+01 0.000000000000000000e+00
9.069999694824218750e+01 0.000000000000000000e+00
9.080000305175781250e+01 0.000000000000000000e+00
9.090000152587890625e+01 0.000000000000000000e+00
9.100000000000000000e+01 0.000000000000000000e+00
9.109999847412109375e+01 0.000000000000000000e+00
9.119999694824218750e+01 0.000000000000000000e+00
9.130000305175781250e+01 0.000000000000000000e+00
9.140000152587890625e+01 0.000000000000000000e+00
9.150000000000000000e+01 0.000000000000000000e+00
9.159999847412109375e+01 0.000000000000000000e+00
9.169999694824218750e+01 2.000000000000000000e+00
9.180000305175781250e+01 6.000000000000000000e+00
9.190000152587890625e+01 0.000000000000000000e+00
9.200000000000000000e+01 0.000000000000000000e+00
9.209999847412109375e+01 6.000000000000000000e+00
9.219999694824218750e+01 6.000000000000000000e+00
9.230000305175781250e+01 4.000000000000000000e+00
9.240000152587890625e+01 3.000000000000000000e+00
9.250000000000000000e+01 0.000000000000000000e+00
9.259999847412109375e+01 8.000000000000000000e+00
9.269999694824218750e+01 1.100000000000000000e+01
9.280000305175781250e+01 1.000000000000000000e+01
9.290000152587890625e+01 1.100000000000000000e+01
9.300000000000000000e+01 1.000000000000000000e+01
9.309999847412109375e+01 1.300000000000000000e+01
9.319999694824218750e+01 1.100000000000000000e+01
9.330000305175781250e+01 8.000000000000000000e+00
9.340000152587890625e+01 9.000000000000000000e+00
9.350000000000000000e+01 1.200000000000000000e+01
9.359999847412109375e+01 9.000000000000000000e+00
9.369999694824218750e+01 1.400000000000000000e+01
9.380000305175781250e+01 1.300000000000000000e+01
9.390000152587890625e+01 3.000000000000000000e+00
9.400000000000000000e+01 4.000000000000000000e+00
9.409999847412109375e+01 1.000000000000000000e+01
9.419999694824218750e+01 1.400000000000000000e+01
9.430000305175781250e+01 1.300000000000000000e+01
9.440000152587890625e+01 1.300000000000000000e+01
9.450000000000000000e+01 1.100000000000000000e+01
9.459999847412109375e+01 9.000000000000000000e+00
9.469999694824218750e+01 1.000000000000000000e+01
9.480000305175781250e+01 1.100000000000000000e+01
9.490000152587890625e+01 1.100000000000000000e+01
9.500000000000000000e+01 1.500000000000000000e+01
9.509999847412109375e+01 1.100000000000000000e+01
9.519999694824218750e+01 1.600000000000000000e+01
9.530000305175781250e+01 1.200000000000000000e+01
9.540000152587890625e+01 1.300000000000000000e+01
9.550000000000000000e+01 1.000000000000000000e+01
9.559999847412109375e+01 9.000000000000000000e+00
9.569999694824218750e+01 9.000000000000000000e+00
9.580000305175781250e+01 1.200000000000000000e+01
9.590000152587890625e+01 1.400000000000000000e+01
9.600000000000000000e+01 1.100000000000000000e+01
9.609999847412109375e+01 8.000000000000000000e+00
9.619999694824218750e+01 9.000000000000000000e+00
9.630000305175781250e+01 1.300000000000000000e+01
9.640000152587890625e+01 1.100000000000000000e+01
9.650000000000000000e+01 1.100000000000000000e+01
9.659999847412109375e+01 1.400000000000000000e+01
9.669999694824218750e+01 1.300000000000000000e+01
9.680000305175781250e+01 1.400000000000000000e+01
9.690000152587890625e+01 6.000000000000000000e+00
9.700000000000000000e+01 4.000000000000000000e+00
9.709999847412109375e+01 1.300000000000000000e+01
9.719999694824218750e+01 1.400000000000000000e+01
9.730000305175781250e+01 1.500000000000000000e+01
9.740000152587890625e+01 1.600000000000000000e+01
9.750000000000000000e+01 1.600000000000000000e+01
9.759999847412109375e+01 1.500000000000000000e+01
9.769999694824218750e+01 1.200000000000000000e+01
9.780000305175781250e+01 1.800000000000000000e+01
9.790000152587890625e+01 1.300000000000000000e+01
9.800000000000000000e+01 1.600000000000000000e+01
9.809999847412109375e+01 1.300000000000000000e+01
9.819999694824218750e+01 1.600000000000000000e+01
9.830000305175781250e+01 1.500000000000000000e+01
9.840000152587890625e+01 2.000000000000000000e+01
9.850000000000000000e+01 1.400000000000000000e+01
9.859999847412109375e+01 1.600000000000000000e+01
9.869999694824218750e+01 1.700000000000000000e+01
9.880000305175781250e+01 1.900000000000000000e+01
9.890000152587890625e+01 1.400000000000000000e+01
9.900000000000000000e+01 1.500000000000000000e+01
9.909999847412109375e+01 1.400000000000000000e+01
9.919999694824218750e+01 6.000000000000000000e+00
9.930000305175781250e+01 6.000000000000000000e+00
9.940000152587890625e+01 6.000000000000000000e+00
9.950000000000000000e+01 1.400000000000000000e+01
9.959999847412109375e+01 1.600000000000000000e+01
9.969999694824218750e+01 1.700000000000000000e+01
9.980000305175781250e+01 1.900000000000000000e+01
9.990000152587890625e+01 1.400000000000000000e+01
1.000000000000000000e+02 1.600000000000000000e+01
1.000999984741210938e+02 1.300000000000000000e+01
1.001999969482421875e+02 1.600000000000000000e+01
1.003000030517578125e+02 9.000000000000000000e+00
1.004000015258789062e+02 9.000000000000000000e+00
1.005000000000000000e+02 8.000000000000000000e+00
1.005999984741210938e+02 1.300000000000000000e+01
1.006999969482421875e+02 1.400000000000000000e+01
1.008000030517578125e+02 1.300000000000000000e+01
1.009000015258789062e+02 9.000000000000000000e+00
1.010000000000000000e+02 1.000000000000000000e+01
1.010999984741210938e+02 1.100000000000000000e+01
1.011999969482421875e+02 1.000000000000000000e+01
1.013000030517578125e+02 1.500000000000000000e+01
1.014000015258789062e+02 1.200000000000000000e+01
1.015000000000000000e+02 1.400000000000000000e+01
1.015999984741210938e+02 1.700000000000000000e+01
1.016999969482421875e+02 2.000000000000000000e+01
1.018000030517578125e+02 1.700000000000000000e+01
1.019000015258789062e+02 1.600000000000000000e+01
1.020000000000000000e+02 1.800000000000000000e+01
1.020999984741210938e+02 1.800000000000000000e+01
1.021999969482421875e+02 2.000000000000000000e+01
1.023000030517578125e+02 1.600000000000000000e+01
1.024000015258789062e+02 1.500000000000000000e+01
1.025000000000000000e+02 1.600000000000000000e+01
1.025999984741210938e+02 1.600000000000000000e+01
1.026999969482421875e+02 1.400000000000000000e+01
1.028000030517578125e+02 1.300000000000000000e+01
1.029000015258789062e+02 1.300000000000000000e+01
1.030000000000000000e+02 1.700000000000000000e+01
1.030999984741210938e+02 1.400000000000000000e+01
1.031999969482421875e+02 1.100000000000000000e+01
1.033000030517578125e+02 6.000000000000000000e+00
1.034000015258789062e+02 3.000000000000000000e+00
1.035000000000000000e+02 6.000000000000000000e+00
1.035999984741210938e+02 1.100000000000000000e+01
1.036999969482421875e+02 1.600000000000000000e+01
1.038000030517578125e+02 1.300000000000000000e+01
1.039000015258789062e+02 1.000000000000000000e+01
1.040000000000000000e+02 1.100000000000000000e+01
1.040999984741210938e+02 1.300000000000000000e+01
1.041999969482421875e+02 1.100000000000000000e+01
1.043000030517578125e+02 1.100000000000000000e+01
1.044000015258789062e+02 9.000000000000000000e+00
1.045000000000000000e+02 1.000000000000000000e+01
1.045999984741210938e+02 1.400000000000000000e+01
1.046999969482421875e+02 1.600000000000000000e+01
1.048000030517578125e+02 1.300000000000000000e+01
1.049000015258789062e+02 1.400000000000000000e+01
1.050000000000000000e+02 1.400000000000000000e+01
1.050999984741210938e+02 1.500000000000000000e+01
1.051999969482421875e+02 1.600000000000000000e+01
1.053000030517578125e+02 1.600000000000000000e+01
1.054000015258789062e+02 1.900000000000000000e+01
1.055000000000000000e+02 2.200000000000000000e+01
1.055999984741210938e+02 2.400000000000000000e+01
1.056999969482421875e+02 1.600000000000000000e+01
1.058000030517578125e+02 1.500000000000000000e+01
1.059000015258789062e+02 4.000000000000000000e+00
1.060000000000000000e+02 5.000000000000000000e+00
1.060999984741210938e+02 7.000000000000000000e+00
1.061999969482421875e+02 4.000000000000000000e+00
1.063000030517578125e+02 7.000000000000000000e+00
1.064000015258789062e+02 1.100000000000000000e+01
1.065000000000000000e+02 1.500000000000000000e+01
1.065999984741210938e+02 1.400000000000000000e+01
1.066999969482421875e+02 1.600000000000000000e+01
1.068000030517578125e+02 1.400000000000000000e+01
1.069000015258789062e+02 1.200000000000000000e+01
1.070000000000000000e+02 1.200000000000000000e+01
1.070999984741210938e+02 1.100000000000000000e+01
1.071999969482421875e+02 8.000000000000000000e+00
1.073000030517578125e+02 9.000000000000000000e+00
1.074000015258789062e+02 1.600000000000000000e+01
1.075000000000000000e+02 1.200000000000000000e+01
1.075999984741210938e+02 9.000000000000000000e+00
1.076999969482421875e+02 1.200000000000000000e+01
1.078000030517578125e+02 1.100000000000000000e+01
1.079000015258789062e+02 1.000000000000000000e+01
1.080000000000000000e+02 7.000000000000000000e+00
1.080999984741210938e+02 1.100000000000000000e+01
1.081999969482421875e+02 1.300000000000000000e+01
1.083000030517578125e+02 1.400000000000000000e+01
1.084000015258789062e+02 2.000000000000000000e+01
1.085000000000000000e+02 1.500000000000000000e+01
1.085999984741210938e+02 1.400000000000000000e+01
1.086999969482421875e+02 1.600000000000000000e+01
1.088000030517578125e+02 1.700000000000000000e+01
1.089000015258789062e+02 1.300000000000000000e+01
1.090000000000000000e+02 7.000000000000000000e+00
1.090999984741210938e+02 1.200000000000000000e+01
1.091999969482421875e+02 1.100000000000000000e+01
1.093000030517578125e+02 1.000000000000000000e+01
1.094000015258789062e+02 7.000000000000000000e+00
1.095000000000000000e+02 6.000000000000000000e+00
1.095999984741210938e+02 4.000000000000000000e+00
1.096999969482421875e+02 1.400000000000000000e+01
1.098000030517578125e+02 1.800000000000000000e+01
1.099000015258789062e+02 1.400000000000000000e+01
1.100000000000000000e+02 1.000000000000000000e+01
1.100999984741210938e+02 1.500000000000000000e+01
1.101999969482421875e+02 1.500000000000000000e+01
1.103000030517578125e+02 1.300000000000000000e+01
1.104000015258789062e+02 1.500000000000000000e+01
1.105000000000000000e+02 1.800000000000000000e+01
1.105999984741210938e+02 1.300000000000000000e+01
1.106999969482421875e+02 1.900000000000000000e+01
1.108000030517578125e+02 2.100000000000000000e+01
1.109000015258789062e+02 1.100000000000000000e+01
1.110000000000000000e+02 1.000000000000000000e+01
1.110999984741210938e+02 1.400000000000000000e+01
1.111999969482421875e+02 7.000000000000000000e+00
1.113000030517578125e+02 1.300000000000000000e+01
1.114000015258789062e+02 1.500000000000000000e+01
1.115000000000000000e+02 1.500000000000000000e+01
1.115999984741210938e+02 1.700000000000000000e+01
1.116999969482421875e+02 1.800000000000000000e+01
1.118000030517578125e+02 1.700000000000000000e+01
1.119000015258789062e+02 1.100000000000000000e+01
1.120000000000000000e+02 1.400000000000000000e+01
1.120999984741210938e+02 1.200000000000000000e+01
1.121999969482421875e+02 1.700000000000000000e+01
1.123000030517578125e+02 1.500000000000000000e+01
1.124000015258789062e+02 1.100000000000000000e+01
1.125000000000000000e+02 1.500000000000000000e+01
1.125999984741210938e+02 1.900000000000000000e+01
1.126999969482421875e+02 1.500000000000000000e+01
1.128000030517578125e+02 1.900000000000000000e+01
1.129000015258789062e+02 1.800000000000000000e+01
1.130000000000000000e+02 1.700000000000000000e+01
1.130999984741210938e+02 1.600000000000000000e+01
1.131999969482421875e+02 1.400000000000000000e+01
1.133000030517578125e+02 1.100000000000000000e+01
1.134000015258789062e+02 1.600000000000000000e+01
1.135000000000000000e+02 1.600000000000000000e+01
1.135999984741210938e+02 1.900000000000000000e+01
1.136999969482421875e+02 1.800000000000000000e+01
1.138000030517578125e+02 1.700000000000000000e+01
1.139000015258789062e+02 2.000000000000000000e+01
1.140000000000000000e+02 1.300000000000000000e+01
1.140999984741210938e+02 1.500000000000000000e+01
1.141999969482421875e+02 1.600000000000000000e+01
1.143000030517578125e+02 1.900000000000000000e+01
1.144000015258789062e+02 1.700000000000000000e+01
1.145000000000000000e+02 1.300000000000000000e+01
1.145999984741210938e+02 1.200000000000000000e+01
1.146999969482421875e+02 1.400000000000000000e+01
1.148000030517578125e+02 1.400000000000000000e+01
1.149000015258789062e+02 2.000000000000000000e+01
1.150000000000000000e+02 1.800000000000000000e+01
1.150999984741210938e+02 1.600000000000000000e+01
1.151999969482421875e+02 2.000000000000000000e+01
1.153000030517578125e+02 1.800000000000000000e+01
1.154000015258789062e+02 1.600000000000000000e+01
1.155000000000000000e+02 1.700000000000000000e+01
1.155999984741210938e+02 1.800000000000000000e+01
1.156999969482421875e+02 1.900000000000000000e+01
1.158000030517578125e+02 2.300000000000000000e+01
1.159000015258789062e+02 2.000000000000000000e+01
1.160000000000000000e+02 1.900000000000000000e+01
1.160999984741210938e+02 1.300000000000000000e+01
1.161999969482421875e+02 1.600000000000000000e+01
1.163000030517578125e+02 1.500000000000000000e+01
1.164000015258789062e+02 1.600000000000000000e+01
1.165000000000000000e+02 1.600000000000000000e+01
1.165999984741210938e+02 1.500000000000000000e+01
1.166999969482421875e+02 1.700000000000000000e+01
1.168000030517578125e+02 1.400000000000000000e+01
1.169000015258789062e+02 1.600000000000000000e+01
1.170000000000000000e+02 1.600000000000000000e+01
1.170999984741210938e+02 1.200000000000000000e+01
1.171999969482421875e+02 1.300000000000000000e+01
1.173000030517578125e+02 1.300000000000000000e+01
1.174000015258789062e+02 1.200000000000000000e+01
1.175000000000000000e+02 4.000000000000000000e+00
1.175999984741210938e+02 1.100000000000000000e+01
1.176999969482421875e+02 6.000000000000000000e+00
1.178000030517578125e+02 1.700000000000000000e+01
1.179000015258789062e+02 1.400000000000000000e+01
1.180000000000000000e+02 1.200000000000000000e+01
1.180999984741210938e+02 1.400000000000000000e+01
1.181999969482421875e+02 1.400000000000000000e+01
1.183000030517578125e+02 1.100000000000000000e+01
1.184000015258789062e+02 1.400000000000000000e+01
1.185000000000000000e+02 1.400000000000000000e+01
1.185999984741210938e+02 2.100000000000000000e+01
1.186999969482421875e+02 1.300000000000000000e+01
1.188000030517578125e+02 1.700000000000000000e+01
1.189000015258789062e+02 1.600000000000000000e+01
1.190000000000000000e+02 1.400000000000000000e+01
1.190999984741210938e+02 1.400000000000000000e+01
1.191999969482421875e+02 1.000000000000000000e+01
1.193000030517578125e+02 1.200000000000000000e+01
1.194000015258789062e+02 1.300000000000000000e+01
1.195000000000000000e+02 8.000000000000000000e+00
1.195999984741210938e+02 2.000000000000000000e+01
1.196999969482421875e+02 1.200000000000000000e+01
1.198000030517578125e+02 1.400000000000000000e+01
1.199000015258789062e+02 1.800000000000000000e+01
1.200000000000000000e+02 1.600000000000000000e+01
1.200999984741210938e+02 1.800000000000000000e+01
1.201999969482421875e+02 1.900000000000000000e+01
1.203000030517578125e+02 1.600000000000000000e+01
1.204000015258789062e+02 1.800000000000000000e+01
1.205000000000000000e+02 1.400000000000000000e+01
1.205999984741210938e+02 1.800000000000000000e+01
1.206999969482421875e+02 1.500000000000000000e+01
1.208000030517578125e+02 1.900000000000000000e+01
1.209000015258789062e+02 2.100000000000000000e+01
1.210000000000000000e+02 1.900000000000000000e+01
1.210999984741210938e+02 2.000000000000000000e+01
1.211999969482421875e+02 2.000000000000000000e+01
1.213000030517578125e+02 2.000000000000000000e+01
1.214000015258789062e+02 1.900000000000000000e+01
1.215000000000000000e+02 1.900000000000000000e+01
1.215999984741210938e+02 1.700000000000000000e+01
1.216999969482421875e+02 1.700000000000000000e+01
1.218000030517578125e+02 1.700000000000000000e+01
1.219000015258789062e+02 2.100000000000000000e+01
1.220000000000000000e+02 1.400000000000000000e+01
1.220999984741210938e+02 1.800000000000000000e+01
1.221999969482421875e+02 2.200000000000000000e+01
1.223000030517578125e+02 1.700000000000000000e+01
1.224000015258789062e+02 1.700000000000000000e+01
1.225000000000000000e+02 2.100000000000000000e+01
1.225999984741210938e+02 1.400000000000000000e+01
1.226999969482421875e+02 1.600000000000000000e+01
1.228000030517578125e+02 1.600000000000000000e+01
1.229000015258789062e+02 1.700000000000000000e+01
1.230000000000000000e+02 1.300000000000000000e+01
1.230999984741210938e+02 1.600000000000000000e+01
1.231999969482421875e+02 1.800000000000000000e+01
1.233000030517578125e+02 1.500000000000000000e+01
1.234000015258789062e+02 1.800000000000000000e+01
1.235000000000000000e+02 1.500000000000000000e+01
1.235999984741210938e+02 1.800000000000000000e+01
1.236999969482421875e+02 1.700000000000000000e+01
1.238000030517578125e+02 1.500000000000000000e+01
1.239000015258789062e+02 1.700000000000000000e+01
1.240000000000000000e+02 1.900000000000000000e+01
1.240999984741210938e+02 1.700000000000000000e+01
1.241999969482421875e+02 1.600000000000000000e+01
1.243000030517578125e+02 1.600000000000000000e+01
1.244000015258789062e+02 1.600000000000000000e+01
1.245000000000000000e+02 1.500000000000000000e+01
1.245999984741210938e+02 1.400000000000000000e+01
1.246999969482421875e+02 1.600000000000000000e+01
1.248000030517578125e+02 1.400000000000000000e+01
1.249000015258789062e+02 1.700000000000000000e+01
1.250000000000000000e+02 1.800000000000000000e+01
1.250999984741210938e+02 1.800000000000000000e+01
1.251999969482421875e+02 1.500000000000000000e+01
1.253000030517578125e+02 1.800000000000000000e+01
1.254000015258789062e+02 1.900000000000000000e+01
1.255000000000000000e+02 1.700000000000000000e+01
1.255999984741210938e+02 1.700000000000000000e+01
1.256999969482421875e+02 1.500000000000000000e+01
1.258000030517578125e+02 1.500000000000000000e+01
1.259000015258789062e+02 1.600000000000000000e+01
1.260000000000000000e+02 1.800000000000000000e+01
1.260999984741210938e+02 1.600000000000000000e+01
1.261999969482421875e+02 1.600000000000000000e+01
1.263000030517578125e+02 1.500000000000000000e+01
1.264000015258789062e+02 1.600000000000000000e+01
1.265000000000000000e+02 1.700000000000000000e+01
1.265999984741210938e+02 2.200000000000000000e+01
1.266999969482421875e+02 1.500000000000000000e+01
1.268000030517578125e+02 1.600000000000000000e+01
1.269000015258789062e+02 1.900000000000000000e+01
1.270000000000000000e+02 1.700000000000000000e+01
1.270999984741210938e+02 1.700000000000000000e+01
1.271999969482421875e+02 1.600000000000000000e+01
1.273000030517578125e+02 1.300000000000000000e+01
1.274000015258789062e+02 1.800000000000000000e+01
1.275000000000000000e+02 1.800000000000000000e+01
1.275999984741210938e+02 1.500000000000000000e+01
1.276999969482421875e+02 1.400000000000000000e+01
1.278000030517578125e+02 1.100000000000000000e+01
1.279000015258789062e+02 1.500000000000000000e+01
1.280000000000000000e+02 1.200000000000000000e+01
1.281000061035156250e+02 1.300000000000000000e+01
1.281999969482421875e+02 1.400000000000000000e+01
1.283000030517578125e+02 1.700000000000000000e+01
1.283999938964843750e+02 1.100000000000000000e+01
1.285000000000000000e+02 1.400000000000000000e+01
1.286000061035156250e+02 1.200000000000000000e+01
1.286999969482421875e+02 1.400000000000000000e+01
1.288000030517578125e+02 1.400000000000000000e+01
1.288999938964843750e+02 1.400000000000000000e+01
1.290000000000000000e+02 4.000000000000000000e+00
1.291000061035156250e+02 1.400000000000000000e+01
1.291999969482421875e+02 1.100000000000000000e+01
1.293000030517578125e+02 1.200000000000000000e+01
1.293999938964843750e+02 1.300000000000000000e+01
1.295000000000000000e+02 9.000000000000000000e+00
1.296000061035156250e+02 1.200000000000000000e+01
1.296999969482421875e+02 1.500000000000000000e+01
1.298000030517578125e+02 1.400000000000000000e+01
1.298999938964843750e+02 1.200000000000000000e+01
1.300000000000000000e+02 9.000000000000000000e+00
1.301000061035156250e+02 1.200000000000000000e+01
1.301999969482421875e+02 1.200000000000000000e+01
1.303000030517578125e+02 5.000000000000000000e+00
1.303999938964843750e+02 5.000000000000000000e+00
1.305000000000000000e+02 1.000000000000000000e+01
1.306000061035156250e+02 1.700000000000000000e+01
1.306999969482421875e+02 1.100000000000000000e+01
1.308000030517578125e+02 7.000000000000000000e+00
1.308999938964843750e+02 8.000000000000000000e+00
1.310000000000000000e+02 1.100000000000000000e+01
1.311000061035156250e+02 1.300000000000000000e+01
1.311999969482421875e+02 1.700000000000000000e+01
1.313000030517578125e+02 1.700000000000000000e+01
1.313999938964843750e+02 1.600000000000000000e+01
1.315000000000000000e+02 1.900000000000000000e+01
1.316000061035156250e+02 2.200000000000000000e+01
1.316999969482421875e+02 1.600000000000000000e+01
1.318000030517578125e+02 1.600000000000000000e+01
1.318999938964843750e+02 1.300000000000000000e+01
1.320000000000000000e+02 1.600000000000000000e+01
1.321000061035156250e+02 1.500000000000000000e+01
1.321999969482421875e+02 1.500000000000000000e+01
1.323000030517578125e+02 1.200000000000000000e+01
1.323999938964843750e+02 6.000000000000000000e+00
1.325000000000000000e+02 6.000000000000000000e+00
1.326000061035156250e+02 0.000000000000000000e+00
1.326999969482421875e+02 0.000000000000000000e+00
1.328000030517578125e+02 0.000000000000000000e+00
1.328999938964843750e+02 0.000000000000000000e+00
1.330000000000000000e+02 0.000000000000000000e+00
1.331000061035156250e+02 0.000000000000000000e+00
1.331999969482421875e+02 0.000000000000000000e+00
1.333000030517578125e+02 0.000000000000000000e+00
1.333999938964843750e+02 0.000000000000000000e+00
1.335000000000000000e+02 0.000000000000000000e+00
1.336000061035156250e+02 0.000000000000000000e+00
1.336999969482421875e+02 0.000000000000000000e+00
1.338000030517578125e+02 0.000000000000000000e+00
1.338999938964843750e+02 0.000000000000000000e+00
1.340000000000000000e+02 0.000000000000000000e+00
1.341000061035156250e+02 0.000000000000000000e+00
1.341999969482421875e+02 0.000000000000000000e+00
1.343000030517578125e+02 0.000000000000000000e+00
1.343999938964843750e+02 0.000000000000000000e+00
1.345000000000000000e+02 0.000000000000000000e+00
1.346000061035156250e+02 0.000000000000000000e+00
1.346999969482421875e+02 1.000000000000000000e+00
1.348000030517578125e+02 0.000000000000000000e+00
1.348999938964843750e+02 0.000000000000000000e+00
1.350000000000000000e+02 0.000000000000000000e+00
1.351000061035156250e+02 0.000000000000000000e+00
1.351999969482421875e+02 0.000000000000000000e+00
1.353000030517578125e+02 0.000000000000000000e+00
1.353999938964843750e+02 0.000000000000000000e+00
1.355000000000000000e+02 0.000000000000000000e+00
1.356000061035156250e+02 1.000000000000000000e+00
1.356999969482421875e+02 0.000000000000000000e+00
1.358000030517578125e+02 0.000000000000000000e+00
1.358999938964843750e+02 0.000000000000000000e+00
1.360000000000000000e+02 5.000000000000000000e+00
1.361000061035156250e+02 4.000000000000000000e+00
1.361999969482421875e+02 6.000000000000000000e+00
1.363000030517578125e+02 7.000000000000000000e+00
1.363999938964843750e+02 1.000000000000000000e+01
1.365000000000000000e+02 1.000000000000000000e+00
1.366000061035156250e+02 8.000000000000000000e+00
1.366999969482421875e+02 4.000000000000000000e+00
1.368000030517578125e+02 3.000000000000000000e+00
1.368999938964843750e+02 0.000000000000000000e+00
1.370000000000000000e+02 6.000000000000000000e+00
1.371000061035156250e+02 1.400000000000000000e+01
1.371999969482421875e+02 1.300000000000000000e+01
1.373000030517578125e+02 1.500000000000000000e+01
1.373999938964843750e+02 1.400000000000000000e+01
1.375000000000000000e+02 1.600000000000000000e+01
1.376000061035156250e+02 1.400000000000000000e+01
1.376999969482421875e+02 1.400000000000000000e+01
1.378000030517578125e+02 1.500000000000000000e+01
1.378999938964843750e+02 1.300000000000000000e+01
1.380000000000000000e+02 1.200000000000000000e+01
1.381000061035156250e+02 1.300000000000000000e+01
1.381999969482421875e+02 1.200000000000000000e+01
1.383000030517578125e+02 1.300000000000000000e+01
1.383999938964843750e+02 1.400000000000000000e+01
1.385000000000000000e+02 1.400000000000000000e+01
1.386000061035156250e+02 1.100000000000000000e+01
1.386999969482421875e+02 1.200000000000000000e+01
1.388000030517578125e+02 1.100000000000000000e+01
1.388999938964843750e+02 1.200000000000000000e+01
1.390000000000000000e+02 1.400000000000000000e+01
1.391000061035156250e+02 1.400000000000000000e+01
1.391999969482421875e+02 1.000000000000000000e+01
1.393000030517578125e+02 5.000000000000000000e+00
1.393999938964843750e+02 1.000000000000000000e+01
1.395000000000000000e+02 1.000000000000000000e+01
1.396000061035156250e+02 6.000000000000000000e+00
1.396999969482421875e+02 1.600000000000000000e+01
1.398000030517578125e+02 9.000000000000000000e+00
1.398999938964843750e+02 1.200000000000000000e+01
1.400000000000000000e+02 1.500000000000000000e+01
1.401000061035156250e+02 1.000000000000000000e+01
1.401999969482421875e+02 1.700000000000000000e+01
1.403000030517578125e+02 1.400000000000000000e+01
1.403999938964843750e+02 1.500000000000000000e+01
1.405000000000000000e+02 1.500000000000000000e+01
1.406000061035156250e+02 1.700000000000000000e+01
1.406999969482421875e+02 1.400000000000000000e+01
1.408000030517578125e+02 1.300000000000000000e+01
1.408999938964843750e+02 1.300000000000000000e+01
1.410000000000000000e+02 1.100000000000000000e+01
1.411000061035156250e+02 1.300000000000000000e+01
1.411999969482421875e+02 1.000000000000000000e+01
1.413000030517578125e+02 1.000000000000000000e+01
1.413999938964843750e+02 1.200000000000000000e+01
1.415000000000000000e+02 5.000000000000000000e+00
1.416000061035156250e+02 5.000000000000000000e+00
1.416999969482421875e+02 4.000000000000000000e+00
1.418000030517578125e+02 5.000000000000000000e+00
1.418999938964843750e+02 4.000000000000000000e+00
1.420000000000000000e+02 9.000000000000000000e+00
1.421000061035156250e+02 8.000000000000000000e+00
1.421999969482421875e+02 1.100000000000000000e+01
1.423000030517578125e+02 1.200000000000000000e+01
1.423999938964843750e+02 9.000000000000000000e+00
1.425000000000000000e+02 9.000000000000000000e+00
1.426000061035156250e+02 1.200000000000000000e+01
1.426999969482421875e+02 7.000000000000000000e+00
1.428000030517578125e+02 1.000000000000000000e+01
1.428999938964843750e+02 1.300000000000000000e+01
1.430000000000000000e+02 9.000000000000000000e+00
1.431000061035156250e+02 6.000000000000000000e+00
1.431999969482421875e+02 5.000000000000000000e+00
1.433000030517578125e+02 1.300000000000000000e+01
1.433999938964843750e+02 1.400000000000000000e+01
1.435000000000000000e+02 1.200000000000000000e+01
1.436000061035156250e+02 1.400000000000000000e+01
1.436999969482421875e+02 1.100000000000000000e+01
1.438000030517578125e+02 9.000000000000000000e+00
1.438999938964843750e+02 3.000000000000000000e+00
1.440000000000000000e+02 2.000000000000000000e+00
1.441000061035156250e+02 0.000000000000000000e+00
1.441999969482421875e+02 0.000000000000000000e+00
1.443000030517578125e+02 0.000000000000000000e+00
1.443999938964843750e+02 0.000000000000000000e+00
1.445000000000000000e+02 0.000000000000000000e+00
1.446000061035156250e+02 0.000000000000000000e+00
1.446999969482421875e+02 0.000000000000000000e+00
1.448000030517578125e+02 0.000000000000000000e+00
1.448999938964843750e+02 0.000000000000000000e+00
1.450000000000000000e+02 0.000000000000000000e+00
1.451000061035156250e+02 2.000000000000000000e+00
1.451999969482421875e+02 0.000000000000000000e+00
1.453000030517578125e+02 0.000000000000000000e+00
1.453999938964843750e+02 0.000000000000000000e+00
1.455000000000000000e+02 0.000000000000000000e+00
1.456000061035156250e+02 0.000000000000000000e+00
1.456999969482421875e+02 0.000000000000000000e+00
1.458000030517578125e+02 0.000000000000000000e+00
1.458999938964843750e+02 0.000000000000000000e+00
1.460000000000000000e+02 0.000000000000000000e+00
1.461000061035156250e+02 0.000000000000000000e+00
1.461999969482421875e+02 0.000000000000000000e+00
1.463000030517578125e+02 0.000000000000000000e+00
1.463999938964843750e+02 0.000000000000000000e+00
1.465000000000000000e+02 0.000000000000000000e+00
1.466000061035156250e+02 0.000000000000000000e+00
1.466999969482421875e+02 0.000000000000000000e+00
1.468000030517578125e+02 0.000000000000000000e+00
1.468999938964843750e+02 0.000000000000000000e+00
1.470000000000000000e+02 0.000000000000000000e+00
1.471000061035156250e+02 0.000000000000000000e+00
1.471999969482421875e+02 0.000000000000000000e+00
1.473000030517578125e+02 0.000000000000000000e+00
1.473999938964843750e+02 0.000000000000000000e+00
1.475000000000000000e+02 0.000000000000000000e+00
1.476000061035156250e+02 0.000000000000000000e+00
1.476999969482421875e+02 0.000000000000000000e+00
1.478000030517578125e+02 0.000000000000000000e+00
1.478999938964843750e+02 0.000000000000000000e+00
1.480000000000000000e+02 0.000000000000000000e+00
1.481000061035156250e+02 0.000000000000000000e+00
1.481999969482421875e+02 0.000000000000000000e+00
1.483000030517578125e+02 0.000000000000000000e+00
1.483999938964843750e+02 0.000000000000000000e+00
1.485000000000000000e+02 0.000000000000000000e+00
1.486000061035156250e+02 0.000000000000000000e+00
1.486999969482421875e+02 0.000000000000000000e+00
1.488000030517578125e+02 0.000000000000000000e+00
1.488999938964843750e+02 0.000000000000000000e+00
1.490000000000000000e+02 0.000000000000000000e+00
1.491000061035156250e+02 0.000000000000000000e+00
1.491999969482421875e+02 0.000000000000000000e+00
1.493000030517578125e+02 0.000000000000000000e+00
1.493999938964843750e+02 0.000000000000000000e+00
1.495000000000000000e+02 0.000000000000000000e+00
1.496000061035156250e+02 0.000000000000000000e+00
1.496999969482421875e+02 0.000000000000000000e+00
1.498000030517578125e+02 0.000000000000000000e+00
1.498999938964843750e+02 0.000000000000000000e+00
1.500000000000000000e+02 0.000000000000000000e+00
1.501000061035156250e+02 0.000000000000000000e+00
1.501999969482421875e+02 0.000000000000000000e+00
1.503000030517578125e+02 0.000000000000000000e+00
1.503999938964843750e+02 0.000000000000000000e+00
1.505000000000000000e+02 0.000000000000000000e+00
1.506000061035156250e+02 0.000000000000000000e+00
1.506999969482421875e+02 0.000000000000000000e+00
1.508000030517578125e+02 0.000000000000000000e+00
1.508999938964843750e+02 0.000000000000000000e+00
1.510000000000000000e+02 0.000000000000000000e+00
1.511000061035156250e+02 0.000000000000000000e+00
1.511999969482421875e+02 0.000000000000000000e+00
1.513000030517578125e+02 0.000000000000000000e+00
1.513999938964843750e+02 0.000000000000000000e+00
1.515000000000000000e+02 0.000000000000000000e+00
1.516000061035156250e+02 0.000000000000000000e+00
1.516999969482421875e+02 0.000000000000000000e+00
1.518000030517578125e+02 0.000000000000000000e+00
1.518999938964843750e+02 3.000000000000000000e+00
1.520000000000000000e+02 0.000000000000000000e+00
1.521000061035156250e+02 0.000000000000000000e+00
1.521999969482421875e+02 0.000000000000000000e+00
1.523000030517578125e+02 0.000000000000000000e+00
1.523999938964843750e+02 0.000000000000000000e+00
1.525000000000000000e+02 0.000000000000000000e+00
1.526000061035156250e+02 0.000000000000000000e+00
1.526999969482421875e+02 0.000000000000000000e+00
1.528000030517578125e+02 0.000000000000000000e+00
1.528999938964843750e+02 0.000000000000000000e+00
1.530000000000000000e+02 0.000000000000000000e+00
1.531000061035156250e+02 0.000000000000000000e+00
1.531999969482421875e+02 0.000000000000000000e+00
1.533000030517578125e+02 0.000000000000000000e+00
1.533999938964843750e+02 0.000000000000000000e+00
1.535000000000000000e+02 0.000000000000000000e+00
1.536000061035156250e+02 0.000000000000000000e+00
1.536999969482421875e+02 0.000000000000000000e+00
1.538000030517578125e+02 0.000000000000000000e+00
1.538999938964843750e+02 0.000000000000000000e+00
1.540000000000000000e+02 0.000000000000000000e+00
1.541000061035156250e+02 6.000000000000000000e+00
1.541999969482421875e+02 2.000000000000000000e+00
1.543000030517578125e+02 0.000000000000000000e+00
1.543999938964843750e+02 0.000000000000000000e+00
1.545000000000000000e+02 0.000000000000000000e+00
1.546000061035156250e+02 0.000000000000000000e+00
1.546999969482421875e+02 0.000000000000000000e+00
1.548000030517578125e+02 0.000000000000000000e+00
1.548999938964843750e+02 0.000000000000000000e+00
1.550000000000000000e+02 0.000000000000000000e+00
1.551000061035156250e+02 0.000000000000000000e+00
1.551999969482421875e+02 0.000000000000000000e+00
1.553000030517578125e+02 0.000000000000000000e+00
1.553999938964843750e+02 0.000000000000000000e+00
1.555000000000000000e+02 0.000000000000000000e+00
1.556000061035156250e+02 0.000000000000000000e+00
1.556999969482421875e+02 0.000000000000000000e+00
1.558000030517578125e+02 0.000000000000000000e+00
1.558999938964843750e+02 0.000000000000000000e+00
1.560000000000000000e+02 0.000000000000000000e+00
1.561000061035156250e+02 0.000000000000000000e+00
1.561999969482421875e+02 0.000000000000000000e+00
1.563000030517578125e+02 0.000000000000000000e+00
1.563999938964843750e+02 0.000000000000000000e+00
1.565000000000000000e+02 0.000000000000000000e+00
1.566000061035156250e+02 0.000000000000000000e+00
1.566999969482421875e+02 0.000000000000000000e+00
1.568000030517578125e+02 0.000000000000000000e+00
1.568999938964843750e+02 0.000000000000000000e+00
1.570000000000000000e+02 0.000000000000000000e+00
1.571000061035156250e+02 0.000000000000000000e+00
1.571999969482421875e+02 0.000000000000000000e+00
1.573000030517578125e+02 0.000000000000000000e+00
1.573999938964843750e+02 0.000000000000000000e+00
1.575000000000000000e+02 0.000000000000000000e+00
1.576000061035156250e+02 0.000000000000000000e+00
1.576999969482421875e+02 0.000000000000000000e+00
1.578000030517578125e+02 0.000000000000000000e+00
1.578999938964843750e+02 0.000000000000000000e+00
1.580000000000000000e+02 0.000000000000000000e+00
1.581000061035156250e+02 0.000000000000000000e+00
1.581999969482421875e+02 0.000000000000000000e+00
1.583000030517578125e+02 0.000000000000000000e+00
1.583999938964843750e+02 0.000000000000000000e+00
1.585000000000000000e+02 0.000000000000000000e+00
1.586000061035156250e+02 0.000000000000000000e+00
1.586999969482421875e+02 0.000000000000000000e+00
1.588000030517578125e+02 0.000000000000000000e+00
1.588999938964843750e+02 0.000000000000000000e+00
1.590000000000000000e+02 0.000000000000000000e+00
1.591000061035156250e+02 0.000000000000000000e+00
1.591999969482421875e+02 0.000000000000000000e+00
1.593000030517578125e+02 0.000000000000000000e+00
1.593999938964843750e+02 0.000000000000000000e+00
1.595000000000000000e+02 0.000000000000000000e+00
1.596000061035156250e+02 0.000000000000000000e+00
1.596999969482421875e+02 0.000000000000000000e+00
1.598000030517578125e+02 0.000000000000000000e+00
1.598999938964843750e+02 0.000000000000000000e+00
1.600000000000000000e+02 0.000000000000000000e+00
1.601000061035156250e+02 0.000000000000000000e+00
1.601999969482421875e+02 0.000000000000000000e+00
1.603000030517578125e+02 0.000000000000000000e+00
1.603999938964843750e+02 0.000000000000000000e+00
1.605000000000000000e+02 0.000000000000000000e+00
1.606000061035156250e+02 0.000000000000000000e+00
1.606999969482421875e+02 0.000000000000000000e+00
1.608000030517578125e+02 0.000000000000000000e+00
1.608999938964843750e+02 0.000000000000000000e+00
1.610000000000000000e+02 0.000000000000000000e+00
1.611000061035156250e+02 0.000000000000000000e+00
1.611999969482421875e+02 0.000000000000000000e+00
1.613000030517578125e+02 0.000000000000000000e+00
1.613999938964843750e+02 0.000000000000000000e+00
1.615000000000000000e+02 0.000000000000000000e+00
1.616000061035156250e+02 0.000000000000000000e+00
1.616999969482421875e+02 0.000000000000000000e+00
1.618000030517578125e+02 0.000000000000000000e+00
1.618999938964843750e+02 0.000000000000000000e+00
1.620000000000000000e+02 0.000000000000000000e+00
1.621000061035156250e+02 0.000000000000000000e+00
1.621999969482421875e+02 0.000000000000000000e+00
1.623000030517578125e+02 0.000000000000000000e+00
1.623999938964843750e+02 0.000000000000000000e+00
1.625000000000000000e+02 0.000000000000000000e+00
1.626000061035156250e+02 0.000000000000000000e+00
1.626999969482421875e+02 0.000000000000000000e+00
1.628000030517578125e+02 0.000000000000000000e+00
1.628999938964843750e+02 0.000000000000000000e+00
1.630000000000000000e+02 0.000000000000000000e+00
1.631000061035156250e+02 0.000000000000000000e+00
1.631999969482421875e+02 0.000000000000000000e+00
1.633000030517578125e+02 0.000000000000000000e+00
1.633999938964843750e+02 1.000000000000000000e+00
1.635000000000000000e+02 1.000000000000000000e+01
1.636000061035156250e+02 9.000000000000000000e+00
1.636999969482421875e+02 1.000000000000000000e+01
1.638000030517578125e+02 0.000000000000000000e+00
1.638999938964843750e+02 1.000000000000000000e+00
1.640000000000000000e+02 0.000000000000000000e+00
1.641000061035156250e+02 0.000000000000000000e+00
1.641999969482421875e+02 0.000000000000000000e+00
1.643000030517578125e+02 0.000000000000000000e+00
1.643999938964843750e+02 0.000000000000000000e+00
1.645000000000000000e+02 0.000000000000000000e+00
1.646000061035156250e+02 0.000000000000000000e+00
1.646999969482421875e+02 0.000000000000000000e+00
1.648000030517578125e+02 0.000000000000000000e+00
1.648999938964843750e+02 0.000000000000000000e+00
1.650000000000000000e+02 0.000000000000000000e+00
1.651000061035156250e+02 0.000000000000000000e+00
1.651999969482421875e+02 0.000000000000000000e+00
1.653000030517578125e+02 0.000000000000000000e+00
1.653999938964843750e+02 0.000000000000000000e+00
1.655000000000000000e+02 0.000000000000000000e+00
1.656000061035156250e+02 0.000000000000000000e+00
1.656999969482421875e+02 0.000000000000000000e+00
1.658000030517578125e+02 0.000000000000000000e+00
1.658999938964843750e+02 6.000000000000000000e+00
1.660000000000000000e+02 8.000000000000000000e+00
1.661000061035156250e+02 8.000000000000000000e+00
1.661999969482421875e+02 8.000000000000000000e+00
1.663000030517578125e+02 1.100000000000000000e+01
1.663999938964843750e+02 1.300000000000000000e+01
1.665000000000000000e+02 1.200000000000000000e+01
1.666000061035156250e+02 6.000000000000000000e+00
1.666999969482421875e+02 5.000000000000000000e+00
1.668000030517578125e+02 7.000000000000000000e+00
1.668999938964843750e+02 3.000000000000000000e+00
1.670000000000000000e+02 5.000000000000000000e+00
1.671000061035156250e+02 3.000000000000000000e+00
1.671999969482421875e+02 4.000000000000000000e+00
1.673000030517578125e+02 0.000000000000000000e+00
1.673999938964843750e+02 2.000000000000000000e+00
1.675000000000000000e+02 0.000000000000000000e+00
1.676000061035156250e+02 0.000000000000000000e+00
1.676999969482421875e+02 0.000000000000000000e+00
1.678000030517578125e+02 0.000000000000000000e+00
1.678999938964843750e+02 0.000000000000000000e+00
1.680000000000000000e+02 0.000000000000000000e+00
1.681000061035156250e+02 0.000000000000000000e+00
1.681999969482421875e+02 0.000000000000000000e+00
1.683000030517578125e+02 0.000000000000000000e+00
1.683999938964843750e+02 0.000000000000000000e+00
1.685000000000000000e+02 0.000000000000000000e+00
1.686000061035156250e+02 0.000000000000000000e+00
1.686999969482421875e+02 0.000000000000000000e+00
1.688000030517578125e+02 0.000000000000000000e+00
1.688999938964843750e+02 0.000000000000000000e+00
1.690000000000000000e+02 0.000000000000000000e+00
1.691000061035156250e+02 0.000000000000000000e+00
1.691999969482421875e+02 0.000000000000000000e+00
1.693000030517578125e+02 0.000000000000000000e+00
1.693999938964843750e+02 0.000000000000000000e+00
1.695000000000000000e+02 0.000000000000000000e+00
1.696000061035156250e+02 0.000000000000000000e+00
1.696999969482421875e+02 0.000000000000000000e+00
1.698000030517578125e+02 0.000000000000000000e+00
1.698999938964843750e+02 0.000000000000000000e+00
1.700000000000000000e+02 0.000000000000000000e+00
1.701000061035156250e+02 0.000000000000000000e+00
1.701999969482421875e+02 0.000000000000000000e+00
1.703000030517578125e+02 0.000000000000000000e+00
1.703999938964843750e+02 0.000000000000000000e+00
1.705000000000000000e+02 0.000000000000000000e+00
1.706000061035156250e+02 0.000000000000000000e+00
1.706999969482421875e+02 0.000000000000000000e+00
1.708000030517578125e+02 0.000000000000000000e+00
1.708999938964843750e+02 0.000000000000000000e+00
1.710000000000000000e+02 0.000000000000000000e+00
1.711000061035156250e+02 0.000000000000000000e+00
1.711999969482421875e+02 0.000000000000000000e+00
1.713000030517578125e+02 0.000000000000000000e+00
1.713999938964843750e+02 0.000000000000000000e+00
1.715000000000000000e+02 0.000000000000000000e+00
1.716000061035156250e+02 0.000000000000000000e+00
1.716999969482421875e+02 0.000000000000000000e+00
1.718000030517578125e+02 0.000000000000000000e+00
1.718999938964843750e+02 0.000000000000000000e+00
1.720000000000000000e+02 0.000000000000000000e+00
1.721000061035156250e+02 0.000000000000000000e+00
1.721999969482421875e+02 0.000000000000000000e+00
1.723000030517578125e+02 0.000000000000000000e+00
1.723999938964843750e+02 4.000000000000000000e+00
1.725000000000000000e+02 2.000000000000000000e+00
1.726000061035156250e+02 0.000000000000000000e+00
1.726999969482421875e+02 0.000000000000000000e+00
1.728000030517578125e+02 0.000000000000000000e+00
1.728999938964843750e+02 0.000000000000000000e+00
1.730000000000000000e+02 0.000000000000000000e+00
1.731000061035156250e+02 0.000000000000000000e+00
1.731999969482421875e+02 0.000000000000000000e+00
1.733000030517578125e+02 0.000000000000000000e+00
1.733999938964843750e+02 0.000000000000000000e+00
1.735000000000000000e+02 0.000000000000000000e+00
1.736000061035156250e+02 0.000000000000000000e+00
1.736999969482421875e+02 0.000000000000000000e+00
1.738000030517578125e+02 0.000000000000000000e+00
1.738999938964843750e+02 0.000000000000000000e+00
1.740000000000000000e+02 0.000000000000000000e+00
1.741000061035156250e+02 0.000000000000000000e+00
1.741999969482421875e+02 0.000000000000000000e+00
1.743000030517578125e+02 0.000000000000000000e+00
1.743999938964843750e+02 0.000000000000000000e+00
1.745000000000000000e+02 0.000000000000000000e+00
1.746000061035156250e+02 0.000000000000000000e+00
1.746999969482421875e+02 0.000000000000000000e+00
1.748000030517578125e+02 0.000000000000000000e+00
1.748999938964843750e+02 0.000000000000000000e+00
1.750000000000000000e+02 0.000000000000000000e+00
1.751000061035156250e+02 0.000000000000000000e+00
1.751999969482421875e+02 0.000000000000000000e+00
1.753000030517578125e+02 0.000000000000000000e+00
1.753999938964843750e+02 0.000000000000000000e+00
1.755000000000000000e+02 0.000000000000000000e+00
1.756000061035156250e+02 0.000000000000000000e+00
1.756999969482421875e+02 0.000000000000000000e+00
1.758000030517578125e+02 0.000000000000000000e+00
1.758999938964843750e+02 0.000000000000000000e+00
1.760000000000000000e+02 0.000000000000000000e+00
1.761000061035156250e+02 0.000000000000000000e+00
1.761999969482421875e+02 0.000000000000000000e+00
1.763000030517578125e+02 0.000000000000000000e+00
1.763999938964843750e+02 0.000000000000000000e+00
1.765000000000000000e+02 0.000000000000000000e+00
1.766000061035156250e+02 0.000000000000000000e+00
1.766999969482421875e+02 0.000000000000000000e+00
1.768000030517578125e+02 0.000000000000000000e+00
1.768999938964843750e+02 0.000000000000000000e+00
1.770000000000000000e+02 0.000000000000000000e+00
1.771000061035156250e+02 0.000000000000000000e+00
1.771999969482421875e+02 0.000000000000000000e+00
1.773000030517578125e+02 0.000000000000000000e+00
1.773999938964843750e+02 0.000000000000000000e+00
1.775000000000000000e+02 0.000000000000000000e+00
1.776000061035156250e+02 0.000000000000000000e+00
1.776999969482421875e+02 0.000000000000000000e+00
1.778000030517578125e+02 0.000000000000000000e+00
1.778999938964843750e+02 0.000000000000000000e+00
1.780000000000000000e+02 0.000000000000000000e+00
1.781000061035156250e+02 0.000000000000000000e+00
1.781999969482421875e+02 0.000000000000000000e+00
1.783000030517578125e+02 0.000000000000000000e+00
1.783999938964843750e+02 0.000000000000000000e+00
1.785000000000000000e+02 0.000000000000000000e+00
1.786000061035156250e+02 0.000000000000000000e+00
1.786999969482421875e+02 0.000000000000000000e+00
1.788000030517578125e+02 0.000000000000000000e+00
1.788999938964843750e+02 0.000000000000000000e+00
1.790000000000000000e+02 0.000000000000000000e+00
1.791000061035156250e+02 0.000000000000000000e+00
1.791999969482421875e+02 0.000000000000000000e+00
1.793000030517578125e+02 0.000000000000000000e+00
1.793999938964843750e+02 0.000000000000000000e+00
1.795000000000000000e+02 0.000000000000000000e+00
1.796000061035156250e+02 0.000000000000000000e+00
1.796999969482421875e+02 0.000000000000000000e+00
1.798000030517578125e+02 0.000000000000000000e+00
1.798999938964843750e+02 0.000000000000000000e+00
1.800000000000000000e+02 0.000000000000000000e+00
1.801000061035156250e+02 0.000000000000000000e+00
1.801999969482421875e+02 0.000000000000000000e+00
1.803000030517578125e+02 0.000000000000000000e+00
1.803999938964843750e+02 0.000000000000000000e+00
1.805000000000000000e+02 0.000000000000000000e+00
1.806000061035156250e+02 0.000000000000000000e+00
1.806999969482421875e+02 0.000000000000000000e+00
1.808000030517578125e+02 0.000000000000000000e+00
1.808999938964843750e+02 0.000000000000000000e+00
1.810000000000000000e+02 0.000000000000000000e+00
1.811000061035156250e+02 0.000000000000000000e+00
1.811999969482421875e+02 0.000000000000000000e+00
1.813000030517578125e+02 0.000000000000000000e+00
1.813999938964843750e+02 0.000000000000000000e+00
1.815000000000000000e+02 0.000000000000000000e+00
1.816000061035156250e+02 0.000000000000000000e+00
1.816999969482421875e+02 0.000000000000000000e+00
1.818000030517578125e+02 1.000000000000000000e+00
1.818999938964843750e+02 1.000000000000000000e+00
1.820000000000000000e+02 4.000000000000000000e+00
1.821000061035156250e+02 1.000000000000000000e+01
1.821999969482421875e+02 1.500000000000000000e+01
1.823000030517578125e+02 1.100000000000000000e+01
1.823999938964843750e+02 1.600000000000000000e+01
1.825000000000000000e+02 1.300000000000000000e+01
1.826000061035156250e+02 1.300000000000000000e+01
1.826999969482421875e+02 1.300000000000000000e+01
1.828000030517578125e+02 1.500000000000000000e+01
1.828999938964843750e+02 1.200000000000000000e+01
1.830000000000000000e+02 1.200000000000000000e+01
1.831000061035156250e+02 1.300000000000000000e+01
1.831999969482421875e+02 1.600000000000000000e+01
1.833000030517578125e+02 1.600000000000000000e+01
1.833999938964843750e+02 1.400000000000000000e+01
1.835000000000000000e+02 1.600000000000000000e+01
1.836000061035156250e+02 1.200000000000000000e+01
1.836999969482421875e+02 1.000000000000000000e+01
1.838000030517578125e+02 1.200000000000000000e+01
1.838999938964843750e+02 1.100000000000000000e+01
1.840000000000000000e+02 8.000000000000000000e+00
1.841000061035156250e+02 1.100000000000000000e+01
1.841999969482421875e+02 1.300000000000000000e+01
1.843000030517578125e+02 1.100000000000000000e+01
1.843999938964843750e+02 1.100000000000000000e+01
1.845000000000000000e+02 1.000000000000000000e+01
1.846000061035156250e+02 1.400000000000000000e+01
1.846999969482421875e+02 1.200000000000000000e+01
1.848000030517578125e+02 1.200000000000000000e+01
1.848999938964843750e+02 1.000000000000000000e+01
1.850000000000000000e+02 1.500000000000000000e+01
1.851000061035156250e+02 1.400000000000000000e+01
1.851999969482421875e+02 1.300000000000000000e+01
1.853000030517578125e+02 1.200000000000000000e+01
1.853999938964843750e+02 1.200000000000000000e+01
1.855000000000000000e+02 9.000000000000000000e+00
1.856000061035156250e+02 5.000000000000000000e+00
1.856999969482421875e+02 5.000000000000000000e+00
1.858000030517578125e+02 1.100000000000000000e+01
1.858999938964843750e+02 1.100000000000000000e+01
1.860000000000000000e+02 1.300000000000000000e+01
1.861000061035156250e+02 1.200000000000000000e+01
1.861999969482421875e+02 1.200000000000000000e+01
1.863000030517578125e+02 1.400000000000000000e+01
1.863999938964843750e+02 1.400000000000000000e+01
1.865000000000000000e+02 1.300000000000000000e+01
1.866000061035156250e+02 1.300000000000000000e+01
1.866999969482421875e+02 1.300000000000000000e+01
1.868000030517578125e+02 1.400000000000000000e+01
1.868999938964843750e+02 1.400000000000000000e+01
1.870000000000000000e+02 1.200000000000000000e+01
1.871000061035156250e+02 1.100000000000000000e+01
1.871999969482421875e+02 1.400000000000000000e+01
1.873000030517578125e+02 1.500000000000000000e+01
1.873999938964843750e+02 1.400000000000000000e+01
1.875000000000000000e+02 1.400000000000000000e+01
1.876000061035156250e+02 1.300000000000000000e+01
1.876999969482421875e+02 1.100000000000000000e+01
1.878000030517578125e+02 1.400000000000000000e+01
1.878999938964843750e+02 1.200000000000000000e+01
1.880000000000000000e+02 9.000000000000000000e+00
1.881000061035156250e+02 1.700000000000000000e+01
1.881999969482421875e+02 1.400000000000000000e+01
1.883000030517578125e+02 1.500000000000000000e+01
1.883999938964843750e+02 1.400000000000000000e+01
1.885000000000000000e+02 1.500000000000000000e+01
1.886000061035156250e+02 1.500000000000000000e+01
1.886999969482421875e+02 1.200000000000000000e+01
1.888000030517578125e+02 1.500000000000000000e+01
1.888999938964843750e+02 1.400000000000000000e+01
1.890000000000000000e+02 1.400000000000000000e+01
1.891000061035156250e+02 1.200000000000000000e+01
1.891999969482421875e+02 1.300000000000000000e+01
1.893000030517578125e+02 1.300000000000000000e+01
1.893999938964843750e+02 1.300000000000000000e+01
1.895000000000000000e+02 1.700000000000000000e+01
1.896000061035156250e+02 1.400000000000000000e+01
1.896999969482421875e+02 1.300000000000000000e+01
1.898000030517578125e+02 1.300000000000000000e+01
1.898999938964843750e+02 1.300000000000000000e+01
1.900000000000000000e+02 1.300000000000000000e+01
1.901000061035156250e+02 1.400000000000000000e+01
1.901999969482421875e+02 1.400000000000000000e+01
1.903000030517578125e+02 1.400000000000000000e+01
1.903999938964843750e+02 1.400000000000000000e+01
1.905000000000000000e+02 1.000000000000000000e+01
1.906000061035156250e+02 1.300000000000000000e+01
1.906999969482421875e+02 1.600000000000000000e+01
1.908000030517578125e+02 1.500000000000000000e+01
1.908999938964843750e+02 1.300000000000000000e+01
1.910000000000000000e+02 1.200000000000000000e+01
1.911000061035156250e+02 1.400000000000000000e+01
1.911999969482421875e+02 1.500000000000000000e+01
1.913000030517578125e+02 1.100000000000000000e+01
1.913999938964843750e+02 1.000000000000000000e+01
1.915000000000000000e+02 1.000000000000000000e+01
1.916000061035156250e+02 1.100000000000000000e+01
1.916999969482421875e+02 1.000000000000000000e+01
1.918000030517578125e+02 1.100000000000000000e+01
1.918999938964843750e+02 1.300000000000000000e+01
1.920000000000000000e+02 1.400000000000000000e+01
1.921000061035156250e+02 1.100000000000000000e+01
1.921999969482421875e+02 1.400000000000000000e+01
1.923000030517578125e+02 1.400000000000000000e+01
1.923999938964843750e+02 1.400000000000000000e+01
1.925000000000000000e+02 1.100000000000000000e+01
1.926000061035156250e+02 9.000000000000000000e+00
1.926999969482421875e+02 7.000000000000000000e+00
1.928000030517578125e+02 1.000000000000000000e+01
1.928999938964843750e+02 1.000000000000000000e+01
1.930000000000000000e+02 1.200000000000000000e+01
1.931000061035156250e+02 1.300000000000000000e+01
1.931999969482421875e+02 7.000000000000000000e+00
1.933000030517578125e+02 8.000000000000000000e+00
1.933999938964843750e+02 9.000000000000000000e+00
1.935000000000000000e+02 1.000000000000000000e+01
1.936000061035156250e+02 1.400000000000000000e+01
1.936999969482421875e+02 1.300000000000000000e+01
1.938000030517578125e+02 1.100000000000000000e+01
1.938999938964843750e+02 1.600000000000000000e+01
1.940000000000000000e+02 1.200000000000000000e+01
1.941000061035156250e+02 1.400000000000000000e+01
1.941999969482421875e+02 1.300000000000000000e+01
1.943000030517578125e+02 1.500000000000000000e+01
1.943999938964843750e+02 1.300000000000000000e+01
1.945000000000000000e+02 1.300000000000000000e+01
1.946000061035156250e+02 1.300000000000000000e+01
1.946999969482421875e+02 1.400000000000000000e+01
1.948000030517578125e+02 1.300000000000000000e+01
1.948999938964843750e+02 1.400000000000000000e+01
1.950000000000000000e+02 1.500000000000000000e+01
1.951000061035156250e+02 1.100000000000000000e+01
1.951999969482421875e+02 1.300000000000000000e+01
1.953000030517578125e+02 1.400000000000000000e+01
1.953999938964843750e+02 1.400000000000000000e+01
1.955000000000000000e+02 1.100000000000000000e+01
1.956000061035156250e+02 1.000000000000000000e+01
1.956999969482421875e+02 1.300000000000000000e+01
1.958000030517578125e+02 1.300000000000000000e+01
1.958999938964843750e+02 1.500000000000000000e+01
1.960000000000000000e+02 1.300000000000000000e+01
1.961000061035156250e+02 1.300000000000000000e+01
1.961999969482421875e+02 1.100000000000000000e+01
1.963000030517578125e+02 1.300000000000000000e+01
1.963999938964843750e+02 1.500000000000000000e+01
1.965000000000000000e+02 1.400000000000000000e+01
1.966000061035156250e+02 1.400000000000000000e+01
1.966999969482421875e+02 1.100000000000000000e+01
1.968000030517578125e+02 1.400000000000000000e+01
1.968999938964843750e+02 1.300000000000000000e+01
1.970000000000000000e+02 1.300000000000000000e+01
1.971000061035156250e+02 1.300000000000000000e+01
1.971999969482421875e+02 1.300000000000000000e+01
1.973000030517578125e+02 1.500000000000000000e+01
1.973999938964843750e+02 1.500000000000000000e+01
1.975000000000000000e+02 1.200000000000000000e+01
1.976000061035156250e+02 1.300000000000000000e+01
1.976999969482421875e+02 1.600000000000000000e+01
1.978000030517578125e+02 1.400000000000000000e+01
1.978999938964843750e+02 1.400000000000000000e+01
1.980000000000000000e+02 1.200000000000000000e+01
1.981000061035156250e+02 1.300000000000000000e+01
1.981999969482421875e+02 1.500000000000000000e+01
1.983000030517578125e+02 1.400000000000000000e+01
1.983999938964843750e+02 1.300000000000000000e+01
1.985000000000000000e+02 1.500000000000000000e+01
1.986000061035156250e+02 1.400000000000000000e+01
1.986999969482421875e+02 1.400000000000000000e+01
1.988000030517578125e+02 1.700000000000000000e+01
1.988999938964843750e+02 1.400000000000000000e+01
1.990000000000000000e+02 1.100000000000000000e+01
1.991000061035156250e+02 1.300000000000000000e+01
1.991999969482421875e+02 1.100000000000000000e+01
1.993000030517578125e+02 1.200000000000000000e+01
1.993999938964843750e+02 1.100000000000000000e+01
1.995000000000000000e+02 1.400000000000000000e+01
1.996000061035156250e+02 8.000000000000000000e+00
1.996999969482421875e+02 1.300000000000000000e+01
1.998000030517578125e+02 1.500000000000000000e+01
1.998999938964843750e+02 1.400000000000000000e+01
2.000000000000000000e+02 1.600000000000000000e+01
2.001000061035156250e+02 1.800000000000000000e+01
2.001999969482421875e+02 1.400000000000000000e+01
2.003000030517578125e+02 1.400000000000000000e+01
2.003999938964843750e+02 1.500000000000000000e+01
2.005000000000000000e+02 1.500000000000000000e+01
2.006000061035156250e+02 1.500000000000000000e+01
2.006999969482421875e+02 1.400000000000000000e+01
2.008000030517578125e+02 1.400000000000000000e+01
2.008999938964843750e+02 1.700000000000000000e+01
2.010000000000000000e+02 1.000000000000000000e+01
2.011000061035156250e+02 1.200000000000000000e+01
2.011999969482421875e+02 1.300000000000000000e+01
2.013000030517578125e+02 1.600000000000000000e+01
2.013999938964843750e+02 1.700000000000000000e+01
2.015000000000000000e+02 2.000000000000000000e+01
2.016000061035156250e+02 1.400000000000000000e+01
2.016999969482421875e+02 1.700000000000000000e+01
2.018000030517578125e+02 1.200000000000000000e+01
2.018999938964843750e+02 1.200000000000000000e+01
2.020000000000000000e+02 1.200000000000000000e+01
2.021000061035156250e+02 1.400000000000000000e+01
2.021999969482421875e+02 1.300000000000000000e+01
2.023000030517578125e+02 1.200000000000000000e+01
2.023999938964843750e+02 1.300000000000000000e+01
2.025000000000000000e+02 1.500000000000000000e+01
2.026000061035156250e+02 1.500000000000000000e+01
2.026999969482421875e+02 1.300000000000000000e+01
2.028000030517578125e+02 1.300000000000000000e+01
2.028999938964843750e+02 1.100000000000000000e+01
2.030000000000000000e+02 1.000000000000000000e+01
2.031000061035156250e+02 1.400000000000000000e+01
2.031999969482421875e+02 1.400000000000000000e+01
2.033000030517578125e+02 1.500000000000000000e+01
2.033999938964843750e+02 1.200000000000000000e+01
2.035000000000000000e+02 1.400000000000000000e+01
2.036000061035156250e+02 1.200000000000000000e+01
2.036999969482421875e+02 1.200000000000000000e+01
2.038000030517578125e+02 1.300000000000000000e+01
2.038999938964843750e+02 1.400000000000000000e+01
2.040000000000000000e+02 1.400000000000000000e+01
2.041000061035156250e+02 9.000000000000000000e+00
2.041999969482421875e+02 5.000000000000000000e+00
2.043000030517578125e+02 8.000000000000000000e+00
2.043999938964843750e+02 6.000000000000000000e+00
2.045000000000000000e+02 1.500000000000000000e+01
2.046000061035156250e+02 1.000000000000000000e+01
2.046999969482421875e+02 1.300000000000000000e+01
2.048000030517578125e+02 1.400000000000000000e+01
2.048999938964843750e+02 7.000000000000000000e+00
2.050000000000000000e+02 9.000000000000000000e+00
2.051000061035156250e+02 9.000000000000000000e+00
2.051999969482421875e+02 1.300000000000000000e+01
2.053000030517578125e+02 8.000000000000000000e+00
2.053999938964843750e+02 9.000000000000000000e+00
2.055000000000000000e+02 9.000000000000000000e+00
2.056000061035156250e+02 6.000000000000000000e+00
2.056999969482421875e+02 4.000000000000000000e+00
2.058000030517578125e+02 9.000000000000000000e+00
2.058999938964843750e+02 7.000000000000000000e+00
2.060000000000000000e+02 1.100000000000000000e+01
2.061000061035156250e+02 1.000000000000000000e+01
2.061999969482421875e+02 7.000000000000000000e+00
2.063000030517578125e+02 1.600000000000000000e+01
2.063999938964843750e+02 1.400000000000000000e+01
2.065000000000000000e+02 1.300000000000000000e+01
2.066000061035156250e+02 1.200000000000000000e+01
2.066999969482421875e+02 1.900000000000000000e+01
2.068000030517578125e+02 1.300000000000000000e+01
2.068999938964843750e+02 1.200000000000000000e+01
2.070000000000000000e+02 1.000000000000000000e+01
2.071000061035156250e+02 1.300000000000000000e+01
2.071999969482421875e+02 1.100000000000000000e+01
2.073000030517578125e+02 1.600000000000000000e+01
2.073999938964843750e+02 1.300000000000000000e+01
2.075000000000000000e+02 6.000000000000000000e+00
2.076000061035156250e+02 1.200000000000000000e+01
2.076999969482421875e+02 1.300000000000000000e+01
2.078000030517578125e+02 1.300000000000000000e+01
2.078999938964843750e+02 1.400000000000000000e+01
2.080000000000000000e+02 1.000000000000000000e+01
2.081000061035156250e+02 1.200000000000000000e+01
2.081999969482421875e+02 1.500000000000000000e+01
2.083000030517578125e+02 1.400000000000000000e+01
2.083999938964843750e+02 1.200000000000000000e+01
2.085000000000000000e+02 1.200000000000000000e+01
2.086000061035156250e+02 1.200000000000000000e+01
2.086999969482421875e+02 1.300000000000000000e+01
2.088000030517578125e+02 1.300000000000000000e+01
2.088999938964843750e+02 8.000000000000000000e+00
2.090000000000000000e+02 1.200000000000000000e+01
2.091000061035156250e+02 1.200000000000000000e+01
2.091999969482421875e+02 9.000000000000000000e+00
2.093000030517578125e+02 9.000000000000000000e+00
2.093999938964843750e+02 1.400000000000000000e+01
2.095000000000000000e+02 1.100000000000000000e+01
2.096000061035156250e+02 1.300000000000000000e+01
2.096999969482421875e+02 1.700000000000000000e+01
2.098000030517578125e+02 1.800000000000000000e+01
2.098999938964843750e+02 1.500000000000000000e+01
2.100000000000000000e+02 1.600000000000000000e+01
2.101000061035156250e+02 2.100000000000000000e+01
2.101999969482421875e+02 1.800000000000000000e+01
2.103000030517578125e+02 1.800000000000000000e+01
2.103999938964843750e+02 1.800000000000000000e+01
2.105000000000000000e+02 1.600000000000000000e+01
2.106000061035156250e+02 1.700000000000000000e+01
2.106999969482421875e+02 1.300000000000000000e+01
2.108000030517578125e+02 9.000000000000000000e+00
2.108999938964843750e+02 1.500000000000000000e+01
2.110000000000000000e+02 1.300000000000000000e+01
2.111000061035156250e+02 1.800000000000000000e+01
2.111999969482421875e+02 1.600000000000000000e+01
2.113000030517578125e+02 1.700000000000000000e+01
2.113999938964843750e+02 1.500000000000000000e+01
2.115000000000000000e+02 1.500000000000000000e+01
2.116000061035156250e+02 1.400000000000000000e+01
2.116999969482421875e+02 1.400000000000000000e+01
2.118000030517578125e+02 1.200000000000000000e+01
2.118999938964843750e+02 1.800000000000000000e+01
2.120000000000000000e+02 1.400000000000000000e+01
2.121000061035156250e+02 1.600000000000000000e+01
2.121999969482421875e+02 1.100000000000000000e+01
2.123000030517578125e+02 1.000000000000000000e+01
2.123999938964843750e+02 1.500000000000000000e+01
2.125000000000000000e+02 1.100000000000000000e+01
2.126000061035156250e+02 9.000000000000000000e+00
2.126999969482421875e+02 1.000000000000000000e+01
2.128000030517578125e+02 1.200000000000000000e+01
2.128999938964843750e+02 1.300000000000000000e+01
2.130000000000000000e+02 1.700000000000000000e+01
2.131000061035156250e+02 1.700000000000000000e+01
2.131999969482421875e+02 1.100000000000000000e+01
2.133000030517578125e+02 1.400000000000000000e+01
2.133999938964843750e+02 1.400000000000000000e+01
2.135000000000000000e+02 1.400000000000000000e+01
2.136000061035156250e+02 1.100000000000000000e+01
2.136999969482421875e+02 1.200000000000000000e+01
2.138000030517578125e+02 1.000000000000000000e+01
2.138999938964843750e+02 1.200000000000000000e+01
2.140000000000000000e+02 1.300000000000000000e+01
2.141000061035156250e+02 1.500000000000000000e+01
2.141999969482421875e+02 1.200000000000000000e+01
2.143000030517578125e+02 9.000000000000000000e+00
2.143999938964843750e+02 9.000000000000000000e+00
2.145000000000000000e+02 1.300000000000000000e+01
2.146000061035156250e+02 1.300000000000000000e+01
2.146999969482421875e+02 1.000000000000000000e+01
2.148000030517578125e+02 1.400000000000000000e+01
2.148999938964843750e+02 1.700000000000000000e+01
2.150000000000000000e+02 1.200000000000000000e+01
2.151000061035156250e+02 1.300000000000000000e+01
2.151999969482421875e+02 1.300000000000000000e+01
2.153000030517578125e+02 1.300000000000000000e+01
2.153999938964843750e+02 1.300000000000000000e+01
2.155000000000000000e+02 1.200000000000000000e+01
2.156000061035156250e+02 1.000000000000000000e+01
2.156999969482421875e+02 1.300000000000000000e+01
2.158000030517578125e+02 1.700000000000000000e+01
2.158999938964843750e+02 1.400000000000000000e+01
2.160000000000000000e+02 1.500000000000000000e+01
2.161000061035156250e+02 1.400000000000000000e+01
2.161999969482421875e+02 1.300000000000000000e+01
2.163000030517578125e+02 1.300000000000000000e+01
2.163999938964843750e+02 1.200000000000000000e+01
2.165000000000000000e+02 9.000000000000000000e+00
2.166000061035156250e+02 1.400000000000000000e+01
2.166999969482421875e+02 1.400000000000000000e+01
2.168000030517578125e+02 1.100000000000000000e+01
2.168999938964843750e+02 1.100000000000000000e+01
2.170000000000000000e+02 1.200000000000000000e+01
2.171000061035156250e+02 1.200000000000000000e+01
2.171999969482421875e+02 1.000000000000000000e+01
2.173000030517578125e+02 1.200000000000000000e+01
2.173999938964843750e+02 1.400000000000000000e+01
2.175000000000000000e+02 1.200000000000000000e+01
2.176000061035156250e+02 1.300000000000000000e+01
2.176999969482421875e+02 1.300000000000000000e+01
2.178000030517578125e+02 1.500000000000000000e+01
2.178999938964843750e+02 9.000000000000000000e+00
2.180000000000000000e+02 9.000000000000000000e+00
2.181000061035156250e+02 1.000000000000000000e+01
2.181999969482421875e+02 1.100000000000000000e+01
2.183000030517578125e+02 8.000000000000000000e+00
2.183999938964843750e+02 1.100000000000000000e+01
2.185000000000000000e+02 8.000000000000000000e+00
2.186000061035156250e+02 1.000000000000000000e+01
2.186999969482421875e+02 7.000000000000000000e+00
2.188000030517578125e+02 8.000000000000000000e+00
2.188999938964843750e+02 1.100000000000000000e+01
2.190000000000000000e+02 1.300000000000000000e+01
2.191000061035156250e+02 1.200000000000000000e+01
2.191999969482421875e+02 1.200000000000000000e+01
2.193000030517578125e+02 9.000000000000000000e+00
2.193999938964843750e+02 1.100000000000000000e+01
2.195000000000000000e+02 1.100000000000000000e+01
2.196000061035156250e+02 1.300000000000000000e+01
2.196999969482421875e+02 8.000000000000000000e+00
2.198000030517578125e+02 1.000000000000000000e+01
2.198999938964843750e+02 9.000000000000000000e+00
2.200000000000000000e+02 1.000000000000000000e+01
2.201000061035156250e+02 8.000000000000000000e+00
2.201999969482421875e+02 5.000000000000000000e+00
2.203000030517578125e+02 4.000000000000000000e+00
2.203999938964843750e+02 3.000000000000000000e+00
2.205000000000000000e+02 3.000000000000000000e+00
2.206000061035156250e+02 5.000000000000000000e+00
2.206999969482421875e+02 9.000000000000000000e+00
2.208000030517578125e+02 1.200000000000000000e+01
2.208999938964843750e+02 1.100000000000000000e+01
2.210000000000000000e+02 9.000000000000000000e+00
2.211000061035156250e+02 1.000000000000000000e+01
2.211999969482421875e+02 1.400000000000000000e+01
2.213000030517578125e+02 1.700000000000000000e+01
2.213999938964843750e+02 1.500000000000000000e+01
2.215000000000000000e+02 1.200000000000000000e+01
2.216000061035156250e+02 1.300000000000000000e+01
2.216999969482421875e+02 1.600000000000000000e+01
2.218000030517578125e+02 1.700000000000000000e+01
2.218999938964843750e+02 1.900000000000000000e+01
2.220000000000000000e+02 1.500000000000000000e+01
2.221000061035156250e+02 1.400000000000000000e+01
2.221999969482421875e+02 1.600000000000000000e+01
2.223000030517578125e+02 4.000000000000000000e+00
2.223999938964843750e+02 0.000000000000000000e+00
2.225000000000000000e+02 0.000000000000000000e+00
2.226000061035156250e+02 0.000000000000000000e+00
2.226999969482421875e+02 0.000000000000000000e+00
2.228000030517578125e+02 0.000000000000000000e+00
