0.000000000000000000e+00 3.535913798403186981e+00
1.000000014901161194e-01 6.867229315907718679e+00
2.000000029802322388e-01 4.030662774834145701e+00
3.000000119209289551e-01 4.027745263298312395e+00
4.000000059604644775e-01 4.140772123084761169e+00
5.000000000000000000e-01 3.356384976136274734e+00
6.000000238418579102e-01 5.362177374836875288e+00
6.999999880790710449e-01 4.509542518095606134e+00
8.000000119209289551e-01 5.161474334476758408e+00
8.999999761581420898e-01 5.123516760521368951e+00
1.000000000000000000e+00 4.310282428076143368e+00
1.100000023841857910e+00 4.694778232760682180e+00
1.200000047683715820e+00 5.704176807853460041e+00
1.299999952316284180e+00 3.687478294134064249e+00
1.399999976158142090e+00 4.927595693585402614e+00
1.500000000000000000e+00 5.124505116275628325e+00
1.600000023841857910e+00 4.083678806693642471e+00
1.700000047683715820e+00 3.453132390071474322e+00
1.799999952316284180e+00 4.224595859016187838e+00
1.899999976158142090e+00 3.861241040542213288e+00
2.000000000000000000e+00 3.922569221040990151e+00
2.099999904632568359e+00 3.523613225212848477e+00
2.200000047683715820e+00 4.124919481243408015e+00
2.299999952316284180e+00 3.829925940286069697e+00
2.400000095367431641e+00 3.543551872588847740e+00
2.500000000000000000e+00 3.680999781430973172e+00
2.599999904632568359e+00 3.658421764381241559e+00
2.700000047683715820e+00 3.726575926724169818e+00
2.799999952316284180e+00 3.559631797894859950e+00
2.900000095367431641e+00 3.066406740089268723e+00
3.000000000000000000e+00 3.844456978812156756e+00
3.099999904632568359e+00 3.267269616550750655e+00
3.200000047683715820e+00 3.617196476956641593e+00
3.299999952316284180e+00 3.786519275245126437e+00
3.400000095367431641e+00 4.020632145899531551e+00
3.500000000000000000e+00 3.662946859873321248e+00
3.599999904632568359e+00 3.978879262575344633e+00
3.700000047683715820e+00 3.855784036351193489e+00
3.799999952316284180e+00 3.695288311326297315e+00
3.900000095367431641e+00 3.964822835217269414e+00
4.000000000000000000e+00 3.933299454815282203e+00
4.099999904632568359e+00 3.990971058796896731e+00
4.199999809265136719e+00 3.976905719540713147e+00
4.300000190734863281e+00 3.414335763450500494e+00
4.400000095367431641e+00 3.338986178015050932e+00
4.500000000000000000e+00 3.304758699909252861e+00
4.599999904632568359e+00 3.314661957269845249e+00
4.699999809265136719e+00 3.621940849388371575e+00
4.800000190734863281e+00 4.226627021732872969e+00
4.900000095367431641e+00 3.789481714506591103e+00
5.000000000000000000e+00 3.550638577986735545e+00
5.099999904632568359e+00 3.833806611473116632e+00
5.199999809265136719e+00 5.058051053552716780e+00
5.300000190734863281e+00 3.679394894923878390e+00
5.400000095367431641e+00 4.100689543752987554e+00
5.500000000000000000e+00 3.556883731040415775e+00
5.599999904632568359e+00 3.961175678247662368e+00
5.699999809265136719e+00 3.623447345009067622e+00
5.800000190734863281e+00 3.675242830978978859e+00
5.900000095367431641e+00 3.908197129091459665e+00
6.000000000000000000e+00 3.478243380628929682e+00
6.099999904632568359e+00 3.805311770401378801e+00
6.199999809265136719e+00 3.678837504155186178e+00
6.300000190734863281e+00 3.455921188985016101e+00
6.400000095367431641e+00 3.695990646706145633e+00
6.500000000000000000e+00 3.797373433684103627e+00
6.599999904632568359e+00 3.455294761213846488e+00
6.699999809265136719e+00 4.218430977080329214e+00
6.800000190734863281e+00 3.726738231058552397e+00
6.900000095367431641e+00 3.258498194988845409e+00
7.000000000000000000e+00 4.001934816892339875e+00
7.099999904632568359e+00 3.482144227890902055e+00
7.199999809265136719e+00 3.223285219007916869e+00
7.300000190734863281e+00 3.905934425422717737e+00
7.400000095367431641e+00 3.723069824894901458e+00
7.500000000000000000e+00 3.987311857224932421e+00
7.599999904632568359e+00 3.951841361252777407e+00
7.699999809265136719e+00 6.756547622670286302e+00
7.800000190734863281e+00 4.037862096942325785e+00
7.900000095367431641e+00 3.754625340505548969e+00
8.000000000000000000e+00 3.715564266154415929e+00
8.100000381469726562e+00 3.099500831877455287e+00
8.199999809265136719e+00 3.315017855386980461e+00
8.300000190734863281e+00 5.120447097724224683e+00
8.399999618530273438e+00 6.344112534462672315e+00
8.500000000000000000e+00 8.225548349988642371e+00
8.600000381469726562e+00 6.785990463961281804e+00
8.699999809265136719e+00 6.928657091340278740e+00
8.800000190734863281e+00 7.636901298386909787e+00
8.899999618530273438e+00 6.974988099849412926e+00
9.000000000000000000e+00 6.372344899205390156e+00
9.100000381469726562e+00 8.373951137764688468e+00
9.199999809265136719e+00 7.871543940196642275e+00
9.300000190734863281e+00 8.251862014433180903e+00
9.399999618530273438e+00 9.066463130054927433e+00
9.500000000000000000e+00 7.878074773722325119e+00
9.600000381469726562e+00 7.945082255387538872e+00
9.699999809265136719e+00 7.756665853667114696e+00
9.800000190734863281e+00 6.242094413550287157e+00
9.899999618530273438e+00 7.560122677533383850e+00
1.000000000000000000e+01 8.627994755818839678e+00
1.010000038146972656e+01 8.229938422772278273e+00
1.019999980926513672e+01 7.074425860116092757e+00
1.030000019073486328e+01 7.137566396940357549e+00
1.039999961853027344e+01 7.460234305868228333e+00
1.050000000000000000e+01 8.032488728135190215e+00
1.060000038146972656e+01 9.016287645797175898e+00
1.069999980926513672e+01 8.042670465853362316e+00
1.080000019073486328e+01 7.902837858398362947e+00
1.089999961853027344e+01 7.104807748587949057e+00
1.100000000000000000e+01 7.490033014598650674e+00
1.110000038146972656e+01 6.405786806211942519e+00
1.119999980926513672e+01 1.024708960004609004e+01
1.130000019073486328e+01 1.007875364913621574e+01
1.139999961853027344e+01 9.828488360866524332e+00
1.150000000000000000e+01 1.092104433847645595e+01
1.160000038146972656e+01 9.653780016435048239e+00
1.169999980926513672e+01 8.728397324211842445e+00
1.180000019073486328e+01 8.341139419799793231e+00
1.189999961853027344e+01 7.818145863020227182e+00
1.200000000000000000e+01 8.038594999180341816e+00
1.210000038146972656e+01 7.137355358208204770e+00
1.219999980926513672e+01 7.067223482460337713e+00
1.230000019073486328e+01 8.538740996514471604e+00
1.239999961853027344e+01 9.272394071060883647e+00
1.250000000000000000e+01 8.548460856739147573e+00
1.260000038146972656e+01 8.309863624684812322e+00
1.269999980926513672e+01 8.333222259738835902e+00
1.280000019073486328e+01 6.373310587024803908e+00
1.289999961853027344e+01 8.391051798469334244e+00
1.300000000000000000e+01 9.158165607873549163e+00
1.310000038146972656e+01 1.129340012443091190e+01
1.319999980926513672e+01 1.002187529982967185e+01
1.330000019073486328e+01 1.038873647856568994e+01
1.339999961853027344e+01 9.875665883276228740e+00
1.350000000000000000e+01 1.214880473260842031e+01
1.360000038146972656e+01 8.292699381991866403e+00
1.369999980926513672e+01 9.073917563859678737e+00
1.380000019073486328e+01 8.826602053505954615e+00
1.389999961853027344e+01 6.707014870950402496e+00
1.400000000000000000e+01 7.058473061944497751e+00
1.410000038146972656e+01 5.654698279801039895e+00
1.419999980926513672e+01 5.518155371961979583e+00
1.430000019073486328e+01 5.697145851204334477e+00
1.439999961853027344e+01 4.610654742602424250e+00
1.450000000000000000e+01 6.753431367689460174e+00
1.460000038146972656e+01 7.075626409966808694e+00
1.469999980926513672e+01 7.582367484015764880e+00
1.480000019073486328e+01 7.745139560095850584e+00
1.489999961853027344e+01 7.855144577304274733e+00
1.500000000000000000e+01 9.144776196441327443e+00
1.510000038146972656e+01 1.034020764135898851e+01
1.519999980926513672e+01 8.758558757519965710e+00
1.530000019073486328e+01 8.034540833920729597e+00
1.539999961853027344e+01 7.552626490528491665e+00
1.550000000000000000e+01 9.706055265098322948e+00
1.560000038146972656e+01 8.262850108809853822e+00
1.569999980926513672e+01 6.017188145640537833e+00
1.580000019073486328e+01 4.250033778682841046e+00
1.589999961853027344e+01 4.760874468465994269e+00
1.600000000000000000e+01 6.030147281865841258e+00
1.610000038146972656e+01 5.759286971676709221e+00
1.620000076293945312e+01 8.201681238959778852e+00
1.629999923706054688e+01 8.564826351135648608e+00
1.639999961853027344e+01 8.646539830573489738e+00
1.650000000000000000e+01 8.038889490267228766e+00
1.660000038146972656e+01 6.953962765197271523e+00
1.670000076293945312e+01 1.003650067160494608e+01
1.679999923706054688e+01 9.735609217102251023e+00
1.689999961853027344e+01 7.504464255353838098e+00
1.700000000000000000e+01 7.783584376372635560e+00
1.710000038146972656e+01 7.777254351837330049e+00
1.720000076293945312e+01 8.202943173167536628e+00
1.729999923706054688e+01 7.243136884700247968e+00
1.739999961853027344e+01 7.954389070638490544e+00
1.750000000000000000e+01 7.329488509026810483e+00
1.760000038146972656e+01 8.533861533055338455e+00
1.770000076293945312e+01 8.094389683190907903e+00
1.779999923706054688e+01 8.574152135276264630e+00
1.789999961853027344e+01 8.496858116531926797e+00
1.800000000000000000e+01 8.964345475124485318e+00
1.810000038146972656e+01 8.062782478129870256e+00
1.820000076293945312e+01 5.072694922505595727e+00
1.829999923706054688e+01 7.784695877853688550e+00
1.839999961853027344e+01 8.044108055029832727e+00
1.850000000000000000e+01 9.066747222591530431e+00
1.860000038146972656e+01 8.785217612043508595e+00
1.870000076293945312e+01 7.939022239062411224e+00
1.879999923706054688e+01 7.248636848946008904e+00
1.889999961853027344e+01 8.306170572196291957e+00
1.900000000000000000e+01 5.602683058819527773e+00
1.910000038146972656e+01 5.442451451574094712e+00
1.920000076293945312e+01 4.911123807324783819e+00
1.929999923706054688e+01 7.767005268718855326e+00
1.939999961853027344e+01 8.105300228742422064e+00
1.950000000000000000e+01 8.944080208529609166e+00
1.960000038146972656e+01 9.180980924817246702e+00
1.970000076293945312e+01 8.497624912566765332e+00
1.979999923706054688e+01 8.954295016512647365e+00
1.989999961853027344e+01 9.161069089804316334e+00
2.000000000000000000e+01 7.803607648253831464e+00
2.010000038146972656e+01 8.325405816046664853e+00
2.020000076293945312e+01 8.260699863208321503e+00
2.029999923706054688e+01 9.834536444342239392e+00
2.039999961853027344e+01 6.598162419644370225e+00
2.050000000000000000e+01 8.284662682528180611e+00
2.060000038146972656e+01 9.051088672944258562e+00
2.070000076293945312e+01 7.848681178317929330e+00
2.079999923706054688e+01 7.585618577607312396e+00
2.089999961853027344e+01 7.839274118719328222e+00
2.100000000000000000e+01 8.152296742013978914e+00
2.110000038146972656e+01 7.568449474111924147e+00
2.120000076293945312e+01 7.746107807930815881e+00
2.129999923706054688e+01 7.532103949423002653e+00
2.139999961853027344e+01 7.960353525153411880e+00
2.150000000000000000e+01 8.318589411034841063e+00
2.160000038146972656e+01 8.203979267678533915e+00
2.170000076293945312e+01 7.539029195761611568e+00
2.179999923706054688e+01 7.989488104407850066e+00
2.189999961853027344e+01 7.684112566028104219e+00
2.200000000000000000e+01 7.776383562826708840e+00
2.210000038146972656e+01 6.912147697539580804e+00
2.220000076293945312e+01 7.410620995714432446e+00
2.229999923706054688e+01 7.077490648186870459e+00
2.239999961853027344e+01 9.724262845706956426e+00
2.250000000000000000e+01 8.266484913337869500e+00
2.260000038146972656e+01 6.239237999053484529e+00
2.270000076293945312e+01 6.679110681645125780e+00
2.279999923706054688e+01 6.721743325006618974e+00
2.289999961853027344e+01 7.518135965544604282e+00
2.300000000000000000e+01 8.053386522338650266e+00
2.310000038146972656e+01 8.515708250482850517e+00
2.320000076293945312e+01 6.500765432046699210e+00
2.329999923706054688e+01 7.384582743721231246e+00
2.339999961853027344e+01 6.750388967670660989e+00
2.350000000000000000e+01 7.321354683223162851e+00
2.360000038146972656e+01 7.385700201408829990e+00
2.370000076293945312e+01 8.136782789659921633e+00
2.379999923706054688e+01 8.143975749336195946e+00
2.389999961853027344e+01 8.054973647438172790e+00
2.400000000000000000e+01 7.429416132095199465e+00
2.410000038146972656e+01 7.945844585223848178e+00
2.420000076293945312e+01 7.707872315962514875e+00
2.429999923706054688e+01 8.164529886806061398e+00
2.439999961853027344e+01 7.289891352792974288e+00
2.450000000000000000e+01 6.928301885487369915e+00
2.460000038146972656e+01 4.470844001098642551e+00
2.470000076293945312e+01 6.889295146723302565e+00
2.479999923706054688e+01 7.460751781191697241e+00
2.489999961853027344e+01 8.424282979973034102e+00
2.500000000000000000e+01 7.881342528763601862e+00
2.510000038146972656e+01 8.026214471491273983e+00
2.520000076293945312e+01 8.027085816417040220e+00
2.529999923706054688e+01 7.054087568939898745e+00
2.539999961853027344e+01 7.140356489814122298e+00
2.550000000000000000e+01 7.361615637796433909e+00
2.560000038146972656e+01 8.096596174968077264e+00
2.570000076293945312e+01 6.809639201631867422e+00
2.579999923706054688e+01 7.032693372399219989e+00
2.589999961853027344e+01 6.200813471621704487e+00
2.600000000000000000e+01 6.676637641125823919e+00
2.610000038146972656e+01 6.646450468887129759e+00
2.620000076293945312e+01 7.440414464185708177e+00
2.629999923706054688e+01 7.226904607284723170e+00
2.639999961853027344e+01 6.974453951144202080e+00
2.650000000000000000e+01 8.467011919474382253e+00
2.660000038146972656e+01 8.417579716483983177e+00
2.670000076293945312e+01 7.435070927241395289e+00
2.679999923706054688e+01 7.689998197567343041e+00
2.689999961853027344e+01 7.424201884291533382e+00
2.700000000000000000e+01 8.511638593179380763e+00
2.710000038146972656e+01 8.465170944474062154e+00
2.720000076293945312e+01 7.766339671165312986e+00
2.729999923706054688e+01 7.612420325864303727e+00
2.739999961853027344e+01 7.970131552214473558e+00
2.750000000000000000e+01 8.672169226326863267e+00
2.760000038146972656e+01 8.350793324608305923e+00
2.770000076293945312e+01 8.518309786774111103e+00
2.779999923706054688e+01 8.491792964728167803e+00
2.789999961853027344e+01 8.199605501502890803e+00
2.800000000000000000e+01 8.155827044982338236e+00
2.810000038146972656e+01 8.591461064769195133e+00
2.820000076293945312e+01 8.579305209276935074e+00
2.829999923706054688e+01 7.655338456691390014e+00
2.839999961853027344e+01 7.260940378702779974e+00
2.850000000000000000e+01 7.249385550163096603e+00
2.860000038146972656e+01 7.532473246739103345e+00
2.870000076293945312e+01 7.663671534617717107e+00
2.879999923706054688e+01 7.150525060639864705e+00
2.889999961853027344e+01 7.434789418527845584e+00
2.900000000000000000e+01 7.614789654401143970e+00
2.910000038146972656e+01 7.497660397420781386e+00
2.920000076293945312e+01 7.199573888369325658e+00
2.929999923706054688e+01 7.409846534756100667e+00
2.939999961853027344e+01 7.177011643386842721e+00
2.950000000000000000e+01 8.003837367669010661e+00
2.960000038146972656e+01 7.743957800902323108e+00
2.970000076293945312e+01 8.418091872779188023e+00
2.979999923706054688e+01 6.999714515603463028e+00
2.989999961853027344e+01 7.634571847987905890e+00
3.000000000000000000e+01 7.212370511312740540e+00
3.010000038146972656e+01 6.748358321574792207e+00
3.020000076293945312e+01 7.512239671441109934e+00
3.029999923706054688e+01 8.018407277600699601e+00
3.039999961853027344e+01 7.277228316957188525e+00
3.050000000000000000e+01 7.195107061169698781e+00
3.060000038146972656e+01 7.374414954878427686e+00
3.070000076293945312e+01 7.276556364584539693e+00
3.079999923706054688e+01 7.302560908199239087e+00
3.089999961853027344e+01 7.555742664252378837e+00
3.100000000000000000e+01 7.649703613415803183e+00
3.110000038146972656e+01 7.829003130659279108e+00
3.120000076293945312e+01 7.201201945938628945e+00
3.129999923706054688e+01 7.854757868537914689e+00
3.139999961853027344e+01 7.386290210169089043e+00
3.150000000000000000e+01 7.052755536969719685e+00
3.160000038146972656e+01 7.875047746301624407e+00
3.170000076293945312e+01 7.527998838611780208e+00
3.179999923706054688e+01 8.124861897301297375e+00
3.189999961853027344e+01 6.812252916336416497e+00
3.200000000000000000e+01 7.814303905802501227e+00
3.209999847412109375e+01 6.846801979450519937e+00
3.220000076293945312e+01 6.730926958741856758e+00
3.229999923706054688e+01 6.646752647736955844e+00
3.240000152587890625e+01 7.313158381747287606e+00
3.250000000000000000e+01 7.364881387110091104e+00
3.259999847412109375e+01 6.386561682319648270e+00
3.270000076293945312e+01 7.277032441890929348e+00
3.279999923706054688e+01 8.406138239689218139e+00
3.290000152587890625e+01 6.838733672837722821e+00
3.300000000000000000e+01 7.236573690521456825e+00
3.309999847412109375e+01 7.473559168028200972e+00
3.320000076293945312e+01 7.721461590872145564e+00
3.329999923706054688e+01 7.285250676881947385e+00
3.340000152587890625e+01 8.496399951292589847e+00
3.350000000000000000e+01 6.771307880601251661e+00
3.359999847412109375e+01 7.432150698018141100e+00
3.370000076293945312e+01 6.384526387450307539e+00
3.379999923706054688e+01 6.517855708830018635e+00
3.390000152587890625e+01 6.698347616244339164e+00
3.400000000000000000e+01 8.040759175399196934e+00
3.409999847412109375e+01 8.523593955437961611e+00
3.420000076293945312e+01 6.971475596347860737e+00
3.429999923706054688e+01 7.032814018823524194e+00
3.440000152587890625e+01 7.520152190464973074e+00
3.450000000000000000e+01 8.334179288347986159e+00
3.459999847412109375e+01 6.137833534796246049e+00
3.470000076293945312e+01 7.418216694119605492e+00
3.479999923706054688e+01 8.112875082111317582e+00
3.490000152587890625e+01 6.596052719313066248e+00
3.500000000000000000e+01 9.273237561772170068e+00
3.509999847412109375e+01 7.442929583097744661e+00
3.520000076293945312e+01 6.836202793872838690e+00
3.529999923706054688e+01 6.955497523745209243e+00
3.540000152587890625e+01 8.233075078271369307e+00
3.550000000000000000e+01 8.521448401652786941e+00
3.559999847412109375e+01 8.863688481620892290e+00
3.570000076293945312e+01 7.730140494495457482e+00
3.579999923706054688e+01 7.759027959524908979e+00
3.590000152587890625e+01 8.418218622702664078e+00
3.600000000000000000e+01 6.239932388500325722e+00
3.609999847412109375e+01 7.481061871833603050e+00
3.620000076293945312e+01 1.099720175406600831e+01
3.629999923706054688e+01 8.656790090304443908e+00
3.640000152587890625e+01 7.418809173718578620e+00
3.650000000000000000e+01 7.848194938215122818e+00
3.659999847412109375e+01 7.467126024409691532e+00
3.670000076293945312e+01 9.093585350557981783e+00
3.679999923706054688e+01 7.646211259436385355e+00
3.690000152587890625e+01 7.812020742166182252e+00
3.700000000000000000e+01 8.035207698470077986e+00
3.709999847412109375e+01 7.832279149875737367e+00
3.720000076293945312e+01 7.489577062676586294e+00
3.729999923706054688e+01 7.530263788547959081e+00
3.740000152587890625e+01 7.608272271805625486e+00
3.750000000000000000e+01 8.197271036642369779e+00
3.759999847412109375e+01 9.152810523173581458e+00
3.770000076293945312e+01 6.401605065607709477e+00
3.779999923706054688e+01 7.189476127341334788e+00
3.790000152587890625e+01 7.443575946635740515e+00
3.800000000000000000e+01 6.502313765101483511e+00
3.809999847412109375e+01 7.491307650886473546e+00
3.820000076293945312e+01 7.221141291220774860e+00
3.829999923706054688e+01 6.732374376864890486e+00
3.840000152587890625e+01 7.502961353627105368e+00
3.850000000000000000e+01 7.749699142719280509e+00
3.859999847412109375e+01 6.850021240698300318e+00
3.870000076293945312e+01 8.709927623508994188e+00
3.879999923706054688e+01 7.148367594206804121e+00
3.890000152587890625e+01 8.055934309854213993e+00
3.900000000000000000e+01 7.389386454315096664e+00
3.909999847412109375e+01 7.786218897457485966e+00
3.920000076293945312e+01 7.447891550066655597e+00
3.929999923706054688e+01 7.262112707369416498e+00
3.940000152587890625e+01 7.385302105774549375e+00
3.950000000000000000e+01 7.199297066166534087e+00
3.959999847412109375e+01 7.957879240502554019e+00
3.970000076293945312e+01 7.255736011364927407e+00
3.979999923706054688e+01 7.699859238607963619e+00
3.990000152587890625e+01 7.663730806037593268e+00
4.000000000000000000e+01 7.117081526048687046e+00
4.009999847412109375e+01 7.455026524188771653e+00
4.020000076293945312e+01 7.641392109781550701e+00
4.029999923706054688e+01 9.655084664059586430e+00
4.040000152587890625e+01 7.874052604539597766e+00
4.050000000000000000e+01 7.754523122107361388e+00
4.059999847412109375e+01 8.228020699869158960e+00
4.070000076293945312e+01 8.289054574980310619e+00
4.079999923706054688e+01 7.606576128961824779e+00
4.090000152587890625e+01 6.768807701666927912e+00
4.100000000000000000e+01 7.587968711797392629e+00
4.109999847412109375e+01 7.849201054715980064e+00
4.120000076293945312e+01 7.908406519619299857e+00
4.129999923706054688e+01 7.642536623133211471e+00
4.140000152587890625e+01 7.383307059893239988e+00
4.150000000000000000e+01 6.918050740156775902e+00
4.159999847412109375e+01 7.237170848571404136e+00
4.170000076293945312e+01 6.784956935107365084e+00
4.179999923706054688e+01 7.900529652378283529e+00
4.190000152587890625e+01 7.916036257927817843e+00
4.200000000000000000e+01 8.064641399422443513e+00
4.209999847412109375e+01 7.275842958880441635e+00
4.220000076293945312e+01 8.302561498358844716e+00
4.229999923706054688e+01 8.059708441984902549e+00
4.240000152587890625e+01 7.698319217298393191e+00
4.250000000000000000e+01 8.428245299182901107e+00
4.259999847412109375e+01 7.123278437265353702e+00
4.270000076293945312e+01 7.571700220622090249e+00
4.279999923706054688e+01 7.943722438548824982e+00
4.290000152587890625e+01 7.844840976857895498e+00
4.300000000000000000e+01 8.047337764168801755e+00
4.309999847412109375e+01 8.071215417617448651e+00
4.320000076293945312e+01 7.512392002082659559e+00
4.329999923706054688e+01 7.878779732120637647e+00
4.340000152587890625e+01 7.245846981694477940e+00
4.350000000000000000e+01 8.312641114854240953e+00
4.359999847412109375e+01 8.203031601671380457e+00
4.370000076293945312e+01 9.059144473325966729e+00
4.379999923706054688e+01 9.558645124636804269e+00
4.390000152587890625e+01 7.869355488229962781e+00
4.400000000000000000e+01 9.143044869594442403e+00
4.409999847412109375e+01 8.204960977735378691e+00
4.420000076293945312e+01 8.236977999851800902e+00
4.429999923706054688e+01 8.469914299160540949e+00
4.440000152587890625e+01 8.602538491766361872e+00
4.450000000000000000e+01 7.858323638535416933e+00
4.459999847412109375e+01 8.581360052143939043e+00
4.470000076293945312e+01 8.009609772418299301e+00
4.479999923706054688e+01 8.080051415822333993e+00
4.490000152587890625e+01 8.895914182874749443e+00
4.500000000000000000e+01 8.285023197767969805e+00
4.509999847412109375e+01 7.104612696621376955e+00
4.520000076293945312e+01 7.661438946332147282e+00
4.529999923706054688e+01 8.912070164929035698e+00
4.540000152587890625e+01 8.041997550451338128e+00
4.550000000000000000e+01 8.738919695622486827e+00
4.559999847412109375e+01 8.916910144631954083e+00
4.570000076293945312e+01 8.473313650158779353e+00
4.579999923706054688e+01 9.379805882822104479e+00
4.590000152587890625e+01 9.192156466199863374e+00
4.600000000000000000e+01 7.735244833038469991e+00
4.609999847412109375e+01 6.514607051179741148e+00
4.620000076293945312e+01 6.709328283200035159e+00
4.629999923706054688e+01 6.259711752168047205e+00
4.640000152587890625e+01 6.448548808338726346e+00
4.650000000000000000e+01 7.017094208762991059e+00
4.659999847412109375e+01 6.467508067762792301e+00
4.670000076293945312e+01 8.329423838622130205e+00
4.679999923706054688e+01 9.120099873683534142e+00
4.690000152587890625e+01 8.604617061738688122e+00
4.700000000000000000e+01 7.760693983694637588e+00
4.709999847412109375e+01 8.588293686664938420e+00
4.720000076293945312e+01 8.374079291888119059e+00
4.729999923706054688e+01 8.350379874279562742e+00
4.740000152587890625e+01 8.908972192012006630e+00
4.750000000000000000e+01 8.603604203816171747e+00
4.759999847412109375e+01 9.550494739788698340e+00
4.770000076293945312e+01 8.882554419717230587e+00
4.779999923706054688e+01 8.572427260559766893e+00
4.790000152587890625e+01 8.089789873785672825e+00
4.800000000000000000e+01 8.216564053713762306e+00
4.809999847412109375e+01 8.925951867969452280e+00
4.820000076293945312e+01 7.834252445804334997e+00
4.829999923706054688e+01 9.590169004177116818e+00
4.840000152587890625e+01 8.207660785079397670e+00
4.850000000000000000e+01 9.272146701363945809e+00
4.859999847412109375e+01 8.380720000344053844e+00
4.870000076293945312e+01 7.901875956638369836e+00
4.879999923706054688e+01 7.283739584719109317e+00
4.890000152587890625e+01 7.867387914608524824e+00
4.900000000000000000e+01 7.110149151010034529e+00
4.909999847412109375e+01 8.020446310186827077e+00
4.920000076293945312e+01 5.552543069629216177e+00
4.929999923706054688e+01 3.396140579514977276e+00
4.940000152587890625e+01 3.903956344551246183e+00
4.950000000000000000e+01 4.218614527821105575e+00
4.959999847412109375e+01 4.236658098488990554e+00
4.970000076293945312e+01 4.923129456013535687e+00
4.979999923706054688e+01 4.704466444628988775e+00
4.990000152587890625e+01 5.359721823742252589e+00
5.000000000000000000e+01 4.591374813250864051e+00
5.009999847412109375e+01 4.068048477871519353e+00
5.020000076293945312e+01 4.102797222510524477e+00
5.029999923706054688e+01 3.374906515570669008e+00
5.040000152587890625e+01 3.002105363970179575e+00
5.050000000000000000e+01 3.668453062945875143e+00
5.059999847412109375e+01 3.383182163485697558e+00
5.070000076293945312e+01 3.472489231350897487e+00
5.079999923706054688e+01 4.684878138461558095e+00
5.090000152587890625e+01 4.753199287542263285e+00
5.100000000000000000e+01 3.376011273606249308e+00
5.109999847412109375e+01 2.832322053670621287e+00
5.120000076293945312e+01 2.705903001406063879e+00
5.129999923706054688e+01 3.283763333667638840e+00
5.140000152587890625e+01 3.579704680564136599e+00
5.150000000000000000e+01 3.252605945978528812e+00
5.159999847412109375e+01 2.116267901061564150e+00
5.170000076293945312e+01 2.779430434064357858e+00
5.179999923706054688e+01 2.357340816778333625e+00
5.190000152587890625e+01 3.652676925067227742e+00
5.200000000000000000e+01 3.863513662034349760e+00
5.209999847412109375e+01 4.688910448933755859e+00
5.220000076293945312e+01 4.546324715248002413e+00
5.229999923706054688e+01 4.505299475158182076e+00
5.240000152587890625e+01 4.161292342643382547e+00
5.250000000000000000e+01 4.361695860083933063e+00
5.259999847412109375e+01 4.026558867765563043e+00
5.270000076293945312e+01 4.411531449530224691e+00
5.279999923706054688e+01 3.947312040312640491e+00
5.290000152587890625e+01 2.994299645250433795e+00
5.300000000000000000e+01 3.918833633809694739e+00
5.309999847412109375e+01 3.640000903907387730e+00
5.320000076293945312e+01 4.165729141007887826e+00
5.329999923706054688e+01 4.225660620593846062e+00
5.340000152587890625e+01 4.265735903827596154e+00
5.350000000000000000e+01 5.875641255505268390e+00
5.359999847412109375e+01 5.255955884055754979e+00
5.370000076293945312e+01 4.488943500049644264e+00
5.379999923706054688e+01 3.587229517494086029e+00
5.390000152587890625e+01 3.006313209808507469e+00
5.400000000000000000e+01 2.767763126069155533e+00
5.409999847412109375e+01 3.395425884209622325e+00
5.420000076293945312e+01 3.823436209232475402e+00
5.429999923706054688e+01 3.170777135765812549e+00
5.440000152587890625e+01 3.070089543730854853e+00
5.450000000000000000e+01 2.785419016369377943e+00
5.459999847412109375e+01 3.023960980071207949e+00
5.470000076293945312e+01 2.308743066080055861e+00
5.479999923706054688e+01 4.366662969277728124e+00
5.490000152587890625e+01 2.909082140199708899e+00
5.500000000000000000e+01 2.675687973633907202e+00
5.509999847412109375e+01 3.394035420225231636e+00
5.520000076293945312e+01 3.171991236763586297e+00
5.529999923706054688e+01 3.570058455017136811e+00
5.540000152587890625e+01 3.566234107508270412e+00
5.550000000000000000e+01 4.468462796825566130e+00
5.559999847412109375e+01 4.016155602027285276e+00
5.570000076293945312e+01 3.240212983822013282e+00
5.579999923706054688e+01 3.876480348428759104e+00
5.590000152587890625e+01 3.549397683017964766e+00
5.600000000000000000e+01 4.296449352425053547e+00
5.609999847412109375e+01 5.080077258610234736e+00
5.620000076293945312e+01 4.828564590407554924e+00
5.629999923706054688e+01 4.856595736940323427e+00
5.640000152587890625e+01 7.774950037962145899e+00
5.650000000000000000e+01 8.269452295539675646e+00
5.659999847412109375e+01 7.887954995352679965e+00
5.670000076293945312e+01 7.006320790148049760e+00
5.679999923706054688e+01 8.392250650667540057e+00
5.690000152587890625e+01 8.179295754675962371e+00
5.700000000000000000e+01 8.225973645426206460e+00
5.709999847412109375e+01 7.773484472336034123e+00
5.720000076293945312e+01 7.651639027634617563e+00
5.729999923706054688e+01 1.055512486526080806e+01
5.740000152587890625e+01 6.969587252255084131e+00
5.750000000000000000e+01 7.015983990868494224e+00
5.759999847412109375e+01 7.766329509012990684e+00
5.770000076293945312e+01 7.519622570744041390e+00
5.779999923706054688e+01 6.717522918175776958e+00
5.790000152587890625e+01 7.958791896833299795e+00
5.800000000000000000e+01 5.858021877656201859e+00
5.809999847412109375e+01 7.074393447906422772e+00
5.820000076293945312e+01 7.165024393505756706e+00
5.829999923706054688e+01 7.593217964527274155e+00
5.840000152587890625e+01 8.238463630185199449e+00
5.850000000000000000e+01 8.117075559928869311e+00
5.859999847412109375e+01 7.923605372195354768e+00
5.870000076293945312e+01 8.232016819727860479e+00
5.879999923706054688e+01 7.371006398477867094e+00
5.890000152587890625e+01 8.035558637989678843e+00
5.900000000000000000e+01 7.087530928108359163e+00
5.909999847412109375e+01 8.378750524804701172e+00
5.920000076293945312e+01 7.237922793113966691e+00
5.929999923706054688e+01 7.447925437016178485e+00
5.940000152587890625e+01 7.926562395397452221e+00
5.950000000000000000e+01 6.177200573649335169e+00
5.959999847412109375e+01 7.299376284830174200e+00
5.970000076293945312e+01 5.911619514654075758e+00
5.979999923706054688e+01 6.884905321865343986e+00
5.990000152587890625e+01 6.071070775318825774e+00
6.000000000000000000e+01 6.959983584463987683e+00
6.009999847412109375e+01 4.602804405690800849e+00
6.020000076293945312e+01 6.332194016832310091e+00
6.029999923706054688e+01 6.529880364822465033e+00
6.040000152587890625e+01 7.377615551580715803e+00
6.050000000000000000e+01 6.602698268286363081e+00
6.059999847412109375e+01 7.257402158074407694e+00
6.070000076293945312e+01 6.788266696557360369e+00
6.079999923706054688e+01 1.158402024730131608e+01
6.090000152587890625e+01 8.444842143266232171e+00
6.100000000000000000e+01 8.930608596596970372e+00
6.109999847412109375e+01 7.504933635399646086e+00
6.120000076293945312e+01 7.012624303030012385e+00
6.129999923706054688e+01 7.595175556038927134e+00
6.140000152587890625e+01 7.836533969097226660e+00
6.150000000000000000e+01 7.066949812143382914e+00
6.159999847412109375e+01 6.449641255378512739e+00
6.170000076293945312e+01 6.953002401119408482e+00
6.179999923706054688e+01 6.564385006769828834e+00
6.190000152587890625e+01 6.094487230986771920e+00
6.200000000000000000e+01 7.591682839995688603e+00
6.209999847412109375e+01 7.562275368547513921e+00
6.220000076293945312e+01 7.983799492175341683e+00
6.229999923706054688e+01 4.379082649828575313e+00
6.240000152587890625e+01 5.450503714302352698e+00
6.250000000000000000e+01 4.652445492358663337e+00
6.259999847412109375e+01 5.576672611774297295e+00
6.270000076293945312e+01 1.110455555856201926e+01
6.279999923706054688e+01 8.449294714196280864e+00
6.290000152587890625e+01 8.275735583287522346e+00
6.300000000000000000e+01 8.629122483062428017e+00
6.309999847412109375e+01 8.853859508170913273e+00
6.320000076293945312e+01 8.679409517678310593e+00
6.329999923706054688e+01 7.031754966131129159e+00
6.340000152587890625e+01 6.727654355999113989e+00
6.350000000000000000e+01 7.379927095443787444e+00
6.359999847412109375e+01 7.440250598640405499e+00
6.370000076293945312e+01 7.201504235336624760e+00
6.379999923706054688e+01 7.614448772616889016e+00
6.390000152587890625e+01 7.184839321268515988e+00
6.400000000000000000e+01 8.554620618278237387e+00
6.409999847412109375e+01 7.974516278420564319e+00
6.419999694824218750e+01 6.462071478868669061e+00
6.430000305175781250e+01 7.158179715141719690e+00
6.440000152587890625e+01 7.155107922685240318e+00
6.450000000000000000e+01 7.611502712544607974e+00
6.459999847412109375e+01 8.189844337727269163e+00
6.469999694824218750e+01 7.395396199897855460e+00
6.480000305175781250e+01 7.568614456419865633e+00
6.490000152587890625e+01 6.365492997545688425e+00
6.500000000000000000e+01 6.890634539278987170e+00
6.509999847412109375e+01 6.869410562617190408e+00
6.519999694824218750e+01 7.094935721869693346e+00
6.530000305175781250e+01 6.566117185415701663e+00
6.540000152587890625e+01 7.716561274880807453e+00
6.550000000000000000e+01 7.326044330564736029e+00
6.559999847412109375e+01 8.073537989463099862e+00
6.569999694824218750e+01 7.673078955484099239e+00
6.580000305175781250e+01 7.597899489013839158e+00
6.590000152587890625e+01 6.384539867039246808e+00
6.600000000000000000e+01 6.396793410920484924e+00
6.609999847412109375e+01 6.287921450282363267e+00
6.619999694824218750e+01 6.782025715264825116e+00
6.630000305175781250e+01 6.730253398326256686e+00
6.640000152587890625e+01 7.087270389574604756e+00
6.650000000000000000e+01 6.956802527389977620e+00
6.659999847412109375e+01 6.290908499060261505e+00
6.669999694824218750e+01 7.221910438223703821e+00
6.680000305175781250e+01 7.628768237482849379e+00
6.690000152587890625e+01 6.383924338502872331e+00
6.700000000000000000e+01 6.730958529385774547e+00
6.709999847412109375e+01 7.401492264072222049e+00
6.719999694824218750e+01 8.058445138841539901e+00
6.730000305175781250e+01 6.184749411002304242e+00
6.740000152587890625e+01 6.232814887247336344e+00
6.750000000000000000e+01 6.585882139500632171e+00
6.759999847412109375e+01 7.506733717400187800e+00
6.769999694824218750e+01 6.847274348592599758e+00
6.780000305175781250e+01 8.092943430728947618e+00
6.790000152587890625e+01 7.417094264338222054e+00
6.800000000000000000e+01 7.602333819665322068e+00
6.809999847412109375e+01 7.931898240629049468e+00
6.819999694824218750e+01 6.830567689864002645e+00
6.830000305175781250e+01 6.897820219692919252e+00
6.840000152587890625e+01 4.789515660546235232e+00
6.850000000000000000e+01 4.347301668835825694e+00
6.859999847412109375e+01 4.917799314738544147e+00
6.869999694824218750e+01 3.945230442639946045e+00
6.880000305175781250e+01 3.217232597670934169e+00
6.890000152587890625e+01 5.101800298491389718e+00
6.900000000000000000e+01 6.193826221827581691e+00
6.909999847412109375e+01 6.835026159849738825e+00
6.919999694824218750e+01 5.718492117433868316e+00
6.930000305175781250e+01 6.378827811053116470e+00
6.940000152587890625e+01 6.983004835389551523e+00
6.950000000000000000e+01 5.598466587866455235e+00
6.959999847412109375e+01 3.526511095183794353e+00
6.969999694824218750e+01 3.782643813997968785e+00
6.980000305175781250e+01 2.896954544063078618e+00
6.990000152587890625e+01 3.741203155949287318e+00
7.000000000000000000e+01 2.791481233236614123e+00
7.009999847412109375e+01 3.232590870081247569e+00
7.019999694824218750e+01 3.186424315136123120e+00
7.030000305175781250e+01 3.084906455751051269e+00
7.040000152587890625e+01 2.529740332866683872e+00
7.050000000000000000e+01 3.969452304340462589e+00
7.059999847412109375e+01 3.225596499042631571e+00
7.069999694824218750e+01 3.281352319372472071e+00
7.080000305175781250e+01 3.452258829494489145e+00
7.090000152587890625e+01 5.293432573909270467e+00
7.100000000000000000e+01 5.536691523927228964e+00
7.109999847412109375e+01 3.508252240559242452e+00
7.119999694824218750e+01 4.328532300959902379e+00
7.130000305175781250e+01 4.438532108049625613e+00
7.140000152587890625e+01 3.049667227910292322e+00
7.150000000000000000e+01 3.704191110848550572e+00
7.159999847412109375e+01 6.091632806930306288e+00
7.169999694824218750e+01 6.211928496376761366e+00
7.180000305175781250e+01 6.118655832633971059e+00
7.190000152587890625e+01 7.213073003683329709e+00
7.200000000000000000e+01 5.927786841928489814e+00
7.209999847412109375e+01 6.852472692730922965e+00
7.219999694824218750e+01 6.583812581570616551e+00
7.230000305175781250e+01 7.503594039175304431e+00
7.240000152587890625e+01 7.084754565519173930e+00
7.250000000000000000e+01 6.865956095159059025e+00
7.259999847412109375e+01 8.523891069447895319e+00
7.269999694824218750e+01 5.754637940626587955e+00
7.280000305175781250e+01 6.514350960517418798e+00
7.290000152587890625e+01 7.819082188014919943e+00
7.300000000000000000e+01 6.728675558583344873e+00
7.309999847412109375e+01 8.283732274960737385e+00
7.319999694824218750e+01 7.322824275115880965e+00
7.330000305175781250e+01 7.364880966376946780e+00
7.340000152587890625e+01 7.182149967773976407e+00
7.350000000000000000e+01 7.059861099672834150e+00
7.359999847412109375e+01 6.219389657175008246e+00
7.369999694824218750e+01 6.328965787106175078e+00
7.380000305175781250e+01 6.684887734001408788e+00
7.390000152587890625e+01 6.429693792050097834e+00
7.400000000000000000e+01 8.471130761131876241e+00
7.409999847412109375e+01 7.373319216014495581e+00
7.419999694824218750e+01 8.625518833015080489e+00
7.430000305175781250e+01 6.731938884256535971e+00
7.440000152587890625e+01 8.259998423678485580e+00
7.450000000000000000e+01 7.189288273961116360e+00
7.459999847412109375e+01 8.182509595094554555e+00
7.469999694824218750e+01 7.946574924198224643e+00
7.480000305175781250e+01 7.614384551718230476e+00
7.490000152587890625e+01 9.377934808174817505e+00
7.500000000000000000e+01 7.848401762348443889e+00
7.509999847412109375e+01 8.066374017063981938e+00
7.519999694824218750e+01 7.396611891854957932e+00
7.530000305175781250e+01 8.137400490691497623e+00
7.540000152587890625e+01 7.888353359391207853e+00
7.550000000000000000e+01 7.337542693810025440e+00
7.559999847412109375e+01 7.242501255014371253e+00
7.569999694824218750e+01 8.050409843565006440e+00
7.580000305175781250e+01 4.970686004834045768e+00
7.590000152587890625e+01 7.155749154005040857e+00
7.600000000000000000e+01 7.410910370948390558e+00
7.609999847412109375e+01 8.606554625160775629e+00
7.619999694824218750e+01 8.864910975981596053e+00
7.630000305175781250e+01 4.799326313109354203e+00
7.640000152587890625e+01 5.743143882132132561e+00
7.650000000000000000e+01 6.460678477472294290e+00
7.659999847412109375e+01 6.569398849984210642e+00
7.669999694824218750e+01 6.493743106734481962e+00
7.680000305175781250e+01 6.567919123656144720e+00
7.690000152587890625e+01 6.204822711847467254e+00
7.700000000000000000e+01 7.076891087076578657e+00
7.709999847412109375e+01 6.085820439040957375e+00
7.719999694824218750e+01 7.171816856546826102e+00
7.730000305175781250e+01 7.398451517274073019e+00
7.740000152587890625e+01 6.432729010398958280e+00
7.750000000000000000e+01 6.633451515824197564e+00
7.759999847412109375e+01 6.879429204181068513e+00
7.769999694824218750e+01 7.579282766016382844e+00
7.780000305175781250e+01 6.051178594628678020e+00
7.790000152587890625e+01 6.623803151876063389e+00
7.800000000000000000e+01 7.721838432159652044e+00
7.809999847412109375e+01 6.731798522096577919e+00
7.819999694824218750e+01 6.482358233390920432e+00
7.830000305175781250e+01 7.097227629375859159e+00
7.840000152587890625e+01 7.245683182442538062e+00
7.850000000000000000e+01 8.216357592030091084e+00
7.859999847412109375e+01 7.236683786086493875e+00
7.869999694824218750e+01 6.416008540277973182e+00
7.880000305175781250e+01 6.659852683888197511e+00
7.890000152587890625e+01 5.911238188138624672e+00
7.900000000000000000e+01 3.674342936470914811e+00
7.909999847412109375e+01 4.908836468328971137e+00
7.919999694824218750e+01 5.158601333485534290e+00
7.930000305175781250e+01 6.681829348250827749e+00
7.940000152587890625e+01 7.182027288309225987e+00
7.950000000000000000e+01 6.280345126561967639e+00
7.959999847412109375e+01 5.465451273837481416e+00
7.969999694824218750e+01 5.854597459686003091e+00
7.980000305175781250e+01 5.325270074085809213e+00
7.990000152587890625e+01 5.846683959129872932e+00
8.000000000000000000e+01 5.630186022530379475e+00
8.009999847412109375e+01 5.703843772233203602e+00
8.019999694824218750e+01 5.922959833890224068e+00
8.030000305175781250e+01 5.204464971106893323e+00
8.040000152587890625e+01 5.716294383147192626e+00
8.050000000000000000e+01 6.161861660242364813e+00
8.059999847412109375e+01 6.178483943922405075e+00
8.069999694824218750e+01 5.559840713233207055e+00
8.080000305175781250e+01 5.769526641082140195e+00
8.090000152587890625e+01 6.195762604428113107e+00
8.100000000000000000e+01 5.137762814781771326e+00
8.109999847412109375e+01 7.604781192252578315e+00
8.119999694824218750e+01 7.648272209967988289e+00
8.130000305175781250e+01 7.521101782476926623e+00
8.140000152587890625e+01 7.531853391568178679e+00
8.150000000000000000e+01 7.318433408918140870e+00
8.159999847412109375e+01 7.447337368015960912e+00
8.169999694824218750e+01 8.428364842024993919e+00
8.180000305175781250e+01 7.471737184078274474e+00
8.190000152587890625e+01 7.347857974031266615e+00
8.200000000000000000e+01 6.383969723170390687e+00
8.209999847412109375e+01 6.887891539896106252e+00
8.219999694824218750e+01 7.641339502267133987e+00
8.230000305175781250e+01 6.664751685568791828e+00
8.240000152587890625e+01 7.696780452719405474e+00
8.250000000000000000e+01 7.357523069447988284e+00
8.259999847412109375e+01 7.178018989377491721e+00
8.269999694824218750e+01 7.188037248378257082e+00
8.280000305175781250e+01 7.987731701457038369e+00
8.290000152587890625e+01 6.345790076636523835e+00
8.300000000000000000e+01 7.896768277594169660e+00
8.309999847412109375e+01 6.350300742659329423e+00
8.319999694824218750e+01 7.001501676426725496e+00
8.330000305175781250e+01 7.141290163822762160e+00
8.340000152587890625e+01 6.464458287570040262e+00
8.350000000000000000e+01 7.208513521939979185e+00
8.359999847412109375e+01 6.699451129868773336e+00
8.369999694824218750e+01 6.401245095201322677e+00
8.380000305175781250e+01 6.895551319523306688e+00
8.390000152587890625e+01 7.142898964021767938e+00
8.400000000000000000e+01 8.354278909914032880e+00
8.409999847412109375e+01 8.357694151985477049e+00
8.419999694824218750e+01 6.640052927437551489e+00
8.430000305175781250e+01 6.488706742429207530e+00
8.440000152587890625e+01 6.850294140229272521e+00
8.450000000000000000e+01 6.253412801903799334e+00
8.459999847412109375e+01 7.486877104124646465e+00
8.469999694824218750e+01 8.855453294792361874e+00
8.480000305175781250e+01 9.737725560793057511e+00
8.490000152587890625e+01 5.496755324926613895e+00
8.500000000000000000e+01 7.062690707980685545e+00
8.509999847412109375e+01 9.841002356639140913e+00
8.519999694824218750e+01 8.297650654710050588e+00
8.530000305175781250e+01 1.051729850795711307e+01
8.540000152587890625e+01 1.268568269713460950e+01
8.550000000000000000e+01 1.027708128288001710e+01
8.559999847412109375e+01 1.073372043197999659e+01
8.569999694824218750e+01 8.959277858392450611e+00
8.580000305175781250e+01 1.015264943522340602e+01
8.590000152587890625e+01 6.458733227530627730e+00
8.600000000000000000e+01 6.024049960414422422e+00
8.609999847412109375e+01 6.762050277744565463e+00
8.619999694824218750e+01 6.326677078540363652e+00
8.630000305175781250e+01 5.134159043864124250e+00
8.640000152587890625e+01 5.045821062831243431e+00
8.650000000000000000e+01 5.996108840528513895e+00
8.659999847412109375e+01 5.569534631974198291e+00
8.669999694824218750e+01 5.314017591728569911e+00
8.680000305175781250e+01 6.011996555917675344e+00
8.690000152587890625e+01 6.318576832466524351e+00
8.700000000000000000e+01 6.109181474758275776e+00
8.709999847412109375e+01 6.477274908222987904e+00
8.719999694824218750e+01 6.782127735814111880e+00
8.730000305175781250e+01 8.834761294206776583e+00
8.740000152587890625e+01 8.590255598969678275e+00
8.750000000000000000e+01 6.482027920798673293e+00
8.759999847412109375e+01 5.854650294866106996e+00
8.769999694824218750e+01 6.475361123040315192e+00
8.780000305175781250e+01 6.084515824067411316e+00
8.790000152587890625e+01 6.934632225432741492e+00
8.800000000000000000e+01 6.451742268705773498e+00
8.809999847412109375e+01 6.110061576562218377e+00
8.819999694824218750e+01 6.771478728033228478e+00
8.830000305175781250e+01 6.086412211010074458e+00
8.840000152587890625e+01 7.490558561009156513e+00
8.850000000000000000e+01 6.520948783305496654e+00
8.859999847412109375e+01 6.423111940325254565e+00
8.869999694824218750e+01 6.627124194602378005e+00
8.880000305175781250e+01 6.889733100108927033e+00
8.890000152587890625e+01 6.142681924049653297e+00
8.900000000000000000e+01 5.690840215565292404e+00
8.909999847412109375e+01 6.631915585269323898e+00
8.919999694824218750e+01 6.227491605393545626e+00
8.930000305175781250e+01 6.137978270478358311e+00
8.940000152587890625e+01 7.780221979930091791e+00
8.950000000000000000e+01 6.530082453804739728e+00
8.959999847412109375e+01 5.075002500857416443e+00
8.969999694824218750e+01 7.752831783981021907e+00
8.980000305175781250e+01 6.575465839532711243e+00
8.990000152587890625e+01 6.951768000006144810e+00
9.000000000000000000e+01 5.699238326945393673e+00
9.009999847412109375e+01 5.691649540046499034e+00
9.019999694824218750e+01 6.598540358223769609e+00
9.030000305175781250e+01 5.209720251215534503e+00
9.040000152587890625e+01 6.702162990275721377e+00
9.050000000000000000e+01 7.048770413740783169e+00
9.059999847412109375e+01 6.255192187977287155e+00
9.069999694824218750e+01 5.713400739478140977e+00
9.080000305175781250e+01 8.744823361766391301e+00
9.090000152587890625e+01 6.408354319002500965e+00
9.100000000000000000e+01 5.796526284425901565e+00
9.109999847412109375e+01 6.620831145495015946e+00
9.119999694824218750e+01 6.280486306906593263e+00
9.130000305175781250e+01 7.254955241401939148e+00
9.140000152587890625e+01 7.286635346162399607e+00
9.150000000000000000e+01 6.799858223186386219e+00
9.159999847412109375e+01 7.334483255841413474e+00
9.169999694824218750e+01 6.873948704405342447e+00
9.180000305175781250e+01 6.992832504576994346e+00
9.190000152587890625e+01 6.750644150032877988e+00
9.200000000000000000e+01 7.050985055996352280e+00
9.209999847412109375e+01 6.634774529995493886e+00
9.219999694824218750e+01 7.579472200490213751e+00
9.230000305175781250e+01 6.171567338620064014e+00
9.240000152587890625e+01 7.551706142264276167e+00
9.250000000000000000e+01 6.318306868197267612e+00
9.259999847412109375e+01 6.989695105186422452e+00
9.269999694824218750e+01 6.251410260272316499e+00
9.280000305175781250e+01 4.742122760697224493e+00
9.290000152587890625e+01 6.058539575146828504e+00
9.300000000000000000e+01 7.224599754449064548e+00
9.309999847412109375e+01 7.104780263764952863e+00
9.319999694824218750e+01 5.371727295125110047e+00
9.330000305175781250e+01 5.209394315754796168e+00
9.340000152587890625e+01 5.528094541051098432e+00
9.350000000000000000e+01 5.680309938713495654e+00
9.359999847412109375e+01 6.385196771713164132e+00
9.369999694824218750e+01 7.066017158588743463e+00
9.380000305175781250e+01 7.565067795289381003e+00
9.390000152587890625e+01 5.726172527907505305e+00
9.400000000000000000e+01 5.479488512353777097e+00
9.409999847412109375e+01 5.118990891851911584e+00
9.419999694824218750e+01 5.899621288740963365e+00
9.430000305175781250e+01 5.411204662162333534e+00
9.440000152587890625e+01 5.829131290246646557e+00
9.450000000000000000e+01 6.047953136911482730e+00
9.459999847412109375e+01 5.845280539600642200e+00
9.469999694824218750e+01 6.340697970202456624e+00
9.480000305175781250e+01 5.938036984865353141e+00
9.490000152587890625e+01 6.653376451976782846e+00
9.500000000000000000e+01 6.139546087057892620e+00
9.509999847412109375e+01 6.405544359893585948e+00
9.519999694824218750e+01 6.627968420904443825e+00
9.530000305175781250e+01 6.405732484658687831e+00
9.540000152587890625e+01 6.580318127727146305e+00
9.550000000000000000e+01 7.050046336017243398e+00
9.559999847412109375e+01 4.791154555620505739e+00
9.569999694824218750e+01 3.227081582886031974e+00
9.580000305175781250e+01 4.911887563414950364e+00
9.590000152587890625e+01 2.670445429257156000e+00
9.600000000000000000e+01 3.626403853019736889e+00
9.609999847412109375e+01 3.418233634581461899e+00
9.619999694824218750e+01 3.135880948589955697e+00
9.630000305175781250e+01 3.201165643334505706e+00
9.640000152587890625e+01 3.057984618009645938e+00
9.650000000000000000e+01 4.173388577629742358e+00
9.659999847412109375e+01 3.245384616779957376e+00
9.669999694824218750e+01 3.355797377489530220e+00
9.680000305175781250e+01 3.503368430280897172e+00
9.690000152587890625e+01 4.175148442074374522e+00
9.700000000000000000e+01 3.884498603491454372e+00
9.709999847412109375e+01 4.807700757319860685e+00
9.719999694824218750e+01 4.538659636985904910e+00
9.730000305175781250e+01 3.156669100939192063e+00
9.740000152587890625e+01 2.937545909315602000e+00
9.750000000000000000e+01 4.043362708011923878e+00
9.759999847412109375e+01 3.245292503312813270e+00
9.769999694824218750e+01 3.381883679960255407e+00
9.780000305175781250e+01 3.777925437480030624e+00
9.790000152587890625e+01 2.624996014543477418e+00
9.800000000000000000e+01 3.067601773255525632e+00
9.809999847412109375e+01 2.851362705697946698e+00
9.819999694824218750e+01 2.987587989986782766e+00
9.830000305175781250e+01 3.477078073645997858e+00
9.840000152587890625e+01 4.652740852466469512e+00
9.850000000000000000e+01 3.862984897356136038e+00
9.859999847412109375e+01 3.231329252366929250e+00
9.869999694824218750e+01 3.083739769909724870e+00
9.880000305175781250e+01 4.925329093926020363e+00
9.890000152587890625e+01 4.040737733851443636e+00
9.900000000000000000e+01 3.466115800387060020e+00
9.909999847412109375e+01 4.347846457729347414e+00
9.919999694824218750e+01 5.997252983169764740e+00
9.930000305175781250e+01 4.672605639841016512e+00
9.940000152587890625e+01 5.247123268411975516e+00
9.950000000000000000e+01 5.312069967590096198e+00
9.959999847412109375e+01 4.185419486534034839e+00
9.969999694824218750e+01 4.523908261155774824e+00
9.980000305175781250e+01 3.324449522802149559e+00
9.990000152587890625e+01 4.442501129852733932e+00
1.000000000000000000e+02 3.676286490063041867e+00
1.000999984741210938e+02 3.690963892087298692e+00
1.001999969482421875e+02 3.628825558518229411e+00
1.003000030517578125e+02 4.372855194163088655e+00
1.004000015258789062e+02 4.036566542553400971e+00
1.005000000000000000e+02 3.446030007480091584e+00
1.005999984741210938e+02 4.189915457509280294e+00
1.006999969482421875e+02 4.870129823163597216e+00
1.008000030517578125e+02 4.234747710338726989e+00
1.009000015258789062e+02 3.793328824907443497e+00
1.010000000000000000e+02 4.298369176108725043e+00
1.010999984741210938e+02 3.635038321280520179e+00
1.011999969482421875e+02 3.741165956635565948e+00
1.013000030517578125e+02 3.896455235024287589e+00
1.014000015258789062e+02 3.602435719913871903e+00
1.015000000000000000e+02 3.837826804831782290e+00
1.015999984741210938e+02 4.104313122937776726e+00
1.016999969482421875e+02 4.253024303695210229e+00
1.018000030517578125e+02 4.018406892244557937e+00
1.019000015258789062e+02 4.878682274011023168e+00
1.020000000000000000e+02 5.788574745538250355e+00
1.020999984741210938e+02 6.126782534409739078e+00
1.021999969482421875e+02 4.622131750480901857e+00
1.023000030517578125e+02 4.227970780030736009e+00
1.024000015258789062e+02 3.914336232681690841e+00
1.025000000000000000e+02 3.548014357346823910e+00
1.025999984741210938e+02 6.163181128970510514e+00
1.026999969482421875e+02 5.207463273577403129e+00
1.028000030517578125e+02 5.780593340836717609e+00
1.029000015258789062e+02 4.579675078369279007e+00
1.030000000000000000e+02 5.018205057413342551e+00
1.030999984741210938e+02 4.497947000395365436e+00
1.031999969482421875e+02 4.676541588845816833e+00
1.033000030517578125e+02 4.959629141318490753e+00
1.034000015258789062e+02 5.008919896505438452e+00
1.035000000000000000e+02 5.120839745083439531e+00
1.035999984741210938e+02 5.559515610171576583e+00
1.036999969482421875e+02 3.483426750058203680e+00
1.038000030517578125e+02 3.818693469032937049e+00
1.039000015258789062e+02 3.979782913901563024e+00
1.040000000000000000e+02 2.669861665131279871e+00
1.040999984741210938e+02 4.129011519244175865e+00
1.041999969482421875e+02 3.591268221856223075e+00
1.043000030517578125e+02 3.894967636060689742e+00
1.044000015258789062e+02 3.483830611095295016e+00
1.045000000000000000e+02 3.874196026527512160e+00
1.045999984741210938e+02 3.238715347424636626e+00
1.046999969482421875e+02 3.858790006607429213e+00
1.048000030517578125e+02 3.529303476013410101e+00
1.049000015258789062e+02 3.926959764756397853e+00
1.050000000000000000e+02 4.156320490232576326e+00
1.050999984741210938e+02 4.676155518188131133e+00
1.051999969482421875e+02 3.600472203641934321e+00
1.053000030517578125e+02 5.506196349775216881e+00
1.054000015258789062e+02 5.754021776372140629e+00
1.055000000000000000e+02 3.632202966240749564e+00
1.055999984741210938e+02 3.711750783390562969e+00
1.056999969482421875e+02 3.726936119612644482e+00
1.058000030517578125e+02 4.954556314604318779e+00
1.059000015258789062e+02 4.507752338725378394e+00
1.060000000000000000e+02 3.673459360602643997e+00
1.060999984741210938e+02 2.150602516508458351e+00
1.061999969482421875e+02 4.188562139721081046e+00
1.063000030517578125e+02 3.865642536426143749e+00
1.064000015258789062e+02 6.574579321511488494e+00
1.065000000000000000e+02 5.119347221006727899e+00
1.065999984741210938e+02 6.676584229125087866e+00
1.066999969482421875e+02 3.571138420250191015e+00
1.068000030517578125e+02 3.266760730361066400e+00
1.069000015258789062e+02 3.661622515732465999e+00
1.070000000000000000e+02 3.882021637090161459e+00
1.070999984741210938e+02 6.059416101170551627e+00
1.071999969482421875e+02 5.302051047324172650e+00
1.073000030517578125e+02 5.519333348907015768e+00
1.074000015258789062e+02 5.508051096859730045e+00
1.075000000000000000e+02 6.138249729760031137e+00
1.075999984741210938e+02 7.547709480716930486e+00
1.076999969482421875e+02 6.264304106851824372e+00
1.078000030517578125e+02 6.118698251015502798e+00
1.079000015258789062e+02 6.697676845222612307e+00
1.080000000000000000e+02 6.907659888103848900e+00
1.080999984741210938e+02 7.705946923510702540e+00
1.081999969482421875e+02 6.365686650374803968e+00
1.083000030517578125e+02 7.122088340706094201e+00
1.084000015258789062e+02 5.838429766212985150e+00
1.085000000000000000e+02 6.263502232163531858e+00
1.085999984741210938e+02 5.647005212572635990e+00
1.086999969482421875e+02 5.834760107409999286e+00
1.088000030517578125e+02 6.427465207532550018e+00
1.089000015258789062e+02 6.705852129638387282e+00
1.090000000000000000e+02 6.457565037476092229e+00
1.090999984741210938e+02 6.055670361184010808e+00
1.091999969482421875e+02 5.817843347081746330e+00
1.093000030517578125e+02 6.610930391660832406e+00
1.094000015258789062e+02 5.334937089398501087e+00
1.095000000000000000e+02 6.611165678293380310e+00
1.095999984741210938e+02 5.330911017993982703e+00
1.096999969482421875e+02 5.232407725854973712e+00
1.098000030517578125e+02 4.219092552724489131e+00
1.099000015258789062e+02 5.709297160227492007e+00
1.100000000000000000e+02 4.449398830581968944e+00
1.100999984741210938e+02 4.011800490450761814e+00
1.101999969482421875e+02 4.068046207346866616e+00
1.103000030517578125e+02 3.640556653112786645e+00
1.104000015258789062e+02 2.887000828154521415e+00
1.105000000000000000e+02 3.977955971659761669e+00
1.105999984741210938e+02 4.845541601444583790e+00
1.106999969482421875e+02 3.693360658499694082e+00
1.108000030517578125e+02 6.072453548062167528e+00
1.109000015258789062e+02 6.004120207686868049e+00
1.110000000000000000e+02 5.665445291512731352e+00
1.110999984741210938e+02 5.739341072820717038e+00
1.111999969482421875e+02 5.660891180510303045e+00
1.113000030517578125e+02 4.477686681285189430e+00
1.114000015258789062e+02 4.931053193480303243e+00
1.115000000000000000e+02 5.596279036714982169e+00
1.115999984741210938e+02 5.229971296800258962e+00
1.116999969482421875e+02 5.669850104962489645e+00
1.118000030517578125e+02 6.323152844734456934e+00
1.119000015258789062e+02 6.685692324555565946e+00
1.120000000000000000e+02 5.881101318660365784e+00
1.120999984741210938e+02 7.986118987504277733e+00
1.121999969482421875e+02 4.557456780178800848e+00
1.123000030517578125e+02 4.837375936508980345e+00
1.124000015258789062e+02 5.149383673106369130e+00
1.125000000000000000e+02 4.517758534208252463e+00
1.125999984741210938e+02 6.038033283223521508e+00
1.126999969482421875e+02 5.533279572286117443e+00
1.128000030517578125e+02 6.248089568251181447e+00
1.129000015258789062e+02 5.980569159647637356e+00
1.130000000000000000e+02 6.415882003777502618e+00
1.130999984741210938e+02 6.118824455095515980e+00
1.131999969482421875e+02 5.916401892263248641e+00
1.133000030517578125e+02 5.316287010639137556e+00
1.134000015258789062e+02 5.312894248119809149e+00
1.135000000000000000e+02 7.416674639818179315e+00
1.135999984741210938e+02 6.227344967072877324e+00
1.136999969482421875e+02 7.264011704607121089e+00
1.138000030517578125e+02 6.513804036172361478e+00
1.139000015258789062e+02 7.913218883610944054e+00
1.140000000000000000e+02 5.642541671567163242e+00
1.140999984741210938e+02 6.463233292955337994e+00
1.141999969482421875e+02 5.585052306415093426e+00
1.143000030517578125e+02 5.063036544199342792e+00
1.144000015258789062e+02 4.882030120363219261e+00
1.145000000000000000e+02 3.018431171035869554e+00
1.145999984741210938e+02 5.844275508771397121e+00
1.146999969482421875e+02 5.078002819374222376e+00
1.148000030517578125e+02 5.345922699189678440e+00
1.149000015258789062e+02 4.197292640800303509e+00
1.150000000000000000e+02 4.648645798305611088e+00
1.150999984741210938e+02 4.384919384060294689e+00
1.151999969482421875e+02 5.060411269331831718e+00
1.153000030517578125e+02 4.897731914650501395e+00
1.154000015258789062e+02 4.644224756968686307e+00
1.155000000000000000e+02 4.323700444218245842e+00
1.155999984741210938e+02 4.739922805316445498e+00
1.156999969482421875e+02 4.822765641651517221e+00
1.158000030517578125e+02 5.853558737858237215e+00
1.159000015258789062e+02 3.525065316334522247e+00
1.160000000000000000e+02 4.286797994945050760e+00
1.160999984741210938e+02 4.975689134352162313e+00
1.161999969482421875e+02 3.509225089909073780e+00
1.163000030517578125e+02 4.785098332290030676e+00
1.164000015258789062e+02 4.361464036843986314e+00
1.165000000000000000e+02 5.614672264440393690e+00
1.165999984741210938e+02 4.966316694111401198e+00
1.166999969482421875e+02 5.456028755316288503e+00
1.168000030517578125e+02 4.481471823472424454e+00
1.169000015258789062e+02 3.899487529057049873e+00
1.170000000000000000e+02 4.968108316457349183e+00
1.170999984741210938e+02 4.838168259468909049e+00
1.171999969482421875e+02 5.364973910903152010e+00
1.173000030517578125e+02 5.569604301280977943e+00
1.174000015258789062e+02 5.609840550004149939e+00
1.175000000000000000e+02 6.277546715287844137e+00
1.175999984741210938e+02 5.956114705100083562e+00
1.176999969482421875e+02 5.502233121484357170e+00
1.178000030517578125e+02 4.677249656982333192e+00
1.179000015258789062e+02 4.990583314721922292e+00
1.180000000000000000e+02 5.122008105313216042e+00
1.180999984741210938e+02 6.079489254940550147e+00
1.181999969482421875e+02 3.946422935958158629e+00
1.183000030517578125e+02 4.786229764912248719e+00
1.184000015258789062e+02 4.070729557278051303e+00
1.185000000000000000e+02 4.883310252185315115e+00
1.185999984741210938e+02 4.884002722096656868e+00
1.186999969482421875e+02 3.503078483396830922e+00
1.188000030517578125e+02 4.574037923304127951e+00
1.189000015258789062e+02 5.222011614969534143e+00
1.190000000000000000e+02 5.172469951246057462e+00
1.190999984741210938e+02 5.971186196718096362e+00
1.191999969482421875e+02 5.354100574033147986e+00
1.193000030517578125e+02 5.236473451654141797e+00
1.194000015258789062e+02 4.647021247418016365e+00
1.195000000000000000e+02 5.030231971577859618e+00
1.195999984741210938e+02 4.586238248200705137e+00
1.196999969482421875e+02 5.227475280945000691e+00
1.198000030517578125e+02 4.175500078671746884e+00
1.199000015258789062e+02 6.145449793843916098e+00
1.200000000000000000e+02 4.044438474026088137e+00
1.200999984741210938e+02 3.937873820610158226e+00
1.201999969482421875e+02 3.562547465687603498e+00
1.203000030517578125e+02 2.379898693691921530e+00
1.204000015258789062e+02 3.067840373064228299e+00
1.205000000000000000e+02 3.844024897305586830e+00
1.205999984741210938e+02 4.103646266593557357e+00
1.206999969482421875e+02 4.928061912866190220e+00
1.208000030517578125e+02 4.415359324639959837e+00
1.209000015258789062e+02 4.774744755838732146e+00
1.210000000000000000e+02 5.526691994085511261e+00
1.210999984741210938e+02 4.856313491933886617e+00
1.211999969482421875e+02 4.252136676838425444e+00
1.213000030517578125e+02 3.813612952123156763e+00
1.214000015258789062e+02 3.849247021957426629e+00
1.215000000000000000e+02 5.958879978549366463e+00
1.215999984741210938e+02 7.301452623115748608e+00
1.216999969482421875e+02 5.859940725483098412e+00
1.218000030517578125e+02 6.250180729498684862e+00
1.219000015258789062e+02 7.763801728947145264e+00
1.220000000000000000e+02 6.542949638361445608e+00
1.220999984741210938e+02 6.398261577925731025e+00
1.221999969482421875e+02 7.415852484095506014e+00
1.223000030517578125e+02 7.384016274192723550e+00
1.224000015258789062e+02 5.729693870788061361e+00
1.225000000000000000e+02 5.679562121664279317e+00
1.225999984741210938e+02 6.879740269542219622e+00
1.226999969482421875e+02 6.021136854507693315e+00
1.228000030517578125e+02 6.203458097725381926e+00
1.229000015258789062e+02 5.141931960838743265e+00
1.230000000000000000e+02 4.287240019716715089e+00
1.230999984741210938e+02 3.459310513344265647e+00
1.231999969482421875e+02 2.697876658032889896e+00
1.233000030517578125e+02 3.175295432928170403e+00
1.234000015258789062e+02 3.794598683199306599e+00
1.235000000000000000e+02 3.309455241649403856e+00
1.235999984741210938e+02 2.799042616241516068e+00
1.236999969482421875e+02 3.910532366978921370e+00
1.238000030517578125e+02 3.406328297467656974e+00
1.239000015258789062e+02 3.207078882994587321e+00
1.240000000000000000e+02 4.047570388816102316e+00
1.240999984741210938e+02 2.965309122471487147e+00
1.241999969482421875e+02 3.567813266942971406e+00
1.243000030517578125e+02 4.032828916716776568e+00
1.244000015258789062e+02 3.251718560388502599e+00
1.245000000000000000e+02 3.640648255356577767e+00
1.245999984741210938e+02 3.748932230896031115e+00
1.246999969482421875e+02 3.577440875700339973e+00
1.248000030517578125e+02 4.073802958675693198e+00
1.249000015258789062e+02 3.665797673853619987e+00
1.250000000000000000e+02 3.940211837029534259e+00
1.250999984741210938e+02 3.682800465666571377e+00
1.251999969482421875e+02 3.795967943687566404e+00
1.253000030517578125e+02 3.529474952133795806e+00
1.254000015258789062e+02 3.507433387738348785e+00
1.255000000000000000e+02 3.534997039361027493e+00
1.255999984741210938e+02 4.136345347817416140e+00
1.256999969482421875e+02 3.818689461441485022e+00
1.258000030517578125e+02 3.823108792192375649e+00
1.259000015258789062e+02 3.967368185760822286e+00
1.260000000000000000e+02 3.801141340909912181e+00
1.260999984741210938e+02 3.121366423516801269e+00
1.261999969482421875e+02 3.658072684500013327e+00
1.263000030517578125e+02 3.389479584736183604e+00
1.264000015258789062e+02 3.567376361002016161e+00
1.265000000000000000e+02 4.137712543607571014e+00
1.265999984741210938e+02 2.641342958291443832e+00
1.266999969482421875e+02 3.400517025378610114e+00
1.268000030517578125e+02 2.838386327830014988e+00
1.269000015258789062e+02 3.506835093633546840e+00
1.270000000000000000e+02 3.549520972411463582e+00
1.270999984741210938e+02 3.344380156589279451e+00
1.271999969482421875e+02 3.234376090803074089e+00
1.273000030517578125e+02 4.122312910129391383e+00
1.274000015258789062e+02 3.045594545418115917e+00
1.275000000000000000e+02 3.234692430214081149e+00
1.275999984741210938e+02 2.929998978602229354e+00
1.276999969482421875e+02 3.646083956789857083e+00
1.278000030517578125e+02 3.218898451156265939e+00
1.279000015258789062e+02 3.321410201813442598e+00
1.280000000000000000e+02 2.829409819836280260e+00
1.281000061035156250e+02 3.531046268272818534e+00
1.281999969482421875e+02 2.777872997659945664e+00
1.283000030517578125e+02 2.893534095123130978e+00
1.283999938964843750e+02 3.243429603289687879e+00
1.285000000000000000e+02 4.192927270159029440e+00
1.286000061035156250e+02 4.087570422948729743e+00
1.286999969482421875e+02 3.684081123272344271e+00
1.288000030517578125e+02 2.266374352063247333e+00
1.288999938964843750e+02 3.845458655095175704e+00
1.290000000000000000e+02 3.669694055278179157e+00
1.291000061035156250e+02 1.963840930943938190e+00
1.291999969482421875e+02 2.940401609984874209e+00
1.293000030517578125e+02 2.098083943438603605e+00
1.293999938964843750e+02 2.930741498077403140e+00
1.295000000000000000e+02 2.574249389286570988e+00
1.296000061035156250e+02 2.853919178553594449e+00
1.296999969482421875e+02 1.909100802399010810e+00
1.298000030517578125e+02 3.008067639390801240e+00
1.298999938964843750e+02 2.721136085182299436e+00
1.300000000000000000e+02 2.696367006292401225e+00
1.301000061035156250e+02 2.475055653233884101e+00
1.301999969482421875e+02 3.097697644535777783e+00
1.303000030517578125e+02 3.228413543582372647e+00
1.303999938964843750e+02 3.736149842727591430e+00
1.305000000000000000e+02 3.049738059070438378e+00
1.306000061035156250e+02 3.381736388340905286e+00
1.306999969482421875e+02 2.824543045372303052e+00
1.308000030517578125e+02 3.257147407476555845e+00
1.308999938964843750e+02 2.804422163577922955e+00
1.310000000000000000e+02 3.187724302030484846e+00
1.311000061035156250e+02 2.578341509411230081e+00
1.311999969482421875e+02 3.250836752520349204e+00
1.313000030517578125e+02 3.348474362172763730e+00
1.313999938964843750e+02 3.242676556153173184e+00
1.315000000000000000e+02 2.597485618728942569e+00
1.316000061035156250e+02 3.042024355798740753e+00
1.316999969482421875e+02 4.129253683346807868e+00
1.318000030517578125e+02 3.267108103088310234e+00
1.318999938964843750e+02 3.333581708434381508e+00
1.320000000000000000e+02 2.878417478911704741e+00
1.321000061035156250e+02 2.812963280267367416e+00
1.321999969482421875e+02 2.457870955313120831e+00
1.323000030517578125e+02 3.604055004337242796e+00
1.323999938964843750e+02 2.534388975524587639e+00
1.325000000000000000e+02 2.951138549170301939e+00
1.326000061035156250e+02 3.348348679279026463e+00
1.326999969482421875e+02 2.535137740206392376e+00
1.328000030517578125e+02 3.276465203219210753e+00
1.328999938964843750e+02 3.029740598556017517e+00
1.330000000000000000e+02 3.958943593245522585e+00
1.331000061035156250e+02 3.652222502668329707e+00
1.331999969482421875e+02 3.476233959291233244e+00
1.333000030517578125e+02 3.239785855422573579e+00
1.333999938964843750e+02 2.803885692470447832e+00
1.335000000000000000e+02 2.880932170629202371e+00
1.336000061035156250e+02 3.527166045196797661e+00
1.336999969482421875e+02 2.177280404644076128e+00
1.338000030517578125e+02 3.767178110320999362e+00
1.338999938964843750e+02 2.738860518048600756e+00
1.340000000000000000e+02 3.322482901261871735e+00
1.341000061035156250e+02 3.595753547560588181e+00
1.341999969482421875e+02 3.482268209043863028e+00
1.343000030517578125e+02 3.316040625685559462e+00
1.343999938964843750e+02 3.194640748400470187e+00
1.345000000000000000e+02 3.269391353667128186e+00
1.346000061035156250e+02 2.999467707341620493e+00
1.346999969482421875e+02 3.207157767827696127e+00
1.348000030517578125e+02 3.205596549230381509e+00
1.348999938964843750e+02 3.057645966393818693e+00
1.350000000000000000e+02 2.839971723171838214e+00
1.351000061035156250e+02 3.307388946394687501e+00
1.351999969482421875e+02 3.940443390523800549e+00
1.353000030517578125e+02 3.348752831633578619e+00
1.353999938964843750e+02 3.036782220980985159e+00
1.355000000000000000e+02 3.516155258365798453e+00
1.356000061035156250e+02 3.185850844926523706e+00
1.356999969482421875e+02 3.650676054510004320e+00
1.358000030517578125e+02 4.305260566292374413e+00
1.358999938964843750e+02 3.435816159740776587e+00
1.360000000000000000e+02 3.525100507942296790e+00
1.361000061035156250e+02 3.582700595863558046e+00
1.361999969482421875e+02 3.690309758271270724e+00
1.363000030517578125e+02 3.955375286677773605e+00
1.363999938964843750e+02 3.213469801200715015e+00
1.365000000000000000e+02 4.319029874029563842e+00
1.366000061035156250e+02 4.128172987524659554e+00
1.366999969482421875e+02 5.192929568873414503e+00
1.368000030517578125e+02 6.199312869029991901e+00
1.368999938964843750e+02 4.077859535040161632e+00
1.370000000000000000e+02 3.760063212887414519e+00
1.371000061035156250e+02 6.060316006005069589e+00
1.371999969482421875e+02 4.441641480858513624e+00
1.373000030517578125e+02 5.449804790193337745e+00
1.373999938964843750e+02 4.040214374370639128e+00
1.375000000000000000e+02 3.233040818285978446e+00
1.376000061035156250e+02 3.239659897410122280e+00
1.376999969482421875e+02 2.874648127669222841e+00
1.378000030517578125e+02 2.805075588912682605e+00
1.378999938964843750e+02 3.759354611368614041e+00
1.380000000000000000e+02 3.227596195280797886e+00
1.381000061035156250e+02 3.050076846206779990e+00
1.381999969482421875e+02 3.146752620089500407e+00
1.383000030517578125e+02 3.610761433580512492e+00
1.383999938964843750e+02 4.897087090295549672e+00
1.385000000000000000e+02 4.613968361536962881e+00
1.386000061035156250e+02 4.767489163775740835e+00
1.386999969482421875e+02 5.386393702289502095e+00
1.388000030517578125e+02 5.394960923045699630e+00
1.388999938964843750e+02 5.386101867847696845e+00
1.390000000000000000e+02 3.990014328643849861e+00
1.391000061035156250e+02 4.634476243891957559e+00
1.391999969482421875e+02 4.616862454210531652e+00
1.393000030517578125e+02 5.267539316977117636e+00
1.393999938964843750e+02 3.271396485740383664e+00
1.395000000000000000e+02 3.261185629403669406e+00
1.396000061035156250e+02 4.832885936463903853e+00
1.396999969482421875e+02 1.071497648068354103e+01
1.398000030517578125e+02 1.071868409668410926e+01
1.398999938964843750e+02 1.060824327227448549e+01
1.400000000000000000e+02 1.047033029071753063e+01
1.401000061035156250e+02 9.713308664217674249e+00
1.401999969482421875e+02 1.076769721505513289e+01
1.403000030517578125e+02 6.729190095948538008e+00
1.403999938964843750e+02 7.620746562361138565e+00
1.405000000000000000e+02 6.013467927016395542e+00
1.406000061035156250e+02 6.786721490548196734e+00
1.406999969482421875e+02 5.811265587858530424e+00
1.408000030517578125e+02 5.662119132419969780e+00
1.408999938964843750e+02 4.178545642815029382e+00
1.410000000000000000e+02 6.096594250245840563e+00
1.411000061035156250e+02 5.284200491164312119e+00
1.411999969482421875e+02 6.804277228758953022e+00
1.413000030517578125e+02 6.143602733943773764e+00
1.413999938964843750e+02 5.856195911744465299e+00
1.415000000000000000e+02 6.386182532408425594e+00
1.416000061035156250e+02 6.809123442810259164e+00
1.416999969482421875e+02 5.967172330582552142e+00
1.418000030517578125e+02 6.634512483818616246e+00
1.418999938964843750e+02 5.810298047668341681e+00
1.420000000000000000e+02 5.776124519839989979e+00
1.421000061035156250e+02 6.289516066741176026e+00
1.421999969482421875e+02 5.664874751435889699e+00
1.423000030517578125e+02 5.845084289687281220e+00
1.423999938964843750e+02 6.431370046882026514e+00
1.425000000000000000e+02 5.934375961160372803e+00
1.426000061035156250e+02 6.587758350211922576e+00
1.426999969482421875e+02 6.091714011433697173e+00
1.428000030517578125e+02 5.746871017413111460e+00
1.428999938964843750e+02 6.228790163511837008e+00
1.430000000000000000e+02 6.190994290860072802e+00
1.431000061035156250e+02 6.550162479353139666e+00
1.431999969482421875e+02 6.262826380305568819e+00
1.433000030517578125e+02 6.665471210670085078e+00
1.433999938964843750e+02 6.577400775667510580e+00
1.435000000000000000e+02 6.440633847493858255e+00
1.436000061035156250e+02 5.146112745176256276e+00
1.436999969482421875e+02 5.386414979842832018e+00
1.438000030517578125e+02 6.400942488074731429e+00
1.438999938964843750e+02 6.221247262149265822e+00
1.440000000000000000e+02 6.877808865778221481e+00
1.441000061035156250e+02 6.274163208110679513e+00
1.441999969482421875e+02 6.362556425957322404e+00
1.443000030517578125e+02 6.185565543315014736e+00
1.443999938964843750e+02 5.957482193245374091e+00
1.445000000000000000e+02 5.632709158753590017e+00
1.446000061035156250e+02 6.557408100122096961e+00
1.446999969482421875e+02 5.905043779565458451e+00
1.448000030517578125e+02 6.875810552662736441e+00
1.448999938964843750e+02 6.391584327011827327e+00
1.450000000000000000e+02 6.779649479870172968e+00
1.451000061035156250e+02 5.859392334915174416e+00
1.451999969482421875e+02 6.528262179156616440e+00
1.453000030517578125e+02 6.285482710515321259e+00
1.453999938964843750e+02 6.263995735238374607e+00
1.455000000000000000e+02 8.702792896914074205e+00
1.456000061035156250e+02 5.812769310097968933e+00
1.456999969482421875e+02 5.097223595424754450e+00
1.458000030517578125e+02 5.755028202024579542e+00
1.458999938964843750e+02 5.985148279441846242e+00
1.460000000000000000e+02 5.336957659840189550e+00
1.461000061035156250e+02 6.338093193611403997e+00
1.461999969482421875e+02 6.645470381184047426e+00
1.463000030517578125e+02 6.793253264234029309e+00
1.463999938964843750e+02 6.666857037191020297e+00
1.465000000000000000e+02 4.990159541825556211e+00
1.466000061035156250e+02 6.551805656972338632e+00
1.466999969482421875e+02 7.021270806604801962e+00
1.468000030517578125e+02 6.886326533427613583e+00
1.468999938964843750e+02 7.053648902511851837e+00
1.470000000000000000e+02 6.443891097468216422e+00
1.471000061035156250e+02 7.670912860258262356e+00
1.471999969482421875e+02 6.755533211049251641e+00
1.473000030517578125e+02 6.143118567055831036e+00
1.473999938964843750e+02 7.268311072733627753e+00
1.475000000000000000e+02 7.271876559963612152e+00
1.476000061035156250e+02 6.319579354478165101e+00
1.476999969482421875e+02 5.577106292339701454e+00
1.478000030517578125e+02 5.771080372814011206e+00
1.478999938964843750e+02 5.558477873275849745e+00
1.480000000000000000e+02 5.635292196281514343e+00
1.481000061035156250e+02 5.551184971785461109e+00
1.481999969482421875e+02 4.776871692378071188e+00
1.483000030517578125e+02 5.515763480295697185e+00
1.483999938964843750e+02 5.723950542875920533e+00
1.485000000000000000e+02 5.381167521922731289e+00
1.486000061035156250e+02 6.064567376853945646e+00
1.486999969482421875e+02 7.285688113150053269e+00
1.488000030517578125e+02 5.084438313073837534e+00
1.488999938964843750e+02 5.200019730560009101e+00
1.490000000000000000e+02 5.322895971594888032e+00
1.491000061035156250e+02 4.938821869931237174e+00
1.491999969482421875e+02 6.305997560410776970e+00
1.493000030517578125e+02 6.202360763086534945e+00
1.493999938964843750e+02 4.768374859223998286e+00
1.495000000000000000e+02 5.141696008135982154e+00
1.496000061035156250e+02 5.182793574072701581e+00
1.496999969482421875e+02 4.614226281920198680e+00
1.498000030517578125e+02 4.475190558884876602e+00
1.498999938964843750e+02 4.616840742800150110e+00
1.500000000000000000e+02 5.550002872650898311e+00
1.501000061035156250e+02 5.310023521709680949e+00
1.501999969482421875e+02 5.596280100033620641e+00
1.503000030517578125e+02 5.313858453930490278e+00
1.503999938964843750e+02 4.862563580615855585e+00
1.505000000000000000e+02 5.589322517137776281e+00
1.506000061035156250e+02 5.561984774100817930e+00
1.506999969482421875e+02 4.903812104090395252e+00
1.508000030517578125e+02 5.638425388211162570e+00
1.508999938964843750e+02 4.851514875057732823e+00
1.510000000000000000e+02 4.490835904819262758e+00
1.511000061035156250e+02 5.290193553964519069e+00
1.511999969482421875e+02 4.403587952451518461e+00
1.513000030517578125e+02 5.244435983926611478e+00
1.513999938964843750e+02 4.176787358360439129e+00
1.515000000000000000e+02 5.018587080506445197e+00
1.516000061035156250e+02 5.163919686401122533e+00
1.516999969482421875e+02 5.975959314046287219e+00
1.518000030517578125e+02 4.542850495366995922e+00
1.518999938964843750e+02 5.617873409433710385e+00
1.520000000000000000e+02 4.293317466082727130e+00
1.521000061035156250e+02 5.460429831339510542e+00
1.521999969482421875e+02 4.897946088380719765e+00
1.523000030517578125e+02 4.015794702661688476e+00
1.523999938964843750e+02 4.852037916531275918e+00
1.525000000000000000e+02 5.639637739680625650e+00
1.526000061035156250e+02 6.163970878122491115e+00
1.526999969482421875e+02 6.109625558332432149e+00
1.528000030517578125e+02 4.111888388317180620e+00
1.528999938964843750e+02 4.364135425757543096e+00
1.530000000000000000e+02 4.630723454489287683e+00
1.531000061035156250e+02 4.866334811286264994e+00
1.531999969482421875e+02 4.946659787643741701e+00
1.533000030517578125e+02 4.055949096276012078e+00
1.533999938964843750e+02 5.166214169787995303e+00
1.535000000000000000e+02 4.571366468960062157e+00
1.536000061035156250e+02 4.442280742339232091e+00
1.536999969482421875e+02 3.903739494280896505e+00
1.538000030517578125e+02 4.498882739515295270e+00
1.538999938964843750e+02 4.564484615757727681e+00
1.540000000000000000e+02 4.349516859654422696e+00
1.541000061035156250e+02 4.168308767629209655e+00
1.541999969482421875e+02 4.687956061292787524e+00
1.543000030517578125e+02 4.510766980513827740e+00
1.543999938964843750e+02 3.671291402561823070e+00
1.545000000000000000e+02 4.126278939478845942e+00
1.546000061035156250e+02 3.549982846236255263e+00
1.546999969482421875e+02 4.290612116070541049e+00
1.548000030517578125e+02 3.872050964369354809e+00
1.548999938964843750e+02 4.115881606376253110e+00
1.550000000000000000e+02 3.422292376580337248e+00
1.551000061035156250e+02 3.389695815824842029e+00
1.551999969482421875e+02 3.866021175663688858e+00
1.553000030517578125e+02 3.830580549754470265e+00
1.553999938964843750e+02 3.703704219599051051e+00
1.555000000000000000e+02 3.863616366020694137e+00
1.556000061035156250e+02 3.915244813979192440e+00
1.556999969482421875e+02 4.069153864427059730e+00
1.558000030517578125e+02 3.823064499152510010e+00
1.558999938964843750e+02 4.465507597699369668e+00
1.560000000000000000e+02 3.356556223089384172e+00
1.561000061035156250e+02 3.357137196894929954e+00
1.561999969482421875e+02 3.518768594602504685e+00
1.563000030517578125e+02 3.512280538509378491e+00
1.563999938964843750e+02 4.106038094251699633e+00
1.565000000000000000e+02 2.856615287662947367e+00
1.566000061035156250e+02 2.916611927727274178e+00
1.566999969482421875e+02 3.659613614284888072e+00
1.568000030517578125e+02 2.701564150714623747e+00
1.568999938964843750e+02 3.200860691809601200e+00
1.570000000000000000e+02 3.924542430584935904e+00
1.571000061035156250e+02 3.523658758828418947e+00
1.571999969482421875e+02 3.483816551732521027e+00
1.573000030517578125e+02 3.402289655027361359e+00
1.573999938964843750e+02 2.994540208712839213e+00
1.575000000000000000e+02 2.858880959733765437e+00
1.576000061035156250e+02 3.090777040553227106e+00
1.576999969482421875e+02 3.765605096619313308e+00
1.578000030517578125e+02 3.473788101444402976e+00
1.578999938964843750e+02 2.924693889455620699e+00
1.580000000000000000e+02 3.382345866490613417e+00
1.581000061035156250e+02 3.189409428270094438e+00
1.581999969482421875e+02 3.890899367273524145e+00
1.583000030517578125e+02 3.481565935466863770e+00
1.583999938964843750e+02 3.548786423295089865e+00
1.585000000000000000e+02 3.738363003439660659e+00
1.586000061035156250e+02 3.368867131366640955e+00
1.586999969482421875e+02 3.673872216673456759e+00
1.588000030517578125e+02 3.917153403908521625e+00
1.588999938964843750e+02 4.871654395225584189e+00
1.590000000000000000e+02 4.772514037156331490e+00
1.591000061035156250e+02 5.444631323740447115e+00
1.591999969482421875e+02 3.580205372392086360e+00
1.593000030517578125e+02 4.091233896101087453e+00
1.593999938964843750e+02 4.649567390077381290e+00
1.595000000000000000e+02 4.073027083024371109e+00
1.596000061035156250e+02 3.921138939804039492e+00
1.596999969482421875e+02 3.665784758296379842e+00
1.598000030517578125e+02 3.717149825619073145e+00
1.598999938964843750e+02 2.605853793785250616e+00
1.600000000000000000e+02 1.088071949893157031e+00
1.601000061035156250e+02 2.347250795747478413e+00
1.601999969482421875e+02 3.481261964099923389e+00
1.603000030517578125e+02 3.135716439260992860e+00
1.603999938964843750e+02 1.991269691744598447e+00
1.605000000000000000e+02 2.041229229382614196e+00
1.606000061035156250e+02 2.296042974621525179e+00
1.606999969482421875e+02 2.785976727140975218e+00
1.608000030517578125e+02 2.797338747273948378e+00
1.608999938964843750e+02 2.674792783385844253e+00
1.610000000000000000e+02 2.940257136476945643e+00
1.611000061035156250e+02 3.809852495909816117e+00
1.611999969482421875e+02 4.614831238297990801e+00
1.613000030517578125e+02 4.157421017661839358e+00
1.613999938964843750e+02 3.894572776230631916e+00
1.615000000000000000e+02 3.326073172727060712e+00
1.616000061035156250e+02 2.974595174884804738e+00
1.616999969482421875e+02 2.911531561418600145e+00
1.618000030517578125e+02 2.771528372900226245e+00
1.618999938964843750e+02 3.361343300129934430e+00
1.620000000000000000e+02 3.399949254025903755e+00
1.621000061035156250e+02 3.390883923986311110e+00
1.621999969482421875e+02 3.003397977717084277e+00
1.623000030517578125e+02 3.089761504281427928e+00
1.623999938964843750e+02 2.766871073442806583e+00
1.625000000000000000e+02 3.841509783216232599e+00
1.626000061035156250e+02 2.364232488263126264e+00
1.626999969482421875e+02 2.205394294636076502e+00
1.628000030517578125e+02 3.658309534345376424e+00
1.628999938964843750e+02 2.553983227267109246e+00
1.630000000000000000e+02 2.755228999492373543e+00
1.631000061035156250e+02 2.464246274769197331e+00
1.631999969482421875e+02 2.256099536517142123e+00
1.633000030517578125e+02 1.843211505674959172e+00
1.633999938964843750e+02 2.199462532884541410e+00
1.635000000000000000e+02 2.266237219144849213e+00
1.636000061035156250e+02 3.475290004069424565e+00
1.636999969482421875e+02 2.923245605438377748e+00
1.638000030517578125e+02 3.322905166329233939e+00
1.638999938964843750e+02 2.967232550173428685e+00
1.640000000000000000e+02 2.539520001037314234e+00
1.641000061035156250e+02 3.040602282251055666e+00
1.641999969482421875e+02 2.642698023233861715e+00
1.643000030517578125e+02 2.378936839850391838e+00
1.643999938964843750e+02 2.020013214508311172e+00
1.645000000000000000e+02 2.352800825371086368e+00
1.646000061035156250e+02 2.175334939155455949e+00
1.646999969482421875e+02 2.058232667544832584e+00
1.648000030517578125e+02 1.944535288085818880e+00
1.648999938964843750e+02 2.359279000981157726e+00
1.650000000000000000e+02 3.282163870875844935e+00
1.651000061035156250e+02 3.257771116213032059e+00
1.651999969482421875e+02 4.295076413649366209e+00
1.653000030517578125e+02 4.318764357523771302e+00
1.653999938964843750e+02 3.874457450719869023e+00
1.655000000000000000e+02 2.928738486180752165e+00
1.656000061035156250e+02 2.617314606163042345e+00
1.656999969482421875e+02 2.156681119339918240e+00
1.658000030517578125e+02 4.063056879649285413e+00
1.658999938964843750e+02 3.674746336907328992e+00
1.660000000000000000e+02 3.682701278087904040e+00
1.661000061035156250e+02 3.108602837833983834e+00
1.661999969482421875e+02 3.533638749307244531e+00
1.663000030517578125e+02 3.377447845347000488e+00
1.663999938964843750e+02 3.014626204627420591e+00
1.665000000000000000e+02 3.473782503839115243e+00
1.666000061035156250e+02 3.778370340132818583e+00
1.666999969482421875e+02 3.042906868541703336e+00
1.668000030517578125e+02 3.178932719149902386e+00
1.668999938964843750e+02 4.225660351700455841e+00
1.670000000000000000e+02 3.832776626290498090e+00
1.671000061035156250e+02 2.779389717008135641e+00
1.671999969482421875e+02 3.475901861683018179e+00
1.673000030517578125e+02 3.557451107167302062e+00
1.673999938964843750e+02 3.465665297970863090e+00
1.675000000000000000e+02 3.871631031314335392e+00
1.676000061035156250e+02 2.823713062543032670e+00
1.676999969482421875e+02 3.746590799373844316e+00
1.678000030517578125e+02 4.006840051418407711e+00
1.678999938964843750e+02 3.951152200532160208e+00
1.680000000000000000e+02 3.443182317544434934e+00
1.681000061035156250e+02 3.761277330504728234e+00
1.681999969482421875e+02 3.677444492607284676e+00
1.683000030517578125e+02 3.374155085681179944e+00
1.683999938964843750e+02 3.831869000777226475e+00
1.685000000000000000e+02 4.640467733251317561e+00
1.686000061035156250e+02 3.454799573959361325e+00
1.686999969482421875e+02 2.685116397578594327e+00
1.688000030517578125e+02 3.645602347310775038e+00
1.688999938964843750e+02 2.861153970692698500e+00
1.690000000000000000e+02 2.696073436084119646e+00
1.691000061035156250e+02 2.862863829010212857e+00
1.691999969482421875e+02 2.981119582280445712e+00
1.693000030517578125e+02 2.636065500629314773e+00
1.693999938964843750e+02 2.720728196621757355e+00
1.695000000000000000e+02 2.591501259173106586e+00
1.696000061035156250e+02 2.751516490381595403e+00
1.696999969482421875e+02 2.180806902555174620e+00
1.698000030517578125e+02 2.856108715497473582e+00
1.698999938964843750e+02 3.327825622667856642e+00
1.700000000000000000e+02 2.988193021096161583e+00
1.701000061035156250e+02 4.074655409489978730e+00
1.701999969482421875e+02 3.519885446345341062e+00
1.703000030517578125e+02 4.539060168302317955e+00
1.703999938964843750e+02 2.967324114043588423e+00
1.705000000000000000e+02 4.872653791419264024e+00
1.706000061035156250e+02 2.907192674612802286e+00
1.706999969482421875e+02 2.498386747540172426e+00
1.708000030517578125e+02 2.915344524580004926e+00
1.708999938964843750e+02 2.048418943043917917e+00
1.710000000000000000e+02 1.927858174992142848e+00
1.711000061035156250e+02 2.765614873727097134e+00
1.711999969482421875e+02 2.618117216865327723e+00
1.713000030517578125e+02 2.608776034922549059e+00
1.713999938964843750e+02 2.859520430640951627e+00
1.715000000000000000e+02 2.491795583696204019e+00
1.716000061035156250e+02 3.016931742349645340e+00
1.716999969482421875e+02 3.262443919792124891e+00
1.718000030517578125e+02 3.077279521418812891e+00
1.718999938964843750e+02 3.169372781590011456e+00
1.720000000000000000e+02 3.297512610748010164e+00
1.721000061035156250e+02 3.344250599788076705e+00
1.721999969482421875e+02 3.894564891379192151e+00
1.723000030517578125e+02 2.498839158611521505e+00
1.723999938964843750e+02 2.713255961455962595e+00
1.725000000000000000e+02 3.019874447086550617e+00
1.726000061035156250e+02 3.371335480609856106e+00
1.726999969482421875e+02 3.681308985225934194e+00
1.728000030517578125e+02 2.863600554604892157e+00
1.728999938964843750e+02 2.938455433895310165e+00
1.730000000000000000e+02 3.595950485565231336e+00
1.731000061035156250e+02 2.673085836946604843e+00
1.731999969482421875e+02 3.235886980661103252e+00
1.733000030517578125e+02 3.395463899774325167e+00
1.733999938964843750e+02 2.247371133435977164e+00
1.735000000000000000e+02 2.781665287173947121e+00
1.736000061035156250e+02 2.465662140790784829e+00
1.736999969482421875e+02 3.500220278995801237e+00
1.738000030517578125e+02 3.367976090800979261e+00
1.738999938964843750e+02 2.835077496512401929e+00
1.740000000000000000e+02 3.118630803081530622e+00
1.741000061035156250e+02 2.691007563890898791e+00
1.741999969482421875e+02 3.275627177853862815e+00
1.743000030517578125e+02 3.283784667234370236e+00
1.743999938964843750e+02 3.327041641911455017e+00
1.745000000000000000e+02 3.263863775877011264e+00
1.746000061035156250e+02 3.238010836361948197e+00
1.746999969482421875e+02 2.864757355843165154e+00
1.748000030517578125e+02 4.059708466982423936e+00
1.748999938964843750e+02 2.343747925762006190e+00
1.750000000000000000e+02 2.368447835425968595e+00
1.751000061035156250e+02 2.573522861601293066e+00
1.751999969482421875e+02 2.597208586311933853e+00
1.753000030517578125e+02 3.371331162365486023e+00
1.753999938964843750e+02 4.148455181017750348e+00
1.755000000000000000e+02 3.455139960439009172e+00
1.756000061035156250e+02 2.592487044935125162e+00
1.756999969482421875e+02 3.065441576430618209e+00
1.758000030517578125e+02 3.061182057960307290e+00
1.758999938964843750e+02 2.075727343091405608e+00
1.760000000000000000e+02 2.530409914402565796e+00
1.761000061035156250e+02 2.952068587912269670e+00
1.761999969482421875e+02 3.416280953241771279e+00
1.763000030517578125e+02 3.575191996111727111e+00
1.763999938964843750e+02 2.831084100557661021e+00
1.765000000000000000e+02 2.872857347613220202e+00
1.766000061035156250e+02 2.902265892672580616e+00
1.766999969482421875e+02 2.473558657829739271e+00
1.768000030517578125e+02 2.611000416008502079e+00
1.768999938964843750e+02 3.257247253402554943e+00
1.770000000000000000e+02 3.058245239387246794e+00
1.771000061035156250e+02 2.744275784476175151e+00
1.771999969482421875e+02 2.512375144972512686e+00
1.773000030517578125e+02 2.827257152833252185e+00
1.773999938964843750e+02 3.174866454898392476e+00
1.775000000000000000e+02 3.201626689543166648e+00
1.776000061035156250e+02 2.248281973400883871e+00
1.776999969482421875e+02 2.846669230778517523e+00
1.778000030517578125e+02 2.268078476513469166e+00
1.778999938964843750e+02 3.185160522393512661e+00
1.780000000000000000e+02 3.075571759256321425e+00
1.781000061035156250e+02 2.649826457795306567e+00
1.781999969482421875e+02 2.015572791040490586e+00
1.783000030517578125e+02 3.162459498491701382e+00
1.783999938964843750e+02 3.074913474437689143e+00
1.785000000000000000e+02 3.261995132863386271e+00
1.786000061035156250e+02 3.454329458359532978e+00
1.786999969482421875e+02 2.741429287019342187e+00
1.788000030517578125e+02 3.265441414438694068e+00
1.788999938964843750e+02 2.992487716151434718e+00
1.790000000000000000e+02 2.611458364709585922e+00
1.791000061035156250e+02 3.073361582462672992e+00
1.791999969482421875e+02 3.199398337625880995e+00
1.793000030517578125e+02 2.498271517495355809e+00
1.793999938964843750e+02 3.372810740449938560e+00
1.795000000000000000e+02 3.039716049070461779e+00
1.796000061035156250e+02 2.936926812539691234e+00
1.796999969482421875e+02 3.531087084688270483e+00
1.798000030517578125e+02 3.392649455750679000e+00
1.798999938964843750e+02 3.004427943267959034e+00
1.800000000000000000e+02 3.162067414668813026e+00
1.801000061035156250e+02 2.510580564318795727e+00
1.801999969482421875e+02 2.735831550374002052e+00
1.803000030517578125e+02 2.702020768479327373e+00
1.803999938964843750e+02 2.970856629131365612e+00
1.805000000000000000e+02 2.662629383102850245e+00
1.806000061035156250e+02 2.586297316779103905e+00
1.806999969482421875e+02 2.567210795512207433e+00
1.808000030517578125e+02 2.612741753240658493e+00
1.808999938964843750e+02 3.106081576032708735e+00
1.810000000000000000e+02 3.304484560189969056e+00
1.811000061035156250e+02 3.238402073776831092e+00
1.811999969482421875e+02 3.057187250067936901e+00
1.813000030517578125e+02 2.802888299295470453e+00
1.813999938964843750e+02 2.416752770852447885e+00
1.815000000000000000e+02 2.634196130881622633e+00
1.816000061035156250e+02 2.747136824558099821e+00
1.816999969482421875e+02 2.529385500445705315e+00
1.818000030517578125e+02 2.972657240858264771e+00
1.818999938964843750e+02 3.126231389975855368e+00
1.820000000000000000e+02 3.147438166442527940e+00
1.821000061035156250e+02 3.644884800768029010e+00
1.821999969482421875e+02 3.494441439656386539e+00
1.823000030517578125e+02 4.231990596749924727e+00
1.823999938964843750e+02 3.492224015403450288e+00
1.825000000000000000e+02 3.512085439775428419e+00
1.826000061035156250e+02 3.687026583563804749e+00
1.826999969482421875e+02 2.674069624978522963e+00
1.828000030517578125e+02 3.281861008792044565e+00
1.828999938964843750e+02 3.373160748216550431e+00
1.830000000000000000e+02 2.674052229473118825e+00
1.831000061035156250e+02 3.071480003867995023e+00
1.831999969482421875e+02 2.924954054292079331e+00
1.833000030517578125e+02 2.852899705707724998e+00
1.833999938964843750e+02 2.600810879753530980e+00
1.835000000000000000e+02 2.302212341593403266e+00
1.836000061035156250e+02 3.493141925063475650e+00
1.836999969482421875e+02 2.928278120722736855e+00
1.838000030517578125e+02 3.704859430109012308e+00
1.838999938964843750e+02 2.706827356857157696e+00
1.840000000000000000e+02 3.261161025956360593e+00
1.841000061035156250e+02 3.130305893909838044e+00
1.841999969482421875e+02 3.338129756198183529e+00
1.843000030517578125e+02 2.102200134111340102e+00
1.843999938964843750e+02 1.831781475967985129e+00
1.845000000000000000e+02 3.429956521706560846e+00
1.846000061035156250e+02 3.423902048952275567e+00
1.846999969482421875e+02 3.171777497491884645e+00
1.848000030517578125e+02 2.092816009700288582e+00
1.848999938964843750e+02 2.713780358806242354e+00
1.850000000000000000e+02 3.308707031600524040e+00
1.851000061035156250e+02 3.458684296090814403e+00
1.851999969482421875e+02 2.436876049619889795e+00
1.853000030517578125e+02 3.403419234044281705e+00
1.853999938964843750e+02 4.633008236531391155e+00
1.855000000000000000e+02 3.758209482290079784e+00
1.856000061035156250e+02 3.094521236961230493e+00
1.856999969482421875e+02 3.715689890089735492e+00
1.858000030517578125e+02 3.249149308333818986e+00
1.858999938964843750e+02 2.499427787408302404e+00
1.860000000000000000e+02 2.879370406315978403e+00
1.861000061035156250e+02 3.191726084802744889e+00
1.861999969482421875e+02 3.477726236365770607e+00
1.863000030517578125e+02 3.460233115792581859e+00
1.863999938964843750e+02 3.227565656708184072e+00
1.865000000000000000e+02 3.250832060683986224e+00
1.866000061035156250e+02 3.718497656600455059e+00
1.866999969482421875e+02 3.320074275166703615e+00
1.868000030517578125e+02 2.804614990120909201e+00
1.868999938964843750e+02 2.916736996580349572e+00
1.870000000000000000e+02 3.525290299614934231e+00
1.871000061035156250e+02 4.247182604829836450e+00
1.871999969482421875e+02 4.622082010146689512e+00
1.873000030517578125e+02 4.621346090028932707e+00
1.873999938964843750e+02 5.154460309289924602e+00
1.875000000000000000e+02 4.502653252246933135e+00
1.876000061035156250e+02 2.837599623550838057e+00
1.876999969482421875e+02 3.187008971501514853e+00
1.878000030517578125e+02 2.017454439959666779e+00
1.878999938964843750e+02 2.316619517177298082e+00
1.880000000000000000e+02 4.122929374274887593e+00
1.881000061035156250e+02 2.740815205071814642e+00
1.881999969482421875e+02 3.766538373651907801e+00
1.883000030517578125e+02 2.993306935056915474e+00
1.883999938964843750e+02 1.954224090698726046e+00
1.885000000000000000e+02 3.072703155125629859e+00
1.886000061035156250e+02 4.615357374129539281e+00
1.886999969482421875e+02 3.766621900195677775e+00
1.888000030517578125e+02 3.562040958953333281e+00
1.888999938964843750e+02 3.234453200056758959e+00
1.890000000000000000e+02 2.117515987154099388e+00
1.891000061035156250e+02 2.188542520471790542e+00
1.891999969482421875e+02 4.141760360306914635e+00
1.893000030517578125e+02 2.877803440136449176e+00
1.893999938964843750e+02 2.948652906856394473e+00
1.895000000000000000e+02 2.379966624218641247e+00
1.896000061035156250e+02 2.927330059378022487e+00
1.896999969482421875e+02 3.597556198779609193e+00
1.898000030517578125e+02 3.744230243999008501e+00
1.898999938964843750e+02 3.224176738070625881e+00
1.900000000000000000e+02 3.600272876017658774e+00
1.901000061035156250e+02 3.913575537250718384e+00
1.901999969482421875e+02 3.211715248796018329e+00
1.903000030517578125e+02 3.035001444843790530e+00
1.903999938964843750e+02 2.771822734783199405e+00
1.905000000000000000e+02 2.414426400596215494e+00
1.906000061035156250e+02 3.135124155770039334e+00
1.906999969482421875e+02 2.894339348075700258e+00
1.908000030517578125e+02 2.609562427457535971e+00
1.908999938964843750e+02 2.284000530923039118e+00
1.910000000000000000e+02 3.111915746460773846e+00
1.911000061035156250e+02 3.865963668862878233e+00
1.911999969482421875e+02 6.228673067721291368e+00
1.913000030517578125e+02 5.025611892261291125e+00
1.913999938964843750e+02 5.915619076454273539e+00
1.915000000000000000e+02 5.090237803450937903e+00
1.916000061035156250e+02 4.083069589017588541e+00
1.916999969482421875e+02 5.423084566677102814e+00
1.918000030517578125e+02 4.891384328988530150e+00
1.918999938964843750e+02 5.069961346118465606e+00
1.920000000000000000e+02 5.297928523375924570e+00
1.921000061035156250e+02 5.357936937538433142e+00
1.921999969482421875e+02 4.835505036689774272e+00
1.923000030517578125e+02 4.339382298802372695e+00
1.923999938964843750e+02 5.562227928751978467e+00
1.925000000000000000e+02 5.099541688832511355e+00
1.926000061035156250e+02 5.258804712963711658e+00
1.926999969482421875e+02 5.829485425422037181e+00
1.928000030517578125e+02 5.270146031579722390e+00
1.928999938964843750e+02 5.086519307612945795e+00
1.930000000000000000e+02 6.066606442983227154e+00
1.931000061035156250e+02 5.263390385837368513e+00
1.931999969482421875e+02 4.998402271186460410e+00
1.933000030517578125e+02 4.675333687336792998e+00
1.933999938964843750e+02 4.786086053325393941e+00
1.935000000000000000e+02 4.518653994440398058e+00
1.936000061035156250e+02 5.651037816953063064e+00
1.936999969482421875e+02 5.349290143331758784e+00
1.938000030517578125e+02 5.474330599878772574e+00
1.938999938964843750e+02 4.939332257324489994e+00
1.940000000000000000e+02 4.272976892669942295e+00
1.941000061035156250e+02 4.584788882716869907e+00
1.941999969482421875e+02 4.223911659038414257e+00
1.943000030517578125e+02 4.222709054678111862e+00
1.943999938964843750e+02 3.695095729779913629e+00
1.945000000000000000e+02 4.298426860098489399e+00
1.946000061035156250e+02 4.397242875466808698e+00
1.946999969482421875e+02 4.250465591696834800e+00
1.948000030517578125e+02 4.778191880031511296e+00
1.948999938964843750e+02 5.115452570783976860e+00
1.950000000000000000e+02 3.742152938471196677e+00
1.951000061035156250e+02 5.242522968132145245e+00
1.951999969482421875e+02 4.810069093809004492e+00
1.953000030517578125e+02 5.450117925675341368e+00
1.953999938964843750e+02 5.363122445008919215e+00
1.955000000000000000e+02 5.492732665294351335e+00
1.956000061035156250e+02 5.186172307599045794e+00
1.956999969482421875e+02 4.443568171983246273e+00
1.958000030517578125e+02 5.578580801439907866e+00
1.958999938964843750e+02 4.508619458743316599e+00
1.960000000000000000e+02 3.801575752326207702e+00
1.961000061035156250e+02 4.264249720417301326e+00
1.961999969482421875e+02 3.837164721052295668e+00
1.963000030517578125e+02 2.981597023318778739e+00
1.963999938964843750e+02 3.122186892284543713e+00
1.965000000000000000e+02 3.163657276262193285e+00
1.966000061035156250e+02 3.155779788158351362e+00
1.966999969482421875e+02 3.171045565432968338e+00
1.968000030517578125e+02 3.160232812815078951e+00
1.968999938964843750e+02 3.019894364933661368e+00
1.970000000000000000e+02 2.746390461068172861e+00
1.971000061035156250e+02 3.337608796219676321e+00
1.971999969482421875e+02 3.610932368606901477e+00
1.973000030517578125e+02 4.161229988659792767e+00
1.973999938964843750e+02 3.190058024151752214e+00
1.975000000000000000e+02 3.240543504135638742e+00
1.976000061035156250e+02 3.789696999153779444e+00
1.976999969482421875e+02 3.848092647427972857e+00
1.978000030517578125e+02 3.754281624491011105e+00
1.978999938964843750e+02 2.826671772646919045e+00
1.980000000000000000e+02 3.482510788881854946e+00
1.981000061035156250e+02 4.244647267450671890e+00
1.981999969482421875e+02 3.033357182695678222e+00
1.983000030517578125e+02 3.655143139668228791e+00
1.983999938964843750e+02 3.802811262422752137e+00
1.985000000000000000e+02 3.508132198142615898e+00
1.986000061035156250e+02 4.129038838973976056e+00
1.986999969482421875e+02 3.211536660997243331e+00
1.988000030517578125e+02 3.469365906638859798e+00
1.988999938964843750e+02 3.414376217232345301e+00
1.990000000000000000e+02 3.426946150779124345e+00
1.991000061035156250e+02 3.868358804526997652e+00
1.991999969482421875e+02 4.464207477277655656e+00
1.993000030517578125e+02 3.418508126229910626e+00
1.993999938964843750e+02 3.491274729759918927e+00
1.995000000000000000e+02 4.450943554472673647e+00
1.996000061035156250e+02 4.300845574538154636e+00
1.996999969482421875e+02 3.130127653179591629e+00
1.998000030517578125e+02 3.556018399311141831e+00
1.998999938964843750e+02 3.543056854122979438e+00
2.000000000000000000e+02 3.385399395446982762e+00
2.001000061035156250e+02 3.640919710209046922e+00
2.001999969482421875e+02 3.995341941377348327e+00
2.003000030517578125e+02 3.741588403895789838e+00
2.003999938964843750e+02 3.719929139755755454e+00
2.005000000000000000e+02 4.094730775838837822e+00
2.006000061035156250e+02 3.692941088568947094e+00
2.006999969482421875e+02 4.005561369368423108e+00
2.008000030517578125e+02 3.581054629594114580e+00
2.008999938964843750e+02 4.528140027126259071e+00
2.010000000000000000e+02 4.130958662487762112e+00
2.011000061035156250e+02 4.555640710923279713e+00
2.011999969482421875e+02 3.439593118061556432e+00
2.013000030517578125e+02 3.112781992448012680e+00
2.013999938964843750e+02 3.949449928183083713e+00
2.015000000000000000e+02 3.739069606222499953e+00
2.016000061035156250e+02 3.216750432824766026e+00
2.016999969482421875e+02 3.589059212814554201e+00
2.018000030517578125e+02 3.066216698543417163e+00
2.018999938964843750e+02 3.464150645520975402e+00
2.020000000000000000e+02 3.423875346282133858e+00
2.021000061035156250e+02 2.648049833024343602e+00
2.021999969482421875e+02 2.635119605159535361e+00
2.023000030517578125e+02 3.121078395614174106e+00
2.023999938964843750e+02 2.894590326566453875e+00
2.025000000000000000e+02 2.672471842709842171e+00
2.026000061035156250e+02 3.476113451372890406e+00
2.026999969482421875e+02 4.331379377099424666e+00
2.028000030517578125e+02 2.789772163922436654e+00
2.028999938964843750e+02 3.597085765847154892e+00
2.030000000000000000e+02 3.087018876911368892e+00
2.031000061035156250e+02 3.493159368723492086e+00
2.031999969482421875e+02 2.737910769326446836e+00
2.033000030517578125e+02 3.954934921940959747e+00
2.033999938964843750e+02 3.954544346562610890e+00
2.035000000000000000e+02 3.466352867043930974e+00
2.036000061035156250e+02 3.334300649258478355e+00
2.036999969482421875e+02 3.727437201501693220e+00
2.038000030517578125e+02 3.939294381436581727e+00
2.038999938964843750e+02 4.111994431507839387e+00
2.040000000000000000e+02 3.809853074671090578e+00
2.041000061035156250e+02 3.797752114661300027e+00
2.041999969482421875e+02 3.757821904068752605e+00
2.043000030517578125e+02 3.847124769235332309e+00
2.043999938964843750e+02 4.165751536785037068e+00
2.045000000000000000e+02 3.574348584533319606e+00
2.046000061035156250e+02 2.896475022650710773e+00
2.046999969482421875e+02 3.571471308820658663e+00
2.048000030517578125e+02 3.190748962560715274e+00
2.048999938964843750e+02 4.161412931202047361e+00
2.050000000000000000e+02 4.448832407791372567e+00
2.051000061035156250e+02 5.244586699080708847e+00
2.051999969482421875e+02 4.306983928574818599e+00
2.053000030517578125e+02 5.862732064317323299e+00
2.053999938964843750e+02 5.489240443075632747e+00
2.055000000000000000e+02 5.687866644037435471e+00
2.056000061035156250e+02 5.599086685527608687e+00
2.056999969482421875e+02 5.426770112591383644e+00
2.058000030517578125e+02 6.273330323023104782e+00
2.058999938964843750e+02 5.763218567046494378e+00
2.060000000000000000e+02 5.226075078218636705e+00
2.061000061035156250e+02 6.457800321406825361e+00
2.061999969482421875e+02 5.606225885698401079e+00
2.063000030517578125e+02 7.215889708184988649e+00
2.063999938964843750e+02 6.815315758149867342e+00
2.065000000000000000e+02 4.114558487540190157e+00
2.066000061035156250e+02 6.434081387851255052e+00
2.066999969482421875e+02 4.905081659875347277e+00
2.068000030517578125e+02 5.750002774991374466e+00
2.068999938964843750e+02 6.065218851445589365e+00
2.070000000000000000e+02 5.392619110301546392e+00
2.071000061035156250e+02 4.618666321904767891e+00
2.071999969482421875e+02 2.967228884822569412e+00
2.073000030517578125e+02 2.757210850402959768e+00
2.073999938964843750e+02 1.827054512795116104e+00
2.075000000000000000e+02 2.325007767730485675e+00
2.076000061035156250e+02 2.784285727311333503e+00
2.076999969482421875e+02 2.758445651528187437e+00
2.078000030517578125e+02 3.296185698218204507e+00
2.078999938964843750e+02 3.468581797140826595e+00
2.080000000000000000e+02 3.233524334861756167e+00
2.081000061035156250e+02 3.472545620962066426e+00
2.081999969482421875e+02 3.266112089385345918e+00
2.083000030517578125e+02 3.411499063414834332e+00
2.083999938964843750e+02 3.054757515286343317e+00
2.085000000000000000e+02 4.444245961271933609e+00
2.086000061035156250e+02 4.622354978647892132e+00
2.086999969482421875e+02 4.362025546827735134e+00
2.088000030517578125e+02 3.286172592357528899e+00
2.088999938964843750e+02 2.966653543415933569e+00
2.090000000000000000e+02 3.351363334496677560e+00
2.091000061035156250e+02 3.197655515546669935e+00
2.091999969482421875e+02 3.350934193086529067e+00
2.093000030517578125e+02 3.913035198582795360e+00
2.093999938964843750e+02 4.112406129933916965e+00
2.095000000000000000e+02 3.759464980738573825e+00
2.096000061035156250e+02 3.438044797241179396e+00
2.096999969482421875e+02 4.308167531438932940e+00
2.098000030517578125e+02 3.177374128073137349e+00
2.098999938964843750e+02 3.697083115770982698e+00
2.100000000000000000e+02 3.376780887428013855e+00
2.101000061035156250e+02 2.528634101463995698e+00
2.101999969482421875e+02 2.454165796974649094e+00
2.103000030517578125e+02 2.111520829194997173e+00
2.103999938964843750e+02 3.025935554203584843e+00
2.105000000000000000e+02 2.973320271564093176e+00
2.106000061035156250e+02 2.727579069388838207e+00
2.106999969482421875e+02 3.051798418148723435e+00
2.108000030517578125e+02 2.863859075738768745e+00
2.108999938964843750e+02 3.419366638316643225e+00
2.110000000000000000e+02 3.677170492365725796e+00
2.111000061035156250e+02 3.353665195617558048e+00
2.111999969482421875e+02 3.152833788636743240e+00
2.113000030517578125e+02 2.218981783415770792e+00
2.113999938964843750e+02 2.914309374531372399e+00
2.115000000000000000e+02 2.870762374339402623e+00
2.116000061035156250e+02 2.862925266001946856e+00
2.116999969482421875e+02 2.851803459436960786e+00
2.118000030517578125e+02 3.130960383954297210e+00
2.118999938964843750e+02 3.160277838468278144e+00
2.120000000000000000e+02 3.734981812768898290e+00
2.121000061035156250e+02 3.149120070317914966e+00
2.121999969482421875e+02 3.099191708043932625e+00
2.123000030517578125e+02 2.974753343065274169e+00
2.123999938964843750e+02 2.404913302967942812e+00
2.125000000000000000e+02 2.470159852504834053e+00
2.126000061035156250e+02 2.472464981371724324e+00
2.126999969482421875e+02 2.695259724233057153e+00
2.128000030517578125e+02 3.288877961942896722e+00
2.128999938964843750e+02 3.019284244790963800e+00
2.130000000000000000e+02 2.422081596535422765e+00
2.131000061035156250e+02 2.908435327118916724e+00
2.131999969482421875e+02 3.152133398582363188e+00
2.133000030517578125e+02 2.763096453172388500e+00
2.133999938964843750e+02 2.644726119532356368e+00
2.135000000000000000e+02 2.869707725366545947e+00
2.136000061035156250e+02 3.521298365231654071e+00
2.136999969482421875e+02 2.914425593666163827e+00
2.138000030517578125e+02 3.722243033103422416e+00
2.138999938964843750e+02 2.735516238289973590e+00
2.140000000000000000e+02 2.453500015219681529e+00
2.141000061035156250e+02 2.008161947958557736e+00
2.141999969482421875e+02 2.956117892096175925e+00
2.143000030517578125e+02 3.020254388525732470e+00
2.143999938964843750e+02 2.469111102918462475e+00
2.145000000000000000e+02 2.648321385647889326e+00
2.146000061035156250e+02 2.929865391660510632e+00
2.146999969482421875e+02 4.272258049918860934e+00
2.148000030517578125e+02 4.487814541013491088e+00
2.148999938964843750e+02 3.424453496911217698e+00
2.150000000000000000e+02 2.234914092582847456e+00
2.151000061035156250e+02 2.957323025578653564e+00
2.151999969482421875e+02 3.349896524924111940e+00
2.153000030517578125e+02 2.731287993898138033e+00
2.153999938964843750e+02 3.598199017701624314e+00
2.155000000000000000e+02 3.822487921054361859e+00
2.156000061035156250e+02 3.840886059983027678e+00
2.156999969482421875e+02 4.436437812002687053e+00
2.158000030517578125e+02 3.659946860849315087e+00
2.158999938964843750e+02 3.680508283385757640e+00
2.160000000000000000e+02 4.842525282581485513e+00
2.161000061035156250e+02 5.068569698228361453e+00
2.161999969482421875e+02 3.848623608725410428e+00
2.163000030517578125e+02 3.686181070965976136e+00
2.163999938964843750e+02 3.475026335155096735e+00
2.165000000000000000e+02 3.281702605691195540e+00
2.166000061035156250e+02 3.119199184034985972e+00
2.166999969482421875e+02 3.586878004193289282e+00
2.168000030517578125e+02 2.920224405071960572e+00
2.168999938964843750e+02 3.238217742375430142e+00
2.170000000000000000e+02 2.496119553880019382e+00
2.171000061035156250e+02 2.647792484242010858e+00
2.171999969482421875e+02 3.262790465791101102e+00
2.173000030517578125e+02 2.732171488907650936e+00
2.173999938964843750e+02 3.190374544627044173e+00
2.175000000000000000e+02 2.842949887253022112e+00
2.176000061035156250e+02 2.575182921346597986e+00
2.176999969482421875e+02 2.749473532628277539e+00
2.178000030517578125e+02 2.473113954242195156e+00
2.178999938964843750e+02 1.633616632020713277e+00
2.180000000000000000e+02 3.221993553928211185e+00
2.181000061035156250e+02 3.344256696166223897e+00
2.181999969482421875e+02 2.571543490557679501e+00
2.183000030517578125e+02 2.966112215873898617e+00
2.183999938964843750e+02 3.095649945013872362e+00
2.185000000000000000e+02 3.148465690338851264e+00
2.186000061035156250e+02 4.054423687731093295e+00
2.186999969482421875e+02 3.798482442405258119e+00
2.188000030517578125e+02 2.110877008293156720e+00
2.188999938964843750e+02 3.050525507827837046e+00
2.190000000000000000e+02 2.811038519303610705e+00
2.191000061035156250e+02 2.555765246016929115e+00
2.191999969482421875e+02 2.880688336428341323e+00
2.193000030517578125e+02 2.798055914363784424e+00
2.193999938964843750e+02 2.575527219846448723e+00
2.195000000000000000e+02 2.174350241116051130e+00
2.196000061035156250e+02 2.988106918303920168e+00
2.196999969482421875e+02 2.696862435071986752e+00
2.198000030517578125e+02 3.319336591628668121e+00
2.198999938964843750e+02 2.459607291690507846e+00
2.200000000000000000e+02 2.265169595757550169e+00
2.201000061035156250e+02 3.128493669101647612e+00
2.201999969482421875e+02 2.718607637592309612e+00
2.203000030517578125e+02 2.255698474448846191e+00
2.203999938964843750e+02 3.162141411216405018e+00
2.205000000000000000e+02 3.077995277508904781e+00
2.206000061035156250e+02 3.566394648736964879e+00
2.206999969482421875e+02 2.314153548750726319e+00
2.208000030517578125e+02 4.203416633607189645e+00
2.208999938964843750e+02 3.532314401148381133e+00
2.210000000000000000e+02 3.293952197953478489e+00
2.211000061035156250e+02 3.680361817674639102e+00
2.211999969482421875e+02 3.534217293351878730e+00
2.213000030517578125e+02 3.122469128333694055e+00
2.213999938964843750e+02 3.137573392809113404e+00
2.215000000000000000e+02 3.060836784263922361e+00
2.216000061035156250e+02 2.867355860352097441e+00
2.216999969482421875e+02 3.090192578899781495e+00
2.218000030517578125e+02 2.628978670059852973e+00
2.218999938964843750e+02 3.437169422763656890e+00
2.220000000000000000e+02 3.328497828631607813e+00
2.221000061035156250e+02 3.621535953836259480e+00
2.221999969482421875e+02 3.298599848503454890e+00
2.223000030517578125e+02 3.726562382037288401e+00
2.223999938964843750e+02 2.559722007464073190e+00
2.225000000000000000e+02 2.684621698122324318e+00
2.226000061035156250e+02 3.545438238224498662e+00
2.226999969482421875e+02 4.128928348229281120e+00
2.228000030517578125e+02 4.567674639122299318e+00
2.228999938964843750e+02 3.691987004881234657e+00
2.230000000000000000e+02 3.817705958772228403e+00
2.231000061035156250e+02 2.865117047744211387e+00
2.231999969482421875e+02 3.026266583063511373e+00
2.233000030517578125e+02 4.781488191731635418e+00
2.233999938964843750e+02 3.576174958961148675e+00
2.235000000000000000e+02 3.328428053227077132e+00
2.236000061035156250e+02 6.921241983082619065e+00
2.236999969482421875e+02 4.998082445576536692e+00
2.238000030517578125e+02 5.752044579429962390e+00
2.238999938964843750e+02 5.406674406604863314e+00
2.240000000000000000e+02 4.441427761652384731e+00
2.241000061035156250e+02 3.321992450688061371e+00
2.241999969482421875e+02 2.942506948820379442e+00
2.243000030517578125e+02 3.459490274256851627e+00
2.243999938964843750e+02 3.613520843019082385e+00
2.245000000000000000e+02 3.768672950150191880e+00
2.246000061035156250e+02 3.098284009141938800e+00
2.246999969482421875e+02 3.246068329525052754e+00
2.248000030517578125e+02 2.789819448893490872e+00
2.248999938964843750e+02 2.904291177733548501e+00
2.250000000000000000e+02 4.382513788137408994e+00
2.251000061035156250e+02 3.397157312365126636e+00
2.251999969482421875e+02 3.633894382080550933e+00
2.253000030517578125e+02 3.086440669616356214e+00
2.253999938964843750e+02 3.377274298136828889e+00
2.255000000000000000e+02 4.809783254087233395e+00
2.256000061035156250e+02 4.098869711188429577e+00
2.256999969482421875e+02 3.022720757477377784e+00
2.258000030517578125e+02 3.651157132602701250e+00
2.258999938964843750e+02 3.964022555584219454e+00
2.260000000000000000e+02 3.373588377069268951e+00
2.261000061035156250e+02 3.834732522194582938e+00
2.261999969482421875e+02 3.335383157596325088e+00
2.263000030517578125e+02 3.075890729969736004e+00
2.263999938964843750e+02 3.820372874797597795e+00
2.265000000000000000e+02 3.444750324441473666e+00
2.266000061035156250e+02 5.865668125837792957e+00
2.266999969482421875e+02 3.395974255860789270e+00
2.268000030517578125e+02 2.587653487979674871e+00
2.268999938964843750e+02 2.955062239480825248e+00
2.270000000000000000e+02 2.696324031299906387e+00
2.271000061035156250e+02 2.824156054794792148e+00
2.271999969482421875e+02 2.961827989285960694e+00
2.273000030517578125e+02 2.927885343808345198e+00
2.273999938964843750e+02 1.804084834687579075e+00
2.275000000000000000e+02 2.600842667263167041e+00
2.276000061035156250e+02 2.703342729943241096e+00
2.276999969482421875e+02 2.351818324160858342e+00
2.278000030517578125e+02 3.174984590845145949e+00
2.278999938964843750e+02 5.281370633851111052e+00
2.280000000000000000e+02 4.069084429478073694e+00
2.281000061035156250e+02 2.720874140345930670e+00
2.281999969482421875e+02 2.190498844483164120e+00
2.283000030517578125e+02 2.653190641593973886e+00
2.283999938964843750e+02 2.073961528616854899e+00
2.285000000000000000e+02 1.887054549691163707e+00
2.286000061035156250e+02 4.261945402672543182e+00
2.286999969482421875e+02 4.112789731852965147e+00
2.288000030517578125e+02 5.021418895053229470e+00
2.288999938964843750e+02 4.286833173053026691e+00
2.290000000000000000e+02 3.920808187910898912e+00
2.291000061035156250e+02 3.738383675578684784e+00
2.291999969482421875e+02 2.172555246216316238e+00
2.293000030517578125e+02 2.940918065080428523e+00
2.293999938964843750e+02 3.396772126625360766e+00
2.295000000000000000e+02 3.634482220286675336e+00
2.296000061035156250e+02 3.910093403952178193e+00
2.296999969482421875e+02 3.541965098000876111e+00
2.298000030517578125e+02 2.930838867180092677e+00
2.298999938964843750e+02 3.358863841480726808e+00
2.300000000000000000e+02 2.915052646183560636e+00
2.301000061035156250e+02 2.294251923644208269e+00
2.301999969482421875e+02 2.810910307116067930e+00
2.303000030517578125e+02 4.089702704032197822e+00
2.303999938964843750e+02 4.343911167654635364e+00
2.305000000000000000e+02 3.000004622541434518e+00
2.306000061035156250e+02 2.294116517009605172e+00
2.306999969482421875e+02 1.591927407900632918e+00
2.308000030517578125e+02 2.515061911302989284e+00
2.308999938964843750e+02 2.137696568141468134e+00
2.310000000000000000e+02 2.169235765335736588e+00
2.311000061035156250e+02 4.389858326764600527e+00
2.311999969482421875e+02 2.290983248300785480e+00
2.313000030517578125e+02 1.933966804093819603e+00
2.313999938964843750e+02 1.875049533167745697e+00
2.315000000000000000e+02 2.146188535872668890e+00
2.316000061035156250e+02 2.744447919375801348e+00
2.316999969482421875e+02 1.819008586993312582e+00
2.318000030517578125e+02 2.297431684905179239e+00
2.318999938964843750e+02 1.912248418065282562e+00
2.320000000000000000e+02 2.404681374736276300e+00
2.321000061035156250e+02 1.462254129640513378e+00
2.321999969482421875e+02 8.959259687655052318e-01
2.323000030517578125e+02 2.492542400147530923e+00
2.323999938964843750e+02 2.890274005680998570e+00
2.325000000000000000e+02 2.303201137746655025e+00
2.326000061035156250e+02 3.338698925430851894e+00
2.326999969482421875e+02 2.639677683041344203e+00
2.328000030517578125e+02 2.840226356189395673e+00
2.328999938964843750e+02 2.731352561306834126e+00
2.330000000000000000e+02 3.264101631972207596e+00
2.331000061035156250e+02 2.664344533162811945e+00
2.331999969482421875e+02 3.010808578114468670e+00
2.333000030517578125e+02 3.054061342418155967e+00
2.333999938964843750e+02 4.062650241657551398e+00
2.335000000000000000e+02 2.520741789029211866e+00
2.336000061035156250e+02 3.100515496881250943e+00
2.336999969482421875e+02 3.032815085032595004e+00
2.338000030517578125e+02 2.648435858245034247e+00
2.338999938964843750e+02 3.190640109220449716e+00
2.340000000000000000e+02 2.109991746377505972e+00
2.341000061035156250e+02 2.912609530573422312e+00
2.341999969482421875e+02 3.024396900086600670e+00
2.343000030517578125e+02 2.550020922113936717e+00
2.343999938964843750e+02 2.689970689161602646e+00
2.345000000000000000e+02 3.343036134813997418e+00
2.346000061035156250e+02 2.788214335578256264e+00
2.346999969482421875e+02 2.447034595397490353e+00
2.348000030517578125e+02 3.022410612929838258e+00
2.348999938964843750e+02 2.091957279141200665e+00
2.350000000000000000e+02 2.660706147698675750e+00
2.351000061035156250e+02 2.415785321879138525e+00
2.351999969482421875e+02 2.964144783112199644e+00
2.353000030517578125e+02 2.747879289132003855e+00
2.353999938964843750e+02 2.691382249202117993e+00
2.355000000000000000e+02 2.208768952841277500e+00
2.356000061035156250e+02 3.163833023030328651e+00
2.356999969482421875e+02 2.340155496719348971e+00
2.358000030517578125e+02 3.131335435735706607e+00
2.358999938964843750e+02 2.915319321453869073e+00
2.360000000000000000e+02 2.391206629818837026e+00
2.361000061035156250e+02 2.924519783821185825e+00
2.361999969482421875e+02 2.795113026757641173e+00
2.363000030517578125e+02 3.114427226771655288e+00
2.363999938964843750e+02 2.437590591053462319e+00
2.365000000000000000e+02 2.598419128927280219e+00
2.366000061035156250e+02 2.810863916291858278e+00
2.366999969482421875e+02 3.830953608942829547e+00
2.368000030517578125e+02 3.412959756147399215e+00
2.368999938964843750e+02 2.292299725857283921e+00
2.370000000000000000e+02 2.188546591296020249e+00
2.371000061035156250e+02 2.218365609325302135e+00
2.371999969482421875e+02 1.996286671755785891e+00
2.373000030517578125e+02 2.737391658780752746e+00
2.373999938964843750e+02 1.897743565852349379e+00
2.375000000000000000e+02 2.318683015873996389e+00
2.376000061035156250e+02 2.423886052890650511e+00
2.376999969482421875e+02 2.515866889651230398e+00
2.378000030517578125e+02 2.139542507782571157e+00
2.378999938964843750e+02 2.145144424438468533e+00
2.380000000000000000e+02 2.226659167109805271e+00
2.381000061035156250e+02 2.242565619111375419e+00
2.381999969482421875e+02 3.020523335486273719e+00
2.383000030517578125e+02 1.973049666309212080e+00
2.383999938964843750e+02 2.259171678740101719e+00
2.385000000000000000e+02 1.592469957147975013e+00
2.386000061035156250e+02 1.893803618780562026e+00
2.386999969482421875e+02 2.809234304665680249e+00
2.388000030517578125e+02 2.610353555925622793e+00
2.388999938964843750e+02 3.535624034894586210e+00
2.390000000000000000e+02 3.730743492306448417e+00
2.391000061035156250e+02 3.390281852817611519e+00
2.391999969482421875e+02 3.387907273836062938e+00
2.393000030517578125e+02 3.402821228614112403e+00
2.393999938964843750e+02 3.142712012155522316e+00
2.395000000000000000e+02 3.943862283318171791e+00
2.396000061035156250e+02 3.790937064953691316e+00
2.396999969482421875e+02 4.482930149535417463e+00
2.398000030517578125e+02 3.584498298957414786e+00
2.398999938964843750e+02 3.171761902310112458e+00
2.400000000000000000e+02 3.207145452726884116e+00
2.401000061035156250e+02 2.804909065086166109e+00
2.401999969482421875e+02 4.262340613729520555e+00
2.403000030517578125e+02 4.461902875125836054e+00
2.403999938964843750e+02 4.392107836058975145e+00
2.405000000000000000e+02 4.058328867044046717e+00
2.406000061035156250e+02 4.522713424184216180e+00
2.406999969482421875e+02 3.201629925040207603e+00
2.408000030517578125e+02 4.374893520359453447e+00
2.408999938964843750e+02 3.920838901502371243e+00
2.410000000000000000e+02 4.239625420442953541e+00
2.411000061035156250e+02 3.789267772890150265e+00
2.411999969482421875e+02 4.526799268486236372e+00
2.413000030517578125e+02 4.464864303111041544e+00
2.413999938964843750e+02 3.725470942419966569e+00
2.415000000000000000e+02 3.620330273450641290e+00
2.416000061035156250e+02 4.003455182098182519e+00
2.416999969482421875e+02 3.900584527878684593e+00
2.418000030517578125e+02 3.649315485375387524e+00
2.418999938964843750e+02 3.826409256260137060e+00
2.420000000000000000e+02 3.557493890386337565e+00
2.421000061035156250e+02 3.264034637222804403e+00
2.421999969482421875e+02 3.126514486646982505e+00
2.423000030517578125e+02 3.418122172708127682e+00
2.423999938964843750e+02 3.255827416141782393e+00
2.425000000000000000e+02 3.734233499641579357e+00
2.426000061035156250e+02 4.198558968528349311e+00
2.426999969482421875e+02 3.286588989174823894e+00
2.428000030517578125e+02 4.124310763585827821e+00
2.428999938964843750e+02 4.349728042217389401e+00
2.430000000000000000e+02 3.972035457401552172e+00
2.431000061035156250e+02 4.228735160310756136e+00
2.431999969482421875e+02 4.165887374127979825e+00
2.433000030517578125e+02 3.916104366614975518e+00
2.433999938964843750e+02 4.557301642011469589e+00
2.435000000000000000e+02 3.323597368961545673e+00
2.436000061035156250e+02 2.502918804283656762e+00
2.436999969482421875e+02 2.240806901992677957e+00
2.438000030517578125e+02 3.217206016648817446e+00
2.438999938964843750e+02 3.280781506077707910e+00
2.440000000000000000e+02 2.547335071237402548e+00
2.441000061035156250e+02 2.592871153982554855e+00
2.441999969482421875e+02 2.148878426008554943e+00
2.443000030517578125e+02 2.467483131320425294e+00
2.443999938964843750e+02 2.688993868922223029e+00
2.445000000000000000e+02 3.158860934762364181e+00
2.446000061035156250e+02 2.938313618224186019e+00
2.446999969482421875e+02 2.482375222299292528e+00
2.448000030517578125e+02 3.279636532725497933e+00
2.448999938964843750e+02 3.006889818335434672e+00
2.450000000000000000e+02 4.335017731215515369e+00
2.451000061035156250e+02 3.609984102000281858e+00
2.451999969482421875e+02 4.059504748673647079e+00
2.453000030517578125e+02 4.682452592149344284e+00
2.453999938964843750e+02 3.562986011036895828e+00
2.455000000000000000e+02 3.281161523417313486e+00
2.456000061035156250e+02 2.406124098111424470e+00
2.456999969482421875e+02 3.513328711226347156e+00
2.458000030517578125e+02 4.413694858292572576e+00
2.458999938964843750e+02 4.553684790506940416e+00
2.460000000000000000e+02 4.506199069922040223e+00
2.461000061035156250e+02 5.277795484837669804e+00
2.461999969482421875e+02 4.463043755454172867e+00
2.463000030517578125e+02 3.840247467844078777e+00
2.463999938964843750e+02 3.836366586749747842e+00
2.465000000000000000e+02 3.981962262622972926e+00
2.466000061035156250e+02 3.963249752744842258e+00
2.466999969482421875e+02 3.399708026569597585e+00
2.468000030517578125e+02 2.143034553177196155e+00
2.468999938964843750e+02 2.875652701255553723e+00
2.470000000000000000e+02 2.889914549579166270e+00
2.471000061035156250e+02 2.311978567920099259e+00
2.471999969482421875e+02 3.831147231254901087e+00
2.473000030517578125e+02 3.245801571230071403e+00
2.473999938964843750e+02 2.371870197251892076e+00
2.475000000000000000e+02 2.046378144554986900e+00
2.476000061035156250e+02 2.308528441224390271e+00
2.476999969482421875e+02 2.389174056461508044e+00
2.478000030517578125e+02 2.272917805856240481e+00
2.478999938964843750e+02 2.898282256767162224e+00
2.480000000000000000e+02 2.255044005862893108e+00
2.481000061035156250e+02 2.513755047603384085e+00
2.481999969482421875e+02 4.029433994693385479e+00
2.483000030517578125e+02 2.646355301139845295e+00
2.483999938964843750e+02 2.865426625363491020e+00
2.485000000000000000e+02 3.228496550334939652e+00
2.486000061035156250e+02 2.821564582666855614e+00
2.486999969482421875e+02 2.770436189687445427e+00
2.488000030517578125e+02 2.005965511247056021e+00
2.488999938964843750e+02 2.744924965293257468e+00
2.490000000000000000e+02 3.136811922324366009e+00
2.491000061035156250e+02 3.029336526937961516e+00
2.491999969482421875e+02 1.656480183414832608e+00
2.493000030517578125e+02 2.471827115353603332e+00
2.493999938964843750e+02 2.950334881276565291e+00
2.495000000000000000e+02 3.721328329333547291e+00
2.496000061035156250e+02 4.544431607294348474e+00
2.496999969482421875e+02 4.610438798806463012e+00
2.498000030517578125e+02 4.866671726397358455e+00
2.498999938964843750e+02 4.875839406060015868e+00
2.500000000000000000e+02 3.408613028663326716e+00
2.501000061035156250e+02 4.547619884183753847e+00
2.501999969482421875e+02 3.385602180963155128e+00
2.503000030517578125e+02 3.700954767572753212e+00
2.503999938964843750e+02 3.581037955842138132e+00
2.505000000000000000e+02 3.078097221511729931e+00
2.506000061035156250e+02 3.195452911545899610e+00
2.506999969482421875e+02 3.578903824553215429e+00
2.508000030517578125e+02 3.907841541618980230e+00
2.508999938964843750e+02 5.103044996662103649e+00
2.510000000000000000e+02 4.893323386579019996e+00
2.511000061035156250e+02 4.128681244784568882e+00
2.511999969482421875e+02 4.877356545868982707e+00
2.513000030517578125e+02 4.778933838568263148e+00
2.513999938964843750e+02 4.357748375794384010e+00
2.515000000000000000e+02 4.435455151907818916e+00
2.516000061035156250e+02 4.272626442775670164e+00
2.516999969482421875e+02 3.651659016514730904e+00
2.518000030517578125e+02 4.245340509426982045e+00
2.518999938964843750e+02 5.074844791944913780e+00
2.520000000000000000e+02 4.544566196730618124e+00
2.521000061035156250e+02 3.085705743616657060e+00
2.521999969482421875e+02 3.131245348426683339e+00
2.523000030517578125e+02 2.381293894384171939e+00
2.523999938964843750e+02 2.459728345143767037e+00
2.525000000000000000e+02 3.010337279054718262e+00
2.526000061035156250e+02 2.723426869273736006e+00
2.526999969482421875e+02 2.409138644705558718e+00
2.528000030517578125e+02 1.868772098115541569e+00
2.528999938964843750e+02 2.855516526568150582e+00
2.530000000000000000e+02 1.523159347028512078e+00
2.531000061035156250e+02 1.710392098822366425e+00
2.531999969482421875e+02 1.516065604617529594e+00
2.533000030517578125e+02 1.858630867000121922e+00
2.533999938964843750e+02 1.590269267566351452e+00
2.535000000000000000e+02 1.408757961387664182e+00
2.536000061035156250e+02 1.427835447360269017e+00
2.536999969482421875e+02 1.504330253707685028e+00
2.538000030517578125e+02 1.353811164734615380e+00
2.538999938964843750e+02 1.524085551020825546e+00
2.540000000000000000e+02 1.825239249084646520e+00
2.541000061035156250e+02 1.084631534760331029e+00
2.541999969482421875e+02 1.720266702590909524e+00
2.543000030517578125e+02 1.382500390986074024e+00
2.543999938964843750e+02 1.708793812379332477e+00
2.545000000000000000e+02 1.904253510800791638e+00
2.546000061035156250e+02 1.479201214012645371e+00
2.546999969482421875e+02 1.611533851935492478e+00
2.548000030517578125e+02 1.653458971738433148e+00
2.548999938964843750e+02 1.506875425025095971e+00
2.550000000000000000e+02 1.317753104210293458e+00
2.551000061035156250e+02 8.705375150659462324e-01
2.551999969482421875e+02 1.481722017477265396e+00
2.553000030517578125e+02 1.715426738764348036e+00
2.553999938964843750e+02 1.337615923280700114e+00
2.555000000000000000e+02 1.610728981867921572e+00
2.556000061035156250e+02 4.151831395526936141e+00
2.556999969482421875e+02 2.532659780644945791e+00
2.558000030517578125e+02 2.398008248919055507e+00
2.558999938964843750e+02 2.859588342149607776e+00
2.560000000000000000e+02 2.326305614953894096e+00
2.561000061035156250e+02 2.725984413991044075e+00
2.562000122070312500e+02 3.185913714751709147e+00
2.562999877929687500e+02 2.949711129634383422e+00
2.563999938964843750e+02 3.033846220259000415e+00
2.565000000000000000e+02 1.057924793635992566e+00
2.566000061035156250e+02 1.114748662675445257e+00
2.567000122070312500e+02 1.247535423221894035e+00
2.567999877929687500e+02 1.813505254471471373e+00
2.568999938964843750e+02 1.315876264047905364e+00
2.570000000000000000e+02 1.703632823567954535e+00
2.571000061035156250e+02 1.328901293262358285e+00
2.572000122070312500e+02 1.586161285002833043e+00
2.572999877929687500e+02 1.117180135466077529e+00
2.573999938964843750e+02 1.448864284567104477e+00
2.575000000000000000e+02 1.246814320882744020e+00
2.576000061035156250e+02 1.035833396328025291e+00
2.577000122070312500e+02 7.525390457432316049e-01
2.577999877929687500e+02 1.054688373351921671e+00
2.578999938964843750e+02 1.251606216562002549e+00
2.580000000000000000e+02 1.202198786340594294e+00
2.581000061035156250e+02 1.246672301871545763e+00
2.582000122070312500e+02 1.335734738921293463e+00
2.582999877929687500e+02 1.325036493448845887e+00
2.583999938964843750e+02 1.041596509903663259e+00
2.585000000000000000e+02 1.626796926039105751e+00
2.586000061035156250e+02 1.213432760527630050e+00
2.587000122070312500e+02 1.494063687917515315e+00
2.587999877929687500e+02 1.469448521571578237e+00
2.588999938964843750e+02 8.955726253347413568e-01
2.590000000000000000e+02 1.148601115964348329e+00
2.591000061035156250e+02 1.397487624726869493e+00
2.592000122070312500e+02 9.902333261316778046e-01
2.592999877929687500e+02 9.302074842173945202e-01
2.593999938964843750e+02 1.407499873790028611e+00
2.595000000000000000e+02 2.605355044802821762e+00
2.596000061035156250e+02 1.035812905696061881e+00
2.597000122070312500e+02 1.064128511217656614e+00
2.597999877929687500e+02 1.332686208435037933e+00
2.598999938964843750e+02 6.370985493783146714e-01
2.600000000000000000e+02 1.836158673831061350e+00
2.601000061035156250e+02 1.188238117643463543e+00
2.602000122070312500e+02 1.415396343819423031e+00
2.602999877929687500e+02 1.715553301844415568e+00
2.603999938964843750e+02 1.807349852321987971e+00
2.605000000000000000e+02 2.264215672011332892e+00
2.606000061035156250e+02 1.174898141772852123e+00
2.607000122070312500e+02 1.626581385008643466e+00
2.607999877929687500e+02 1.383406844123848733e+00
2.608999938964843750e+02 1.102329371234589628e+00
2.610000000000000000e+02 1.180800087818501876e+00
2.611000061035156250e+02 8.474981735825946050e-01
2.612000122070312500e+02 1.063323436461257376e+00
2.612999877929687500e+02 1.268002635466021211e+00
2.613999938964843750e+02 1.980800375478643183e+00
2.615000000000000000e+02 1.306278619969764465e+00
2.616000061035156250e+02 7.627622992356428711e-01
2.617000122070312500e+02 1.188014649778064813e+00
2.617999877929687500e+02 1.398959516570819961e+00
2.618999938964843750e+02 1.218307795928140758e+00
2.620000000000000000e+02 1.222333652870377207e+00
2.621000061035156250e+02 2.374887526866835685e+00
2.622000122070312500e+02 1.546806830930966159e+00
2.622999877929687500e+02 1.945732997086470961e+00
2.623999938964843750e+02 2.632501811893090515e+00
2.625000000000000000e+02 1.598831099513538634e+00
2.626000061035156250e+02 5.113240684093985244e+00
2.627000122070312500e+02 3.424430280792121195e+00
2.627999877929687500e+02 2.020967122801325733e+00
2.628999938964843750e+02 2.387401453685220165e+00
2.630000000000000000e+02 3.348064205464850840e+00
2.631000061035156250e+02 2.611161928386282138e+00
2.632000122070312500e+02 2.927840316942845966e+00
2.632999877929687500e+02 3.597230824489105139e+00
2.633999938964843750e+02 2.694219572596787238e+00
2.635000000000000000e+02 2.463133521185301600e+00
2.636000061035156250e+02 2.855369631223990456e+00
2.637000122070312500e+02 3.099752599270480413e+00
2.637999877929687500e+02 3.647725833610171886e+00
2.638999938964843750e+02 4.330681436271222928e+00
2.640000000000000000e+02 3.822483870335458445e+00
2.641000061035156250e+02 3.048970001342652836e+00
2.642000122070312500e+02 3.073689915916366200e+00
2.642999877929687500e+02 3.617278849131813079e+00
2.643999938964843750e+02 3.349412635246931558e+00
2.645000000000000000e+02 3.365282391508204629e+00
2.646000061035156250e+02 3.606085598936676018e+00
2.647000122070312500e+02 3.465638631897670852e+00
2.647999877929687500e+02 3.903678995779198413e+00
2.648999938964843750e+02 3.297716700117354627e+00
2.650000000000000000e+02 3.020160177675464741e+00
2.651000061035156250e+02 2.185225631605356433e+00
2.652000122070312500e+02 2.470877833975015925e+00
2.652999877929687500e+02 2.366503100772404888e+00
2.653999938964843750e+02 2.526028720934975436e+00
2.655000000000000000e+02 2.950927471863353801e+00
2.656000061035156250e+02 2.736422213483221899e+00
2.657000122070312500e+02 2.333086739351565519e+00
2.657999877929687500e+02 3.983703347207618872e+00
2.658999938964843750e+02 3.704608631767744242e+00
2.660000000000000000e+02 4.724098501559518049e+00
2.661000061035156250e+02 4.655671288999892354e+00
2.662000122070312500e+02 4.745054511029896283e+00
2.662999877929687500e+02 4.736218619355622828e+00
2.663999938964843750e+02 4.160521040431641282e+00
2.665000000000000000e+02 4.597530338572427766e+00
2.666000061035156250e+02 5.133668415860018541e+00
2.667000122070312500e+02 4.209098503098407384e+00
2.667999877929687500e+02 4.154384891309874206e+00
2.668999938964843750e+02 3.660765396629240609e+00
2.670000000000000000e+02 4.437657412518833944e+00
2.671000061035156250e+02 4.085322960129029290e+00
2.672000122070312500e+02 4.378903005597243769e+00
2.672999877929687500e+02 4.970362516957138155e+00
2.673999938964843750e+02 4.374294331226688648e+00
2.675000000000000000e+02 4.130782494191433507e+00
2.676000061035156250e+02 3.687053011054868712e+00
2.677000122070312500e+02 3.530094879639252170e+00
2.677999877929687500e+02 3.714984263641461837e+00
2.678999938964843750e+02 3.640791722162606270e+00
2.680000000000000000e+02 3.349421865176534396e+00
2.681000061035156250e+02 3.588754072297271502e+00
2.682000122070312500e+02 4.282033222804942696e+00
2.682999877929687500e+02 3.782464135136302641e+00
2.683999938964843750e+02 3.834402478532989988e+00
2.685000000000000000e+02 4.374056033696998469e+00
2.686000061035156250e+02 3.138569284539623361e+00
2.687000122070312500e+02 4.051241224165756272e+00
2.687999877929687500e+02 4.293671158905710605e+00
2.688999938964843750e+02 3.692682242129956105e+00
2.690000000000000000e+02 3.306005613437190238e+00
2.691000061035156250e+02 3.535879388031125004e+00
2.692000122070312500e+02 4.054948518857947271e+00
2.692999877929687500e+02 4.395895698307072941e+00
2.693999938964843750e+02 4.378677497931904306e+00
2.695000000000000000e+02 4.256660959375767384e+00
2.696000061035156250e+02 3.825426484241143843e+00
2.697000122070312500e+02 4.440171936995320756e+00
2.697999877929687500e+02 2.737230071273718313e+00
2.698999938964843750e+02 3.765939366108452813e+00
2.700000000000000000e+02 4.022355998476244920e+00
2.701000061035156250e+02 3.563751836247863736e+00
2.702000122070312500e+02 3.698373480743128106e+00
2.702999877929687500e+02 2.691470178403870150e+00
2.703999938964843750e+02 3.844445647650191145e+00
2.705000000000000000e+02 3.052293921304001234e+00
2.706000061035156250e+02 3.763919528099048950e+00
2.707000122070312500e+02 4.262834022378283905e+00
2.707999877929687500e+02 3.563104005726656087e+00
2.708999938964843750e+02 2.395251637267879818e+00
2.710000000000000000e+02 2.575348766437073778e+00
2.711000061035156250e+02 2.544044935134810004e+00
2.712000122070312500e+02 3.320984246414286911e+00
2.712999877929687500e+02 3.735909728121331153e+00
2.713999938964843750e+02 3.695023768325761626e+00
2.715000000000000000e+02 3.342903434904627158e+00
2.716000061035156250e+02 3.745976594152212069e+00
2.717000122070312500e+02 2.728964328799493799e+00
2.717999877929687500e+02 2.850968032461624446e+00
2.718999938964843750e+02 1.553222208504465796e+00
2.720000000000000000e+02 3.981968769960979593e+00
2.721000061035156250e+02 3.410903673236051148e+00
2.722000122070312500e+02 3.783245292995782272e+00
2.722999877929687500e+02 4.131424177024680233e+00
2.723999938964843750e+02 2.304552325882303521e+00
2.725000000000000000e+02 3.296801444062145148e+00
2.726000061035156250e+02 3.236395593912383628e+00
2.727000122070312500e+02 2.173816424287466464e+00
2.727999877929687500e+02 2.983974628607348745e+00
2.728999938964843750e+02 2.919486379687712851e+00
2.730000000000000000e+02 3.390601170738196224e+00
2.731000061035156250e+02 3.180008193056892196e+00
2.732000122070312500e+02 4.199454741650892053e+00
2.732999877929687500e+02 3.123851569103385462e+00
2.733999938964843750e+02 3.515627419669532738e+00
2.735000000000000000e+02 3.270125723060135936e+00
2.736000061035156250e+02 3.324581434211479891e+00
2.737000122070312500e+02 3.515044421485080228e+00
2.737999877929687500e+02 3.805900020265072570e+00
2.738999938964843750e+02 3.500445907570060022e+00
2.740000000000000000e+02 3.399738862698131303e+00
2.741000061035156250e+02 3.642825372263386541e+00
2.742000122070312500e+02 3.221087283110611654e+00
2.742999877929687500e+02 3.114091891652528421e+00
2.743999938964843750e+02 3.542745996897534777e+00
2.745000000000000000e+02 3.305092250922168073e+00
2.746000061035156250e+02 3.232907839307288533e+00
2.747000122070312500e+02 3.611122165812604923e+00
2.747999877929687500e+02 4.016418209323867394e+00
2.748999938964843750e+02 3.345620352348736670e+00
2.750000000000000000e+02 3.937215918903955281e+00
2.751000061035156250e+02 3.891598314367032074e+00
2.752000122070312500e+02 3.640123051900179707e+00
2.752999877929687500e+02 3.945357480722176291e+00
2.753999938964843750e+02 3.938542896043298658e+00
2.755000000000000000e+02 3.519851957282380983e+00
2.756000061035156250e+02 3.804214344339265530e+00
2.757000122070312500e+02 3.549286718459852441e+00
2.757999877929687500e+02 3.464237529210926869e+00
2.758999938964843750e+02 3.192498162311693921e+00
2.760000000000000000e+02 3.224272330359359451e+00
2.761000061035156250e+02 3.886718441750799613e+00
2.762000122070312500e+02 3.593966682302352389e+00
2.762999877929687500e+02 3.280634054862576754e+00
2.763999938964843750e+02 3.676609711039330985e+00
2.765000000000000000e+02 3.730742892729844939e+00
2.766000061035156250e+02 3.995720140414918742e+00
2.767000122070312500e+02 3.173691686960436353e+00
2.767999877929687500e+02 3.055974442975346594e+00
2.768999938964843750e+02 3.794449753267833625e+00
2.770000000000000000e+02 3.990605711788654641e+00
2.771000061035156250e+02 2.795391522875484647e+00
2.772000122070312500e+02 1.892882539345327686e+00
2.772999877929687500e+02 2.195807848568299470e+00
2.773999938964843750e+02 2.083984951258559093e+00
2.775000000000000000e+02 2.014407221167497930e+00
2.776000061035156250e+02 2.410040072777803744e+00
2.777000122070312500e+02 1.610609931365646119e+00
2.777999877929687500e+02 1.984455747589000119e+00
2.778999938964843750e+02 1.734799322110770259e+00
2.780000000000000000e+02 1.373609271788285291e+00
2.781000061035156250e+02 2.061530599424723942e+00
2.782000122070312500e+02 2.247491785595723268e+00
2.782999877929687500e+02 1.647442534926824464e+00
2.783999938964843750e+02 1.673764497927681782e+00
2.785000000000000000e+02 1.959944595016297031e+00
2.786000061035156250e+02 3.088593816150246418e+00
2.787000122070312500e+02 1.963456926059579555e+00
2.787999877929687500e+02 1.948989977341398339e+00
2.788999938964843750e+02 2.458150067452374188e+00
2.790000000000000000e+02 2.063448487291833278e+00
2.791000061035156250e+02 2.860908985416581007e+00
2.792000122070312500e+02 1.670768986692374725e+00
2.792999877929687500e+02 1.722664224292457247e+00
2.793999938964843750e+02 1.932388693204696528e+00
2.795000000000000000e+02 1.704513506951174540e+00
2.796000061035156250e+02 1.847666212346095405e+00
2.797000122070312500e+02 2.054367768189513388e+00
2.797999877929687500e+02 1.880786160833183507e+00
2.798999938964843750e+02 2.925944438521929758e+00
2.800000000000000000e+02 2.325539548379480514e+00
2.801000061035156250e+02 2.114132251632025561e+00
2.802000122070312500e+02 2.466514510474031141e+00
2.802999877929687500e+02 2.203869388482615932e+00
2.803999938964843750e+02 2.594974224618058045e+00
2.805000000000000000e+02 2.572703605926404347e+00
2.806000061035156250e+02 2.544147449923331639e+00
2.807000122070312500e+02 2.494234233723414018e+00
2.807999877929687500e+02 2.971048864343144746e+00
2.808999938964843750e+02 2.528370755545656046e+00
2.810000000000000000e+02 2.206217878190833925e+00
2.811000061035156250e+02 2.395827885510752431e+00
2.812000122070312500e+02 2.337798318828302246e+00
2.812999877929687500e+02 2.558448433517225507e+00
2.813999938964843750e+02 2.706621807484448805e+00
2.815000000000000000e+02 2.228187738592229739e+00
2.816000061035156250e+02 2.447396435443616625e+00
2.817000122070312500e+02 2.594752669907100628e+00
2.817999877929687500e+02 2.388254836814987403e+00
2.818999938964843750e+02 3.000081714345027351e+00
2.820000000000000000e+02 2.712634597502284084e+00
2.821000061035156250e+02 3.881058633645166900e+00
2.822000122070312500e+02 4.815865432590892503e+00
2.822999877929687500e+02 3.787143103186335402e+00
2.823999938964843750e+02 4.173154175714727465e+00
2.825000000000000000e+02 4.784736431684933677e+00
2.826000061035156250e+02 3.781803532233888987e+00
2.827000122070312500e+02 3.197891424072772271e+00
2.827999877929687500e+02 3.854456801894517781e+00
2.828999938964843750e+02 3.615076725484922537e+00
2.830000000000000000e+02 2.988943771643628011e+00
2.831000061035156250e+02 2.754660368926426628e+00
2.832000122070312500e+02 3.972167539684919646e+00
2.832999877929687500e+02 3.215999138153735615e+00
2.833999938964843750e+02 3.959359055422397855e+00
2.835000000000000000e+02 3.381740519652524757e+00
2.836000061035156250e+02 3.512894090371346145e+00
2.837000122070312500e+02 3.587660715935205857e+00
2.837999877929687500e+02 3.606222152100526213e+00
2.838999938964843750e+02 4.106302927601287678e+00
2.840000000000000000e+02 4.004764270153498451e+00
2.841000061035156250e+02 4.272782268350924895e+00
2.842000122070312500e+02 5.036621181368158062e+00
2.842999877929687500e+02 5.132199298385168085e+00
2.843999938964843750e+02 4.195394664225740478e+00
2.845000000000000000e+02 3.416950501544767427e+00
2.846000061035156250e+02 4.225667159583569088e+00
2.847000122070312500e+02 4.852055844002658880e+00
2.847999877929687500e+02 4.484832346927074553e+00
2.848999938964843750e+02 4.011090540995309262e+00
2.850000000000000000e+02 4.744064848752971741e+00
2.851000061035156250e+02 5.373537187132565229e+00
2.852000122070312500e+02 5.073175033762422181e+00
2.852999877929687500e+02 4.984498264580805582e+00
2.853999938964843750e+02 4.800877301249591333e+00
2.855000000000000000e+02 5.006594433010643996e+00
2.856000061035156250e+02 5.045987440482258002e+00
2.857000122070312500e+02 5.690616685233044869e+00
2.857999877929687500e+02 5.824996344450311447e+00
2.858999938964843750e+02 3.896991686444449154e+00
2.860000000000000000e+02 5.637515837053185486e+00
2.861000061035156250e+02 5.236647838309754555e+00
2.862000122070312500e+02 5.435059848339000688e+00
2.862999877929687500e+02 3.919284948061994012e+00
2.863999938964843750e+02 2.376697054750910976e+00
2.865000000000000000e+02 2.628516524859962011e+00
2.866000061035156250e+02 3.118621265176413804e+00
2.867000122070312500e+02 4.039917432851157564e+00
2.867999877929687500e+02 3.950384600898532828e+00
2.868999938964843750e+02 3.489188890087635553e+00
2.870000000000000000e+02 3.315565702384934088e+00
2.871000061035156250e+02 3.144385085787102074e+00
2.872000122070312500e+02 3.759163846330237924e+00
2.872999877929687500e+02 3.770724923743760115e+00
2.873999938964843750e+02 3.578058256251955171e+00
2.875000000000000000e+02 2.768138809660992017e+00
2.876000061035156250e+02 2.900230656689562814e+00
2.877000122070312500e+02 2.620033201608235718e+00
2.877999877929687500e+02 2.276578790512937100e+00
2.878999938964843750e+02 2.396585053007571631e+00
2.880000000000000000e+02 2.807845562319420285e+00
2.881000061035156250e+02 2.801705109646926317e+00
2.882000122070312500e+02 2.354689981987067693e+00
2.882999877929687500e+02 3.884308266642486629e+00
2.883999938964843750e+02 3.306545900967767793e+00
2.885000000000000000e+02 3.302213230594202020e+00
2.886000061035156250e+02 3.731424398098975193e+00
2.887000122070312500e+02 2.115149528703263559e+00
2.887999877929687500e+02 3.824511874099094655e+00
2.888999938964843750e+02 2.470358283723855575e+00
2.890000000000000000e+02 2.005918956322521929e+00
2.891000061035156250e+02 2.456047450503372698e+00
2.892000122070312500e+02 2.375084318822247020e+00
2.892999877929687500e+02 2.467092876253761613e+00
2.893999938964843750e+02 2.533216697058773725e+00
2.895000000000000000e+02 2.763475229749765560e+00
2.896000061035156250e+02 2.037114612226323729e+00
2.897000122070312500e+02 2.124654519215809945e+00
2.897999877929687500e+02 2.985909701775878666e+00
2.898999938964843750e+02 2.929516103442460828e+00
2.900000000000000000e+02 2.386134264951435657e+00
2.901000061035156250e+02 2.442709083257762703e+00
2.902000122070312500e+02 2.245022646607748307e+00
2.902999877929687500e+02 2.749670317131320374e+00
2.903999938964843750e+02 2.609094759001684416e+00
2.905000000000000000e+02 2.314389972298567244e+00
2.906000061035156250e+02 2.632122572756565138e+00
2.907000122070312500e+02 2.332864901143318459e+00
2.907999877929687500e+02 3.007901560245762163e+00
2.908999938964843750e+02 2.520907930250437801e+00
2.910000000000000000e+02 2.675496988662083186e+00
2.911000061035156250e+02 2.903544829453055254e+00
2.912000122070312500e+02 2.246902198857726685e+00
2.912999877929687500e+02 2.587854073647375408e+00
2.913999938964843750e+02 2.410149404869082357e+00
2.915000000000000000e+02 2.249590455304733894e+00
2.916000061035156250e+02 2.290417133297003360e+00
2.917000122070312500e+02 2.919886040659801729e+00
2.917999877929687500e+02 1.605467551746448285e+00
2.918999938964843750e+02 2.637047710521617017e+00
2.920000000000000000e+02 2.041089966067889172e+00
2.921000061035156250e+02 1.971831559372567710e+00
2.922000122070312500e+02 2.590101527463212427e+00
2.922999877929687500e+02 1.641607548291537766e+00
2.923999938964843750e+02 1.989838674881788005e+00
2.925000000000000000e+02 3.547650892339348161e+00
2.926000061035156250e+02 2.770478632635178240e+00
2.927000122070312500e+02 2.667308057753015049e+00
2.927999877929687500e+02 2.159198449632433903e+00
2.928999938964843750e+02 1.972924231964496844e+00
2.930000000000000000e+02 2.237236667894852982e+00
2.931000061035156250e+02 1.879164166261590774e+00
2.932000122070312500e+02 1.850831050667914646e+00
2.932999877929687500e+02 2.086388775119969896e+00
2.933999938964843750e+02 1.826733420231714256e+00
2.935000000000000000e+02 1.734017841895171053e+00
2.936000061035156250e+02 1.367689051566393088e+00
2.937000122070312500e+02 1.476541769570843599e+00
2.937999877929687500e+02 1.587431802824103011e+00
2.938999938964843750e+02 1.368165952846445377e+00
2.940000000000000000e+02 1.267467071468163731e+00
2.941000061035156250e+02 1.936560474533159271e+00
2.942000122070312500e+02 2.214271222732651534e+00
2.942999877929687500e+02 1.843006218440709221e+00
2.943999938964843750e+02 1.566441305130602757e+00
2.945000000000000000e+02 1.883112662636823309e+00
2.946000061035156250e+02 1.869980535176011482e+00
2.947000122070312500e+02 1.764174445969850291e+00
2.947999877929687500e+02 1.595622061318497042e+00
2.948999938964843750e+02 2.110835188038549859e+00
2.950000000000000000e+02 1.966196016810651370e+00
2.951000061035156250e+02 1.841341520788533748e+00
2.952000122070312500e+02 1.634350653938450249e+00
2.952999877929687500e+02 2.277089698283726538e+00
2.953999938964843750e+02 1.966607660071863828e+00
2.955000000000000000e+02 2.204946593033176860e+00
2.956000061035156250e+02 1.625912259777250624e+00
2.957000122070312500e+02 1.841138813616583159e+00
2.957999877929687500e+02 1.626564102991434391e+00
2.958999938964843750e+02 1.685842360591595090e+00
2.960000000000000000e+02 2.327250421673635827e+00
2.961000061035156250e+02 1.487975146869768173e+00
2.962000122070312500e+02 1.704086168694106007e+00
2.962999877929687500e+02 9.612643610260642735e-01
2.963999938964843750e+02 1.502949683351847199e+00
2.965000000000000000e+02 2.053138505900796940e+00
2.966000061035156250e+02 3.399964143488833468e+00
2.967000122070312500e+02 4.344169916603966897e+00
2.967999877929687500e+02 3.403595294121871007e+00
2.968999938964843750e+02 4.470424448200182255e+00
2.970000000000000000e+02 4.625766627142906984e+00
2.971000061035156250e+02 5.541285930473914156e+00
2.972000122070312500e+02 3.770820463507868148e+00
2.972999877929687500e+02 4.888163563892464758e+00
2.973999938964843750e+02 5.363015986192758433e+00
2.975000000000000000e+02 4.420716589393862250e+00
2.976000061035156250e+02 5.051830444125373631e+00
2.977000122070312500e+02 5.549292329570990390e+00
2.977999877929687500e+02 4.989070407323922041e+00
2.978999938964843750e+02 3.583803908729855436e+00
2.980000000000000000e+02 5.182895382983094379e+00
2.981000061035156250e+02 5.513150407259789887e+00
2.982000122070312500e+02 6.179801277575192486e+00
2.982999877929687500e+02 5.734883875524129593e+00
2.983999938964843750e+02 6.147309988297473105e+00
2.985000000000000000e+02 6.075227692390012812e+00
2.986000061035156250e+02 5.934283469897897234e+00
2.987000122070312500e+02 5.847573420362974339e+00
2.987999877929687500e+02 6.130850906613696694e+00
2.988999938964843750e+02 6.828723908842507129e+00
2.990000000000000000e+02 5.531675816436915305e+00
2.991000061035156250e+02 5.335051925905066383e+00
2.992000122070312500e+02 4.529933000499604567e+00
2.992999877929687500e+02 5.407369347791998848e+00
2.993999938964843750e+02 5.129369429139267744e+00
2.995000000000000000e+02 4.674516063411414457e+00
2.996000061035156250e+02 4.578887485737934249e+00
2.997000122070312500e+02 5.230939973240826824e+00
2.997999877929687500e+02 5.819526794930001579e+00
2.998999938964843750e+02 5.709243151744437306e+00
3.000000000000000000e+02 6.304939445247562446e+00
3.001000061035156250e+02 5.314856534503681118e+00
3.002000122070312500e+02 4.727807875846047558e+00
3.002999877929687500e+02 5.038019103678689881e+00
3.003999938964843750e+02 5.102851616801575396e+00
3.005000000000000000e+02 7.844837708338727289e+00
3.006000061035156250e+02 4.849027004817736852e+00
3.007000122070312500e+02 5.087906162265442234e+00
3.007999877929687500e+02 4.335274946566039844e+00
3.008999938964843750e+02 4.789433341046156478e+00
3.010000000000000000e+02 4.546501100028423004e+00
3.011000061035156250e+02 5.496208951799735232e+00
3.012000122070312500e+02 4.306850853482533381e+00
3.012999877929687500e+02 6.199224076343683443e+00
3.013999938964843750e+02 7.555236584628602259e+00
3.015000000000000000e+02 4.705005288571872057e+00
3.016000061035156250e+02 5.786868807900500400e+00
3.017000122070312500e+02 4.097991889229116502e+00
3.017999877929687500e+02 4.381242322723418070e+00
3.018999938964843750e+02 5.921960128686849956e+00
3.020000000000000000e+02 5.807075309976661437e+00
3.021000061035156250e+02 4.732603292845054987e+00
3.022000122070312500e+02 5.098173987729476053e+00
3.022999877929687500e+02 7.357586578427304680e+00
3.023999938964843750e+02 5.792209374845110226e+00
3.025000000000000000e+02 6.395774598817043355e+00
3.026000061035156250e+02 5.151889357826018312e+00
3.027000122070312500e+02 5.904918083368435155e+00
3.027999877929687500e+02 4.882604731354881267e+00
3.028999938964843750e+02 4.769989991267325813e+00
3.030000000000000000e+02 5.119191663769734113e+00
3.031000061035156250e+02 4.675097861161384927e+00
3.032000122070312500e+02 5.528468156562959201e+00
3.032999877929687500e+02 5.202556519936508472e+00
3.033999938964843750e+02 5.736586876318764183e+00
3.035000000000000000e+02 5.866844324611282246e+00
3.036000061035156250e+02 5.442684804324894543e+00
3.037000122070312500e+02 4.626404961027668072e+00
3.037999877929687500e+02 4.684410820676960796e+00
3.038999938964843750e+02 5.387722674318115246e+00
3.040000000000000000e+02 5.203467975935155643e+00
3.041000061035156250e+02 5.190579245266857988e+00
3.042000122070312500e+02 4.562739821936219187e+00
3.042999877929687500e+02 4.584543500901894220e+00
3.043999938964843750e+02 4.600907847347965429e+00
3.045000000000000000e+02 3.841423010213087519e+00
3.046000061035156250e+02 4.881046338598018508e+00
3.047000122070312500e+02 4.708093403899510143e+00
3.047999877929687500e+02 4.991242156945339126e+00
3.048999938964843750e+02 4.545236804237541506e+00
3.050000000000000000e+02 4.934191472035722725e+00
3.051000061035156250e+02 4.112923103873381336e+00
3.052000122070312500e+02 4.704024598471657548e+00
3.052999877929687500e+02 5.084561691380800497e+00
3.053999938964843750e+02 4.841896010812981821e+00
3.055000000000000000e+02 4.743957032771715987e+00
3.056000061035156250e+02 5.319660237086452526e+00
3.057000122070312500e+02 5.190984838210460417e+00
3.057999877929687500e+02 4.632363524758591034e+00
3.058999938964843750e+02 4.368853391095714578e+00
3.060000000000000000e+02 5.256830547810819709e+00
3.061000061035156250e+02 5.198114981663951362e+00
3.062000122070312500e+02 4.914245617102634078e+00
3.062999877929687500e+02 5.312463138383435535e+00
3.063999938964843750e+02 5.103628055679840791e+00
3.065000000000000000e+02 4.668049535720367516e+00
3.066000061035156250e+02 5.615238348489572040e+00
3.067000122070312500e+02 5.757029757053035546e+00
3.067999877929687500e+02 5.010403076948420242e+00
3.068999938964843750e+02 5.783829028847054410e+00
3.070000000000000000e+02 5.723927237070822294e+00
3.071000061035156250e+02 4.910278877162248534e+00
3.072000122070312500e+02 5.535008144671632380e+00
3.072999877929687500e+02 4.815990497861290187e+00
3.073999938964843750e+02 5.520339002767035375e+00
3.075000000000000000e+02 5.246489155822318118e+00
3.076000061035156250e+02 5.065341853539236716e+00
3.077000122070312500e+02 4.939028567311932072e+00
3.077999877929687500e+02 5.817074214159110745e+00
3.078999938964843750e+02 5.691998751707931348e+00
3.080000000000000000e+02 4.931081492751012263e+00
3.081000061035156250e+02 5.381954557523116911e+00
3.082000122070312500e+02 5.366283867422903420e+00
3.082999877929687500e+02 6.077936690764111027e+00
3.083999938964843750e+02 4.694106926223859944e+00
3.085000000000000000e+02 5.102733253299172489e+00
3.086000061035156250e+02 4.336859526248480812e+00
3.087000122070312500e+02 5.327881374219997745e+00
3.087999877929687500e+02 5.674979012538229561e+00
3.088999938964843750e+02 4.426133180226444530e+00
3.090000000000000000e+02 5.500343222925633491e+00
3.091000061035156250e+02 3.738805828541195364e+00
3.092000122070312500e+02 4.031828230374858713e+00
3.092999877929687500e+02 4.145851745783430076e+00
3.093999938964843750e+02 4.556201367958398585e+00
3.095000000000000000e+02 5.652603052631746117e+00
3.096000061035156250e+02 4.382461545829188232e+00
3.097000122070312500e+02 4.299683013486902183e+00
3.097999877929687500e+02 5.773803328104640364e+00
3.098999938964843750e+02 5.342733643712255009e+00
3.100000000000000000e+02 5.247682052844738543e+00
3.101000061035156250e+02 4.504184624437814755e+00
3.102000122070312500e+02 5.555584832259801153e+00
3.102999877929687500e+02 5.549626692281153240e+00
3.103999938964843750e+02 5.742344533751224667e+00
3.105000000000000000e+02 4.689306399158852834e+00
3.106000061035156250e+02 5.705448528097979199e+00
3.107000122070312500e+02 5.251604017130853563e+00
3.107999877929687500e+02 4.675321787712226396e+00
3.108999938964843750e+02 5.073032772125326773e+00
3.110000000000000000e+02 4.779398742815291534e+00
3.111000061035156250e+02 3.606562555383693525e+00
3.112000122070312500e+02 5.379376687618226072e+00
3.112999877929687500e+02 5.132101865608104774e+00
3.113999938964843750e+02 4.205154497577395567e+00
3.115000000000000000e+02 3.640129469782864113e+00
3.116000061035156250e+02 4.837555860671034935e+00
3.117000122070312500e+02 4.896086633220445350e+00
3.117999877929687500e+02 3.686612154622656679e+00
3.118999938964843750e+02 4.542303801670970032e+00
3.120000000000000000e+02 3.951826500175318113e+00
3.121000061035156250e+02 4.532579363466428646e+00
3.122000122070312500e+02 5.165311564779790032e+00
3.122999877929687500e+02 4.263547564262203160e+00
3.123999938964843750e+02 4.275152002516400707e+00
3.125000000000000000e+02 3.660712448998168167e+00
3.126000061035156250e+02 3.687445319679165667e+00
3.127000122070312500e+02 4.307686922151487074e+00
3.127999877929687500e+02 4.621165853207226171e+00
3.128999938964843750e+02 4.260538843044120227e+00
3.130000000000000000e+02 4.592910706598101633e+00
3.131000061035156250e+02 5.487209250932085780e+00
3.132000122070312500e+02 5.412675852714943225e+00
3.132999877929687500e+02 5.881161038350922965e+00
3.133999938964843750e+02 4.946577686365003501e+00
3.135000000000000000e+02 4.837956672969183636e+00
3.136000061035156250e+02 3.820243425344385102e+00
3.137000122070312500e+02 5.021955217300243746e+00
3.137999877929687500e+02 4.998172011188703578e+00
3.138999938964843750e+02 4.587057657956690626e+00
3.140000000000000000e+02 4.970816660431025547e+00
3.141000061035156250e+02 4.759146207067375123e+00
3.142000122070312500e+02 5.115271281962025185e+00
3.142999877929687500e+02 4.490489195387311838e+00
3.143999938964843750e+02 3.990899135934634412e+00
3.145000000000000000e+02 4.563196524961532496e+00
3.146000061035156250e+02 4.235839128065335579e+00
3.147000122070312500e+02 4.871636640626940462e+00
3.147999877929687500e+02 4.737056791226728514e+00
3.148999938964843750e+02 4.840393855612190599e+00
3.150000000000000000e+02 4.742561454411715616e+00
3.151000061035156250e+02 5.038182848267912739e+00
3.152000122070312500e+02 5.325940436799908362e+00
3.152999877929687500e+02 5.267357721438882479e+00
3.153999938964843750e+02 5.216323436425194693e+00
3.155000000000000000e+02 4.564721697963268099e+00
3.156000061035156250e+02 5.050082756182903587e+00
3.157000122070312500e+02 5.243606839260043451e+00
3.157999877929687500e+02 5.108978845600655738e+00
3.158999938964843750e+02 5.145610403591997617e+00
3.160000000000000000e+02 5.037817352183470376e+00
3.161000061035156250e+02 4.866387497803260409e+00
3.162000122070312500e+02 5.363432963637565720e+00
3.162999877929687500e+02 5.310125782143379602e+00
3.163999938964843750e+02 5.374943391109370694e+00
3.165000000000000000e+02 4.607051313185172248e+00
3.166000061035156250e+02 4.564652467232971134e+00
3.167000122070312500e+02 4.752120603520288533e+00
3.167999877929687500e+02 4.304229352358681204e+00
3.168999938964843750e+02 6.001048790280800738e+00
3.170000000000000000e+02 5.677339773057779482e+00
3.171000061035156250e+02 6.859828333260386657e+00
3.172000122070312500e+02 5.220000503712361350e+00
3.172999877929687500e+02 4.798998038100720898e+00
3.173999938964843750e+02 5.078278796176244114e+00
3.175000000000000000e+02 5.297221903578047453e+00
3.176000061035156250e+02 5.363507089662633120e+00
3.177000122070312500e+02 5.132302874948559079e+00
3.177999877929687500e+02 5.153912681240012894e+00
3.178999938964843750e+02 6.545597869410675784e+00
3.180000000000000000e+02 7.918542777473877692e+00
3.181000061035156250e+02 9.084558959527681665e+00
3.182000122070312500e+02 9.027931374120358399e+00
3.182999877929687500e+02 8.130369750987108901e+00
3.183999938964843750e+02 8.681401814527527350e+00
3.185000000000000000e+02 8.921393159614133594e+00
3.186000061035156250e+02 1.029970911211706586e+01
3.187000122070312500e+02 1.202014892586388051e+01
3.187999877929687500e+02 1.141412468845657635e+01
3.188999938964843750e+02 1.068329976638398016e+01
3.190000000000000000e+02 8.535268597277449132e+00
3.191000061035156250e+02 1.098178324171764331e+01
3.192000122070312500e+02 1.048974257877432237e+01
3.192999877929687500e+02 8.891488836787058148e+00
3.193999938964843750e+02 9.081919238862054655e+00
3.195000000000000000e+02 9.384910231147120641e+00
3.196000061035156250e+02 1.117288682362708130e+01
3.197000122070312500e+02 9.041495144001954642e+00
3.197999877929687500e+02 9.365005422092538723e+00
3.198999938964843750e+02 1.120249938789459954e+01
3.200000000000000000e+02 9.570872224810585749e+00
3.201000061035156250e+02 8.676896349286062460e+00
3.202000122070312500e+02 8.164230500326040030e+00
3.202999877929687500e+02 6.550053543851837468e+00
3.203999938964843750e+02 8.074146003204941024e+00
3.205000000000000000e+02 6.652482319349667605e+00
3.206000061035156250e+02 8.938437539319387781e+00
3.207000122070312500e+02 7.083230317061430803e+00
3.207999877929687500e+02 7.569770767280354029e+00
3.208999938964843750e+02 7.332640004939234402e+00
3.210000000000000000e+02 5.959505933328951066e+00
3.211000061035156250e+02 5.203523239366460551e+00
3.212000122070312500e+02 6.435736365349863597e+00
3.212999877929687500e+02 6.567591430958225729e+00
3.213999938964843750e+02 8.121359846493572121e+00
3.215000000000000000e+02 7.818699671800067641e+00
3.216000061035156250e+02 7.951475898618160620e+00
3.217000122070312500e+02 7.863181871609806528e+00
3.217999877929687500e+02 7.532539507951115709e+00
3.218999938964843750e+02 5.132371781139622335e+00
3.220000000000000000e+02 4.942896257815261762e+00
3.221000061035156250e+02 7.878325728717837428e+00
3.222000122070312500e+02 7.277865980312822280e+00
3.222999877929687500e+02 5.549890987536468145e+00
3.223999938964843750e+02 5.211289048101319210e+00
3.225000000000000000e+02 5.121581159505985248e+00
3.226000061035156250e+02 5.669176299462462154e+00
3.227000122070312500e+02 5.739165686738609828e+00
3.227999877929687500e+02 5.787820259986805382e+00
3.228999938964843750e+02 6.031916767843001459e+00
3.230000000000000000e+02 5.988320790065417398e+00
3.231000061035156250e+02 5.655082688208739938e+00
3.232000122070312500e+02 6.349622101644532890e+00
3.232999877929687500e+02 5.646889570180710471e+00
3.233999938964843750e+02 5.310938561009169945e+00
3.235000000000000000e+02 4.566335929879706157e+00
3.236000061035156250e+02 4.827147396982075733e+00
3.237000122070312500e+02 4.901315360755684303e+00
3.237999877929687500e+02 5.546577306402673990e+00
3.238999938964843750e+02 6.101405097394471788e+00
3.240000000000000000e+02 6.425910057088572103e+00
3.241000061035156250e+02 5.606132117311714680e+00
3.242000122070312500e+02 5.331658388878668831e+00
3.242999877929687500e+02 6.007717263557256437e+00
3.243999938964843750e+02 6.107809271839831133e+00
3.245000000000000000e+02 5.405334860719263723e+00
3.246000061035156250e+02 5.528690436761610982e+00
3.247000122070312500e+02 6.075457460677383459e+00
3.247999877929687500e+02 5.158450593397644113e+00
3.248999938964843750e+02 4.941733674653054464e+00
3.250000000000000000e+02 4.572878557136777822e+00
3.251000061035156250e+02 5.569564826482082509e+00
3.252000122070312500e+02 5.074632052102260538e+00
3.252999877929687500e+02 5.986753754225697222e+00
3.253999938964843750e+02 4.989062510079420143e+00
3.255000000000000000e+02 4.844451409047929147e+00
3.256000061035156250e+02 4.328079293428566565e+00
3.257000122070312500e+02 4.166143340652453730e+00
3.257999877929687500e+02 4.539891655528570880e+00
3.258999938964843750e+02 4.232408401471807302e+00
3.260000000000000000e+02 4.726475944108081251e+00
3.261000061035156250e+02 4.634104745657483093e+00
3.262000122070312500e+02 4.419380387575215785e+00
3.262999877929687500e+02 4.162241666797694251e+00
3.263999938964843750e+02 5.164872723445112612e+00
3.265000000000000000e+02 4.133037013232624624e+00
3.266000061035156250e+02 4.702698107730316046e+00
3.267000122070312500e+02 4.525178073539308343e+00
3.267999877929687500e+02 4.692309890738345146e+00
3.268999938964843750e+02 4.207440543695583735e+00
3.270000000000000000e+02 4.009507559980439950e+00
3.271000061035156250e+02 3.980816193808204506e+00
3.272000122070312500e+02 4.230355148301757851e+00
3.272999877929687500e+02 4.351536659387953421e+00
3.273999938964843750e+02 3.882366514417918690e+00
3.275000000000000000e+02 4.467998085291728039e+00
3.276000061035156250e+02 4.885195302337538514e+00
3.277000122070312500e+02 4.441794325589677683e+00
3.277999877929687500e+02 4.451181123085852676e+00
3.278999938964843750e+02 4.178662565167424070e+00
3.280000000000000000e+02 4.204820444543432956e+00
3.281000061035156250e+02 5.133828535984239494e+00
3.282000122070312500e+02 4.302916839577799024e+00
3.282999877929687500e+02 4.206361616189450814e+00
3.283999938964843750e+02 4.783669644463758530e+00
3.285000000000000000e+02 4.288584259011033240e+00
3.286000061035156250e+02 4.080193076432548693e+00
3.287000122070312500e+02 3.630509665946631159e+00
3.287999877929687500e+02 4.286285004566755319e+00
3.288999938964843750e+02 4.334430741445404855e+00
3.290000000000000000e+02 4.816035780971276381e+00
3.291000061035156250e+02 4.336599787875321077e+00
3.292000122070312500e+02 4.387109875267289461e+00
3.292999877929687500e+02 4.306144556013744129e+00
3.293999938964843750e+02 4.650406326324358908e+00
3.295000000000000000e+02 4.460619073532629209e+00
3.296000061035156250e+02 4.314696345780946629e+00
3.297000122070312500e+02 4.715254286002132034e+00
3.297999877929687500e+02 3.734599936360162964e+00
3.298999938964843750e+02 4.333994101927739706e+00
3.300000000000000000e+02 4.036184130033645623e+00
3.301000061035156250e+02 4.945097787131313538e+00
3.302000122070312500e+02 4.064693396497115252e+00
3.302999877929687500e+02 4.310401970353079371e+00
3.303999938964843750e+02 4.276355916060905038e+00
3.305000000000000000e+02 6.168405415248229495e+00
3.306000061035156250e+02 2.914672523907737567e+00
3.307000122070312500e+02 4.365460151002881872e+00
3.307999877929687500e+02 3.893321734781171273e+00
3.308999938964843750e+02 3.969055424783460406e+00
3.310000000000000000e+02 4.071389865523070917e+00
3.311000061035156250e+02 4.660358525420788212e+00
3.312000122070312500e+02 4.655978661195226742e+00
3.312999877929687500e+02 4.445370832306589470e+00
3.313999938964843750e+02 1.039268210248251556e+01
3.315000000000000000e+02 4.934900585042758969e+00
3.316000061035156250e+02 4.308989663454819485e+00
3.317000122070312500e+02 4.038977719046963344e+00
3.317999877929687500e+02 4.443028962290719974e+00
3.318999938964843750e+02 5.944145808761355454e+00
3.320000000000000000e+02 5.228646590048381171e+00
3.321000061035156250e+02 5.133953320880338289e+00
3.322000122070312500e+02 6.205928823964178775e+00
3.322999877929687500e+02 7.724387317733315328e+00
3.323999938964843750e+02 7.141030722301769273e+00
3.325000000000000000e+02 6.260648982781892080e+00
3.326000061035156250e+02 6.940292410686884850e+00
3.327000122070312500e+02 6.348340249354714970e+00
3.327999877929687500e+02 7.757080003848620287e+00
3.328999938964843750e+02 6.475575415725254302e+00
3.330000000000000000e+02 6.290485695728807336e+00
3.331000061035156250e+02 5.598079557613932167e+00
3.332000122070312500e+02 5.962683338119362908e+00
3.332999877929687500e+02 7.578625371643876285e+00
3.333999938964843750e+02 6.502029302173741421e+00
3.335000000000000000e+02 6.745054178570994985e+00
3.336000061035156250e+02 6.444652748641072293e+00
3.337000122070312500e+02 6.437346951925233540e+00
3.337999877929687500e+02 6.895950025825447582e+00
3.338999938964843750e+02 6.882443558070407974e+00
3.340000000000000000e+02 5.772158477618420491e+00
3.341000061035156250e+02 4.467505813247732327e+00
3.342000122070312500e+02 4.123184915010060791e+00
3.342999877929687500e+02 5.298030073253011452e+00
3.343999938964843750e+02 6.859156787001131406e+00
3.345000000000000000e+02 5.319448856243031543e+00
3.346000061035156250e+02 3.391252150423703426e+00
3.347000122070312500e+02 3.723587115574544804e+00
3.347999877929687500e+02 3.530598840582160225e+00
3.348999938964843750e+02 5.816685562587876390e+00
3.350000000000000000e+02 7.572942922265607280e+00
3.351000061035156250e+02 6.438756326300127064e+00
3.352000122070312500e+02 6.979915158140052256e+00
3.352999877929687500e+02 5.423520290641455688e+00
3.353999938964843750e+02 7.267259709509298560e+00
3.355000000000000000e+02 8.308869048975878968e+00
3.356000061035156250e+02 6.975581806724924228e+00
3.357000122070312500e+02 8.683817532561834085e+00
3.357999877929687500e+02 5.797528142032843057e+00
3.358999938964843750e+02 6.525166903422395137e+00
3.360000000000000000e+02 6.364243332199716718e+00
3.361000061035156250e+02 9.112573600040860811e+00
3.362000122070312500e+02 8.033805847012095214e+00
3.362999877929687500e+02 7.331539710889349415e+00
3.363999938964843750e+02 8.185167927826991985e+00
3.365000000000000000e+02 8.702677894820739724e+00
3.366000061035156250e+02 7.427183130465578209e+00
3.367000122070312500e+02 6.452029515437216922e+00
3.367999877929687500e+02 6.831925022509349077e+00
3.368999938964843750e+02 7.455245302538670238e+00
3.370000000000000000e+02 7.705010795603969065e+00
3.371000061035156250e+02 7.255442677157811104e+00
3.372000122070312500e+02 5.503944358776318602e+00
3.372999877929687500e+02 6.466388445299263488e+00
3.373999938964843750e+02 7.493604695951822769e+00
3.375000000000000000e+02 6.479883883763460695e+00
3.376000061035156250e+02 5.323720815203265566e+00
3.377000122070312500e+02 5.323445369989922682e+00
3.377999877929687500e+02 6.222532802990902390e+00
3.378999938964843750e+02 6.979074197663373447e+00
3.380000000000000000e+02 5.713992997401054375e+00
3.381000061035156250e+02 6.663121156247311383e+00
3.382000122070312500e+02 4.923519135926214929e+00
3.382999877929687500e+02 4.861087879148269231e+00
3.383999938964843750e+02 3.481870511142116431e+00
3.385000000000000000e+02 4.042967339762136625e+00
3.386000061035156250e+02 4.010557862155234687e+00
3.387000122070312500e+02 3.719360447241821355e+00
3.387999877929687500e+02 3.679324925060613705e+00
3.388999938964843750e+02 3.798996955443696866e+00
3.390000000000000000e+02 4.658177085899016134e+00
3.391000061035156250e+02 5.012114708985246025e+00
3.392000122070312500e+02 4.079568451631668147e+00
3.392999877929687500e+02 4.579483340522173762e+00
3.393999938964843750e+02 4.491481790854516376e+00
3.395000000000000000e+02 5.071980297210251898e+00
3.396000061035156250e+02 4.512159635842068361e+00
3.397000122070312500e+02 3.489238736312730627e+00
3.397999877929687500e+02 4.150011709405635685e+00
3.398999938964843750e+02 5.238435144270459531e+00
3.400000000000000000e+02 3.901485583340643437e+00
3.401000061035156250e+02 3.132986892517846123e+00
3.402000122070312500e+02 3.444508036811995133e+00
3.402999877929687500e+02 4.020772944522361669e+00
3.403999938964843750e+02 3.873204359479195613e+00
3.405000000000000000e+02 3.839538848613619937e+00
3.406000061035156250e+02 4.170300201226811332e+00
3.407000122070312500e+02 3.293414095496849381e+00
3.407999877929687500e+02 3.283158406487074465e+00
3.408999938964843750e+02 7.178703194973854451e+00
3.410000000000000000e+02 5.207658916363711477e+00
3.411000061035156250e+02 6.787797546721387576e+00
3.412000122070312500e+02 4.393799649568200572e+00
3.412999877929687500e+02 5.110024005911674827e+00
3.413999938964843750e+02 4.467199170939072594e+00
3.415000000000000000e+02 4.077853496690211799e+00
3.416000061035156250e+02 4.644795012852383387e+00
3.417000122070312500e+02 4.679868061498567933e+00
3.417999877929687500e+02 3.533102176535228622e+00
3.418999938964843750e+02 3.270087420488137386e+00
3.420000000000000000e+02 3.836480940749143365e+00
3.421000061035156250e+02 4.239332396434988048e+00
3.422000122070312500e+02 7.206398619001217476e+00
3.422999877929687500e+02 6.500298749433661705e+00
3.423999938964843750e+02 3.565325776857674711e+00
3.425000000000000000e+02 4.209351793787229568e+00
3.426000061035156250e+02 3.270678798934632425e+00
3.427000122070312500e+02 4.670665746303050092e+00
3.427999877929687500e+02 4.320356720329438183e+00
3.428999938964843750e+02 3.947177278831984548e+00
3.430000000000000000e+02 3.877790869514273098e+00
3.431000061035156250e+02 4.359012716052193426e+00
3.432000122070312500e+02 3.980431878651426558e+00
3.432999877929687500e+02 4.167450411335797966e+00
3.433999938964843750e+02 3.930152775510562524e+00
3.435000000000000000e+02 3.888971886549355883e+00
3.436000061035156250e+02 3.440283092823705591e+00
3.437000122070312500e+02 4.124443451387179493e+00
3.437999877929687500e+02 3.937457439847686036e+00
3.438999938964843750e+02 4.772247254870591426e+00
3.440000000000000000e+02 4.554403606511113978e+00
3.441000061035156250e+02 4.730208976683022648e+00
3.442000122070312500e+02 4.931462277265313610e+00
3.442999877929687500e+02 5.239480702705618498e+00
3.443999938964843750e+02 3.683544834735315021e+00
3.445000000000000000e+02 3.648627144962226954e+00
3.446000061035156250e+02 4.939633104473625025e+00
3.447000122070312500e+02 3.922848334688382010e+00
3.447999877929687500e+02 4.078481564815285232e+00
3.448999938964843750e+02 4.789359234802876841e+00
3.450000000000000000e+02 4.456641593107792509e+00
3.451000061035156250e+02 4.653009374887449923e+00
3.452000122070312500e+02 5.370908663188765253e+00
3.452999877929687500e+02 3.108103701663297080e+00
3.453999938964843750e+02 3.274182983209658726e+00
3.455000000000000000e+02 6.619091454780400063e+00
3.456000061035156250e+02 4.446399015958895085e+00
3.457000122070312500e+02 4.444661231628374232e+00
3.457999877929687500e+02 3.702196064152839750e+00
3.458999938964843750e+02 3.303399120959366719e+00
3.460000000000000000e+02 5.621276220850737637e+00
3.461000061035156250e+02 2.405006839582163991e+00
3.462000122070312500e+02 3.077096717170887175e+00
3.462999877929687500e+02 3.672757218829562742e+00
3.463999938964843750e+02 6.043122537284136619e+00
3.465000000000000000e+02 5.240154997623268862e+00
3.466000061035156250e+02 4.875507698021439573e+00
3.467000122070312500e+02 5.204555713165750497e+00
3.467999877929687500e+02 5.478716156778109969e+00
3.468999938964843750e+02 4.937227783556041416e+00
3.470000000000000000e+02 4.510483505466533316e+00
3.471000061035156250e+02 4.917492410931645352e+00
3.472000122070312500e+02 7.031248369547056676e+00
3.472999877929687500e+02 5.939907073914660884e+00
3.473999938964843750e+02 5.462635358745907332e+00
3.475000000000000000e+02 7.334438219083470045e+00
3.476000061035156250e+02 7.021802254492348183e+00
3.477000122070312500e+02 5.333504825133856819e+00
3.477999877929687500e+02 4.346635648566656407e+00
3.478999938964843750e+02 5.705094023676259951e+00
3.480000000000000000e+02 7.136613415574824870e+00
3.481000061035156250e+02 4.048999927925718723e+00
3.482000122070312500e+02 4.228877099772905268e+00
3.482999877929687500e+02 3.758741095720820269e+00
3.483999938964843750e+02 3.630684317264769145e+00
3.485000000000000000e+02 4.648452860710174050e+00
3.486000061035156250e+02 4.251772971443022797e+00
3.487000122070312500e+02 3.686996503497658395e+00
3.487999877929687500e+02 3.676603303080329344e+00
3.488999938964843750e+02 4.278758719571913893e+00
3.490000000000000000e+02 5.234989218344278328e+00
3.491000061035156250e+02 6.164278351241742726e+00
3.492000122070312500e+02 3.992245797724645939e+00
3.492999877929687500e+02 4.669676573288516153e+00
3.493999938964843750e+02 4.231656662986656769e+00
3.495000000000000000e+02 5.769024464880450509e+00
3.496000061035156250e+02 4.835787079505533548e+00
3.497000122070312500e+02 5.400998816615699916e+00
3.497999877929687500e+02 3.484941759617063095e+00
3.498999938964843750e+02 4.291675972541754369e+00
3.500000000000000000e+02 4.138592842492399448e+00
3.501000061035156250e+02 4.714861857871952999e+00
3.502000122070312500e+02 4.201310401776825465e+00
3.502999877929687500e+02 5.349164259628878426e+00
3.503999938964843750e+02 5.856839791496407877e+00
3.505000000000000000e+02 5.609075252437563996e+00
3.506000061035156250e+02 4.907236709788406870e+00
3.507000122070312500e+02 5.607687839773967120e+00
3.507999877929687500e+02 4.832975258496654547e+00
3.508999938964843750e+02 5.711570105950257492e+00
3.510000000000000000e+02 4.832006881691556899e+00
3.511000061035156250e+02 4.400844332907991152e+00
3.512000122070312500e+02 3.446736292637331278e+00
3.512999877929687500e+02 4.469500501812051496e+00
3.513999938964843750e+02 4.943993777036798321e+00
3.515000000000000000e+02 4.217664146704213302e+00
3.516000061035156250e+02 4.962811105226172970e+00
3.517000122070312500e+02 4.758675858523876201e+00
3.517999877929687500e+02 4.205423919679027733e+00
3.518999938964843750e+02 5.111767366364916576e+00
3.520000000000000000e+02 3.526870229551316793e+00
3.521000061035156250e+02 4.142951935123006635e+00
3.522000122070312500e+02 3.215540110548619435e+00
3.522999877929687500e+02 3.812872102191875445e+00
3.523999938964843750e+02 3.885950531883262116e+00
3.525000000000000000e+02 4.528331075547876949e+00
3.526000061035156250e+02 5.111820351417505570e+00
3.527000122070312500e+02 4.911781501485905643e+00
3.527999877929687500e+02 5.032343380926402432e+00
3.528999938964843750e+02 4.507114865353360145e+00
3.530000000000000000e+02 3.905555347322130277e+00
3.531000061035156250e+02 3.623666110689069964e+00
3.532000122070312500e+02 4.083368843512707791e+00
3.532999877929687500e+02 4.345052801482467864e+00
3.533999938964843750e+02 3.819551301006168575e+00
3.535000000000000000e+02 3.188385471369241220e+00
3.536000061035156250e+02 2.860203892995727415e+00
3.537000122070312500e+02 3.965486637951700644e+00
3.537999877929687500e+02 4.404014936371640765e+00
3.538999938964843750e+02 5.826240950496016424e+00
3.540000000000000000e+02 5.713058752959804920e+00
3.541000061035156250e+02 5.611448410333838233e+00
3.542000122070312500e+02 4.242434088856777308e+00
3.542999877929687500e+02 3.694378523645152956e+00
3.543999938964843750e+02 4.912578396684136983e+00
3.545000000000000000e+02 5.585975205272081467e+00
3.546000061035156250e+02 6.061097789610950137e+00
3.547000122070312500e+02 5.018851625113869730e+00
3.547999877929687500e+02 5.308893493534121433e+00
3.548999938964843750e+02 4.560260789085460509e+00
3.550000000000000000e+02 4.798454356292879197e+00
3.551000061035156250e+02 6.023017133371734388e+00
3.552000122070312500e+02 6.447879992499630397e+00
3.552999877929687500e+02 5.081403359593370084e+00
3.553999938964843750e+02 8.118712233725423388e+00
3.555000000000000000e+02 8.408164827030205402e+00
3.556000061035156250e+02 6.284878783916812317e+00
3.557000122070312500e+02 7.505135463869586410e+00
3.557999877929687500e+02 7.784378634733401192e+00
3.558999938964843750e+02 7.049420618440510822e+00
3.560000000000000000e+02 8.129357498743209121e+00
3.561000061035156250e+02 5.458226805428569861e+00
3.562000122070312500e+02 7.501025146419004308e+00
3.562999877929687500e+02 7.618892336418568334e+00
3.563999938964843750e+02 6.306937122133418505e+00
3.565000000000000000e+02 8.121689311527470423e+00
3.566000061035156250e+02 7.161308128024159281e+00
3.567000122070312500e+02 6.405209588165034162e+00
3.567999877929687500e+02 7.537646975208881273e+00
3.568999938964843750e+02 6.275144236827510547e+00
3.570000000000000000e+02 8.606023353760249961e+00
3.571000061035156250e+02 7.361165404979892912e+00
3.572000122070312500e+02 8.180772279580914130e+00
3.572999877929687500e+02 8.061516850837463721e+00
3.573999938964843750e+02 6.834633014373754811e+00
3.575000000000000000e+02 7.057762776125908744e+00
3.576000061035156250e+02 7.987815661926392252e+00
3.577000122070312500e+02 8.032243894802155282e+00
3.577999877929687500e+02 7.664211467781140819e+00
3.578999938964843750e+02 9.208485702423917729e+00
3.580000000000000000e+02 8.661882553865250856e+00
3.581000061035156250e+02 8.745383166602080038e+00
3.582000122070312500e+02 7.439345201669840257e+00
3.582999877929687500e+02 6.615095066216097663e+00
3.583999938964843750e+02 7.565606849865916139e+00
3.585000000000000000e+02 7.662833334944095576e+00
3.586000061035156250e+02 6.006325958254519648e+00
3.587000122070312500e+02 7.091192260341783182e+00
3.587999877929687500e+02 7.361461059068561852e+00
3.588999938964843750e+02 4.263511771007529205e+00
3.590000000000000000e+02 4.785166972518609896e+00
3.591000061035156250e+02 4.442169252335737895e+00
3.592000122070312500e+02 2.925992668193956092e+00
3.592999877929687500e+02 3.844028583001635191e+00
3.593999938964843750e+02 4.411408155542892118e+00
3.595000000000000000e+02 4.339142194121218488e+00
3.596000061035156250e+02 4.257224237399490185e+00
3.597000122070312500e+02 4.562078517701263713e+00
3.597999877929687500e+02 5.973381871521390885e+00
3.598999938964843750e+02 4.316664486583951188e+00
3.600000000000000000e+02 6.756479848930220911e+00
3.601000061035156250e+02 5.083981087789023690e+00
3.602000122070312500e+02 4.294340049936879566e+00
3.602999877929687500e+02 4.830507190803231765e+00
3.603999938964843750e+02 4.875288847373148826e+00
3.605000000000000000e+02 4.824455756965486231e+00
3.606000061035156250e+02 4.824247209607898768e+00
3.607000122070312500e+02 7.027984530468034841e+00
3.607999877929687500e+02 7.311722527199451704e+00
3.608999938964843750e+02 6.729728001689752048e+00
3.610000000000000000e+02 4.794629196496781987e+00
3.611000061035156250e+02 5.063127947903632631e+00
3.612000122070312500e+02 4.942812577697281107e+00
3.612999877929687500e+02 5.108388564267857923e+00
3.613999938964843750e+02 4.211073644655041193e+00
3.615000000000000000e+02 7.844825215317492884e+00
3.616000061035156250e+02 8.021196466681468351e+00
3.617000122070312500e+02 6.322138569362713234e+00
3.617999877929687500e+02 5.556249991156550827e+00
3.618999938964843750e+02 4.997667808088483987e+00
3.620000000000000000e+02 4.601866195758953282e+00
3.621000061035156250e+02 3.303991173619074129e+00
3.622000122070312500e+02 3.166863613193132032e+00
3.622999877929687500e+02 4.304315453736151653e+00
3.623999938964843750e+02 3.606240069501355006e+00
3.625000000000000000e+02 4.349430151513221432e+00
3.626000061035156250e+02 3.846430624663506936e+00
3.627000122070312500e+02 4.762273685023632908e+00
3.627999877929687500e+02 4.664156765498876922e+00
3.628999938964843750e+02 4.992282224471929375e+00
3.630000000000000000e+02 6.281849897437646213e+00
3.631000061035156250e+02 8.767501562951240501e+00
3.632000122070312500e+02 8.427423399220741018e+00
3.632999877929687500e+02 6.976603654840251245e+00
3.633999938964843750e+02 7.617414832915472722e+00
3.635000000000000000e+02 8.656214831762076400e+00
3.636000061035156250e+02 8.580228914203932078e+00
3.637000122070312500e+02 6.075629852588932067e+00
3.637999877929687500e+02 5.682344535965977883e+00
3.638999938964843750e+02 6.398199840043400144e+00
3.640000000000000000e+02 8.534430346197106942e+00
3.641000061035156250e+02 7.409975648792467950e+00
3.642000122070312500e+02 7.610280333998371560e+00
3.642999877929687500e+02 4.152743068638259594e+00
3.643999938964843750e+02 4.521600622363257216e+00
3.645000000000000000e+02 4.125465434219154126e+00
3.646000061035156250e+02 4.272729279570286920e+00
3.647000122070312500e+02 3.708218704742114902e+00
3.647999877929687500e+02 3.743284358044151272e+00
3.648999938964843750e+02 3.916108344251797657e+00
3.650000000000000000e+02 4.061917912687545318e+00
3.651000061035156250e+02 2.986371530062950086e+00
3.652000122070312500e+02 2.092418589928774608e+00
3.652999877929687500e+02 2.670440778218036826e+00
3.653999938964843750e+02 2.447942935663032227e+00
3.655000000000000000e+02 2.585596180281332312e+00
3.656000061035156250e+02 4.266524079550433335e+00
3.657000122070312500e+02 2.887310281715373961e+00
3.657999877929687500e+02 2.822448919904445575e+00
3.658999938964843750e+02 3.237505838634206157e+00
3.660000000000000000e+02 2.349001549731869698e+00
3.661000061035156250e+02 2.680813158872436652e+00
3.662000122070312500e+02 3.256058823267275582e+00
3.662999877929687500e+02 5.449635025352281836e+00
3.663999938964843750e+02 2.633575224777616963e+00
3.665000000000000000e+02 2.591736690454404801e+00
3.666000061035156250e+02 2.913893940536504967e+00
3.667000122070312500e+02 2.570838418823491178e+00
3.667999877929687500e+02 4.141040766289766140e+00
3.668999938964843750e+02 3.012334914238227412e+00
3.670000000000000000e+02 3.347534808159107644e+00
3.671000061035156250e+02 3.069374719610426627e+00
3.672000122070312500e+02 3.708321844776492071e+00
3.672999877929687500e+02 1.769824596778525549e+00
3.673999938964843750e+02 2.505531029639700424e+00
3.675000000000000000e+02 2.422725960414722213e+00
3.676000061035156250e+02 2.849889565341519937e+00
3.677000122070312500e+02 2.118583386609587560e+00
3.677999877929687500e+02 5.853306342457219813e+00
3.678999938964843750e+02 1.993129022179047638e+00
3.680000000000000000e+02 2.345100031633813309e+00
3.681000061035156250e+02 2.427909957005444319e+00
3.682000122070312500e+02 1.825636314240336899e+00
3.682999877929687500e+02 2.865692877218807499e+00
3.683999938964843750e+02 3.306684862362420319e+00
3.685000000000000000e+02 2.726885055985473372e+00
3.686000061035156250e+02 3.105370036902001196e+00
3.687000122070312500e+02 3.330308957140707626e+00
3.687999877929687500e+02 2.439957086876314296e+00
3.688999938964843750e+02 3.129200107448590451e+00
3.690000000000000000e+02 3.666557694418724367e+00
3.691000061035156250e+02 3.392127836560123288e+00
3.692000122070312500e+02 2.941339877201392117e+00
3.692999877929687500e+02 2.383199152100274887e+00
3.693999938964843750e+02 2.903766178529839426e+00
3.695000000000000000e+02 6.396375395639499750e+00
3.696000061035156250e+02 6.466688487272306496e+00
3.697000122070312500e+02 7.015227225285247670e+00
3.697999877929687500e+02 5.232496406355139129e+00
3.698999938964843750e+02 5.673196705463905865e+00
3.700000000000000000e+02 6.136186605717138143e+00
3.701000061035156250e+02 5.141006217912105214e+00
3.702000122070312500e+02 5.237430887931108892e+00
3.702999877929687500e+02 5.412116391099931256e+00
3.703999938964843750e+02 6.180360905789000547e+00
3.705000000000000000e+02 6.053993119738689366e+00
3.706000061035156250e+02 5.026860166918044825e+00
3.707000122070312500e+02 5.480162831305507076e+00
3.707999877929687500e+02 7.225455548701345876e+00
3.708999938964843750e+02 7.003214132066807096e+00
3.710000000000000000e+02 6.821354169785599275e+00
3.711000061035156250e+02 6.238718667163632325e+00
3.712000122070312500e+02 8.158206950167564031e+00
3.712999877929687500e+02 8.202017645107511967e+00
3.713999938964843750e+02 7.560798384135130057e+00
3.715000000000000000e+02 7.625443296884911071e+00
3.716000061035156250e+02 6.276850345636266759e+00
3.717000122070312500e+02 7.527817477935842660e+00
3.717999877929687500e+02 8.122449495723431667e+00
3.718999938964843750e+02 7.509799662753622762e+00
3.720000000000000000e+02 7.816991242084618818e+00
3.721000061035156250e+02 7.847971924655679388e+00
3.722000122070312500e+02 7.422092051401787849e+00
3.722999877929687500e+02 7.250487858887427528e+00
3.723999938964843750e+02 8.592120018796173042e+00
3.725000000000000000e+02 3.988376292445955595e+00
3.726000061035156250e+02 4.940679951377797252e+00
3.727000122070312500e+02 6.583526172738180193e+00
3.727999877929687500e+02 2.928628546263552401e+00
3.728999938964843750e+02 6.502763758024019403e+00
3.730000000000000000e+02 6.085545794226081107e+00
3.731000061035156250e+02 6.627004182533752008e+00
3.732000122070312500e+02 6.449509026209951479e+00
3.732999877929687500e+02 5.821369691972344107e+00
3.733999938964843750e+02 7.619571397717216144e+00
3.735000000000000000e+02 6.992821750275082238e+00
3.736000061035156250e+02 5.948588007475599682e+00
3.737000122070312500e+02 5.083423462031670503e+00
3.737999877929687500e+02 5.343998651876728623e+00
3.738999938964843750e+02 6.028377195223710849e+00
3.740000000000000000e+02 5.264057761410558811e+00
3.741000061035156250e+02 6.607543283382272925e+00
3.742000122070312500e+02 5.332212660289541439e+00
3.742999877929687500e+02 6.171489880514243076e+00
3.743999938964843750e+02 6.103848891053240244e+00
3.745000000000000000e+02 5.376499605981171825e+00
3.746000061035156250e+02 5.346232365849163060e+00
3.747000122070312500e+02 7.483687276383426124e+00
3.747999877929687500e+02 7.300430598179742603e+00
3.748999938964843750e+02 7.416971614545597724e+00
3.750000000000000000e+02 6.024259564499371500e+00
3.751000061035156250e+02 5.476425338485807259e+00
3.752000122070312500e+02 4.724388877539293041e+00
3.752999877929687500e+02 6.138230656182762424e+00
3.753999938964843750e+02 6.197319369636972830e+00
3.755000000000000000e+02 5.890235999962865954e+00
3.756000061035156250e+02 5.922845154407512247e+00
3.757000122070312500e+02 5.892745065287423145e+00
3.757999877929687500e+02 5.854264243905031861e+00
3.758999938964843750e+02 6.641433610007860366e+00
3.760000000000000000e+02 7.059617251409777694e+00
3.761000061035156250e+02 3.870189184774387225e+00
3.762000122070312500e+02 6.789203380809627042e+00
3.762999877929687500e+02 5.415499855688652886e+00
3.763999938964843750e+02 6.756563619053192582e+00
3.765000000000000000e+02 5.979577674997633707e+00
3.766000061035156250e+02 5.268818235844316966e+00
3.767000122070312500e+02 6.127963204190814750e+00
3.767999877929687500e+02 6.017164567173416856e+00
3.768999938964843750e+02 5.524661589327714672e+00
3.770000000000000000e+02 6.059100630355993111e+00
3.771000061035156250e+02 6.699405489618654563e+00
3.772000122070312500e+02 5.833552998681807544e+00
3.772999877929687500e+02 6.096178413417209896e+00
3.773999938964843750e+02 6.276982455776457748e+00
3.775000000000000000e+02 6.965179729562721356e+00
3.776000061035156250e+02 5.874066028999170186e+00
3.777000122070312500e+02 7.756095345488948745e+00
3.777999877929687500e+02 6.101327811418915559e+00
3.778999938964843750e+02 6.181175857511321148e+00
3.780000000000000000e+02 4.653624204818488153e+00
3.781000061035156250e+02 6.592147232440880522e+00
3.782000122070312500e+02 5.923429508104932850e+00
3.782999877929687500e+02 6.231710654748990663e+00
3.783999938964843750e+02 6.001560522225155125e+00
3.785000000000000000e+02 6.191325997535281900e+00
3.786000061035156250e+02 6.880496317126868711e+00
3.787000122070312500e+02 7.175659322554012398e+00
3.787999877929687500e+02 6.214538929241331999e+00
3.788999938964843750e+02 7.046575882967725413e+00
3.790000000000000000e+02 5.741663845040102743e+00
3.791000061035156250e+02 6.842022172012350190e+00
3.792000122070312500e+02 6.582923208264520376e+00
3.792999877929687500e+02 7.280512219922582240e+00
3.793999938964843750e+02 8.010562147008471356e+00
3.795000000000000000e+02 7.925188109301388728e+00
3.796000061035156250e+02 6.727645560677011360e+00
3.797000122070312500e+02 7.469376674113611614e+00
3.797999877929687500e+02 8.724868648921360048e+00
3.798999938964843750e+02 8.834261163473083656e+00
3.800000000000000000e+02 7.878597979937992157e+00
3.801000061035156250e+02 7.037490855259346922e+00
3.802000122070312500e+02 8.538789153154919376e+00
3.802999877929687500e+02 7.200032407411107727e+00
3.803999938964843750e+02 6.096659983654712178e+00
3.805000000000000000e+02 7.089976366342631842e+00
3.806000061035156250e+02 6.475458562629448522e+00
3.807000122070312500e+02 7.487868156713255452e+00
3.807999877929687500e+02 6.809061811688386534e+00
3.808999938964843750e+02 6.123962973372635510e+00
3.810000000000000000e+02 5.354616677963655924e+00
3.811000061035156250e+02 6.986038498342479031e+00
3.812000122070312500e+02 7.416096365006660918e+00
3.812999877929687500e+02 6.327275016556476395e+00
3.813999938964843750e+02 6.167935820808380321e+00
3.815000000000000000e+02 7.100039854718125376e+00
3.816000061035156250e+02 5.857178035050504938e+00
3.817000122070312500e+02 7.202314247760033261e+00
3.817999877929687500e+02 6.477505507664483630e+00
3.818999938964843750e+02 6.567736480861335657e+00
3.820000000000000000e+02 6.108858862161762104e+00
3.821000061035156250e+02 5.956469114708868418e+00
3.822000122070312500e+02 5.785555350481604187e+00
3.822999877929687500e+02 5.851624621794561776e+00
3.823999938964843750e+02 7.356982804960343181e+00
3.825000000000000000e+02 7.056246373939861982e+00
3.826000061035156250e+02 6.294416701808107639e+00
3.827000122070312500e+02 6.349763449244159474e+00
3.827999877929687500e+02 6.191727237364140102e+00
3.828999938964843750e+02 5.209761989431480167e+00
3.830000000000000000e+02 5.914864364579394795e+00
3.831000061035156250e+02 5.129456352501063243e+00
3.832000122070312500e+02 4.357091657104877669e+00
3.832999877929687500e+02 5.186684023001280508e+00
3.833999938964843750e+02 3.947414676448731008e+00
3.835000000000000000e+02 2.037658251289174771e+00
3.836000061035156250e+02 2.176638311417433691e+00
3.837000122070312500e+02 2.753997836787819509e+00
3.837999877929687500e+02 2.402194757903317601e+00
3.838999938964843750e+02 2.255220980409343490e+00
3.840000000000000000e+02 2.876182221926898208e+00
3.841000061035156250e+02 2.393693181404265236e+00
3.842000122070312500e+02 2.737273933277432736e+00
3.842999877929687500e+02 1.709826665246993338e+00
3.843999938964843750e+02 2.464996632216508665e+00
3.845000000000000000e+02 2.872506004238114308e+00
3.846000061035156250e+02 1.698479768569960413e+00
3.847000122070312500e+02 2.093540333484431581e+00
3.847999877929687500e+02 2.462018576409307880e+00
3.848999938964843750e+02 2.283310962228714658e+00
3.850000000000000000e+02 2.825999145754217956e+00
3.851000061035156250e+02 3.736225959838936017e+00
3.852000122070312500e+02 1.779431408612449861e+00
3.852999877929687500e+02 2.289212378811269932e+00
3.853999938964843750e+02 3.295540626722252231e+00
3.855000000000000000e+02 2.685080631624792158e+00
3.856000061035156250e+02 2.819992356858643578e+00
3.857000122070312500e+02 3.052236067453472312e+00
3.857999877929687500e+02 2.634654482070628134e+00
3.858999938964843750e+02 3.090071448593929571e+00
3.860000000000000000e+02 3.320570447298121675e+00
3.861000061035156250e+02 2.545530200263478537e+00
3.862000122070312500e+02 3.242922447371749950e+00
3.862999877929687500e+02 2.497027157198953518e+00
3.863999938964843750e+02 2.826699704634285659e+00
3.865000000000000000e+02 2.684065269738369341e+00
3.866000061035156250e+02 2.810388943543407514e+00
3.867000122070312500e+02 3.271162335996928849e+00
3.867999877929687500e+02 2.210815409064003312e+00
3.868999938964843750e+02 2.867862592545537659e+00
3.870000000000000000e+02 2.849359039990893905e+00
3.871000061035156250e+02 2.924320585606198453e+00
3.872000122070312500e+02 3.346254241865530776e+00
3.872999877929687500e+02 2.892010067691023867e+00
3.873999938964843750e+02 4.019646573946709545e+00
3.875000000000000000e+02 4.194481353611747565e+00
3.876000061035156250e+02 3.674313033679668550e+00
3.877000122070312500e+02 3.517272297803296421e+00
3.877999877929687500e+02 3.231289892606492131e+00
3.878999938964843750e+02 2.887160099868812502e+00
3.880000000000000000e+02 3.527979438484444064e+00
3.881000061035156250e+02 3.856672905487502856e+00
3.882000122070312500e+02 3.338741537230033529e+00
3.882999877929687500e+02 3.319611921000515498e+00
3.883999938964843750e+02 2.816080264179480430e+00
3.885000000000000000e+02 3.988217802254153010e+00
3.886000061035156250e+02 4.131230000215443177e+00
3.887000122070312500e+02 3.287091914151536898e+00
3.887999877929687500e+02 3.519223746351397786e+00
3.888999938964843750e+02 3.057527266461327553e+00
3.890000000000000000e+02 2.955728866380754383e+00
3.891000061035156250e+02 3.697084635598656632e+00
3.892000122070312500e+02 3.749253404838551962e+00
3.892999877929687500e+02 3.971992903353517068e+00
3.893999938964843750e+02 3.910762572679128635e+00
3.895000000000000000e+02 3.939292106054097964e+00
3.896000061035156250e+02 3.448232800976975376e+00
3.897000122070312500e+02 4.476104064572766106e+00
3.897999877929687500e+02 5.741848100483265327e+00
3.898999938964843750e+02 3.314185139700823068e+00
3.900000000000000000e+02 3.748410551052240969e+00
3.901000061035156250e+02 3.081375771229119209e+00
3.902000122070312500e+02 3.910935180807881828e+00
3.902999877929687500e+02 3.262217260440559485e+00
3.903999938964843750e+02 3.931405382751178124e+00
3.905000000000000000e+02 4.951570478142359732e+00
3.906000061035156250e+02 5.497962059271462643e+00
3.907000122070312500e+02 3.438576399328839628e+00
3.907999877929687500e+02 3.600472095946687379e+00
3.908999938964843750e+02 4.433608180338723059e+00
3.910000000000000000e+02 4.537069199488915849e+00
3.911000061035156250e+02 4.671484658305132598e+00
3.912000122070312500e+02 4.205443065841536487e+00
3.912999877929687500e+02 3.905562810841695764e+00
3.913999938964843750e+02 4.223138591806918640e+00
3.915000000000000000e+02 4.560354540368630971e+00
3.916000061035156250e+02 4.070129254491342330e+00
3.917000122070312500e+02 3.966072080057176930e+00
3.917999877929687500e+02 4.513616447710002255e+00
3.918999938964843750e+02 4.890829588126549332e+00
3.920000000000000000e+02 4.137178353598349290e+00
3.921000061035156250e+02 4.152311159612794178e+00
3.922000122070312500e+02 4.546151171427195159e+00
3.922999877929687500e+02 3.649976017368192327e+00
3.923999938964843750e+02 4.391473641549533902e+00
3.925000000000000000e+02 3.710913242796648248e+00
3.926000061035156250e+02 4.126931632122508020e+00
3.927000122070312500e+02 3.916747203909059394e+00
3.927999877929687500e+02 3.883644952802411510e+00
3.928999938964843750e+02 5.022161528798601005e+00
3.930000000000000000e+02 3.632012762956156493e+00
3.931000061035156250e+02 3.564052766996857802e+00
3.932000122070312500e+02 3.756331743371217335e+00
3.932999877929687500e+02 4.004441944606148773e+00
3.933999938964843750e+02 3.276987096671038824e+00
3.935000000000000000e+02 3.823424256722845804e+00
3.936000061035156250e+02 4.264427912195063008e+00
3.937000122070312500e+02 3.979655937415912170e+00
3.937999877929687500e+02 4.439945850477894140e+00
3.938999938964843750e+02 4.163318728133567959e+00
3.940000000000000000e+02 4.632679895793269331e+00
3.941000061035156250e+02 4.609612737895623980e+00
3.942000122070312500e+02 4.046660553780880853e+00
3.942999877929687500e+02 4.366826673813713811e+00
3.943999938964843750e+02 4.591837578043523216e+00
3.945000000000000000e+02 3.562805330199756426e+00
3.946000061035156250e+02 2.497039717243095147e+00
3.947000122070312500e+02 3.772051384095716386e+00
3.947999877929687500e+02 3.465328424591772816e+00
3.948999938964843750e+02 3.342646083449308136e+00
3.950000000000000000e+02 3.705966933694873955e+00
3.951000061035156250e+02 3.453567342545183827e+00
3.952000122070312500e+02 3.248815712848684090e+00
3.952999877929687500e+02 3.685635928696417984e+00
3.953999938964843750e+02 4.581987189254062010e+00
3.955000000000000000e+02 3.802200803099486048e+00
3.956000061035156250e+02 3.655683952663344005e+00
3.957000122070312500e+02 3.895277644368634551e+00
3.957999877929687500e+02 3.884544521992809418e+00
3.958999938964843750e+02 3.700513028235846047e+00
3.960000000000000000e+02 3.774418306703465564e+00
3.961000061035156250e+02 3.760193644757482190e+00
3.962000122070312500e+02 3.299193733840249276e+00
3.962999877929687500e+02 3.390062751859121981e+00
3.963999938964843750e+02 3.114773841278358990e+00
3.965000000000000000e+02 2.867987290493872354e+00
3.966000061035156250e+02 3.107353117835736978e+00
3.967000122070312500e+02 3.454150051014743372e+00
3.967999877929687500e+02 3.518794089468228581e+00
3.968999938964843750e+02 2.926518101224432122e+00
3.970000000000000000e+02 2.230731296664548946e+00
3.971000061035156250e+02 3.443509246594241624e+00
3.972000122070312500e+02 2.962786576232176117e+00
3.972999877929687500e+02 3.652812344015831325e+00
3.973999938964843750e+02 1.991532536451623869e+00
3.975000000000000000e+02 1.780579660570150047e+00
3.976000061035156250e+02 4.087841578747729798e+00
3.977000122070312500e+02 5.397009780009686786e+00
3.977999877929687500e+02 6.159225609740180296e+00
3.978999938964843750e+02 4.533409692745038910e+00
3.980000000000000000e+02 4.386065506980239448e+00
3.981000061035156250e+02 5.318498497981285489e+00
3.982000122070312500e+02 5.180190739335494676e+00
3.982999877929687500e+02 4.922544843404899950e+00
3.983999938964843750e+02 4.052439729374062161e+00
3.985000000000000000e+02 4.196609956466340385e+00
3.986000061035156250e+02 4.029585962003801924e+00
3.987000122070312500e+02 6.803994283372877483e+00
3.987999877929687500e+02 6.657504020417460033e+00
3.988999938964843750e+02 7.722501960353246986e+00
3.990000000000000000e+02 3.317486428887514993e+00
3.991000061035156250e+02 2.742215013151105829e+00
3.992000122070312500e+02 3.399749846779109852e+00
3.992999877929687500e+02 2.545681751927889369e+00
3.993999938964843750e+02 2.557640099088458019e+00
3.995000000000000000e+02 3.351449821972237508e+00
3.996000061035156250e+02 3.518974680196784721e+00
3.997000122070312500e+02 2.740317340670250790e+00
3.997999877929687500e+02 4.755761019699091818e+00
3.998999938964843750e+02 4.302626654935982842e+00
4.000000000000000000e+02 5.321107838854028493e+00
4.001000061035156250e+02 6.802490734833603447e+00
4.002000122070312500e+02 4.328695587262190614e+00
4.002999877929687500e+02 3.731077912836164412e+00
4.003999938964843750e+02 5.542383012806173070e+00
4.005000000000000000e+02 5.243612477523318383e+00
4.006000061035156250e+02 5.395728485754067272e+00
4.007000122070312500e+02 5.532452837839685778e+00
4.007999877929687500e+02 5.370526452552736529e+00
4.008999938964843750e+02 4.902799602153226743e+00
4.010000000000000000e+02 4.372157813233326529e+00
4.011000061035156250e+02 4.564972071396272923e+00
4.012000122070312500e+02 5.166825787167096173e+00
4.012999877929687500e+02 4.523918243154233743e+00
4.013999938964843750e+02 5.111365605873556817e+00
4.015000000000000000e+02 4.109954898342017771e+00
4.016000061035156250e+02 3.071386910021817407e+00
4.017000122070312500e+02 3.869406834701277997e+00
4.017999877929687500e+02 3.999910188819246315e+00
4.018999938964843750e+02 4.327488288116453141e+00
4.020000000000000000e+02 6.641852604710462238e+00
4.021000061035156250e+02 7.076711864267113405e+00
4.022000122070312500e+02 8.737537767802788125e+00
4.022999877929687500e+02 8.242074533557405047e+00
4.023999938964843750e+02 6.686942966596485682e+00
4.025000000000000000e+02 5.742475187200935416e+00
4.026000061035156250e+02 5.239228206085101647e+00
4.027000122070312500e+02 4.402556844898319000e+00
4.027999877929687500e+02 4.208360749147860069e+00
4.028999938964843750e+02 5.082131620977238029e+00
4.030000000000000000e+02 5.655593775122655487e+00
4.031000061035156250e+02 4.784047748116784682e+00
4.032000122070312500e+02 4.293675158643252665e+00
4.032999877929687500e+02 4.027371717798514439e+00
4.033999938964843750e+02 4.499989864675940865e+00
4.035000000000000000e+02 3.929877994384900930e+00
4.036000061035156250e+02 3.308015963297517015e+00
4.037000122070312500e+02 3.941536003039768143e+00
4.037999877929687500e+02 4.813135583859752487e+00
4.038999938964843750e+02 4.956943264840244723e+00
4.040000000000000000e+02 7.303161236736523954e+00
4.041000061035156250e+02 8.032181130981467021e+00
4.042000122070312500e+02 8.879226164789622899e+00
4.042999877929687500e+02 7.693088944841414367e+00
4.043999938964843750e+02 6.702852102535742596e+00
4.045000000000000000e+02 7.583793614348077305e+00
4.046000061035156250e+02 9.059683863043836993e+00
4.047000122070312500e+02 7.944362570488094022e+00
4.047999877929687500e+02 7.852748408781351941e+00
4.048999938964843750e+02 8.124508565542722494e+00
4.050000000000000000e+02 7.384131559936721878e+00
4.051000061035156250e+02 7.970525468372547273e+00
4.052000122070312500e+02 7.814346980430393330e+00
4.052999877929687500e+02 7.446763823244882730e+00
4.053999938964843750e+02 7.637425025548927771e+00
4.055000000000000000e+02 6.329472507283681715e+00
4.056000061035156250e+02 6.108300028024490125e+00
4.057000122070312500e+02 6.294298335087372465e+00
4.057999877929687500e+02 5.496575368632927727e+00
4.058999938964843750e+02 5.881361352088552152e+00
4.060000000000000000e+02 5.401855215381712760e+00
4.061000061035156250e+02 6.283323743449998666e+00
4.062000122070312500e+02 6.381085377359609900e+00
4.062999877929687500e+02 5.605118411149892843e+00
4.063999938964843750e+02 4.827730099135891351e+00
4.065000000000000000e+02 6.162451138408952644e+00
4.066000061035156250e+02 5.942103668881202339e+00
4.067000122070312500e+02 4.741149993631759152e+00
4.067999877929687500e+02 6.500138563202503938e+00
4.068999938964843750e+02 6.063455289231578504e+00
4.070000000000000000e+02 6.580183918142919808e+00
4.071000061035156250e+02 5.494729281922189124e+00
4.072000122070312500e+02 6.527762257211060515e+00
4.072999877929687500e+02 7.074729811776928834e+00
4.073999938964843750e+02 7.156422023695143686e+00
4.075000000000000000e+02 7.273445196197568130e+00
4.076000061035156250e+02 5.589321689576966179e+00
4.077000122070312500e+02 6.139858911728591551e+00
4.077999877929687500e+02 6.041478262784065301e+00
4.078999938964843750e+02 5.711128054587681468e+00
4.080000000000000000e+02 5.906378629728735952e+00
4.081000061035156250e+02 6.402870310311073787e+00
4.082000122070312500e+02 6.233355775705298640e+00
4.082999877929687500e+02 6.132727616368474521e+00
4.083999938964843750e+02 6.478135348434739704e+00
4.085000000000000000e+02 5.742150864241295949e+00
4.086000061035156250e+02 6.882613853337034016e+00
4.087000122070312500e+02 5.757486196483100116e+00
4.087999877929687500e+02 5.676031575855160050e+00
4.088999938964843750e+02 6.945720483164843806e+00
4.090000000000000000e+02 6.540873366889886853e+00
4.091000061035156250e+02 6.006411228007253911e+00
4.092000122070312500e+02 7.370827740049588073e+00
4.092999877929687500e+02 6.760095766904456127e+00
4.093999938964843750e+02 7.174001471394887197e+00
4.095000000000000000e+02 7.199024624599007716e+00
4.096000061035156250e+02 7.355206259279994718e+00
4.097000122070312500e+02 9.069877803265200100e+00
4.097999877929687500e+02 8.954573559382456693e+00
4.098999938964843750e+02 9.937412727267847856e+00
4.100000000000000000e+02 8.372461955255426247e+00
4.101000061035156250e+02 8.580460604208866471e+00
4.102000122070312500e+02 8.811749560499340106e+00
4.102999877929687500e+02 9.397454306220172526e+00
4.103999938964843750e+02 8.474592674399266556e+00
4.105000000000000000e+02 8.480905102572327436e+00
4.106000061035156250e+02 8.958365293473974589e+00
4.107000122070312500e+02 8.361234744957879883e+00
4.107999877929687500e+02 9.225805186969665783e+00
4.108999938964843750e+02 8.213042608136966294e+00
4.110000000000000000e+02 9.233883586568225610e+00
4.111000061035156250e+02 9.892028151091802002e+00
4.112000122070312500e+02 8.650967934525034764e+00
4.112999877929687500e+02 8.606015846035800720e+00
4.113999938964843750e+02 8.234339627312463605e+00
4.115000000000000000e+02 8.498092150836960457e+00
4.116000061035156250e+02 8.394032092669931444e+00
4.117000122070312500e+02 8.856723939024298886e+00
4.117999877929687500e+02 7.943495922170397350e+00
4.118999938964843750e+02 8.384288978789557589e+00
4.120000000000000000e+02 8.738045398466594449e+00
4.121000061035156250e+02 7.625344872571881538e+00
4.122000122070312500e+02 7.537077283527685800e+00
4.122999877929687500e+02 6.319827700485993738e+00
4.123999938964843750e+02 9.020303256841799566e+00
4.125000000000000000e+02 6.886540096447386183e+00
4.126000061035156250e+02 6.866879314470001994e+00
4.127000122070312500e+02 6.287528881442803197e+00
4.127999877929687500e+02 6.749261326155857610e+00
4.128999938964843750e+02 6.919249424435349738e+00
4.130000000000000000e+02 6.591119328904559538e+00
4.131000061035156250e+02 5.882681499501853928e+00
4.132000122070312500e+02 6.790995809112023274e+00
4.132999877929687500e+02 6.077803959181033555e+00
4.133999938964843750e+02 6.962057038289826139e+00
4.135000000000000000e+02 9.374495476858010434e+00
4.136000061035156250e+02 9.123190049816324532e+00
4.137000122070312500e+02 9.277933455316132338e+00
4.137999877929687500e+02 1.039796255305865635e+01
4.138999938964843750e+02 1.000853645513275403e+01
4.140000000000000000e+02 1.168983075562069551e+01
4.141000061035156250e+02 1.154794250647679199e+01
4.142000122070312500e+02 1.195539762822075680e+01
4.142999877929687500e+02 1.109207368424575435e+01
4.143999938964843750e+02 1.141023966060056871e+01
4.145000000000000000e+02 1.210674790983637372e+01
4.146000061035156250e+02 1.106397685756753191e+01
4.147000122070312500e+02 1.133999507565386544e+01
4.147999877929687500e+02 1.108945870681825774e+01
4.148999938964843750e+02 1.187572854989664073e+01
4.150000000000000000e+02 1.180339576312228012e+01
4.151000061035156250e+02 1.221292763121532410e+01
4.152000122070312500e+02 9.992525408983791380e+00
4.152999877929687500e+02 1.262719308367691085e+01
4.153999938964843750e+02 1.181419913021768942e+01
4.155000000000000000e+02 1.046849126272578800e+01
4.156000061035156250e+02 1.025241243465193186e+01
4.157000122070312500e+02 1.078882899656978722e+01
4.157999877929687500e+02 1.172145047322287503e+01
4.158999938964843750e+02 1.158141201685598354e+01
4.160000000000000000e+02 1.201328501495122048e+01
4.161000061035156250e+02 1.096871110370630298e+01
4.162000122070312500e+02 1.130126023149729697e+01
4.162999877929687500e+02 1.123859393418931774e+01
4.163999938964843750e+02 1.192149023491921866e+01
4.165000000000000000e+02 1.162894103145598024e+01
4.166000061035156250e+02 1.156093130553976067e+01
4.167000122070312500e+02 1.276409989382697674e+01
4.167999877929687500e+02 1.165619273034655912e+01
4.168999938964843750e+02 1.050973139124407219e+01
4.170000000000000000e+02 1.027573049906028757e+01
4.171000061035156250e+02 1.067228178022272189e+01
4.172000122070312500e+02 1.060809254576789051e+01
4.172999877929687500e+02 9.089009408534673540e+00
4.173999938964843750e+02 9.287883931073364963e+00
4.175000000000000000e+02 7.071826873347593079e+00
4.176000061035156250e+02 6.968460264263518056e+00
4.177000122070312500e+02 8.081485128109930471e+00
4.177999877929687500e+02 8.229680347732209356e+00
4.178999938964843750e+02 7.076525192182785418e+00
4.180000000000000000e+02 7.145611106217057085e+00
4.181000061035156250e+02 8.986006028177410343e+00
4.182000122070312500e+02 1.003894428174541176e+01
4.182999877929687500e+02 9.032677394740135313e+00
4.183999938964843750e+02 1.099855657234753181e+01
4.185000000000000000e+02 8.378649436097655112e+00
4.186000061035156250e+02 8.797232015698400076e+00
4.187000122070312500e+02 1.065067066241388538e+01
4.187999877929687500e+02 7.310445129041532653e+00
4.188999938964843750e+02 9.359476926833121269e+00
4.190000000000000000e+02 7.088791121214155666e+00
4.191000061035156250e+02 6.721649196364393397e+00
4.192000122070312500e+02 7.649677132686005798e+00
4.192999877929687500e+02 5.783384253165945843e+00
4.193999938964843750e+02 6.294590801172463834e+00
4.195000000000000000e+02 5.346394067509691261e+00
4.196000061035156250e+02 5.683488415763270574e+00
4.197000122070312500e+02 9.466233215003686752e+00
4.197999877929687500e+02 1.010281952750299084e+01
4.198999938964843750e+02 1.055595613977738090e+01
4.200000000000000000e+02 1.116706546946953260e+01
4.201000061035156250e+02 1.176718883101421120e+01
4.202000122070312500e+02 8.914141669912531540e+00
4.202999877929687500e+02 1.009578862251431453e+01
4.203999938964843750e+02 1.059343688204055844e+01
4.205000000000000000e+02 8.274841252551508930e+00
4.206000061035156250e+02 8.337738813177139718e+00
4.207000122070312500e+02 1.212802704864153291e+01
4.207999877929687500e+02 1.102958918617357575e+01
4.208999938964843750e+02 1.272415698188866351e+01
4.210000000000000000e+02 9.233868066826968146e+00
4.211000061035156250e+02 1.160306215328377277e+01
4.212000122070312500e+02 1.236866337660011617e+01
4.212999877929687500e+02 1.299495384658719388e+01
4.213999938964843750e+02 1.249513753692426121e+01
4.215000000000000000e+02 1.026362203547196827e+01
4.216000061035156250e+02 1.073105321950657220e+01
4.217000122070312500e+02 9.511544952048401669e+00
4.217999877929687500e+02 1.195661713792605418e+01
4.218999938964843750e+02 1.003986149246652104e+01
4.220000000000000000e+02 1.157140082580183638e+01
4.221000061035156250e+02 9.132340989116899621e+00
4.222000122070312500e+02 1.030647713511556240e+01
4.222999877929687500e+02 9.300598799593865706e+00
4.223999938964843750e+02 7.382006388605301339e+00
4.225000000000000000e+02 9.327621283834162114e+00
4.226000061035156250e+02 7.641663143333127017e+00
4.227000122070312500e+02 6.427672190507005112e+00
4.227999877929687500e+02 7.494895361478755014e+00
4.228999938964843750e+02 7.406548138772199863e+00
4.230000000000000000e+02 6.762047281977209501e+00
4.231000061035156250e+02 7.329521202096662691e+00
4.232000122070312500e+02 6.806064564846752596e+00
4.232999877929687500e+02 7.680382376836824676e+00
4.233999938964843750e+02 8.832533844322030703e+00
4.235000000000000000e+02 7.987256049951470871e+00
4.236000061035156250e+02 8.424326572659099455e+00
4.237000122070312500e+02 8.148851250108430477e+00
4.237999877929687500e+02 8.410587634210095587e+00
4.238999938964843750e+02 9.473704359436361244e+00
4.240000000000000000e+02 7.125535391305596100e+00
4.241000061035156250e+02 9.068563965456512221e+00
4.242000122070312500e+02 8.637381080135705602e+00
4.242999877929687500e+02 8.227290446868366303e+00
4.243999938964843750e+02 5.725129664905328930e+00
4.245000000000000000e+02 6.152181468986523072e+00
4.246000061035156250e+02 6.106003674251909707e+00
4.247000122070312500e+02 7.955164362998269567e+00
4.247999877929687500e+02 6.296408886901085467e+00
4.248999938964843750e+02 6.328529935728964162e+00
4.250000000000000000e+02 6.570358786534727713e+00
4.251000061035156250e+02 6.273806932618587240e+00
4.252000122070312500e+02 8.297903734787173136e+00
4.252999877929687500e+02 5.208528242628500671e+00
4.253999938964843750e+02 7.681679230984758355e+00
4.255000000000000000e+02 7.491620310454825571e+00
4.256000061035156250e+02 6.408261507835881332e+00
4.257000122070312500e+02 6.325854092596095768e+00
4.257999877929687500e+02 6.186474652714433198e+00
4.258999938964843750e+02 7.315703045832235851e+00
4.260000000000000000e+02 7.344186644452244117e+00
4.261000061035156250e+02 8.928521041524984270e+00
4.262000122070312500e+02 9.328547843192247058e+00
4.262999877929687500e+02 9.278346017316387417e+00
4.263999938964843750e+02 1.182250143973472412e+01
4.265000000000000000e+02 6.280310388009754163e+00
4.266000061035156250e+02 7.660563476836647290e+00
4.267000122070312500e+02 6.418809693490035606e+00
4.267999877929687500e+02 7.975675135559967543e+00
4.268999938964843750e+02 7.234791924647555383e+00
4.270000000000000000e+02 8.006579546474583253e+00
4.271000061035156250e+02 7.238542701268903201e+00
4.272000122070312500e+02 6.130299433147545329e+00
4.272999877929687500e+02 6.340688425922909488e+00
4.273999938964843750e+02 8.828791562811568738e+00
4.275000000000000000e+02 8.856325620965749934e+00
4.276000061035156250e+02 1.005384853272147971e+01
4.277000122070312500e+02 8.084505445824506253e+00
4.277999877929687500e+02 1.107249636292692507e+01
4.278999938964843750e+02 9.402493182291797424e+00
4.280000000000000000e+02 9.528041128367890522e+00
4.281000061035156250e+02 7.852955940213009356e+00
4.282000122070312500e+02 8.716560251885104194e+00
4.282999877929687500e+02 8.516115068575180302e+00
4.283999938964843750e+02 6.476331369278032213e+00
4.285000000000000000e+02 4.593559552711159455e+00
4.286000061035156250e+02 3.933926810162779564e+00
4.287000122070312500e+02 4.523810140351830711e+00
4.287999877929687500e+02 5.894707191515498046e+00
4.288999938964843750e+02 5.216412043980096946e+00
4.290000000000000000e+02 4.203814618884966769e+00
4.291000061035156250e+02 5.052807962715964329e+00
4.292000122070312500e+02 3.933050756528611913e+00
4.292999877929687500e+02 6.742309859573020425e+00
4.293999938964843750e+02 7.822365810798999952e+00
4.295000000000000000e+02 6.061813419677787529e+00
4.296000061035156250e+02 9.388988442010294477e+00
4.297000122070312500e+02 1.011342543923094617e+01
4.297999877929687500e+02 5.749453848138620593e+00
4.298999938964843750e+02 6.651210404378585572e+00
4.300000000000000000e+02 7.020205306149659208e+00
4.301000061035156250e+02 7.810283634408111908e+00
4.302000122070312500e+02 7.174136723210619238e+00
4.302999877929687500e+02 6.665780933007908082e+00
4.303999938964843750e+02 6.033731881766033034e+00
4.305000000000000000e+02 5.716360276379149674e+00
4.306000061035156250e+02 5.309802711201049519e+00
4.307000122070312500e+02 5.664333602402773948e+00
4.307999877929687500e+02 6.716150076121143009e+00
4.308999938964843750e+02 8.174532978815868489e+00
4.310000000000000000e+02 7.351320502571732973e+00
4.311000061035156250e+02 5.201598377690291208e+00
4.312000122070312500e+02 6.213962722474568601e+00
4.312999877929687500e+02 6.053497528595304544e+00
4.313999938964843750e+02 8.426042427865503726e+00
4.315000000000000000e+02 8.370199780681556234e+00
4.316000061035156250e+02 7.304349622128738950e+00
4.317000122070312500e+02 8.629712162358856631e+00
4.317999877929687500e+02 7.043945360513482967e+00
4.318999938964843750e+02 8.849978143767907923e+00
4.320000000000000000e+02 6.884347432279809276e+00
4.321000061035156250e+02 8.369085284346216014e+00
4.322000122070312500e+02 7.965287699449289605e+00
4.322999877929687500e+02 7.608106115802006464e+00
4.323999938964843750e+02 1.013578135807716230e+01
4.325000000000000000e+02 8.503744578956595745e+00
4.326000061035156250e+02 8.485460151771318849e+00
4.327000122070312500e+02 8.470277015510637497e+00
4.327999877929687500e+02 8.670173434276453150e+00
4.328999938964843750e+02 8.394902236198152679e+00
4.330000000000000000e+02 7.756734067257099241e+00
4.331000061035156250e+02 7.581291602573342558e+00
4.332000122070312500e+02 8.735195060463746941e+00
4.332999877929687500e+02 8.706431345203252903e+00
4.333999938964843750e+02 7.398676310533057965e+00
4.335000000000000000e+02 9.068874928705373151e+00
4.336000061035156250e+02 8.790791472921851479e+00
4.337000122070312500e+02 9.524990849326659514e+00
4.337999877929687500e+02 9.155294944984692762e+00
4.338999938964843750e+02 8.407032539564136542e+00
4.340000000000000000e+02 8.694060616965893828e+00
4.341000061035156250e+02 7.579638610916850539e+00
4.342000122070312500e+02 7.665458913325308821e+00
4.342999877929687500e+02 7.652744060005786331e+00
4.343999938964843750e+02 6.784350583193410777e+00
4.345000000000000000e+02 7.121986458718949642e+00
4.346000061035156250e+02 7.671508180080718553e+00
4.347000122070312500e+02 7.758928101081892237e+00
4.347999877929687500e+02 8.329966804739255437e+00
4.348999938964843750e+02 8.142736319790930821e+00
4.350000000000000000e+02 9.388754235462066333e+00
4.351000061035156250e+02 9.001820939323415871e+00
4.352000122070312500e+02 8.115102277177935974e+00
4.352999877929687500e+02 9.476054023143152705e+00
4.353999938964843750e+02 9.679475709928084370e+00
4.355000000000000000e+02 7.385015838622694950e+00
4.356000061035156250e+02 9.866752664491862390e+00
4.357000122070312500e+02 1.101872425322492610e+01
4.357999877929687500e+02 1.051219722734209050e+01
4.358999938964843750e+02 1.161216115450193698e+01
4.360000000000000000e+02 1.500242302533357197e+01
4.361000061035156250e+02 1.128358029800288520e+01
4.362000122070312500e+02 8.103468731128057101e+00
4.362999877929687500e+02 8.635062262003572187e+00
4.363999938964843750e+02 7.308906955970448927e+00
4.365000000000000000e+02 1.260006197335114919e+01
4.366000061035156250e+02 1.571442658826606475e+01
4.367000122070312500e+02 1.544604214900811279e+01
4.367999877929687500e+02 1.611865152165053061e+01
4.368999938964843750e+02 1.528037400212028629e+01
4.370000000000000000e+02 1.429238455941556296e+01
4.371000061035156250e+02 1.331723095346088392e+01
4.372000122070312500e+02 1.355147624949062823e+01
4.372999877929687500e+02 1.417419893094321992e+01
4.373999938964843750e+02 1.445699087091707291e+01
4.375000000000000000e+02 1.499381219215503869e+01
4.376000061035156250e+02 1.511080599192088414e+01
4.377000122070312500e+02 1.206714383197379092e+01
4.377999877929687500e+02 1.359901486914327329e+01
4.378999938964843750e+02 1.345882853352427588e+01
4.380000000000000000e+02 1.299966881354379566e+01
4.381000061035156250e+02 1.180726542661338385e+01
4.382000122070312500e+02 1.486364674011266018e+01
4.382999877929687500e+02 1.333835173424342813e+01
4.383999938964843750e+02 1.438760695444686988e+01
4.385000000000000000e+02 1.305967369895235741e+01
4.386000061035156250e+02 1.509396307551447514e+01
4.387000122070312500e+02 1.532562743738380817e+01
4.387999877929687500e+02 1.420256439538620263e+01
4.388999938964843750e+02 1.504405566228843050e+01
4.390000000000000000e+02 1.487211475614374301e+01
4.391000061035156250e+02 1.397913169608531270e+01
4.392000122070312500e+02 1.453800301232661774e+01
4.392999877929687500e+02 1.327661536124027997e+01
4.393999938964843750e+02 1.329229758551355545e+01
4.395000000000000000e+02 1.470118131060144151e+01
4.396000061035156250e+02 1.313428381139899415e+01
4.397000122070312500e+02 1.063306532180520492e+01
4.397999877929687500e+02 1.346183859614228417e+01
4.398999938964843750e+02 1.410694963241501831e+01
4.400000000000000000e+02 1.222376563580015585e+01
4.401000061035156250e+02 1.348343778239694402e+01
4.402000122070312500e+02 1.489977562103760178e+01
4.402999877929687500e+02 1.217324200803988710e+01
4.403999938964843750e+02 1.263879485276022763e+01
4.405000000000000000e+02 1.323651176436162480e+01
4.406000061035156250e+02 1.198265433378524314e+01
4.407000122070312500e+02 1.245884918880007675e+01
4.407999877929687500e+02 1.065397679082053273e+01
4.408999938964843750e+02 6.492162738352447171e+00
4.410000000000000000e+02 5.508168110651313398e+00
4.411000061035156250e+02 5.171563427187297890e+00
4.412000122070312500e+02 4.835698994741345125e+00
4.412999877929687500e+02 4.109512821898120727e+00
4.413999938964843750e+02 4.750915874541643547e+00
4.415000000000000000e+02 4.560196621730546518e+00
4.416000061035156250e+02 4.091932920159631060e+00
4.417000122070312500e+02 3.784415979350724157e+00
4.417999877929687500e+02 4.562093196001992368e+00
4.418999938964843750e+02 4.651076597020078474e+00
4.420000000000000000e+02 4.708052319686184539e+00
4.421000061035156250e+02 5.267651986724415814e+00
4.422000122070312500e+02 5.064074071967386459e+00
4.422999877929687500e+02 4.874893586556150460e+00
4.423999938964843750e+02 5.381804182632630607e+00
4.425000000000000000e+02 5.135261772798140889e+00
4.426000061035156250e+02 4.315430531751564658e+00
4.427000122070312500e+02 4.973596779489482422e+00
4.427999877929687500e+02 5.322140218393910160e+00
4.428999938964843750e+02 8.103834762782344825e+00
4.430000000000000000e+02 6.915672036771578490e+00
4.431000061035156250e+02 7.586598811777949258e+00
4.432000122070312500e+02 6.336818091333653591e+00
4.432999877929687500e+02 6.621877385596417476e+00
4.433999938964843750e+02 7.166323709308366041e+00
4.435000000000000000e+02 7.289012440999676379e+00
4.436000061035156250e+02 6.095846872647205927e+00
4.437000122070312500e+02 6.257824359425809391e+00
4.437999877929687500e+02 8.003593029658524927e+00
4.438999938964843750e+02 6.803601916391514237e+00
4.440000000000000000e+02 6.824183640190317313e+00
4.441000061035156250e+02 7.846089947661010200e+00
4.442000122070312500e+02 6.699692913563675134e+00
4.442999877929687500e+02 7.537707029727005015e+00
4.443999938964843750e+02 8.906497760547756215e+00
4.445000000000000000e+02 8.331530076214429315e+00
4.446000061035156250e+02 8.348270330020213237e+00
4.447000122070312500e+02 1.182196756172213803e+01
4.447999877929687500e+02 9.009322641782818053e+00
4.448999938964843750e+02 6.549273816772897661e+00
4.450000000000000000e+02 7.914124472358625262e+00
4.451000061035156250e+02 8.175941095112555956e+00
4.452000122070312500e+02 9.412200871923843692e+00
4.452999877929687500e+02 8.458416638251613051e+00
4.453999938964843750e+02 7.158231637507215694e+00
4.455000000000000000e+02 8.515713590255749921e+00
4.456000061035156250e+02 4.080279261191694928e+00
4.457000122070312500e+02 4.724429275451501375e+00
4.457999877929687500e+02 5.244850667437839675e+00
4.458999938964843750e+02 5.374095233901795332e+00
4.460000000000000000e+02 7.373252899691098428e+00
4.461000061035156250e+02 5.877470045943595345e+00
4.462000122070312500e+02 4.527886860024516125e+00
4.462999877929687500e+02 5.460067846453823037e+00
4.463999938964843750e+02 5.404896447723662511e+00
4.465000000000000000e+02 5.929231405090303220e+00
4.466000061035156250e+02 5.357296848763147601e+00
4.467000122070312500e+02 5.172344003479432573e+00
4.467999877929687500e+02 5.069096225226709329e+00
4.468999938964843750e+02 4.797647198035122962e+00
4.470000000000000000e+02 4.940194102323130387e+00
4.471000061035156250e+02 7.126993839347305126e+00
4.472000122070312500e+02 5.887371210274441324e+00
4.472999877929687500e+02 4.937381886914828044e+00
4.473999938964843750e+02 5.352336442437080066e+00
4.475000000000000000e+02 5.612514683221977663e+00
4.476000061035156250e+02 5.367228585282772357e+00
4.477000122070312500e+02 5.765317144954675399e+00
4.477999877929687500e+02 6.114110800642673205e+00
4.478999938964843750e+02 6.062803911089233111e+00
4.480000000000000000e+02 4.990706325702443102e+00
4.481000061035156250e+02 5.219320086646651369e+00
4.482000122070312500e+02 5.669939872770903833e+00
4.482999877929687500e+02 5.330953663559258260e+00
4.483999938964843750e+02 6.108679536210331662e+00
4.485000000000000000e+02 4.275216114579113658e+00
4.486000061035156250e+02 5.613130505068370191e+00
4.487000122070312500e+02 8.066934167240086495e+00
4.487999877929687500e+02 4.455504682439432429e+00
4.488999938964843750e+02 7.303567068645417493e+00
4.490000000000000000e+02 9.094527626685183108e+00
4.491000061035156250e+02 7.557757585125387756e+00
4.492000122070312500e+02 8.047132602647996791e+00
4.492999877929687500e+02 6.668552330569002429e+00
4.493999938964843750e+02 7.035281105390814638e+00
4.495000000000000000e+02 9.873426908194332441e+00
4.496000061035156250e+02 7.653200191659165874e+00
4.497000122070312500e+02 5.717578306717145509e+00
4.497999877929687500e+02 1.175032955286699021e+01
4.498999938964843750e+02 8.665611547214593813e+00
4.500000000000000000e+02 6.643541829390867903e+00
4.501000061035156250e+02 9.224323279129768238e+00
4.502000122070312500e+02 9.059789785663822315e+00
4.502999877929687500e+02 7.850519472199463777e+00
4.503999938964843750e+02 7.065914421295340198e+00
4.505000000000000000e+02 7.192256376083630443e+00
4.506000061035156250e+02 8.237856548159751213e+00
4.507000122070312500e+02 6.809319764046330548e+00
4.507999877929687500e+02 3.719866237999857272e+00
4.508999938964843750e+02 5.609583030439592832e+00
4.510000000000000000e+02 6.448425882377686769e+00
4.511000061035156250e+02 4.930639833235129110e+00
4.512000122070312500e+02 5.940486905940111306e+00
4.512999877929687500e+02 5.953981489481588341e+00
4.513999938964843750e+02 7.897686579272474638e+00
4.515000000000000000e+02 6.277422278874293049e+00
4.516000061035156250e+02 6.227989921850277000e+00
4.517000122070312500e+02 7.109788782689304476e+00
4.517999877929687500e+02 6.629162486434185375e+00
4.518999938964843750e+02 5.123525813212220115e+00
4.520000000000000000e+02 5.088649565960286836e+00
4.521000061035156250e+02 5.472216919372690391e+00
4.522000122070312500e+02 5.709771905551266791e+00
4.522999877929687500e+02 6.022958718082446872e+00
4.523999938964843750e+02 5.995532617695341848e+00
4.525000000000000000e+02 5.855070075587713418e+00
4.526000061035156250e+02 6.196111292888680566e+00
4.527000122070312500e+02 5.740856052763121831e+00
4.527999877929687500e+02 6.902381912818528420e+00
4.528999938964843750e+02 5.617768401200161854e+00
4.530000000000000000e+02 5.939281882039051830e+00
4.531000061035156250e+02 6.171417979942028786e+00
4.532000122070312500e+02 6.281287370082645261e+00
4.532999877929687500e+02 7.325923374386991149e+00
4.533999938964843750e+02 7.785707818255189316e+00
4.535000000000000000e+02 7.731507433907408355e+00
4.536000061035156250e+02 5.698875914714407465e+00
4.537000122070312500e+02 7.756587513506897125e+00
4.537999877929687500e+02 5.772315446716456577e+00
4.538999938964843750e+02 8.130379866263460542e+00
4.540000000000000000e+02 7.573754279784966847e+00
4.541000061035156250e+02 6.324117315614118162e+00
4.542000122070312500e+02 7.757245019180439627e+00
4.542999877929687500e+02 6.710675828810225063e+00
4.543999938964843750e+02 6.929175616773775026e+00
4.545000000000000000e+02 7.420631124239156939e+00
4.546000061035156250e+02 6.995616213389204141e+00
4.547000122070312500e+02 5.576272742488407985e+00
4.547999877929687500e+02 6.081024537633600069e+00
4.548999938964843750e+02 6.258855142559983875e+00
4.550000000000000000e+02 7.623762898681561317e+00
4.551000061035156250e+02 6.372264129217222184e+00
4.552000122070312500e+02 7.837386165764202772e+00
4.552999877929687500e+02 6.708826921073228533e+00
4.553999938964843750e+02 8.776220355051830069e+00
4.555000000000000000e+02 6.724622826505073370e+00
4.556000061035156250e+02 7.030354888560816917e+00
4.557000122070312500e+02 8.762991788919768155e+00
4.557999877929687500e+02 7.071663799396983308e+00
4.558999938964843750e+02 6.010090282190959421e+00
4.560000000000000000e+02 6.206594541770026119e+00
4.561000061035156250e+02 6.313492477063972430e+00
4.562000122070312500e+02 6.538043192942526005e+00
4.562999877929687500e+02 8.120486828829278636e+00
4.563999938964843750e+02 6.754177515567948653e+00
4.565000000000000000e+02 6.304645975224584475e+00
4.566000061035156250e+02 7.079770297839244719e+00
4.567000122070312500e+02 6.036784431797067363e+00
4.567999877929687500e+02 6.699085139264203015e+00
4.568999938964843750e+02 7.011529947970410959e+00
4.570000000000000000e+02 7.147690290790073675e+00
4.571000061035156250e+02 5.569406017572385181e+00
4.572000122070312500e+02 6.521456639561820978e+00
4.572999877929687500e+02 6.420195865122867218e+00
4.573999938964843750e+02 6.049627352637180877e+00
4.575000000000000000e+02 7.638929320559240566e+00
4.576000061035156250e+02 6.744748797932063944e+00
4.577000122070312500e+02 5.913601631245682277e+00
4.577999877929687500e+02 6.168024935904522721e+00
4.578999938964843750e+02 5.964696095572776358e+00
4.580000000000000000e+02 6.601048302616528751e+00
4.581000061035156250e+02 7.408327190184953892e+00
4.582000122070312500e+02 6.088390213771570636e+00
4.582999877929687500e+02 6.142047640542172893e+00
4.583999938964843750e+02 6.391626532882856537e+00
4.585000000000000000e+02 6.385031919475919082e+00
4.586000061035156250e+02 5.709098548293386699e+00
4.587000122070312500e+02 6.051065072445165782e+00
4.587999877929687500e+02 6.060474006198606212e+00
4.588999938964843750e+02 5.679944910547375159e+00
4.590000000000000000e+02 6.710142251731794794e+00
4.591000061035156250e+02 6.570572567607605663e+00
4.592000122070312500e+02 5.631989257673338578e+00
4.592999877929687500e+02 5.610118704763505271e+00
4.593999938964843750e+02 6.866646383853692193e+00
4.595000000000000000e+02 7.086707827757297906e+00
4.596000061035156250e+02 7.400372190470849709e+00
4.597000122070312500e+02 6.290558379477028339e+00
4.597999877929687500e+02 6.584146077452508017e+00
4.598999938964843750e+02 6.969169273615007043e+00
4.600000000000000000e+02 7.364842234336589577e+00
4.601000061035156250e+02 6.933081858753601168e+00
4.602000122070312500e+02 5.814270136705661507e+00
4.602999877929687500e+02 6.978038257197919592e+00
4.603999938964843750e+02 6.651094955059396518e+00
4.605000000000000000e+02 6.351405544414254756e+00
4.606000061035156250e+02 8.287612779283705322e+00
4.607000122070312500e+02 5.504902574220498224e+00
4.607999877929687500e+02 6.344963382231060045e+00
4.608999938964843750e+02 5.255558892296959606e+00
4.610000000000000000e+02 5.279099413244432881e+00
4.611000061035156250e+02 6.181624817513521108e+00
4.612000122070312500e+02 6.252745226387997235e+00
4.612999877929687500e+02 6.050435280503045021e+00
4.613999938964843750e+02 6.908189481141457478e+00
4.615000000000000000e+02 7.310086597112443130e+00
4.616000061035156250e+02 6.572561255383347678e+00
4.617000122070312500e+02 6.001286929307871887e+00
4.617999877929687500e+02 7.417914886203717195e+00
4.618999938964843750e+02 8.124609111047590204e+00
4.620000000000000000e+02 5.529986873746000953e+00
4.621000061035156250e+02 5.871199000205354679e+00
4.622000122070312500e+02 5.284057916390775489e+00
4.622999877929687500e+02 3.875528276067905065e+00
4.623999938964843750e+02 4.211682942604362268e+00
4.625000000000000000e+02 4.682268899732682677e+00
4.626000061035156250e+02 3.705195515498615144e+00
4.627000122070312500e+02 4.736040559760939850e+00
4.627999877929687500e+02 3.831028876056941979e+00
4.628999938964843750e+02 5.546529582317654139e+00
4.630000000000000000e+02 5.818057256025602975e+00
4.631000061035156250e+02 8.229387216816160588e+00
4.632000122070312500e+02 4.804052652510938159e+00
4.632999877929687500e+02 7.418666495275738626e+00
4.633999938964843750e+02 5.893089146989944460e+00
4.635000000000000000e+02 6.317256976410707381e+00
4.636000061035156250e+02 5.982625170144661553e+00
4.637000122070312500e+02 4.721677218183418567e+00
4.637999877929687500e+02 5.459829591510265701e+00
4.638999938964843750e+02 5.948733086620169530e+00
4.640000000000000000e+02 4.477932448799804455e+00
4.641000061035156250e+02 2.915059067971134787e+00
4.642000122070312500e+02 3.619201854177884314e+00
4.642999877929687500e+02 2.863796011233471717e+00
4.643999938964843750e+02 2.794590547190427543e+00
4.645000000000000000e+02 2.344752524294221541e+00
4.646000061035156250e+02 2.267927805952975717e+00
4.647000122070312500e+02 1.896162337819698118e+00
4.647999877929687500e+02 2.701221208783255001e+00
4.648999938964843750e+02 2.818225870476093409e+00
4.650000000000000000e+02 2.434598061533662872e+00
4.651000061035156250e+02 2.785786132196089060e+00
4.652000122070312500e+02 2.947136409493838372e+00
4.652999877929687500e+02 4.105341928019210940e+00
4.653999938964843750e+02 3.367413886751575269e+00
4.655000000000000000e+02 3.171963815077416093e+00
4.656000061035156250e+02 2.377998069496130462e+00
4.657000122070312500e+02 3.394368059079139854e+00
4.657999877929687500e+02 2.697805569809772930e+00
4.658999938964843750e+02 3.006490583801826322e+00
4.660000000000000000e+02 3.640887686800275969e+00
4.661000061035156250e+02 3.446765563917768560e+00
4.662000122070312500e+02 2.558911597495717949e+00
4.662999877929687500e+02 3.748808282450581508e+00
4.663999938964843750e+02 6.411877729454548813e+00
4.665000000000000000e+02 6.537737034421117421e+00
4.666000061035156250e+02 6.001593650464843499e+00
4.667000122070312500e+02 4.903692357993693740e+00
4.667999877929687500e+02 5.434752919716825836e+00
4.668999938964843750e+02 2.430571898471710846e+00
4.670000000000000000e+02 2.996820537865616085e+00
4.671000061035156250e+02 2.732003813067736875e+00
4.672000122070312500e+02 2.424114158258494633e+00
4.672999877929687500e+02 2.508047752354456428e+00
4.673999938964843750e+02 2.881236677517751144e+00
4.675000000000000000e+02 2.901629156278487276e+00
4.676000061035156250e+02 6.264498094714993748e+00
4.677000122070312500e+02 4.716613652776720400e+00
4.677999877929687500e+02 3.972546868027733602e+00
4.678999938964843750e+02 5.596038670641225288e+00
4.680000000000000000e+02 7.463760524812348862e+00
4.681000061035156250e+02 7.094210099504291378e+00
4.682000122070312500e+02 3.432532328838825642e+00
4.682999877929687500e+02 4.248939845064462872e+00
4.683999938964843750e+02 4.836381596384262238e+00
4.685000000000000000e+02 5.111548936443895741e+00
4.686000061035156250e+02 4.258608463039481151e+00
4.687000122070312500e+02 4.996350205300911895e+00
4.687999877929687500e+02 3.768364644557305798e+00
4.688999938964843750e+02 4.562880289744539297e+00
4.690000000000000000e+02 4.776727787145147452e+00
4.691000061035156250e+02 4.904802699818173295e+00
4.692000122070312500e+02 5.703059585932142461e+00
4.692999877929687500e+02 8.540079450986640452e+00
4.693999938964843750e+02 8.909287055842638026e+00
4.695000000000000000e+02 7.573352403983290237e+00
4.696000061035156250e+02 8.067812621758212899e+00
4.697000122070312500e+02 8.507063176685960570e+00
4.697999877929687500e+02 7.865252521957774690e+00
4.698999938964843750e+02 7.516586958760052006e+00
4.700000000000000000e+02 8.225529833932100132e+00
4.701000061035156250e+02 7.266751204090806660e+00
4.702000122070312500e+02 6.592175764285549633e+00
4.702999877929687500e+02 6.811376499267791651e+00
4.703999938964843750e+02 6.128417900695035669e+00
4.705000000000000000e+02 8.513183894127418938e+00
4.706000061035156250e+02 7.458459169322113169e+00
4.707000122070312500e+02 3.805431204013578039e+00
4.707999877929687500e+02 3.901208776904690367e+00
4.708999938964843750e+02 3.159865263661358892e+00
4.710000000000000000e+02 3.803727181552009728e+00
4.711000061035156250e+02 4.581457140605738054e+00
4.712000122070312500e+02 5.459184365314089682e+00
4.712999877929687500e+02 3.429131201049321120e+00
4.713999938964843750e+02 3.635969406501073919e+00
4.715000000000000000e+02 4.295139634767759951e+00
4.716000061035156250e+02 4.854025724325305546e+00
4.717000122070312500e+02 4.620934470654854742e+00
4.717999877929687500e+02 4.489952620324076271e+00
4.718999938964843750e+02 4.195342231298493374e+00
4.720000000000000000e+02 7.986860453642749214e+00
4.721000061035156250e+02 8.775763861632857044e+00
4.722000122070312500e+02 8.307174459324464522e+00
4.722999877929687500e+02 8.766873879267677694e+00
4.723999938964843750e+02 8.835479926533892581e+00
4.725000000000000000e+02 8.295727668670810573e+00
4.726000061035156250e+02 7.961007259221859478e+00
4.727000122070312500e+02 9.083040922723146338e+00
4.727999877929687500e+02 6.088800841796377483e+00
4.728999938964843750e+02 6.452839721469067591e+00
4.730000000000000000e+02 8.297706919683458082e+00
4.731000061035156250e+02 7.890914632622206604e+00
4.732000122070312500e+02 5.117947531027027708e+00
4.732999877929687500e+02 9.104976935017315753e+00
4.733999938964843750e+02 4.630366159752387745e+00
4.735000000000000000e+02 7.716539029457553767e+00
4.736000061035156250e+02 5.958054757255728084e+00
4.737000122070312500e+02 8.096222664622318987e+00
4.737999877929687500e+02 7.279724251362361898e+00
4.738999938964843750e+02 9.381788815895220068e+00
4.740000000000000000e+02 8.305139543588220263e+00
4.741000061035156250e+02 8.007588251314130545e+00
4.742000122070312500e+02 8.150608116362180411e+00
4.742999877929687500e+02 6.700782831879948276e+00
4.743999938964843750e+02 5.361894477872614750e+00
4.745000000000000000e+02 4.603004057323469844e+00
4.746000061035156250e+02 5.572706136653166276e+00
4.747000122070312500e+02 5.782333477644731268e+00
4.747999877929687500e+02 6.450918681008218414e+00
4.748999938964843750e+02 5.306008744422017642e+00
4.750000000000000000e+02 5.107259776769288884e+00
4.751000061035156250e+02 5.191055983781783567e+00
4.752000122070312500e+02 5.491866625375494415e+00
4.752999877929687500e+02 5.246974742854914275e+00
4.753999938964843750e+02 5.019570359710209928e+00
4.755000000000000000e+02 5.349128221697773355e+00
4.756000061035156250e+02 6.412301043881035945e+00
4.757000122070312500e+02 5.227952274365344820e+00
4.757999877929687500e+02 5.840699044759587011e+00
4.758999938964843750e+02 6.898927691295869025e+00
4.760000000000000000e+02 7.002171082174949213e+00
4.761000061035156250e+02 6.987340242031644166e+00
4.762000122070312500e+02 5.946006018616477817e+00
4.762999877929687500e+02 5.572398791795524886e+00
4.763999938964843750e+02 7.722894306636712614e+00
4.765000000000000000e+02 5.988735132666188399e+00
4.766000061035156250e+02 4.844238179312288395e+00
4.767000122070312500e+02 6.625108365345629302e+00
4.767999877929687500e+02 6.186720972586855716e+00
4.768999938964843750e+02 6.204402755200301378e+00
4.770000000000000000e+02 5.429345237300863047e+00
4.771000061035156250e+02 5.571390525641021441e+00
4.772000122070312500e+02 4.032639351433311425e+00
4.772999877929687500e+02 5.000787661324324063e+00
4.773999938964843750e+02 4.486892854458858437e+00
4.775000000000000000e+02 5.735733920528176100e+00
4.776000061035156250e+02 5.502896711773811234e+00
4.777000122070312500e+02 5.276116424472464317e+00
4.777999877929687500e+02 5.082137638769261834e+00
4.778999938964843750e+02 6.926719228824953944e+00
4.780000000000000000e+02 6.687175904827365791e+00
4.781000061035156250e+02 6.489148903859352835e+00
4.782000122070312500e+02 6.899214017660163734e+00
4.782999877929687500e+02 6.680240253829921038e+00
4.783999938964843750e+02 5.911551275767335412e+00
4.785000000000000000e+02 5.132890851623552742e+00
4.786000061035156250e+02 5.845429128163678101e+00
4.787000122070312500e+02 6.536528051524603811e+00
4.787999877929687500e+02 4.857375842802647448e+00
4.788999938964843750e+02 4.171727051030162947e+00
4.790000000000000000e+02 4.836950089782004802e+00
4.791000061035156250e+02 4.004762949082510737e+00
4.792000122070312500e+02 4.588016231040255910e+00
4.792999877929687500e+02 6.215494989460079722e+00
4.793999938964843750e+02 6.322924766067663960e+00
4.795000000000000000e+02 5.934680199793992195e+00
4.796000061035156250e+02 4.391564875791607037e+00
4.797000122070312500e+02 4.929595757321038718e+00
4.797999877929687500e+02 4.938044287220042072e+00
4.798999938964843750e+02 6.457976203920104297e+00
4.800000000000000000e+02 6.684021360483701102e+00
4.801000061035156250e+02 5.662970693752781948e+00
4.802000122070312500e+02 4.582456066150857765e+00
4.802999877929687500e+02 4.735046286987082631e+00
4.803999938964843750e+02 5.152972098656861455e+00
4.805000000000000000e+02 6.456006079239738682e+00
4.806000061035156250e+02 6.020717359705274774e+00
4.807000122070312500e+02 6.052359937605221063e+00
4.807999877929687500e+02 4.997499901013391366e+00
4.808999938964843750e+02 4.939974068875359947e+00
4.810000000000000000e+02 5.772002055528694164e+00
4.811000061035156250e+02 6.134371695329070562e+00
4.812000122070312500e+02 4.261340972650524250e+00
4.812999877929687500e+02 3.966196589809982243e+00
4.813999938964843750e+02 4.660138097339332042e+00
4.815000000000000000e+02 4.817414887951078306e+00
4.816000061035156250e+02 5.158926125234012616e+00
4.817000122070312500e+02 5.521700470411800232e+00
4.817999877929687500e+02 4.071832067714339587e+00
4.818999938964843750e+02 5.325730102984794101e+00
4.820000000000000000e+02 5.833702826235552585e+00
4.821000061035156250e+02 5.614043901486396315e+00
4.822000122070312500e+02 5.294432112257402956e+00
4.822999877929687500e+02 4.514712109395788708e+00
4.823999938964843750e+02 4.821647873014943464e+00
4.825000000000000000e+02 5.170813086046798013e+00
4.826000061035156250e+02 5.634446685254511422e+00
4.827000122070312500e+02 5.357199580200787459e+00
4.827999877929687500e+02 6.931322794921089603e+00
4.828999938964843750e+02 7.081457011055296569e+00
4.830000000000000000e+02 4.742630033298443237e+00
4.831000061035156250e+02 6.323443916748329841e+00
4.832000122070312500e+02 6.298006756804630513e+00
4.832999877929687500e+02 6.526588081329908420e+00
4.833999938964843750e+02 5.275551049573476092e+00
4.835000000000000000e+02 5.483875442528537647e+00
4.836000061035156250e+02 8.032460533137163239e+00
4.837000122070312500e+02 7.752362441286224204e+00
4.837999877929687500e+02 5.840286024658891684e+00
4.838999938964843750e+02 6.044373630441685741e+00
4.840000000000000000e+02 6.932960208459013174e+00
4.841000061035156250e+02 7.621492372666032189e+00
4.842000122070312500e+02 7.136685171355793500e+00
4.842999877929687500e+02 7.457519329595672097e+00
4.843999938964843750e+02 5.273897001308653465e+00
4.845000000000000000e+02 5.793505842970737341e+00
4.846000061035156250e+02 6.233631099529238995e+00
4.847000122070312500e+02 6.933153039449811317e+00
4.847999877929687500e+02 6.536543453035007722e+00
4.848999938964843750e+02 7.884315209513448330e+00
4.850000000000000000e+02 7.294523936769059524e+00
4.851000061035156250e+02 5.830651840157365484e+00
4.852000122070312500e+02 6.090327834525241180e+00
4.852999877929687500e+02 6.551160687002901106e+00
4.853999938964843750e+02 6.651995493359587286e+00
4.855000000000000000e+02 6.093061110412019588e+00
4.856000061035156250e+02 5.039919939365223200e+00
4.857000122070312500e+02 5.013530713790367521e+00
4.857999877929687500e+02 6.589144710848557018e+00
4.858999938964843750e+02 5.492769238245010399e+00
4.860000000000000000e+02 5.533979255314207535e+00
4.861000061035156250e+02 4.108917288804055268e+00
4.862000122070312500e+02 5.007072915405804459e+00
4.862999877929687500e+02 5.086814684864305214e+00
4.863999938964843750e+02 5.481602072667104864e+00
4.865000000000000000e+02 4.910215076674921519e+00
4.866000061035156250e+02 4.349454848261799178e+00
4.867000122070312500e+02 4.771162450380591835e+00
4.867999877929687500e+02 5.030412143300122985e+00
4.868999938964843750e+02 5.509068875410690680e+00
4.870000000000000000e+02 5.297782536904539263e+00
4.871000061035156250e+02 5.211978062176855886e+00
4.872000122070312500e+02 5.696960547205927483e+00
4.872999877929687500e+02 6.680965861161102026e+00
4.873999938964843750e+02 5.630986811913123447e+00
4.875000000000000000e+02 5.138228653138307678e+00
4.876000061035156250e+02 5.239351544398741289e+00
4.877000122070312500e+02 4.990043077208789590e+00
4.877999877929687500e+02 4.680701747495144005e+00
4.878999938964843750e+02 4.506219221588130708e+00
4.880000000000000000e+02 3.941155516421590566e+00
4.881000061035156250e+02 5.140183612369838784e+00
4.882000122070312500e+02 4.876077546416983211e+00
4.882999877929687500e+02 4.773307860634074196e+00
4.883999938964843750e+02 6.808324141609656266e+00
4.885000000000000000e+02 4.408375310431291716e+00
4.886000061035156250e+02 5.883671374009397326e+00
4.887000122070312500e+02 6.789866542785658154e+00
4.887999877929687500e+02 6.819612884245711548e+00
4.888999938964843750e+02 6.462012119667298826e+00
4.890000000000000000e+02 5.673058822529633005e+00
4.891000061035156250e+02 5.658371253944489254e+00
4.892000122070312500e+02 6.018382491995803996e+00
4.892999877929687500e+02 4.581373918857723382e+00
4.893999938964843750e+02 4.565071193542473260e+00
4.895000000000000000e+02 4.927844147680987774e+00
4.896000061035156250e+02 4.487942710743683783e+00
4.897000122070312500e+02 4.038048410160388180e+00
4.897999877929687500e+02 4.304138685056420499e+00
4.898999938964843750e+02 4.048574556527940516e+00
4.900000000000000000e+02 4.510016733526816424e+00
4.901000061035156250e+02 4.683534546001503429e+00
4.902000122070312500e+02 4.388708840663067434e+00
4.902999877929687500e+02 4.371162086432047289e+00
4.903999938964843750e+02 4.478391383533200099e+00
4.905000000000000000e+02 4.808907926162488522e+00
4.906000061035156250e+02 4.997108271078643860e+00
4.907000122070312500e+02 4.645282265027653956e+00
4.907999877929687500e+02 4.520857219347441891e+00
4.908999938964843750e+02 4.160546788700534293e+00
4.910000000000000000e+02 4.641458542057972814e+00
4.911000061035156250e+02 4.222653347183296546e+00
4.912000122070312500e+02 3.929305149679709341e+00
4.912999877929687500e+02 3.692618118816176853e+00
4.913999938964843750e+02 3.466489129721042950e+00
4.915000000000000000e+02 4.083027326662130640e+00
4.916000061035156250e+02 4.269880478314401984e+00
4.917000122070312500e+02 3.983903918626691798e+00
4.917999877929687500e+02 3.763008273164492046e+00
4.918999938964843750e+02 4.520960666559043162e+00
4.920000000000000000e+02 3.958231134804697682e+00
4.921000061035156250e+02 4.447388951850508754e+00
4.922000122070312500e+02 4.223325896774236199e+00
4.922999877929687500e+02 4.205370257240869769e+00
4.923999938964843750e+02 4.412499289139366176e+00
4.925000000000000000e+02 4.113333735522846091e+00
4.926000061035156250e+02 3.965399976128303638e+00
4.927000122070312500e+02 3.745929038000973765e+00
4.927999877929687500e+02 3.642973379471837525e+00
4.928999938964843750e+02 3.665501769875096461e+00
4.930000000000000000e+02 2.395929570920679375e+00
4.931000061035156250e+02 2.791335775778831962e+00
4.932000122070312500e+02 3.497482910087572616e+00
4.932999877929687500e+02 3.172387067938909233e+00
4.933999938964843750e+02 3.323043160126111228e+00
4.935000000000000000e+02 3.157210148758014423e+00
4.936000061035156250e+02 3.337018841511792733e+00
4.937000122070312500e+02 3.370130969052199443e+00
4.937999877929687500e+02 3.195595207694875928e+00
4.938999938964843750e+02 3.208718908462972585e+00
4.940000000000000000e+02 3.663713139085330806e+00
4.941000061035156250e+02 3.737955347925277838e+00
4.942000122070312500e+02 3.767563587594148000e+00
4.942999877929687500e+02 3.395585572167615140e+00
4.943999938964843750e+02 3.043251694106170024e+00
4.945000000000000000e+02 4.085929943114138929e+00
4.946000061035156250e+02 3.585975076307013953e+00
4.947000122070312500e+02 3.288443398591201383e+00
4.947999877929687500e+02 3.521758190128414512e+00
4.948999938964843750e+02 3.317193483681343924e+00
4.950000000000000000e+02 3.727912025164050291e+00
4.951000061035156250e+02 3.445857415707558324e+00
4.952000122070312500e+02 2.489937357167939957e+00
4.952999877929687500e+02 3.269443665032501389e+00
4.953999938964843750e+02 2.602907735747497675e+00
4.955000000000000000e+02 3.553956646855948254e+00
4.956000061035156250e+02 3.510692560165196152e+00
4.957000122070312500e+02 3.681653899193461310e+00
4.957999877929687500e+02 3.930094961872985238e+00
4.958999938964843750e+02 3.650165789085475954e+00
4.960000000000000000e+02 3.646498835612582035e+00
4.961000061035156250e+02 4.058614115762428476e+00
4.962000122070312500e+02 3.961672426909994105e+00
4.962999877929687500e+02 3.412736129053552059e+00
4.963999938964843750e+02 3.940408975092481558e+00
4.965000000000000000e+02 3.939075699882963022e+00
4.966000061035156250e+02 3.388243892240528243e+00
4.967000122070312500e+02 4.075650436496783158e+00
4.967999877929687500e+02 4.245522658260913573e+00
4.968999938964843750e+02 4.183824594581309064e+00
4.970000000000000000e+02 4.021044924684214372e+00
4.971000061035156250e+02 3.424470768791990416e+00
4.972000122070312500e+02 3.892593451026674423e+00
4.972999877929687500e+02 3.658818105929610542e+00
4.973999938964843750e+02 4.139089961338390466e+00
4.975000000000000000e+02 3.758462098122521411e+00
4.976000061035156250e+02 3.487010130315813417e+00
4.977000122070312500e+02 3.858932823861613848e+00
4.977999877929687500e+02 3.821156128206252500e+00
4.978999938964843750e+02 3.750070897402460801e+00
4.980000000000000000e+02 3.453149889882207724e+00
4.981000061035156250e+02 3.134773121159232900e+00
4.982000122070312500e+02 3.007435138526960650e+00
4.982999877929687500e+02 3.700083154142006059e+00
4.983999938964843750e+02 3.372877481952686551e+00
4.985000000000000000e+02 3.373085148402076516e+00
4.986000061035156250e+02 4.010336476317866605e+00
4.987000122070312500e+02 3.953267953467092255e+00
4.987999877929687500e+02 4.188442081569492714e+00
4.988999938964843750e+02 3.403102252383552351e+00
4.990000000000000000e+02 2.697844632133641785e+00
4.991000061035156250e+02 3.271627832017177884e+00
4.992000122070312500e+02 3.967791318204513917e+00
4.992999877929687500e+02 4.330542613673953767e+00
4.993999938964843750e+02 2.787054998279145934e+00
4.995000000000000000e+02 2.591904346987609742e+00
4.996000061035156250e+02 3.280139687095622758e+00
4.997000122070312500e+02 3.400928563420468009e+00
4.997999877929687500e+02 4.100670864432596652e+00
4.998999938964843750e+02 3.345531266536512671e+00
5.000000000000000000e+02 2.790443823004068236e+00
5.001000061035156250e+02 5.915720769882619301e+00
5.002000122070312500e+02 3.129524914004939706e+00
5.002999877929687500e+02 3.183201984269907303e+00
5.003999938964843750e+02 3.377223572587215283e+00
5.005000000000000000e+02 3.678507671806370283e+00
5.006000061035156250e+02 4.049532525108922698e+00
5.007000122070312500e+02 4.337339601854961479e+00
5.007999877929687500e+02 4.134408029777714155e+00
5.008999938964843750e+02 4.873657516734443362e+00
5.010000000000000000e+02 4.826772358088798676e+00
5.011000061035156250e+02 4.441258368373789622e+00
5.012000122070312500e+02 4.869781522544848862e+00
5.012999877929687500e+02 3.966906407456578965e+00
5.013999938964843750e+02 5.391847890104657814e+00
5.015000000000000000e+02 4.567048512137802163e+00
5.016000061035156250e+02 4.755865835822681298e+00
5.017000122070312500e+02 4.762976224434754435e+00
5.017999877929687500e+02 4.253142269787468344e+00
5.018999938964843750e+02 4.114143930052572173e+00
5.020000000000000000e+02 5.668890432428492332e+00
5.021000061035156250e+02 5.729389091485173502e+00
5.022000122070312500e+02 4.226158551857355228e+00
5.022999877929687500e+02 6.425646754818115092e+00
5.023999938964843750e+02 5.040875385956769428e+00
5.025000000000000000e+02 4.816997700618526501e+00
5.026000061035156250e+02 5.359971467237905074e+00
5.027000122070312500e+02 4.282687586156296078e+00
5.027999877929687500e+02 5.193837347432356033e+00
5.028999938964843750e+02 4.964468303529610438e+00
5.030000000000000000e+02 4.548996960594168470e+00
5.031000061035156250e+02 4.877519627414858228e+00
5.032000122070312500e+02 4.417390255760743401e+00
5.032999877929687500e+02 4.574271543266215545e+00
5.033999938964843750e+02 4.745224946900495233e+00
5.035000000000000000e+02 4.868376339321520696e+00
5.036000061035156250e+02 4.231313531646067716e+00
5.037000122070312500e+02 4.790798863895557425e+00
5.037999877929687500e+02 3.451931602301975932e+00
5.038999938964843750e+02 3.677406403573115323e+00
5.040000000000000000e+02 3.154645051034520531e+00
5.041000061035156250e+02 3.406393975532411744e+00
5.042000122070312500e+02 4.111051607940434671e+00
5.042999877929687500e+02 3.974717053844622150e+00
5.043999938964843750e+02 3.863364245621916826e+00
5.045000000000000000e+02 4.075923754473684824e+00
5.046000061035156250e+02 4.446078687145813113e+00
5.047000122070312500e+02 3.780098218194990256e+00
5.047999877929687500e+02 3.971813953562266519e+00
5.048999938964843750e+02 3.726841910410323866e+00
5.050000000000000000e+02 3.648344072146759931e+00
5.051000061035156250e+02 3.417324571057755556e+00
5.052000122070312500e+02 3.458302213273560799e+00
5.052999877929687500e+02 3.320765920721850062e+00
5.053999938964843750e+02 3.380292058639004615e+00
5.055000000000000000e+02 3.636348699971836407e+00
5.056000061035156250e+02 3.137926432963711765e+00
5.057000122070312500e+02 3.097982907017853282e+00
5.057999877929687500e+02 3.544431523929221672e+00
5.058999938964843750e+02 4.025039924466432772e+00
5.060000000000000000e+02 3.453668037621071552e+00
5.061000061035156250e+02 3.644121089199317431e+00
5.062000122070312500e+02 4.506925630704393448e+00
5.062999877929687500e+02 3.356145758756112762e+00
5.063999938964843750e+02 3.879825296906334486e+00
5.065000000000000000e+02 4.194027041466285688e+00
5.066000061035156250e+02 3.939677865435751158e+00
5.067000122070312500e+02 4.791169383329109799e+00
5.067999877929687500e+02 3.820966409508240957e+00
5.068999938964843750e+02 3.793107771023757735e+00
5.070000000000000000e+02 4.876865689116115732e+00
5.071000061035156250e+02 3.620297730765895672e+00
5.072000122070312500e+02 4.036375160163662379e+00
5.072999877929687500e+02 4.356811358230411990e+00
5.073999938964843750e+02 3.948312225714392110e+00
5.075000000000000000e+02 4.210237078642260045e+00
5.076000061035156250e+02 4.083113773522172529e+00
5.077000122070312500e+02 4.213575633338068727e+00
5.077999877929687500e+02 4.081496168874089392e+00
5.078999938964843750e+02 4.267128824077936144e+00
5.080000000000000000e+02 3.637303278105871840e+00
5.081000061035156250e+02 4.541865519050317879e+00
5.082000122070312500e+02 4.107833292058470143e+00
5.082999877929687500e+02 4.271100854801163749e+00
5.083999938964843750e+02 4.562241327866282781e+00
5.085000000000000000e+02 4.147368876456721587e+00
5.086000061035156250e+02 4.228730950163496871e+00
5.087000122070312500e+02 5.220318315708797563e+00
5.087999877929687500e+02 3.632343182224479161e+00
5.088999938964843750e+02 3.963149185690917342e+00
5.090000000000000000e+02 3.907979699660419470e+00
5.091000061035156250e+02 4.752765081297262384e+00
5.092000122070312500e+02 3.603893688091728720e+00
5.092999877929687500e+02 3.846943360574411219e+00
5.093999938964843750e+02 5.099080380373205656e+00
5.095000000000000000e+02 4.790919576096121624e+00
5.096000061035156250e+02 5.361969471443710944e+00
5.097000122070312500e+02 4.571959620252103562e+00
5.097999877929687500e+02 4.995346581468578684e+00
5.098999938964843750e+02 3.635127031106715201e+00
5.100000000000000000e+02 4.346988420772910366e+00
5.101000061035156250e+02 4.305476304296449896e+00
5.102000122070312500e+02 4.514570384929691649e+00
5.102999877929687500e+02 4.514404132978242501e+00
5.103999938964843750e+02 3.804868684687010560e+00
5.105000000000000000e+02 5.288916234912992564e+00
5.106000061035156250e+02 4.885853783559714891e+00
5.107000122070312500e+02 4.782142894877834394e+00
5.107999877929687500e+02 4.797201184333052204e+00
5.108999938964843750e+02 4.211776755057256239e+00
5.110000000000000000e+02 4.720285128142104547e+00
5.111000061035156250e+02 4.756564651753691031e+00
5.112000122070312500e+02 5.493834512264405667e+00
5.112999877929687500e+02 4.590868768311173298e+00
5.113999938964843750e+02 4.900185188245391288e+00
5.115000000000000000e+02 4.923646582500575519e+00
5.116000061035156250e+02 4.662667543998496811e+00
5.117000122070312500e+02 5.418945601004836021e+00
5.117999877929687500e+02 5.552571183332547733e+00
5.118999938964843750e+02 4.908631915607382545e+00
5.120000000000000000e+02 5.185164772160089974e+00
5.120999755859375000e+02 5.130176760148172477e+00
5.122000122070312500e+02 4.359082825326774824e+00
5.122999877929687500e+02 3.987390704308163336e+00
5.124000244140625000e+02 5.481450858093445788e+00
5.125000000000000000e+02 5.114563084656229996e+00
5.125999755859375000e+02 4.115973120369304183e+00
5.127000122070312500e+02 5.058220113073343960e+00
5.127999877929687500e+02 3.755671271899729824e+00
5.129000244140625000e+02 4.149976636942469099e+00
5.130000000000000000e+02 3.808780039549219509e+00
5.130999755859375000e+02 4.109518567530807687e+00
5.132000122070312500e+02 3.683860818488730260e+00
5.132999877929687500e+02 4.848276028387071612e+00
5.134000244140625000e+02 4.780650387245988675e+00
5.135000000000000000e+02 4.522174909856379266e+00
5.135999755859375000e+02 4.343212422046883070e+00
5.137000122070312500e+02 5.358936026859268509e+00
5.137999877929687500e+02 4.314387041254055255e+00
5.139000244140625000e+02 4.782973253775575806e+00
5.140000000000000000e+02 4.295749222736128026e+00
5.140999755859375000e+02 4.779419068152164662e+00
5.142000122070312500e+02 4.529689269368355475e+00
5.142999877929687500e+02 4.533060385589460672e+00
5.144000244140625000e+02 4.975358715919311337e+00
5.145000000000000000e+02 4.652021932820844086e+00
5.145999755859375000e+02 4.326057383520106825e+00
5.147000122070312500e+02 5.121271226761597184e+00
5.147999877929687500e+02 4.846591907412610034e+00
5.149000244140625000e+02 5.673220366840850737e+00
5.150000000000000000e+02 4.516165315763480237e+00
5.150999755859375000e+02 4.974460605139814362e+00
5.152000122070312500e+02 5.543154516550131916e+00
5.152999877929687500e+02 4.511546900422360729e+00
5.154000244140625000e+02 4.219575648944238644e+00
5.155000000000000000e+02 4.142208219591132057e+00
5.155999755859375000e+02 4.612150287554488415e+00
5.157000122070312500e+02 4.015413347656040521e+00
5.157999877929687500e+02 4.237463769040782147e+00
5.159000244140625000e+02 4.572276029976489298e+00
5.160000000000000000e+02 3.549845709627194257e+00
5.160999755859375000e+02 4.050609607499380260e+00
5.162000122070312500e+02 4.880412252768618231e+00
5.162999877929687500e+02 4.056741150848022670e+00
5.164000244140625000e+02 4.561414125465091729e+00
5.165000000000000000e+02 3.597694421997634340e+00
5.165999755859375000e+02 4.821799984432391994e+00
5.167000122070312500e+02 4.865481765376548751e+00
5.167999877929687500e+02 4.763912185847363645e+00
5.169000244140625000e+02 4.766205589159837608e+00
5.170000000000000000e+02 4.182138229219170888e+00
5.170999755859375000e+02 4.798415756163703527e+00
5.172000122070312500e+02 4.825593214492567284e+00
5.172999877929687500e+02 4.429095183040480777e+00
5.174000244140625000e+02 3.870313923488597041e+00
5.175000000000000000e+02 3.441564768716898648e+00
5.175999755859375000e+02 4.408579388889867445e+00
5.177000122070312500e+02 4.794576351863484298e+00
5.177999877929687500e+02 4.543216550345722027e+00
5.179000244140625000e+02 3.920068489784653387e+00
5.180000000000000000e+02 3.828552612665006905e+00
5.180999755859375000e+02 4.238310217670385960e+00
5.182000122070312500e+02 4.449091483019189219e+00
5.182999877929687500e+02 4.323035222433913916e+00
5.184000244140625000e+02 4.582675576023265585e+00
5.185000000000000000e+02 4.205471343493656811e+00
5.185999755859375000e+02 5.515158438024200471e+00
5.187000122070312500e+02 4.270678993957526259e+00
5.187999877929687500e+02 4.191542668543434047e+00
5.189000244140625000e+02 5.454538319848657224e+00
5.190000000000000000e+02 6.671592930946316891e+00
5.190999755859375000e+02 6.915632537051830120e+00
5.192000122070312500e+02 7.193353595040592019e+00
5.192999877929687500e+02 7.533167442900202460e+00
5.194000244140625000e+02 7.035412436591178320e+00
5.195000000000000000e+02 6.316585009115740057e+00
5.195999755859375000e+02 6.110445557159130736e+00
5.197000122070312500e+02 5.632599089849431806e+00
5.197999877929687500e+02 4.536316213916165019e+00
5.199000244140625000e+02 4.865565614260138894e+00
5.200000000000000000e+02 6.822040162655030215e+00
5.200999755859375000e+02 4.563199868116191382e+00
5.202000122070312500e+02 5.785680241054936168e+00
5.202999877929687500e+02 8.221016574468150040e+00
5.204000244140625000e+02 7.807235870892099250e+00
5.205000000000000000e+02 6.964601508362337157e+00
5.205999755859375000e+02 7.416582021416079584e+00
5.207000122070312500e+02 7.020038435076512151e+00
5.207999877929687500e+02 7.487678395631997219e+00
5.209000244140625000e+02 6.266030621552137525e+00
5.210000000000000000e+02 8.696886422153182750e+00
5.210999755859375000e+02 8.384534810885428513e+00
5.212000122070312500e+02 9.333567429401687932e+00
5.212999877929687500e+02 8.520271421504924447e+00
5.214000244140625000e+02 7.488096366005852822e+00
5.215000000000000000e+02 5.545946703835066494e+00
5.215999755859375000e+02 3.869736178297560336e+00
5.217000122070312500e+02 4.294788803143828382e+00
5.217999877929687500e+02 4.343953438978146231e+00
5.219000244140625000e+02 5.393313345245408286e+00
5.220000000000000000e+02 4.863731100815779307e+00
5.220999755859375000e+02 6.162753763708578525e+00
5.222000122070312500e+02 7.258234342028185182e+00
5.222999877929687500e+02 7.478570202275102830e+00
5.224000244140625000e+02 8.159743949080429104e+00
5.225000000000000000e+02 8.871980790294008656e+00
5.225999755859375000e+02 7.588801362370118042e+00
5.227000122070312500e+02 8.591061470501683672e+00
5.227999877929687500e+02 9.048625907842660965e+00
5.229000244140625000e+02 8.148749075854183843e+00
5.230000000000000000e+02 8.594034637452272918e+00
5.230999755859375000e+02 7.249769703043625668e+00
5.232000122070312500e+02 7.299289446557135186e+00
5.232999877929687500e+02 9.031523211307790788e+00
5.234000244140625000e+02 9.488188945355480186e+00
5.235000000000000000e+02 8.758282234750282669e+00
5.235999755859375000e+02 7.676100234069273220e+00
5.237000122070312500e+02 8.505859144736769295e+00
5.237999877929687500e+02 8.566821341482830476e+00
5.239000244140625000e+02 8.783779520129362695e+00
5.240000000000000000e+02 8.720914505429750108e+00
5.240999755859375000e+02 8.289516548162252363e+00
5.242000122070312500e+02 6.483554003099293972e+00
5.242999877929687500e+02 6.103298835573659709e+00
5.244000244140625000e+02 7.288252806132678785e+00
5.245000000000000000e+02 8.193342426137791179e+00
5.245999755859375000e+02 6.849055130689390758e+00
5.247000122070312500e+02 6.013627999027795212e+00
5.247999877929687500e+02 5.017287984980868920e+00
5.249000244140625000e+02 6.232224393555466868e+00
5.250000000000000000e+02 5.859713993622141182e+00
5.250999755859375000e+02 7.057142726491473006e+00
5.252000122070312500e+02 6.169468211463347451e+00
5.252999877929687500e+02 8.056075532991362920e+00
5.254000244140625000e+02 8.802168921254036604e+00
5.255000000000000000e+02 8.933967456963680220e+00
5.255999755859375000e+02 7.790709366972896177e+00
5.257000122070312500e+02 8.205209441644408130e+00
5.257999877929687500e+02 7.957273486232881332e+00
5.259000244140625000e+02 7.651096317873430586e+00
5.260000000000000000e+02 6.758098135598674894e+00
5.260999755859375000e+02 5.610261477632080052e+00
5.262000122070312500e+02 4.494361500831390188e+00
5.262999877929687500e+02 4.598650480605320112e+00
5.264000244140625000e+02 3.162994720680318395e+00
5.265000000000000000e+02 4.699842645440863720e+00
5.265999755859375000e+02 4.592245031595194149e+00
5.267000122070312500e+02 4.767624634446693932e+00
5.267999877929687500e+02 5.314453938723746163e+00
5.269000244140625000e+02 6.213252871682012568e+00
5.270000000000000000e+02 3.778368735099812525e+00
5.270999755859375000e+02 4.596364766474538399e+00
5.272000122070312500e+02 4.862889689877380128e+00
5.272999877929687500e+02 5.471324944798602097e+00
5.274000244140625000e+02 6.530638103414639239e+00
5.275000000000000000e+02 3.484793630269841014e+00
5.275999755859375000e+02 4.781902241966624167e+00
5.277000122070312500e+02 6.473586861027067485e+00
5.277999877929687500e+02 5.231401340919753729e+00
5.279000244140625000e+02 4.179649878457534662e+00
5.280000000000000000e+02 5.688467796943148080e+00
5.280999755859375000e+02 8.771136068592449320e+00
5.282000122070312500e+02 8.914513987022640862e+00
5.282999877929687500e+02 6.963480019084497208e+00
5.284000244140625000e+02 8.641030088824232180e+00
5.285000000000000000e+02 9.069762777539025933e+00
5.285999755859375000e+02 1.032791508566525707e+01
5.287000122070312500e+02 7.931146340116493221e+00
5.287999877929687500e+02 7.492327661295964170e+00
5.289000244140625000e+02 7.556665392369408707e+00
5.290000000000000000e+02 7.126226360413991934e+00
5.290999755859375000e+02 8.455753785245423870e+00
5.292000122070312500e+02 8.816623726395901528e+00
5.292999877929687500e+02 8.525536401470882097e+00
5.294000244140625000e+02 9.217061907278667476e+00
5.295000000000000000e+02 9.534067650831786978e+00
5.295999755859375000e+02 7.465818380585395708e+00
5.297000122070312500e+02 6.497175263535046597e+00
5.297999877929687500e+02 7.239601754221056673e+00
5.299000244140625000e+02 6.891630483138706076e+00
5.300000000000000000e+02 8.272394549584122458e+00
5.300999755859375000e+02 6.236297658493493934e+00
5.302000122070312500e+02 5.364445146599909897e+00
5.302999877929687500e+02 5.680207254113953219e+00
5.304000244140625000e+02 6.811405798948633183e+00
5.305000000000000000e+02 5.771933019219461336e+00
5.305999755859375000e+02 3.353666929277495878e+00
5.307000122070312500e+02 5.960640918433392166e+00
5.307999877929687500e+02 6.371179247613264707e+00
5.309000244140625000e+02 6.489676431946642232e+00
5.310000000000000000e+02 8.945947107275291188e+00
5.310999755859375000e+02 9.432130230754866673e+00
5.312000122070312500e+02 8.263116468572656359e+00
5.312999877929687500e+02 6.193845131994886621e+00
5.314000244140625000e+02 5.685585980230227321e+00
5.315000000000000000e+02 8.424411395991109330e+00
5.315999755859375000e+02 1.106761575985028934e+01
5.317000122070312500e+02 9.225321087466934245e+00
5.317999877929687500e+02 8.146512320377583549e+00
5.319000244140625000e+02 8.074074517528609718e+00
5.320000000000000000e+02 1.081609816903102050e+01
5.320999755859375000e+02 9.991225929486073909e+00
5.322000122070312500e+02 1.315350186309777847e+01
5.322999877929687500e+02 8.131950733043396440e+00
5.324000244140625000e+02 7.704959934235937169e+00
5.325000000000000000e+02 8.659603874462680650e+00
5.325999755859375000e+02 1.121272215697915442e+01
5.327000122070312500e+02 1.027894580551806136e+01
5.327999877929687500e+02 1.177902397555065050e+01
5.329000244140625000e+02 9.921808367895044611e+00
5.330000000000000000e+02 1.125814558236062979e+01
5.330999755859375000e+02 1.128051797284112645e+01
5.332000122070312500e+02 1.248029280228435667e+01
5.332999877929687500e+02 1.129580626985102931e+01
5.334000244140625000e+02 1.203886024993027348e+01
5.335000000000000000e+02 1.162552013716535093e+01
5.335999755859375000e+02 9.853393018051029628e+00
5.337000122070312500e+02 1.141251515679130790e+01
5.337999877929687500e+02 1.091092508294865304e+01
5.339000244140625000e+02 1.138013715129550540e+01
5.340000000000000000e+02 1.054141748762690867e+01
5.340999755859375000e+02 1.157510759751238361e+01
5.342000122070312500e+02 1.248279958163896097e+01
5.342999877929687500e+02 1.180623585971188483e+01
5.344000244140625000e+02 1.257738952838204050e+01
5.345000000000000000e+02 1.082375293856529730e+01
5.345999755859375000e+02 1.165949542464475108e+01
5.347000122070312500e+02 1.087145912237201983e+01
5.347999877929687500e+02 1.137812738447963490e+01
5.349000244140625000e+02 1.198748925709561064e+01
5.350000000000000000e+02 1.060006917768559731e+01
5.350999755859375000e+02 1.036028562889298144e+01
5.352000122070312500e+02 1.118151922064993720e+01
5.352999877929687500e+02 1.094745598882961168e+01
5.354000244140625000e+02 1.105130825264480343e+01
5.355000000000000000e+02 1.074437823465990149e+01
5.355999755859375000e+02 1.066931738625601689e+01
5.357000122070312500e+02 1.044521297589123066e+01
5.357999877929687500e+02 1.009871787434868651e+01
5.359000244140625000e+02 1.058734390176183915e+01
5.360000000000000000e+02 1.075751161992269189e+01
5.360999755859375000e+02 1.107871575893134874e+01
5.362000122070312500e+02 1.075393956121717842e+01
5.362999877929687500e+02 1.087999736431511266e+01
5.364000244140625000e+02 1.039184963825880992e+01
5.365000000000000000e+02 1.085384366385714472e+01
5.365999755859375000e+02 1.029234933959758536e+01
5.367000122070312500e+02 1.049056089444290585e+01
5.367999877929687500e+02 1.145470404791789321e+01
5.369000244140625000e+02 9.148460638775194553e+00
5.370000000000000000e+02 9.319390368062840935e+00
5.370999755859375000e+02 1.024699785092355242e+01
5.372000122070312500e+02 1.006145807394231184e+01
5.372999877929687500e+02 9.839281292553584635e+00
5.374000244140625000e+02 1.023236442105637956e+01
5.375000000000000000e+02 1.101797721533653096e+01
5.375999755859375000e+02 1.034392576128774444e+01
5.377000122070312500e+02 1.067295968263166372e+01
5.377999877929687500e+02 1.125450562243660535e+01
5.379000244140625000e+02 1.052113576772577730e+01
5.380000000000000000e+02 1.109424836814755011e+01
5.380999755859375000e+02 1.143391840979755614e+01
5.382000122070312500e+02 1.085159342322689824e+01
5.382999877929687500e+02 1.055972524907429388e+01
5.384000244140625000e+02 9.549360445348206383e+00
5.385000000000000000e+02 9.187539917121331001e+00
5.385999755859375000e+02 9.774182243442927742e+00
5.387000122070312500e+02 9.072734867842740414e+00
5.387999877929687500e+02 1.060457968192932121e+01
5.389000244140625000e+02 9.303809300753266953e+00
5.390000000000000000e+02 1.099812498488022605e+01
5.390999755859375000e+02 1.040365372804410882e+01
5.392000122070312500e+02 1.133144179599682211e+01
5.392999877929687500e+02 1.139933756641187301e+01
5.394000244140625000e+02 1.202951434766069738e+01
5.395000000000000000e+02 1.186005595413617364e+01
5.395999755859375000e+02 1.094182397726949851e+01
5.397000122070312500e+02 9.962467385343837023e+00
5.397999877929687500e+02 9.642276478995109201e+00
5.399000244140625000e+02 1.084259400399574780e+01
5.400000000000000000e+02 9.257605215658159636e+00
5.400999755859375000e+02 1.066218643269015054e+01
5.402000122070312500e+02 1.034321766908189666e+01
5.402999877929687500e+02 8.805949632695167395e+00
5.404000244140625000e+02 9.648098497149517172e+00
5.405000000000000000e+02 9.585728542209846381e+00
5.405999755859375000e+02 1.064594943236726365e+01
5.407000122070312500e+02 1.075412034154694929e+01
5.407999877929687500e+02 1.153520893265516989e+01
5.409000244140625000e+02 1.203980279272793830e+01
5.410000000000000000e+02 1.153602269948035364e+01
5.410999755859375000e+02 1.096745524414660977e+01
5.412000122070312500e+02 1.145053779139108485e+01
5.412999877929687500e+02 1.186309611551025611e+01
5.414000244140625000e+02 9.733805418897359729e+00
5.415000000000000000e+02 1.149585642598164803e+01
5.415999755859375000e+02 1.115551489523161521e+01
5.417000122070312500e+02 1.120750460646280366e+01
5.417999877929687500e+02 9.638004342615269948e+00
5.419000244140625000e+02 1.119785526125843411e+01
5.420000000000000000e+02 9.061579247246365654e+00
5.420999755859375000e+02 1.117216196043304599e+01
5.422000122070312500e+02 1.012619997807406591e+01
5.422999877929687500e+02 9.555816698729811876e+00
5.424000244140625000e+02 8.285719405795001435e+00
5.425000000000000000e+02 9.633211354391866266e+00
5.425999755859375000e+02 9.842285023631934138e+00
5.427000122070312500e+02 9.145526604816645033e+00
5.427999877929687500e+02 8.445437311140763015e+00
5.429000244140625000e+02 7.547024520593217822e+00
5.430000000000000000e+02 8.270096462309307839e+00
5.430999755859375000e+02 6.307509772835726558e+00
5.432000122070312500e+02 6.500230752180609528e+00
5.432999877929687500e+02 8.115784403449509909e+00
5.434000244140625000e+02 8.569397701582030180e+00
5.435000000000000000e+02 9.030015270931018634e+00
5.435999755859375000e+02 8.145738248881441379e+00
5.437000122070312500e+02 9.633222775796410176e+00
5.437999877929687500e+02 9.413453491168693787e+00
5.439000244140625000e+02 8.902824897842982921e+00
5.440000000000000000e+02 8.409238338069217278e+00
5.440999755859375000e+02 8.536744257796510027e+00
5.442000122070312500e+02 7.380340537085028352e+00
5.442999877929687500e+02 6.816527337687189991e+00
5.444000244140625000e+02 7.787441164246349246e+00
5.445000000000000000e+02 6.912156708979283692e+00
5.445999755859375000e+02 8.278887186374177531e+00
5.447000122070312500e+02 8.208977936786775231e+00
5.447999877929687500e+02 7.721726464127589118e+00
5.449000244140625000e+02 8.081151384602890175e+00
5.450000000000000000e+02 8.684578731946640318e+00
5.450999755859375000e+02 7.840676378703290261e+00
5.452000122070312500e+02 8.157985643835921508e+00
5.452999877929687500e+02 8.591837697890611025e+00
5.454000244140625000e+02 8.563851396292983864e+00
5.455000000000000000e+02 8.918865913150707314e+00
5.455999755859375000e+02 8.047468101689545961e+00
5.457000122070312500e+02 8.506439529252093124e+00
5.457999877929687500e+02 8.454320178925927465e+00
5.459000244140625000e+02 7.677114169642330843e+00
5.460000000000000000e+02 8.057164331843456040e+00
5.460999755859375000e+02 8.163275824963033500e+00
5.462000122070312500e+02 8.203635270801234114e+00
5.462999877929687500e+02 8.616208612267531208e+00
5.464000244140625000e+02 8.781338181469362070e+00
5.465000000000000000e+02 8.801424132574592107e+00
5.465999755859375000e+02 7.541265069312578895e+00
5.467000122070312500e+02 7.689822267289692093e+00
5.467999877929687500e+02 7.727188672465366004e+00
5.469000244140625000e+02 8.197103881485066523e+00
5.470000000000000000e+02 8.878290930470678077e+00
5.470999755859375000e+02 7.221703585212532417e+00
5.472000122070312500e+02 7.863913090550984641e+00
5.472999877929687500e+02 8.000841996533793576e+00
5.474000244140625000e+02 9.845312614657933281e+00
5.475000000000000000e+02 1.023303890854695197e+01
5.475999755859375000e+02 9.009546205833856902e+00
5.477000122070312500e+02 1.354260956042872976e+01
5.477999877929687500e+02 1.045467952430495551e+01
5.479000244140625000e+02 9.215847371513909536e+00
5.480000000000000000e+02 1.020705183999379528e+01
5.480999755859375000e+02 1.077995768355694040e+01
5.482000122070312500e+02 1.018735565159237133e+01
5.482999877929687500e+02 9.012994237856263524e+00
5.484000244140625000e+02 1.030441458000008481e+01
5.485000000000000000e+02 9.473701152370416878e+00
5.485999755859375000e+02 9.925756904359234412e+00
5.487000122070312500e+02 9.831104741108827483e+00
5.487999877929687500e+02 1.023914905901824213e+01
5.489000244140625000e+02 8.920249252242397731e+00
5.490000000000000000e+02 9.355690516216423447e+00
5.490999755859375000e+02 9.760234006480214219e+00
5.492000122070312500e+02 8.890054535326262553e+00
5.492999877929687500e+02 7.481441494056788599e+00
5.494000244140625000e+02 8.395779657521423189e+00
5.495000000000000000e+02 9.668829831808213982e+00
5.495999755859375000e+02 9.875662692267635379e+00
5.497000122070312500e+02 9.214100071503645850e+00
5.497999877929687500e+02 7.720793477517745806e+00
5.499000244140625000e+02 7.683685624987634633e+00
5.500000000000000000e+02 8.246911826824957714e+00
5.500999755859375000e+02 9.289374894597051124e+00
5.502000122070312500e+02 1.025044012272615568e+01
5.502999877929687500e+02 1.044640738817393810e+01
5.504000244140625000e+02 9.493667240115383876e+00
5.505000000000000000e+02 1.020477890870049009e+01
5.505999755859375000e+02 8.902230049392553468e+00
5.507000122070312500e+02 7.062745308841148706e+00
5.507999877929687500e+02 6.133545851540885607e+00
5.509000244140625000e+02 6.614707037555127123e+00
5.510000000000000000e+02 4.868661816615222904e+00
5.510999755859375000e+02 7.110123252735529142e+00
5.512000122070312500e+02 7.553232629030723011e+00
5.512999877929687500e+02 8.237377465514819974e+00
5.514000244140625000e+02 6.567563301196855718e+00
5.515000000000000000e+02 6.447187916196843283e+00
5.515999755859375000e+02 6.292950554357631177e+00
5.517000122070312500e+02 5.624880357291670130e+00
5.517999877929687500e+02 7.840167707497616156e+00
5.519000244140625000e+02 8.391478262451959935e+00
5.520000000000000000e+02 7.213172999885609116e+00
5.520999755859375000e+02 7.750114618090133689e+00
5.522000122070312500e+02 6.758503690353677484e+00
5.522999877929687500e+02 7.575838127148963430e+00
5.524000244140625000e+02 8.486703992572268263e+00
5.525000000000000000e+02 6.662146175613391286e+00
5.525999755859375000e+02 8.214749733747353844e+00
5.527000122070312500e+02 7.929109957751342641e+00
5.527999877929687500e+02 1.082686770655814712e+01
5.529000244140625000e+02 9.470553734465475770e+00
5.530000000000000000e+02 9.907760237308654183e+00
5.530999755859375000e+02 9.154666115943411953e+00
5.532000122070312500e+02 7.508478300485045054e+00
5.532999877929687500e+02 7.319396407192808596e+00
5.534000244140625000e+02 5.017536032691237935e+00
5.535000000000000000e+02 6.212178412761355517e+00
5.535999755859375000e+02 6.129418533502013489e+00
5.537000122070312500e+02 4.740058661060325029e+00
5.537999877929687500e+02 7.238999051461469492e+00
5.539000244140625000e+02 9.645195210799602847e+00
5.540000000000000000e+02 9.783527566702259648e+00
5.540999755859375000e+02 8.403211155773194108e+00
5.542000122070312500e+02 9.012135800363815008e+00
5.542999877929687500e+02 9.691635434710278219e+00
5.544000244140625000e+02 9.164134262123514674e+00
5.545000000000000000e+02 9.522379041702372149e+00
5.545999755859375000e+02 9.649091122677637244e+00
5.547000122070312500e+02 7.574637477048171696e+00
5.547999877929687500e+02 1.003743416979642333e+01
5.549000244140625000e+02 1.095114112655019056e+01
5.550000000000000000e+02 1.003217214966846171e+01
5.550999755859375000e+02 1.005288832190151105e+01
5.552000122070312500e+02 1.070580013022849464e+01
5.552999877929687500e+02 1.072132369383998451e+01
5.554000244140625000e+02 9.699969319333686002e+00
5.555000000000000000e+02 1.028656146857787590e+01
5.555999755859375000e+02 9.995430853356570111e+00
5.557000122070312500e+02 8.998034827309975725e+00
5.557999877929687500e+02 8.285825881272188553e+00
5.559000244140625000e+02 8.306312774622652384e+00
5.560000000000000000e+02 6.061779663493017445e+00
5.560999755859375000e+02 6.615256508849331141e+00
5.562000122070312500e+02 5.749620576590421805e+00
5.562999877929687500e+02 5.601325734725278949e+00
5.564000244140625000e+02 5.748623722886470055e+00
5.565000000000000000e+02 5.380423551888587674e+00
5.565999755859375000e+02 4.412859900697825744e+00
5.567000122070312500e+02 3.449902365928807502e+00
5.567999877929687500e+02 4.756862258104640695e+00
5.569000244140625000e+02 4.338080403208792291e+00
5.570000000000000000e+02 4.779406810313473031e+00
5.570999755859375000e+02 4.733531977297746884e+00
5.572000122070312500e+02 2.928658689497528389e+00
5.572999877929687500e+02 3.471204524700858052e+00
5.574000244140625000e+02 4.914724912506921228e+00
5.575000000000000000e+02 3.762745354102556838e+00
5.575999755859375000e+02 4.045314513863067951e+00
5.577000122070312500e+02 4.073754105641397061e+00
5.577999877929687500e+02 4.611517513670331248e+00
5.579000244140625000e+02 4.654739560943782273e+00
5.580000000000000000e+02 5.816222491223293822e+00
5.580999755859375000e+02 5.174316801503319851e+00
5.582000122070312500e+02 4.929401603153912959e+00
5.582999877929687500e+02 4.582992980963797258e+00
5.584000244140625000e+02 4.996710607319363007e+00
5.585000000000000000e+02 3.359444802185862500e+00
5.585999755859375000e+02 4.992008699960818419e+00
5.587000122070312500e+02 5.528071817454371484e+00
5.587999877929687500e+02 4.478287109205846939e+00
5.589000244140625000e+02 4.141885225851745567e+00
5.590000000000000000e+02 3.974349439961597952e+00
5.590999755859375000e+02 4.135441899300603019e+00
5.592000122070312500e+02 4.472982660668730404e+00
5.592999877929687500e+02 4.704460381163328542e+00
5.594000244140625000e+02 5.053231519484413958e+00
5.595000000000000000e+02 6.245891715936917166e+00
5.595999755859375000e+02 4.587942886667865316e+00
5.597000122070312500e+02 5.056540756118551805e+00
5.597999877929687500e+02 4.493525459751473328e+00
5.599000244140625000e+02 4.627175456841323253e+00
5.600000000000000000e+02 3.986325117618446434e+00
5.600999755859375000e+02 4.831716205334421588e+00
5.602000122070312500e+02 4.376913883122957039e+00
5.602999877929687500e+02 3.321541509381881419e+00
5.604000244140625000e+02 4.623940697436524694e+00
5.605000000000000000e+02 3.709981750316483140e+00
5.605999755859375000e+02 4.836389113070895363e+00
5.607000122070312500e+02 4.185274315474053708e+00
5.607999877929687500e+02 5.187592428312933990e+00
5.609000244140625000e+02 4.350228385603419845e+00
5.610000000000000000e+02 4.619835642643117524e+00
5.610999755859375000e+02 4.883960649764093276e+00
5.612000122070312500e+02 5.076681028711943711e+00
5.612999877929687500e+02 5.651798253006307782e+00
5.614000244140625000e+02 5.005935552566604052e+00
5.615000000000000000e+02 4.334868812092079970e+00
5.615999755859375000e+02 4.370623596691651791e+00
5.617000122070312500e+02 4.384323248075959079e+00
5.617999877929687500e+02 4.149543450914731757e+00
5.619000244140625000e+02 5.119284563670320587e+00
5.620000000000000000e+02 4.725703519802119779e+00
5.620999755859375000e+02 4.640804982218276642e+00
5.622000122070312500e+02 4.791942686362950177e+00
5.622999877929687500e+02 4.656304391210272620e+00
5.624000244140625000e+02 4.927820450159998700e+00
5.625000000000000000e+02 4.499193596449040378e+00
5.625999755859375000e+02 4.885017675871933918e+00
5.627000122070312500e+02 5.065476486837473757e+00
5.627999877929687500e+02 4.121456452172000517e+00
5.629000244140625000e+02 4.492984758032562809e+00
5.630000000000000000e+02 4.229576422201730246e+00
5.630999755859375000e+02 4.487116532169535432e+00
5.632000122070312500e+02 4.564169007610419548e+00
5.632999877929687500e+02 4.122277477494866282e+00
5.634000244140625000e+02 4.609482838165775753e+00
5.635000000000000000e+02 4.909537388631794563e+00
5.635999755859375000e+02 4.699036621141106096e+00
5.637000122070312500e+02 4.610444721036791371e+00
5.637999877929687500e+02 4.516882904459120773e+00
5.639000244140625000e+02 5.390822960279358256e+00
5.640000000000000000e+02 5.324785308500882941e+00
5.640999755859375000e+02 5.096756142446774440e+00
5.642000122070312500e+02 5.069842404746831122e+00
5.642999877929687500e+02 4.803680930593698051e+00
5.644000244140625000e+02 4.400780451560890150e+00
5.645000000000000000e+02 4.273695991665380944e+00
5.645999755859375000e+02 4.098184640120882349e+00
5.647000122070312500e+02 4.241711906183474490e+00
5.647999877929687500e+02 4.641994387730528082e+00
5.649000244140625000e+02 4.722637902504646767e+00
5.650000000000000000e+02 4.159887182897673341e+00
5.650999755859375000e+02 4.784146668559827731e+00
5.652000122070312500e+02 5.018536302814345262e+00
5.652999877929687500e+02 4.751644734108234402e+00
5.654000244140625000e+02 5.197322012135276559e+00
5.655000000000000000e+02 5.152170530371859236e+00
5.655999755859375000e+02 5.107382476368290902e+00
5.657000122070312500e+02 4.090637144380353973e+00
5.657999877929687500e+02 4.778326508166752085e+00
5.659000244140625000e+02 9.525321275007906152e+00
5.660000000000000000e+02 1.064723084982444234e+01
5.660999755859375000e+02 9.511976400505623985e+00
5.662000122070312500e+02 1.058934106654712970e+01
5.662999877929687500e+02 1.089562112962677176e+01
5.664000244140625000e+02 1.017123646105309831e+01
5.665000000000000000e+02 1.040597330228366246e+01
5.665999755859375000e+02 9.229226875166910204e+00
5.667000122070312500e+02 1.061814028509296470e+01
5.667999877929687500e+02 9.896463195659174872e+00
5.669000244140625000e+02 9.438279819881966404e+00
5.670000000000000000e+02 8.816994825549166137e+00
5.670999755859375000e+02 9.828550958609698185e+00
5.672000122070312500e+02 9.140148239625272453e+00
5.672999877929687500e+02 9.720677655707573805e+00
5.674000244140625000e+02 9.486809605342294560e+00
5.675000000000000000e+02 8.467398700055573713e+00
5.675999755859375000e+02 7.298088845011755588e+00
5.677000122070312500e+02 7.662581032827466387e+00
5.677999877929687500e+02 8.993697952607176305e+00
5.679000244140625000e+02 6.591825291776680196e+00
5.680000000000000000e+02 6.582766613146719514e+00
5.680999755859375000e+02 6.783772627986891735e+00
5.682000122070312500e+02 7.361329757783834360e+00
5.682999877929687500e+02 7.915139589156379607e+00
5.684000244140625000e+02 7.517387046177911536e+00
5.685000000000000000e+02 7.338178932972019730e+00
5.685999755859375000e+02 7.896530469938866759e+00
5.687000122070312500e+02 7.411719059444548563e+00
5.687999877929687500e+02 7.073424233005289885e+00
5.689000244140625000e+02 7.048853804675723644e+00
5.690000000000000000e+02 6.916401524358356312e+00
5.690999755859375000e+02 7.550176930662074071e+00
5.692000122070312500e+02 6.488934249127214393e+00
5.692999877929687500e+02 7.713379759405865066e+00
5.694000244140625000e+02 7.885593397638939628e+00
5.695000000000000000e+02 7.315673483943539779e+00
5.695999755859375000e+02 6.983961977271053279e+00
5.697000122070312500e+02 7.912222050727199196e+00
5.697999877929687500e+02 8.236453971228696602e+00
5.699000244140625000e+02 8.058123513961731987e+00
5.700000000000000000e+02 7.726417834479727631e+00
5.700999755859375000e+02 7.261205861792761951e+00
5.702000122070312500e+02 7.520373804434591136e+00
5.702999877929687500e+02 7.312446046658489962e+00
5.704000244140625000e+02 7.612407786189558934e+00
5.705000000000000000e+02 6.636301264091665431e+00
5.705999755859375000e+02 7.048476393707253429e+00
5.707000122070312500e+02 6.459076755204357312e+00
5.707999877929687500e+02 7.559661536418960104e+00
5.709000244140625000e+02 7.483711110690822288e+00
5.710000000000000000e+02 6.617922598283627167e+00
5.710999755859375000e+02 7.068643605155374487e+00
5.712000122070312500e+02 6.007312496806942015e+00
5.712999877929687500e+02 6.287421509329830016e+00
5.714000244140625000e+02 6.165243249818515459e+00
5.715000000000000000e+02 4.999850343694400401e+00
5.715999755859375000e+02 7.060248044042517712e+00
5.717000122070312500e+02 6.758916619204820897e+00
5.717999877929687500e+02 7.831783046295891282e+00
5.719000244140625000e+02 5.971185247736170432e+00
5.720000000000000000e+02 5.381450467781216496e+00
5.720999755859375000e+02 5.571645746007883204e+00
5.722000122070312500e+02 6.364299863376528421e+00
5.722999877929687500e+02 5.815264080843163264e+00
5.724000244140625000e+02 6.723822488092303651e+00
5.725000000000000000e+02 6.801362137557445564e+00
5.725999755859375000e+02 7.429728147516354575e+00
5.727000122070312500e+02 6.275326331417126369e+00
5.727999877929687500e+02 6.312868769222275134e+00
5.729000244140625000e+02 6.892859893836003060e+00
5.730000000000000000e+02 6.720316956083792093e+00
5.730999755859375000e+02 6.003712020138930683e+00
5.732000122070312500e+02 5.982179060895441047e+00
5.732999877929687500e+02 6.464020902190817708e+00
5.734000244140625000e+02 6.639338264628829478e+00
5.735000000000000000e+02 6.068307909994913985e+00
5.735999755859375000e+02 7.141490937176359743e+00
5.737000122070312500e+02 6.513769680609444279e+00
5.737999877929687500e+02 6.107837288338845205e+00
5.739000244140625000e+02 6.766983724063749150e+00
5.740000000000000000e+02 6.642032113524145132e+00
5.740999755859375000e+02 7.384962117115427382e+00
5.742000122070312500e+02 7.758363197633599384e+00
5.742999877929687500e+02 6.702777106636478521e+00
5.744000244140625000e+02 7.470119808978219034e+00
5.745000000000000000e+02 7.221700902419879498e+00
5.745999755859375000e+02 7.361063090530988617e+00
5.747000122070312500e+02 7.386189210559921392e+00
5.747999877929687500e+02 6.547070373091162132e+00
5.749000244140625000e+02 7.917735320431479984e+00
5.750000000000000000e+02 5.641864889342638634e+00
5.750999755859375000e+02 7.912745339065680561e+00
5.752000122070312500e+02 7.140736581831517604e+00
5.752999877929687500e+02 8.344092186182431092e+00
5.754000244140625000e+02 7.016646624451086112e+00
5.755000000000000000e+02 7.279627741661932383e+00
5.755999755859375000e+02 7.233187873502182619e+00
5.757000122070312500e+02 7.548049046163669118e+00
5.757999877929687500e+02 6.799732183207813030e+00
5.759000244140625000e+02 6.830811794596725051e+00
5.760000000000000000e+02 6.861632836184829998e+00
5.760999755859375000e+02 6.956184950952907009e+00
5.762000122070312500e+02 7.765508144129927182e+00
5.762999877929687500e+02 7.146102829067662476e+00
5.764000244140625000e+02 7.678881880321382525e+00
5.765000000000000000e+02 7.277904131219555595e+00
5.765999755859375000e+02 7.208577277694361740e+00
5.767000122070312500e+02 6.443709350553409543e+00
5.767999877929687500e+02 6.867576302763513496e+00
5.769000244140625000e+02 6.747071808426457373e+00
5.770000000000000000e+02 6.932396943334883765e+00
5.770999755859375000e+02 6.927728854232568345e+00
5.772000122070312500e+02 7.215777901403675365e+00
5.772999877929687500e+02 6.180748642816264571e+00
5.774000244140625000e+02 6.676725474607035693e+00
5.775000000000000000e+02 6.616487317435399973e+00
5.775999755859375000e+02 6.910040141564826044e+00
5.777000122070312500e+02 8.024532024307452716e+00
5.777999877929687500e+02 7.125964786394359152e+00
5.779000244140625000e+02 8.050590428392967013e+00
5.780000000000000000e+02 7.053321413323061506e+00
5.780999755859375000e+02 7.350757350745132257e+00
5.782000122070312500e+02 7.079099639841914815e+00
5.782999877929687500e+02 7.678903892920520668e+00
5.784000244140625000e+02 7.156289455762064655e+00
5.785000000000000000e+02 7.349866524562132852e+00
5.785999755859375000e+02 7.342252366722886059e+00
5.787000122070312500e+02 6.732568036920795862e+00
5.787999877929687500e+02 7.379730864036443627e+00
5.789000244140625000e+02 7.389380690441782029e+00
5.790000000000000000e+02 7.530690054974437331e+00
5.790999755859375000e+02 8.237471622042679797e+00
5.792000122070312500e+02 7.129655885036692453e+00
5.792999877929687500e+02 7.273924775765967077e+00
5.794000244140625000e+02 8.028725580994251487e+00
5.795000000000000000e+02 7.852892044221539081e+00
5.795999755859375000e+02 7.317828877376706842e+00
5.797000122070312500e+02 7.607781776507063221e+00
5.797999877929687500e+02 6.930869453665653879e+00
5.799000244140625000e+02 7.532933403656463689e+00
5.800000000000000000e+02 8.239530226642841626e+00
5.800999755859375000e+02 7.325679388338303788e+00
5.802000122070312500e+02 7.119818054648565209e+00
5.802999877929687500e+02 6.429284603831468381e+00
5.804000244140625000e+02 6.659913223397913029e+00
5.805000000000000000e+02 7.306347044535708157e+00
5.805999755859375000e+02 7.421874647127321367e+00
5.807000122070312500e+02 7.182234375878866928e+00
5.807999877929687500e+02 6.189575144069351609e+00
5.809000244140625000e+02 5.156667656694195578e+00
5.810000000000000000e+02 6.576661682476265369e+00
5.810999755859375000e+02 5.820523251432456746e+00
5.812000122070312500e+02 6.277207499776793043e+00
5.812999877929687500e+02 6.944502473233825413e+00
5.814000244140625000e+02 5.969423059849212621e+00
5.815000000000000000e+02 7.618834766689730031e+00
5.815999755859375000e+02 5.858113810139238709e+00
5.817000122070312500e+02 6.948478604804702030e+00
5.817999877929687500e+02 6.232671925795204793e+00
5.819000244140625000e+02 6.412584576090100796e+00
5.820000000000000000e+02 6.462293955632394393e+00
5.820999755859375000e+02 6.728010117139639590e+00
5.822000122070312500e+02 5.910498008818304783e+00
5.822999877929687500e+02 6.817830770614861535e+00
5.824000244140625000e+02 6.751997551253110075e+00
5.825000000000000000e+02 7.715154236183831671e+00
5.825999755859375000e+02 6.343188484837150476e+00
5.827000122070312500e+02 6.163428830494726895e+00
5.827999877929687500e+02 7.277097636958306026e+00
5.829000244140625000e+02 6.158505878213770934e+00
5.830000000000000000e+02 6.737797336818464267e+00
5.830999755859375000e+02 6.811804749523572511e+00
5.832000122070312500e+02 6.542164935584036556e+00
5.832999877929687500e+02 5.709881917988129274e+00
5.834000244140625000e+02 6.213435735390580916e+00
5.835000000000000000e+02 4.406696183313449033e+00
5.835999755859375000e+02 6.194026304325482180e+00
5.837000122070312500e+02 7.105688686345130733e+00
5.837999877929687500e+02 6.878503685332732154e+00
5.839000244140625000e+02 7.257477318483103623e+00
5.840000000000000000e+02 6.330800860840348321e+00
5.840999755859375000e+02 7.999620189007273119e+00
5.842000122070312500e+02 7.204604524892344486e+00
5.842999877929687500e+02 7.756875324695265306e+00
5.844000244140625000e+02 5.763808944230775388e+00
5.845000000000000000e+02 7.287227135268544487e+00
5.845999755859375000e+02 7.272686751911136227e+00
5.847000122070312500e+02 7.565395381817673126e+00
5.847999877929687500e+02 6.825237342125634932e+00
5.849000244140625000e+02 6.839262640899145040e+00
5.850000000000000000e+02 6.597025921898772793e+00
5.850999755859375000e+02 6.600193342519289352e+00
5.852000122070312500e+02 6.115524092735993733e+00
5.852999877929687500e+02 7.679788633975246803e+00
5.854000244140625000e+02 7.236358322483597227e+00
5.855000000000000000e+02 5.428617545570201486e+00
5.855999755859375000e+02 7.104646161332853538e+00
5.857000122070312500e+02 6.799908171021499470e+00
5.857999877929687500e+02 6.538377538587853088e+00
5.859000244140625000e+02 6.974017857924645014e+00
5.860000000000000000e+02 6.921624060356613484e+00
5.860999755859375000e+02 6.888600500479317823e+00
5.862000122070312500e+02 6.782344566244100648e+00
5.862999877929687500e+02 6.145792444141318533e+00
5.864000244140625000e+02 6.459414943178667379e+00
5.865000000000000000e+02 6.710470285649464017e+00
5.865999755859375000e+02 5.531457447017434248e+00
5.867000122070312500e+02 5.562371482199302442e+00
5.867999877929687500e+02 6.338933093805022345e+00
5.869000244140625000e+02 7.202402267498305477e+00
5.870000000000000000e+02 6.554019797648435564e+00
5.870999755859375000e+02 7.456579794677002049e+00
5.872000122070312500e+02 7.156589864727276762e+00
5.872999877929687500e+02 7.533822104384467089e+00
5.874000244140625000e+02 7.070181428815458524e+00
5.875000000000000000e+02 6.500950975925978703e+00
5.875999755859375000e+02 6.768910616799256097e+00
5.877000122070312500e+02 6.278412078381717443e+00
5.877999877929687500e+02 7.232603808917841270e+00
5.879000244140625000e+02 7.288330827212280205e+00
5.880000000000000000e+02 7.072670381239694493e+00
5.880999755859375000e+02 7.387624499217237073e+00
5.882000122070312500e+02 6.403840465492155687e+00
5.882999877929687500e+02 5.783271716022811759e+00
5.884000244140625000e+02 7.397615034752162977e+00
5.885000000000000000e+02 6.651024470460619398e+00
5.885999755859375000e+02 6.335091393456210085e+00
5.887000122070312500e+02 6.587315179046607128e+00
5.887999877929687500e+02 6.213443695894132368e+00
5.889000244140625000e+02 6.568932649296312043e+00
5.890000000000000000e+02 6.928569266681979144e+00
5.890999755859375000e+02 6.955219726990850226e+00
5.892000122070312500e+02 7.871644784676340656e+00
5.892999877929687500e+02 5.886158115851789496e+00
5.894000244140625000e+02 5.332088869536416809e+00
5.895000000000000000e+02 5.719799170648562914e+00
5.895999755859375000e+02 5.646644104228205840e+00
5.897000122070312500e+02 5.631095542829164913e+00
5.897999877929687500e+02 6.047212509014111781e+00
5.899000244140625000e+02 5.613066575124926239e+00
5.900000000000000000e+02 5.698846747388558676e+00
5.900999755859375000e+02 5.692139877042871277e+00
5.902000122070312500e+02 6.132752532268555434e+00
5.902999877929687500e+02 6.286780168139848080e+00
5.904000244140625000e+02 6.760773768128867545e+00
5.905000000000000000e+02 5.602871108528877819e+00
5.905999755859375000e+02 5.756938810311369004e+00
5.907000122070312500e+02 5.701367312792108066e+00
5.907999877929687500e+02 5.658997145946464080e+00
5.909000244140625000e+02 6.571342947051862282e+00
5.910000000000000000e+02 5.670348603146989852e+00
5.910999755859375000e+02 6.964639810837804035e+00
5.912000122070312500e+02 4.959868227120169948e+00
5.912999877929687500e+02 6.131241512598635701e+00
5.914000244140625000e+02 6.442197054816455548e+00
5.915000000000000000e+02 7.210678904261530242e+00
5.915999755859375000e+02 6.036368443742814449e+00
5.917000122070312500e+02 6.031263159725919643e+00
5.917999877929687500e+02 7.621356759363582256e+00
5.919000244140625000e+02 6.849450921927425107e+00
5.920000000000000000e+02 5.914247969299413654e+00
5.920999755859375000e+02 6.788403228942931023e+00
5.922000122070312500e+02 6.753183166420318351e+00
5.922999877929687500e+02 6.154763825085711737e+00
5.924000244140625000e+02 5.592365312601719651e+00
5.925000000000000000e+02 6.285739960844725971e+00
5.925999755859375000e+02 6.859718324571318249e+00
5.927000122070312500e+02 5.508470086968086932e+00
5.927999877929687500e+02 5.474211803392853959e+00
5.929000244140625000e+02 5.951555919137168083e+00
5.930000000000000000e+02 6.706887157212381823e+00
5.930999755859375000e+02 5.419504804426611422e+00
5.932000122070312500e+02 5.718214096243381839e+00
5.932999877929687500e+02 7.746082817771532625e+00
5.934000244140625000e+02 5.946327441312118545e+00
5.935000000000000000e+02 7.008895646123448842e+00
5.935999755859375000e+02 5.296096842712946007e+00
5.937000122070312500e+02 4.555765370528011005e+00
5.937999877929687500e+02 5.436079796133739706e+00
5.939000244140625000e+02 4.667037770785621653e+00
5.940000000000000000e+02 5.087021593585569157e+00
5.940999755859375000e+02 5.868125914023670120e+00
5.942000122070312500e+02 4.539988614022374414e+00
5.942999877929687500e+02 5.241031569160016446e+00
5.944000244140625000e+02 4.594014061020371464e+00
5.945000000000000000e+02 4.699781182890943931e+00
5.945999755859375000e+02 4.759184307804879666e+00
5.947000122070312500e+02 5.142866200686865952e+00
5.947999877929687500e+02 4.981462565363873551e+00
5.949000244140625000e+02 4.904851018554777120e+00
5.950000000000000000e+02 5.316318752388890623e+00
5.950999755859375000e+02 5.947892763890577861e+00
5.952000122070312500e+02 5.213302892708931324e+00
5.952999877929687500e+02 5.667943566721717730e+00
