0.000000000000000000e+00 2.841800330264679886e+01
1.000000014901161194e-01 2.865041243837844576e+01
2.000000029802322388e-01 3.023235990793557448e+01
3.000000119209289551e-01 2.959109948873876661e+01
4.000000059604644775e-01 2.959110467472938311e+01
5.000000000000000000e-01 2.889030441381054359e+01
6.000000238418579102e-01 2.836613369383843875e+01
6.999999880790710449e-01 2.842954531966556786e+01
8.000000119209289551e-01 2.834206820431478135e+01
8.999999761581420898e-01 3.394363052285312676e+01
1.000000000000000000e+00 2.786181604475000029e+01
1.100000023841857910e+00 2.655099405265662327e+01
1.200000047683715820e+00 2.821278819175417141e+01
1.299999952316284180e+00 2.890987983975535869e+01
1.399999976158142090e+00 2.938383235484703704e+01
1.500000000000000000e+00 2.836873297615479217e+01
1.600000023841857910e+00 2.806190454400191214e+01
1.700000047683715820e+00 2.986912508313336190e+01
1.799999952316284180e+00 2.939822045355417046e+01
1.899999976158142090e+00 2.883897644838668484e+01
2.000000000000000000e+00 2.919427103541433155e+01
2.099999904632568359e+00 3.714211018553341148e+01
2.200000047683715820e+00 3.432982814767441937e+01
2.299999952316284180e+00 3.158460286918597504e+01
2.400000095367431641e+00 2.954490031299537733e+01
2.500000000000000000e+00 2.928488688024591724e+01
2.599999904632568359e+00 2.863941930332914509e+01
2.700000047683715820e+00 2.843229908703344222e+01
2.799999952316284180e+00 2.846581799257855749e+01
2.900000095367431641e+00 2.830268991907072973e+01
3.000000000000000000e+00 2.727877844055784351e+01
3.099999904632568359e+00 2.817497130491225121e+01
3.200000047683715820e+00 3.011908530596795686e+01
3.299999952316284180e+00 2.474866546875949425e+01
3.400000095367431641e+00 2.781361890370964218e+01
3.500000000000000000e+00 2.832704164469718933e+01
3.599999904632568359e+00 2.848168477001284060e+01
3.700000047683715820e+00 3.348349071825442991e+01
3.799999952316284180e+00 3.011392731830493830e+01
3.900000095367431641e+00 2.913390242503706062e+01
4.000000000000000000e+00 2.893422638391257706e+01
4.099999904632568359e+00 2.952312569808198717e+01
4.199999809265136719e+00 2.931956392194047112e+01
4.300000190734863281e+00 2.752350648359244545e+01
4.400000095367431641e+00 2.728963680377186662e+01
4.500000000000000000e+00 3.369264223034362971e+01
4.599999904632568359e+00 2.731976963284166615e+01
4.699999809265136719e+00 2.674233218561431968e+01
4.800000190734863281e+00 2.874869898768053744e+01
4.900000095367431641e+00 2.760094987042583270e+01
5.000000000000000000e+00 2.689229067869759859e+01
5.099999904632568359e+00 2.814047978582967602e+01
5.199999809265136719e+00 2.859284194416738245e+01
5.300000190734863281e+00 2.911045027969078802e+01
5.400000095367431641e+00 2.809363386913005911e+01
5.500000000000000000e+00 2.816116458495098129e+01
5.599999904632568359e+00 2.833432216666918890e+01
5.699999809265136719e+00 2.807832906115345040e+01
5.800000190734863281e+00 2.923717699739106024e+01
5.900000095367431641e+00 2.960861984171320671e+01
6.000000000000000000e+00 2.836329892946181275e+01
6.099999904632568359e+00 2.859689090146721568e+01
6.199999809265136719e+00 2.867216033830231936e+01
6.300000190734863281e+00 2.909463190266350097e+01
6.400000095367431641e+00 2.891916153940307410e+01
6.500000000000000000e+00 2.843752657427445740e+01
6.599999904632568359e+00 3.098533950614970678e+01
6.699999809265136719e+00 3.014331942573184264e+01
6.800000190734863281e+00 2.841443556047401131e+01
6.900000095367431641e+00 2.769514110987313416e+01
7.000000000000000000e+00 2.763928681266525800e+01
7.099999904632568359e+00 2.891469639851755957e+01
7.199999809265136719e+00 2.875034706442385257e+01
7.300000190734863281e+00 2.804775732743704353e+01
7.400000095367431641e+00 3.366605987620374663e+01
7.500000000000000000e+00 3.260690343419992132e+01
7.599999904632568359e+00 2.404857866595860827e+01
7.699999809265136719e+00 2.292034577440217191e+01
7.800000190734863281e+00 2.298668148212051676e+01
7.900000095367431641e+00 2.343041256236078596e+01
8.000000000000000000e+00 2.352629452398894472e+01
8.100000381469726562e+00 2.323816149774719975e+01
8.199999809265136719e+00 2.347285768753570423e+01
8.300000190734863281e+00 2.286342650769997675e+01
8.399999618530273438e+00 3.469777241898214015e+01
8.500000000000000000e+00 5.838334486662530765e+01
8.600000381469726562e+00 6.790193148675001567e+01
8.699999809265136719e+00 5.693149327779194380e+01
8.800000190734863281e+00 6.290507910496413757e+01
8.899999618530273438e+00 5.721275987938086871e+01
9.000000000000000000e+00 6.775607876286099440e+01
9.100000381469726562e+00 6.702808106384640041e+01
9.199999809265136719e+00 9.053574776028186477e+01
9.300000190734863281e+00 7.736810389209372829e+01
9.399999618530273438e+00 8.537857329231486858e+01
9.500000000000000000e+00 7.532373412471179108e+01
9.600000381469726562e+00 6.363083344713285072e+01
9.699999809265136719e+00 7.292171286393531204e+01
9.800000190734863281e+00 6.680091130497316954e+01
9.899999618530273438e+00 6.301609716258275284e+01
1.000000000000000000e+01 6.423044248118137034e+01
1.010000038146972656e+01 9.517619268197911708e+01
1.019999980926513672e+01 1.017732956486969300e+02
1.030000019073486328e+01 8.690134690799797568e+01
1.039999961853027344e+01 8.457103659548425867e+01
1.050000000000000000e+01 7.973005877542952646e+01
1.060000038146972656e+01 8.588209169198695747e+01
1.069999980926513672e+01 8.020467991602791358e+01
1.080000019073486328e+01 8.526905652392039769e+01
1.089999961853027344e+01 5.991449862563242590e+01
1.100000000000000000e+01 5.811588865063163922e+01
1.110000038146972656e+01 5.780795058141580967e+01
1.119999980926513672e+01 5.838816229307281702e+01
1.130000019073486328e+01 6.784283009733204040e+01
1.139999961853027344e+01 5.991231173327160775e+01
1.150000000000000000e+01 7.329759313883904781e+01
1.160000038146972656e+01 5.586230633309150306e+01
1.169999980926513672e+01 5.165319581311156583e+01
1.180000019073486328e+01 5.899293873065953164e+01
1.189999961853027344e+01 5.877096772982525863e+01
1.200000000000000000e+01 5.562176887436017125e+01
1.210000038146972656e+01 7.879622235405369679e+01
1.219999980926513672e+01 8.328383699472207979e+01
1.230000019073486328e+01 6.859840107726454050e+01
1.239999961853027344e+01 1.037806978660896533e+02
1.250000000000000000e+01 7.046131602311319853e+01
1.260000038146972656e+01 5.090940477358784477e+01
1.269999980926513672e+01 3.928200467210044167e+01
1.280000019073486328e+01 3.097299571408829166e+01
1.289999961853027344e+01 2.765570025160644363e+01
1.300000000000000000e+01 2.970541171671536773e+01
1.310000038146972656e+01 3.101305309871304416e+01
1.319999980926513672e+01 4.812281085773975065e+01
1.330000019073486328e+01 5.412897227496264918e+01
1.339999961853027344e+01 6.553312044209788212e+01
1.350000000000000000e+01 9.145168311148030682e+01
1.360000038146972656e+01 9.611371841557793516e+01
1.369999980926513672e+01 8.935885003331573273e+01
1.380000019073486328e+01 6.803065038745140214e+01
1.389999961853027344e+01 6.427566464446744021e+01
1.400000000000000000e+01 6.406164002611126307e+01
1.410000038146972656e+01 6.450139366761278836e+01
1.419999980926513672e+01 6.223702701195733056e+01
1.430000019073486328e+01 6.907298781782235153e+01
1.439999961853027344e+01 5.144898687398001158e+01
1.450000000000000000e+01 4.343933969012937979e+01
1.460000038146972656e+01 6.073479890488980004e+01
1.469999980926513672e+01 4.746763141492625238e+01
1.480000019073486328e+01 6.088959476081487310e+01
1.489999961853027344e+01 5.542871642335529003e+01
1.500000000000000000e+01 5.039266291056471658e+01
1.510000038146972656e+01 4.949062096486756701e+01
1.519999980926513672e+01 3.953421811427460852e+01
1.530000019073486328e+01 4.639711059726730724e+01
1.539999961853027344e+01 3.805699255621624388e+01
1.550000000000000000e+01 5.941435295859800902e+01
1.560000038146972656e+01 5.597843780594378416e+01
1.569999980926513672e+01 5.390665416398164211e+01
1.580000019073486328e+01 6.710499037280557388e+01
1.589999961853027344e+01 7.021121427227036804e+01
1.600000000000000000e+01 7.392408018969216243e+01
1.610000038146972656e+01 5.702341648197190693e+01
1.620000076293945312e+01 6.672682785218314905e+01
1.629999923706054688e+01 7.355893776883974056e+01
1.639999961853027344e+01 8.338237138361077427e+01
1.650000000000000000e+01 6.916204809151454924e+01
1.660000038146972656e+01 7.462803423831962846e+01
1.670000076293945312e+01 8.752619457734712682e+01
1.679999923706054688e+01 7.420064917389271386e+01
1.689999961853027344e+01 7.288328308148975054e+01
1.700000000000000000e+01 6.903510382757477259e+01
1.710000038146972656e+01 6.723251304588106336e+01
1.720000076293945312e+01 8.124015100472861661e+01
1.729999923706054688e+01 7.499520752428809089e+01
1.739999961853027344e+01 6.986635872164141858e+01
1.750000000000000000e+01 5.146519156521858207e+01
1.760000038146972656e+01 5.849148260522528631e+01
1.770000076293945312e+01 5.159050937333531550e+01
1.779999923706054688e+01 4.986706495508104098e+01
1.789999961853027344e+01 4.072900704396544569e+01
1.800000000000000000e+01 4.323325323164205258e+01
1.810000038146972656e+01 5.072542266256408539e+01
1.820000076293945312e+01 4.223028164979841392e+01
1.829999923706054688e+01 3.426041470307445991e+01
1.839999961853027344e+01 3.722146780517710596e+01
1.850000000000000000e+01 3.339486031976999669e+01
1.860000038146972656e+01 4.109177535109613899e+01
1.870000076293945312e+01 3.881137121834863279e+01
1.879999923706054688e+01 2.623220384326027954e+01
1.889999961853027344e+01 3.368752493709784801e+01
1.900000000000000000e+01 4.297147487059724824e+01
1.910000038146972656e+01 4.757578764863122700e+01
1.920000076293945312e+01 4.751904723483738735e+01
1.929999923706054688e+01 3.673354348488440735e+01
1.939999961853027344e+01 4.830990472854249163e+01
1.950000000000000000e+01 2.593584564872416109e+01
1.960000038146972656e+01 2.680844617828205401e+01
1.970000076293945312e+01 2.172249790208561393e+01
1.979999923706054688e+01 2.179875823444394456e+01
1.989999961853027344e+01 2.004114575109142748e+01
2.000000000000000000e+01 2.225234959563118409e+01
2.010000038146972656e+01 1.868056727571090292e+01
2.020000076293945312e+01 2.020287257187122876e+01
2.029999923706054688e+01 1.658731829752086284e+01
2.039999961853027344e+01 1.805537942341069879e+01
2.050000000000000000e+01 1.702713801112874137e+01
2.060000038146972656e+01 1.495585510735880064e+01
2.070000076293945312e+01 1.574072943077755582e+01
2.079999923706054688e+01 1.585950523279703006e+01
2.089999961853027344e+01 1.716070234274295458e+01
2.100000000000000000e+01 1.737001700470633025e+01
2.110000038146972656e+01 1.716946050016781911e+01
2.120000076293945312e+01 1.497062132063996209e+01
2.129999923706054688e+01 1.715133919707880139e+01
2.139999961853027344e+01 1.730053948491751470e+01
2.150000000000000000e+01 1.921940996790857881e+01
2.160000038146972656e+01 1.532335561591092166e+01
2.170000076293945312e+01 1.732414087684609072e+01
2.179999923706054688e+01 1.627081763786400259e+01
2.189999961853027344e+01 1.975152177199869641e+01
2.200000000000000000e+01 1.791823310276053860e+01
2.210000038146972656e+01 1.648597975326928022e+01
2.220000076293945312e+01 2.252799873605411207e+01
2.229999923706054688e+01 2.244746040711041957e+01
2.239999961853027344e+01 2.201452331848183164e+01
2.250000000000000000e+01 2.028695614193024355e+01
2.260000038146972656e+01 2.226608234371876094e+01
2.270000076293945312e+01 2.021269272020462893e+01
2.279999923706054688e+01 2.002764098320377073e+01
2.289999961853027344e+01 2.249144182899631517e+01
2.300000000000000000e+01 2.155744147932983168e+01
2.310000038146972656e+01 2.496736304344137736e+01
2.320000076293945312e+01 2.233987421735321277e+01
2.329999923706054688e+01 2.249289080599516311e+01
2.339999961853027344e+01 1.646014955552870163e+01
2.350000000000000000e+01 1.388085532943195233e+01
2.360000038146972656e+01 1.327917126982355178e+01
2.370000076293945312e+01 1.298637568309324841e+01
2.379999923706054688e+01 1.335001478123281160e+01
2.389999961853027344e+01 1.278156660824297042e+01
2.400000000000000000e+01 1.509976103659867341e+01
2.410000038146972656e+01 1.681353339758883081e+01
2.420000076293945312e+01 1.203236853760900260e+01
2.429999923706054688e+01 1.418821647854193202e+01
2.439999961853027344e+01 1.391319753265469927e+01
2.450000000000000000e+01 1.303809043383514066e+01
2.460000038146972656e+01 1.455034829883145520e+01
2.470000076293945312e+01 1.399749059648121374e+01
2.479999923706054688e+01 1.402729614198569585e+01
2.489999961853027344e+01 1.394326149619610256e+01
2.500000000000000000e+01 1.414129406802620359e+01
2.510000038146972656e+01 1.329735933974374440e+01
2.520000076293945312e+01 1.180358051466551750e+01
2.529999923706054688e+01 1.397629876856086106e+01
2.539999961853027344e+01 1.274685865195155365e+01
2.550000000000000000e+01 1.373867284114590781e+01
2.560000038146972656e+01 1.249824491177815133e+01
2.570000076293945312e+01 1.306956826313827591e+01
2.579999923706054688e+01 1.320761049033807488e+01
2.589999961853027344e+01 1.180828454194836397e+01
2.600000000000000000e+01 1.258514328233863999e+01
2.610000038146972656e+01 1.224237903538522332e+01
2.620000076293945312e+01 1.271090717139951920e+01
2.629999923706054688e+01 1.199656539973661751e+01
2.639999961853027344e+01 1.225205770948584494e+01
2.650000000000000000e+01 1.222987142708284836e+01
2.660000038146972656e+01 1.142896700971907364e+01
2.670000076293945312e+01 1.165880845317990655e+01
2.679999923706054688e+01 1.283456639030409718e+01
2.689999961853027344e+01 1.370605141024593188e+01
2.700000000000000000e+01 1.224042579077023163e+01
2.710000038146972656e+01 1.168600964597236747e+01
2.720000076293945312e+01 1.266767385989495054e+01
2.729999923706054688e+01 2.089193500021270111e+01
2.739999961853027344e+01 3.268519668217929564e+01
2.750000000000000000e+01 3.834941378152732483e+01
2.760000038146972656e+01 2.760215894061346020e+01
2.770000076293945312e+01 4.272557119528328684e+01
2.779999923706054688e+01 5.716983903762497476e+01
2.789999961853027344e+01 5.907629331915111948e+01
2.800000000000000000e+01 4.713080461940676713e+01
2.810000038146972656e+01 6.770285129641959543e+01
2.820000076293945312e+01 8.172111485944863318e+01
2.829999923706054688e+01 9.101066877760523255e+01
2.839999961853027344e+01 1.022735742725043480e+02
2.850000000000000000e+01 1.044815904586521356e+02
2.860000038146972656e+01 8.441017889977902655e+01
2.870000076293945312e+01 5.185322133468231698e+01
2.879999923706054688e+01 5.462743880245027839e+01
2.889999961853027344e+01 5.881685634076470137e+01
2.900000000000000000e+01 5.260853694173531636e+01
2.910000038146972656e+01 2.663874365247890807e+01
2.920000076293945312e+01 4.568292924546600631e+01
2.929999923706054688e+01 4.641288730910006421e+01
2.939999961853027344e+01 6.521394956482538419e+01
2.950000000000000000e+01 7.664910532575734692e+01
2.960000038146972656e+01 7.523117384889434334e+01
2.970000076293945312e+01 5.835878739893819755e+01
2.979999923706054688e+01 8.209861239750483719e+01
2.989999961853027344e+01 7.746868813036114432e+01
3.000000000000000000e+01 7.643621095722417635e+01
3.010000038146972656e+01 6.288662194524550841e+01
3.020000076293945312e+01 8.156929042857956347e+01
3.029999923706054688e+01 7.148604357660148878e+01
3.039999961853027344e+01 7.163831413804183512e+01
3.050000000000000000e+01 4.776695480766984758e+01
3.060000038146972656e+01 5.884092041432658249e+01
3.070000076293945312e+01 5.525096860891401462e+01
3.079999923706054688e+01 5.806097222514805622e+01
3.089999961853027344e+01 7.125528681029059896e+01
3.100000000000000000e+01 8.160715471126371767e+01
3.110000038146972656e+01 7.356337034092449301e+01
3.120000076293945312e+01 6.595027795597114562e+01
3.129999923706054688e+01 5.952588261639404976e+01
3.139999961853027344e+01 5.638028241508686023e+01
3.150000000000000000e+01 6.211898928613406667e+01
3.160000038146972656e+01 7.151031118853961743e+01
3.170000076293945312e+01 6.013267219298224830e+01
3.179999923706054688e+01 7.647760465785293604e+01
3.189999961853027344e+01 5.858370382676930888e+01
3.200000000000000000e+01 6.044642599586310183e+01
3.209999847412109375e+01 8.830573384325641939e+01
3.220000076293945312e+01 7.090654868754715778e+01
3.229999923706054688e+01 6.891924540715777425e+01
3.240000152587890625e+01 6.755239103303559034e+01
3.250000000000000000e+01 8.863993693309988942e+01
3.259999847412109375e+01 5.613473564530688975e+01
3.270000076293945312e+01 6.102211892397756543e+01
3.279999923706054688e+01 6.925076723316364280e+01
3.290000152587890625e+01 4.688214783781306494e+01
3.300000000000000000e+01 2.443882126239336117e+01
3.309999847412109375e+01 4.127130319081842202e+01
3.320000076293945312e+01 4.314830231675638572e+01
3.329999923706054688e+01 4.320908960615395245e+01
3.340000152587890625e+01 3.864638353455804776e+01
3.350000000000000000e+01 4.224540719967050251e+01
3.359999847412109375e+01 4.037336326266080277e+01
3.370000076293945312e+01 3.795718909812550379e+01
3.379999923706054688e+01 4.261032914534729343e+01
3.390000152587890625e+01 4.057048752989610563e+01
3.400000000000000000e+01 4.245586178140940348e+01
3.409999847412109375e+01 3.719978843721113293e+01
3.420000076293945312e+01 3.877546182308886102e+01
3.429999923706054688e+01 5.371672689223732533e+01
3.440000152587890625e+01 6.224898805196205132e+01
3.450000000000000000e+01 7.332135531888317814e+01
3.459999847412109375e+01 6.456192347948150712e+01
3.470000076293945312e+01 7.483045031476405029e+01
3.479999923706054688e+01 6.402064782437473411e+01
3.490000152587890625e+01 6.088726796609301317e+01
3.500000000000000000e+01 6.810789186754588798e+01
3.509999847412109375e+01 5.612441081417077271e+01
3.520000076293945312e+01 8.129372143067959655e+01
3.529999923706054688e+01 7.623636431108857892e+01
3.540000152587890625e+01 8.608967774564784747e+01
3.550000000000000000e+01 7.270074731433274451e+01
3.559999847412109375e+01 8.621507257020692805e+01
3.570000076293945312e+01 6.621583637136424727e+01
3.579999923706054688e+01 7.261795781936298511e+01
3.590000152587890625e+01 7.690011609494293054e+01
3.600000000000000000e+01 8.215933598395076842e+01
3.609999847412109375e+01 6.778865584881194195e+01
3.620000076293945312e+01 6.431207639316424718e+01
3.629999923706054688e+01 9.497517153173869531e+01
3.640000152587890625e+01 6.943851188498288707e+01
3.650000000000000000e+01 5.697463552416726884e+01
3.659999847412109375e+01 4.228046511050600742e+01
3.670000076293945312e+01 5.300248530710819495e+01
3.679999923706054688e+01 4.165372634687734887e+01
3.690000152587890625e+01 3.238439293805284080e+01
3.700000000000000000e+01 5.737603180239122480e+01
3.709999847412109375e+01 5.395662024755382191e+01
3.720000076293945312e+01 3.967660703113265441e+01
3.729999923706054688e+01 2.930226252666417253e+01
3.740000152587890625e+01 2.189824184689029352e+01
3.750000000000000000e+01 2.487484499014664152e+01
3.759999847412109375e+01 2.996563610587445226e+01
3.770000076293945312e+01 2.601763398334807320e+01
3.779999923706054688e+01 2.457247246295963450e+01
3.790000152587890625e+01 2.853638051733690517e+01
3.800000000000000000e+01 2.420733206485904532e+01
3.809999847412109375e+01 2.653770033944374163e+01
3.820000076293945312e+01 2.455175429889612460e+01
3.829999923706054688e+01 2.760838389449129338e+01
3.840000152587890625e+01 2.880960093474866568e+01
3.850000000000000000e+01 2.829125972788975218e+01
3.859999847412109375e+01 2.727635816129555835e+01
3.870000076293945312e+01 3.268984841520104112e+01
3.879999923706054688e+01 3.168554531134179797e+01
3.890000152587890625e+01 3.573569753458637166e+01
3.900000000000000000e+01 3.483867766425561285e+01
3.909999847412109375e+01 4.258654363354176553e+01
3.920000076293945312e+01 6.300310005286261372e+01
3.929999923706054688e+01 5.503698472046399814e+01
3.940000152587890625e+01 7.420803145140109791e+01
3.950000000000000000e+01 7.123451019016221153e+01
3.959999847412109375e+01 4.920924634521599472e+01
3.970000076293945312e+01 5.020576022891776091e+01
3.979999923706054688e+01 5.531192451701384272e+01
3.990000152587890625e+01 3.649319228299975038e+01
4.000000000000000000e+01 4.113773954293023394e+01
4.009999847412109375e+01 3.844478462187404233e+01
4.020000076293945312e+01 5.238423138366850651e+01
4.029999923706054688e+01 5.965771374678396199e+01
4.040000152587890625e+01 4.686142462329317482e+01
4.050000000000000000e+01 4.363991384720166877e+01
4.059999847412109375e+01 6.847102521636195149e+01
4.070000076293945312e+01 7.093966963374811030e+01
4.079999923706054688e+01 7.717058502798805364e+01
4.090000152587890625e+01 7.092919709896730751e+01
4.100000000000000000e+01 6.322083203004506657e+01
4.109999847412109375e+01 5.482413514270547950e+01
4.120000076293945312e+01 5.113149382417829969e+01
4.129999923706054688e+01 7.648350574536726754e+01
4.140000152587890625e+01 5.853330501366603755e+01
4.150000000000000000e+01 6.832670081810564966e+01
4.159999847412109375e+01 6.383327167603237484e+01
4.170000076293945312e+01 7.517471285988514751e+01
4.179999923706054688e+01 5.699943101445249027e+01
4.190000152587890625e+01 7.678411949862604047e+01
4.200000000000000000e+01 7.078266434778436178e+01
4.209999847412109375e+01 6.738335954621095425e+01
4.220000076293945312e+01 7.467210101250178411e+01
4.229999923706054688e+01 4.283808285948949646e+01
4.240000152587890625e+01 5.066003022727425531e+01
4.250000000000000000e+01 3.879028334933794042e+01
4.259999847412109375e+01 5.976649454229947622e+01
4.270000076293945312e+01 5.015492984637482721e+01
4.279999923706054688e+01 5.161774383411938771e+01
4.290000152587890625e+01 3.962314699231038162e+01
4.300000000000000000e+01 3.740323590732702996e+01
4.309999847412109375e+01 3.885096145307435478e+01
4.320000076293945312e+01 3.981338778424830593e+01
4.329999923706054688e+01 3.742797442405316843e+01
4.340000152587890625e+01 3.746146639956538138e+01
4.350000000000000000e+01 3.880612342219305333e+01
4.359999847412109375e+01 3.857323464538705338e+01
4.370000076293945312e+01 3.907685946007551081e+01
4.379999923706054688e+01 4.847115322738846288e+01
4.390000152587890625e+01 5.742147646930505545e+01
4.400000000000000000e+01 6.549066945252329219e+01
4.409999847412109375e+01 6.908460672786482348e+01
4.420000076293945312e+01 6.341693643074784603e+01
4.429999923706054688e+01 6.486079660594423046e+01
4.440000152587890625e+01 7.392967405536579406e+01
4.450000000000000000e+01 7.360563016735896724e+01
4.459999847412109375e+01 6.679046517186027643e+01
4.470000076293945312e+01 6.483655036866454680e+01
4.479999923706054688e+01 8.246083916928913027e+01
4.490000152587890625e+01 6.615123998125149285e+01
4.500000000000000000e+01 8.251223139577327004e+01
4.509999847412109375e+01 6.452680073387016080e+01
4.520000076293945312e+01 5.721000246800773681e+01
4.529999923706054688e+01 4.929377409489691075e+01
4.540000152587890625e+01 6.207659926884506518e+01
4.550000000000000000e+01 8.190657138572169060e+01
4.559999847412109375e+01 8.832090775334565080e+01
4.570000076293945312e+01 7.738042885766802215e+01
4.579999923706054688e+01 6.056966163871138775e+01
4.590000152587890625e+01 5.523167154455494199e+01
4.600000000000000000e+01 7.144710970868334243e+01
4.609999847412109375e+01 6.391283626291324538e+01
4.620000076293945312e+01 5.831655766713762290e+01
4.629999923706054688e+01 6.078060844350291347e+01
4.640000152587890625e+01 5.811239018869040507e+01
4.650000000000000000e+01 5.538250868983622865e+01
4.659999847412109375e+01 6.043359369423793481e+01
4.670000076293945312e+01 4.829152898568625574e+01
4.679999923706054688e+01 5.974258036259877258e+01
4.690000152587890625e+01 7.801792771422535111e+01
4.700000000000000000e+01 7.538702014047201772e+01
4.709999847412109375e+01 6.651653598949654622e+01
4.720000076293945312e+01 7.515767576123501215e+01
4.729999923706054688e+01 5.056409631163541007e+01
4.740000152587890625e+01 6.085882832904791684e+01
4.750000000000000000e+01 5.594741277730911122e+01
4.759999847412109375e+01 6.074778973537272719e+01
4.770000076293945312e+01 5.551929064164668404e+01
4.779999923706054688e+01 4.844803647287917414e+01
4.790000152587890625e+01 5.008111273970020960e+01
4.800000000000000000e+01 5.569773175355581429e+01
4.809999847412109375e+01 5.418434862894708459e+01
4.820000076293945312e+01 4.216213720557703226e+01
4.829999923706054688e+01 4.183536344707093946e+01
4.840000152587890625e+01 4.224994739645355679e+01
4.850000000000000000e+01 5.904165814978843230e+01
4.859999847412109375e+01 4.123190811173202519e+01
4.870000076293945312e+01 6.438640169239350541e+01
4.879999923706054688e+01 6.824375794819492569e+01
4.890000152587890625e+01 7.740259310190336350e+01
4.900000000000000000e+01 7.048558855638097498e+01
4.909999847412109375e+01 8.793131028195475096e+01
4.920000076293945312e+01 8.281533260951079001e+01
4.929999923706054688e+01 6.292246588743185498e+01
4.940000152587890625e+01 8.975447316119861796e+01
4.950000000000000000e+01 7.798015319003633294e+01
4.959999847412109375e+01 8.392992824017895259e+01
4.970000076293945312e+01 6.259974745139155772e+01
4.979999923706054688e+01 6.614170867206740922e+01
4.990000152587890625e+01 4.974497024841741677e+01
5.000000000000000000e+01 5.556106462797792744e+01
5.009999847412109375e+01 4.617118896938526973e+01
5.020000076293945312e+01 5.135664586013800914e+01
5.029999923706054688e+01 7.179589273956612772e+01
5.040000152587890625e+01 6.902531224269323218e+01
5.050000000000000000e+01 6.360016224422405173e+01
5.059999847412109375e+01 8.227839204563062481e+01
5.070000076293945312e+01 6.743115293506750163e+01
5.079999923706054688e+01 6.233437512645967615e+01
5.090000152587890625e+01 6.047217054071538911e+01
5.100000000000000000e+01 5.712495243328483241e+01
5.109999847412109375e+01 7.211951916976302357e+01
5.120000076293945312e+01 6.982935982007224140e+01
5.129999923706054688e+01 7.411810813393448427e+01
5.140000152587890625e+01 7.001919878669158948e+01
5.150000000000000000e+01 6.139858169281919942e+01
5.159999847412109375e+01 4.957399924231930299e+01
5.170000076293945312e+01 5.236652697589628502e+01
5.179999923706054688e+01 7.080164327844612160e+01
5.190000152587890625e+01 6.798480509087431756e+01
5.200000000000000000e+01 6.282999366489584503e+01
5.209999847412109375e+01 6.684959181956278940e+01
5.220000076293945312e+01 5.493306361123645587e+01
5.229999923706054688e+01 4.094762003712111209e+01
5.240000152587890625e+01 4.333397465865733977e+01
5.250000000000000000e+01 5.267764884487307597e+01
5.259999847412109375e+01 6.311992286925265461e+01
5.270000076293945312e+01 6.160318866060493548e+01
5.279999923706054688e+01 1.079886928848447241e+02
5.290000152587890625e+01 9.841848672784558971e+01
5.300000000000000000e+01 1.043151727614948072e+02
5.309999847412109375e+01 1.062185902339278272e+02
5.320000076293945312e+01 8.275129989390087815e+01
5.329999923706054688e+01 7.902769763552481663e+01
5.340000152587890625e+01 7.065324030221863438e+01
5.350000000000000000e+01 7.676729471886000056e+01
5.359999847412109375e+01 9.556122956347171282e+01
5.370000076293945312e+01 8.998524661657395995e+01
5.379999923706054688e+01 6.769068918559301551e+01
5.390000152587890625e+01 6.103183138174559730e+01
5.400000000000000000e+01 4.350703562029145388e+01
5.409999847412109375e+01 6.196622838952101375e+01
5.420000076293945312e+01 5.135962622774290764e+01
5.429999923706054688e+01 7.397440727214271305e+01
5.440000152587890625e+01 7.032906027550120598e+01
5.450000000000000000e+01 7.700392127317718405e+01
5.459999847412109375e+01 9.072627233950959180e+01
5.470000076293945312e+01 6.603293774038519359e+01
5.479999923706054688e+01 7.840018141602467949e+01
5.490000152587890625e+01 6.602047598719317989e+01
5.500000000000000000e+01 6.208872540754424563e+01
5.509999847412109375e+01 5.282176743160991350e+01
5.520000076293945312e+01 4.846048639988544693e+01
5.529999923706054688e+01 4.950393476676756421e+01
5.540000152587890625e+01 6.180704492626095714e+01
5.550000000000000000e+01 6.517332022442440120e+01
5.559999847412109375e+01 8.019940557091649680e+01
5.570000076293945312e+01 6.240244214565448999e+01
5.579999923706054688e+01 5.529946656272264249e+01
5.590000152587890625e+01 5.789267261323200842e+01
5.600000000000000000e+01 4.825408068056123057e+01
5.609999847412109375e+01 4.141086388044291766e+01
5.620000076293945312e+01 4.783137475253276705e+01
5.629999923706054688e+01 2.379665396299798275e+01
5.640000152587890625e+01 1.266419972664778903e+01
5.650000000000000000e+01 3.199791826921819293e+01
5.659999847412109375e+01 2.909699841298711220e+01
5.670000076293945312e+01 3.294107302656347258e+01
5.679999923706054688e+01 6.539773356292928952e+01
5.690000152587890625e+01 8.282158944478756268e+01
5.700000000000000000e+01 7.713891313832030505e+01
5.709999847412109375e+01 6.955447780471051544e+01
5.720000076293945312e+01 7.046761045977721949e+01
5.729999923706054688e+01 5.978538805501922582e+01
5.740000152587890625e+01 4.438436188458138787e+01
5.750000000000000000e+01 4.931479693665234265e+01
5.759999847412109375e+01 4.914650264612664898e+01
5.770000076293945312e+01 6.084005823821721037e+01
5.779999923706054688e+01 5.775766955346658449e+01
5.790000152587890625e+01 6.347503584773633634e+01
5.800000000000000000e+01 7.028831943275083916e+01
5.809999847412109375e+01 4.342113727860301253e+01
5.820000076293945312e+01 3.331870834281747307e+01
5.829999923706054688e+01 4.288741528960127880e+01
5.840000152587890625e+01 5.191338951665001389e+01
5.850000000000000000e+01 4.651120342815254105e+01
5.859999847412109375e+01 5.586501970990852328e+01
5.870000076293945312e+01 6.283723601375333345e+01
5.879999923706054688e+01 6.785374611650568966e+01
5.890000152587890625e+01 5.687420152716944699e+01
5.900000000000000000e+01 6.315448405342451110e+01
5.909999847412109375e+01 7.172946114273439377e+01
5.920000076293945312e+01 6.937095333147306064e+01
5.929999923706054688e+01 6.394828837670785049e+01
5.940000152587890625e+01 7.581858760226687366e+01
5.950000000000000000e+01 8.713100580535724760e+01
5.959999847412109375e+01 8.323970886733943075e+01
5.970000076293945312e+01 8.675680443904873584e+01
5.979999923706054688e+01 6.472402804589896164e+01
5.990000152587890625e+01 6.216082676710756516e+01
6.000000000000000000e+01 6.248608465911456022e+01
6.009999847412109375e+01 5.641143953182084658e+01
6.020000076293945312e+01 6.590202977820000285e+01
6.029999923706054688e+01 5.132845821004487874e+01
6.040000152587890625e+01 3.630256212343459765e+01
6.050000000000000000e+01 3.588487688992037050e+01
6.059999847412109375e+01 3.284415303102110784e+01
6.070000076293945312e+01 4.551996359176902018e+01
6.079999923706054688e+01 5.027866346555144617e+01
6.090000152587890625e+01 5.063924570658233648e+01
6.100000000000000000e+01 4.675629960958168141e+01
6.109999847412109375e+01 4.990728442706991075e+01
6.120000076293945312e+01 4.890190642981695390e+01
6.129999923706054688e+01 6.253592245230618119e+01
6.140000152587890625e+01 5.787677397134123680e+01
6.150000000000000000e+01 6.655030896355270897e+01
6.159999847412109375e+01 5.965837877793355659e+01
6.170000076293945312e+01 4.135973360870016080e+01
6.179999923706054688e+01 4.837817832413167451e+01
6.190000152587890625e+01 4.245262026783994713e+01
6.200000000000000000e+01 3.890560943808804240e+01
6.209999847412109375e+01 5.721672695792511121e+01
6.220000076293945312e+01 5.673802283643205868e+01
6.229999923706054688e+01 6.038349624712291330e+01
6.240000152587890625e+01 6.393426794139634239e+01
6.250000000000000000e+01 4.809152132640941346e+01
6.259999847412109375e+01 6.052423531337799290e+01
6.270000076293945312e+01 6.074053929821025832e+01
6.279999923706054688e+01 7.231157768104544914e+01
6.290000152587890625e+01 5.291136259971673894e+01
6.300000000000000000e+01 4.689347952747624504e+01
6.309999847412109375e+01 3.963084728419842406e+01
6.320000076293945312e+01 3.982814184803942226e+01
6.329999923706054688e+01 3.473640483338884621e+01
6.340000152587890625e+01 2.961833207249641831e+01
6.350000000000000000e+01 2.935396458708720147e+01
6.359999847412109375e+01 2.884815364777522717e+01
6.370000076293945312e+01 2.993199006688543662e+01
6.379999923706054688e+01 3.169194672885402753e+01
6.390000152587890625e+01 3.130866456590048941e+01
6.400000000000000000e+01 3.193971134929443778e+01
6.409999847412109375e+01 3.145926203943578159e+01
6.419999694824218750e+01 3.226625180360710488e+01
6.430000305175781250e+01 3.435656518923449454e+01
6.440000152587890625e+01 3.174449149091709543e+01
6.450000000000000000e+01 3.412211061874604923e+01
6.459999847412109375e+01 2.960040902927497086e+01
6.469999694824218750e+01 2.964880140974611322e+01
6.480000305175781250e+01 3.101815499093613226e+01
6.490000152587890625e+01 3.210245433169319540e+01
6.500000000000000000e+01 2.896801293208933004e+01
6.509999847412109375e+01 2.927480365068072032e+01
6.519999694824218750e+01 2.951368088432547054e+01
6.530000305175781250e+01 2.958371112865246744e+01
6.540000152587890625e+01 2.806926381580879948e+01
6.550000000000000000e+01 2.809623880468958745e+01
6.559999847412109375e+01 3.024384684632024900e+01
6.569999694824218750e+01 2.940801809885213913e+01
6.580000305175781250e+01 2.903453572764038526e+01
6.590000152587890625e+01 2.971440978240773845e+01
6.600000000000000000e+01 2.909056967762725066e+01
6.609999847412109375e+01 2.938579221459051283e+01
6.619999694824218750e+01 3.089306358438632216e+01
6.630000305175781250e+01 2.925766190983798509e+01
6.640000152587890625e+01 2.950477230143079410e+01
6.650000000000000000e+01 2.839991457819133558e+01
6.659999847412109375e+01 2.793599894596161448e+01
6.669999694824218750e+01 2.713921822484950752e+01
6.680000305175781250e+01 2.776190060852234254e+01
6.690000152587890625e+01 2.726189264454507466e+01
6.700000000000000000e+01 2.815404803483849605e+01
6.709999847412109375e+01 3.005082994701630739e+01
6.719999694824218750e+01 2.806381485664575237e+01
6.730000305175781250e+01 3.578622845124663598e+01
6.740000152587890625e+01 3.674530331157189522e+01
6.750000000000000000e+01 3.291194977139074496e+01
6.759999847412109375e+01 3.142441283503359628e+01
6.769999694824218750e+01 3.033496773511605937e+01
6.780000305175781250e+01 2.887865978555787905e+01
6.790000152587890625e+01 2.837338699922819885e+01
6.800000000000000000e+01 2.888527963551219102e+01
6.809999847412109375e+01 2.826196075625810877e+01
6.819999694824218750e+01 2.961261494180327247e+01
6.830000305175781250e+01 3.231376655956275101e+01
6.840000152587890625e+01 3.038913939227811412e+01
6.850000000000000000e+01 2.957893550926963400e+01
6.859999847412109375e+01 2.907482861323955348e+01
6.869999694824218750e+01 2.894665339874256560e+01
6.880000305175781250e+01 2.966272458340683471e+01
6.890000152587890625e+01 2.847560819946480137e+01
6.900000000000000000e+01 2.917632227831230551e+01
6.909999847412109375e+01 2.826707669049843119e+01
6.919999694824218750e+01 2.875074607972166874e+01
6.930000305175781250e+01 2.879472720231263949e+01
6.940000152587890625e+01 2.729027617037026587e+01
6.950000000000000000e+01 2.691479806317364165e+01
6.959999847412109375e+01 2.686689224079691130e+01
6.969999694824218750e+01 2.730115185078572893e+01
6.980000305175781250e+01 2.732665358939394196e+01
6.990000152587890625e+01 2.696494767538034765e+01
7.000000000000000000e+01 2.836145900664449471e+01
7.009999847412109375e+01 2.876773492886030681e+01
7.019999694824218750e+01 3.114101104669962439e+01
7.030000305175781250e+01 3.125318668736749572e+01
7.040000152587890625e+01 3.004184041072424804e+01
7.050000000000000000e+01 3.028410715068079639e+01
7.059999847412109375e+01 3.284034214082186764e+01
7.069999694824218750e+01 3.054607232442324261e+01
7.080000305175781250e+01 2.780775466196907075e+01
7.090000152587890625e+01 2.846443041926917417e+01
7.100000000000000000e+01 2.842938827929929602e+01
7.109999847412109375e+01 2.857724254812806208e+01
7.119999694824218750e+01 3.069155971205648825e+01
7.130000305175781250e+01 2.882850873186922414e+01
7.140000152587890625e+01 2.773305750307488182e+01
7.150000000000000000e+01 2.742626382796223439e+01
7.159999847412109375e+01 2.946580288025625904e+01
7.169999694824218750e+01 2.858282993394393756e+01
7.180000305175781250e+01 2.636247997665781639e+01
7.190000152587890625e+01 2.791987584305233128e+01
7.200000000000000000e+01 2.602062198972360818e+01
7.209999847412109375e+01 2.887545282522562218e+01
7.219999694824218750e+01 2.767449374192359102e+01
7.230000305175781250e+01 2.727779918042375229e+01
7.240000152587890625e+01 2.874709692823920903e+01
7.250000000000000000e+01 2.811993537970731794e+01
7.259999847412109375e+01 2.755327329721205842e+01
7.269999694824218750e+01 2.937136964772540892e+01
7.280000305175781250e+01 2.800392438108196558e+01
7.290000152587890625e+01 2.704386401456287814e+01
7.300000000000000000e+01 2.827116319011788192e+01
7.309999847412109375e+01 3.165971958229182448e+01
7.319999694824218750e+01 2.861645582294375600e+01
7.330000305175781250e+01 2.990437744466619208e+01
7.340000152587890625e+01 2.909728058044120402e+01
7.350000000000000000e+01 3.071421337544257568e+01
7.359999847412109375e+01 3.451072721314403680e+01
7.369999694824218750e+01 3.062477059984298222e+01
7.380000305175781250e+01 3.009207760999125014e+01
7.390000152587890625e+01 3.086777323486146329e+01
7.400000000000000000e+01 2.843014543081200429e+01
7.409999847412109375e+01 2.814935328279798554e+01
7.419999694824218750e+01 3.130542366963383571e+01
7.430000305175781250e+01 2.909762218570601178e+01
7.440000152587890625e+01 3.056652883536625964e+01
7.450000000000000000e+01 3.012829908168031068e+01
7.459999847412109375e+01 2.943132710910018091e+01
7.469999694824218750e+01 2.896108618744639074e+01
7.480000305175781250e+01 2.770614611824892037e+01
7.490000152587890625e+01 2.833205900317160086e+01
7.500000000000000000e+01 2.842628347759730900e+01
7.509999847412109375e+01 2.787808314848802027e+01
7.519999694824218750e+01 2.735073467865207064e+01
7.530000305175781250e+01 2.875416987274653025e+01
7.540000152587890625e+01 2.809850808592500826e+01
7.550000000000000000e+01 2.795977143978491952e+01
7.559999847412109375e+01 2.823522187437608721e+01
7.569999694824218750e+01 2.756537952953863879e+01
7.580000305175781250e+01 2.820549061939940572e+01
7.590000152587890625e+01 3.333507916591567266e+01
7.600000000000000000e+01 3.370991673132763822e+01
7.609999847412109375e+01 3.223660523752331386e+01
7.619999694824218750e+01 2.767462475357741170e+01
7.630000305175781250e+01 2.797241526684127422e+01
7.640000152587890625e+01 2.896441012901909318e+01
7.650000000000000000e+01 2.771467147977464762e+01
7.659999847412109375e+01 2.827139560891551184e+01
7.669999694824218750e+01 2.733210059154304972e+01
7.680000305175781250e+01 2.666667664062868326e+01
7.690000152587890625e+01 2.761138465056215807e+01
7.700000000000000000e+01 2.755940850437895406e+01
7.709999847412109375e+01 2.745024524285426892e+01
7.719999694824218750e+01 2.890327267279869261e+01
7.730000305175781250e+01 2.822829542571234640e+01
7.740000152587890625e+01 2.904398270762833079e+01
7.750000000000000000e+01 2.719036003196362117e+01
7.759999847412109375e+01 2.724613863433698668e+01
7.769999694824218750e+01 2.881402401094608834e+01
7.780000305175781250e+01 2.807448882828566639e+01
7.790000152587890625e+01 2.843676447798602780e+01
7.800000000000000000e+01 2.810798679364568287e+01
7.809999847412109375e+01 2.986122988766525310e+01
7.819999694824218750e+01 2.879247555935946679e+01
7.830000305175781250e+01 2.794706988339501663e+01
7.840000152587890625e+01 2.774087285351444621e+01
7.850000000000000000e+01 2.791658176859621676e+01
7.859999847412109375e+01 2.800048422670403170e+01
7.869999694824218750e+01 2.736369384448198616e+01
7.880000305175781250e+01 2.933678957183876435e+01
7.890000152587890625e+01 2.821636742141621923e+01
7.900000000000000000e+01 2.800720055822747057e+01
7.909999847412109375e+01 2.884225067582415747e+01
7.919999694824218750e+01 2.711755704449799254e+01
7.930000305175781250e+01 2.971143856715152509e+01
7.940000152587890625e+01 3.102775157585099564e+01
7.950000000000000000e+01 2.843042105783402107e+01
7.959999847412109375e+01 2.926557979210616622e+01
7.969999694824218750e+01 2.843669625507589771e+01
7.980000305175781250e+01 2.889154258142727727e+01
7.990000152587890625e+01 2.840451009034437391e+01
8.000000000000000000e+01 2.917500405962871568e+01
8.009999847412109375e+01 2.910397367782165645e+01
8.019999694824218750e+01 3.246957553360530824e+01
8.030000305175781250e+01 2.882167393506433228e+01
8.040000152587890625e+01 3.023181012519511413e+01
8.050000000000000000e+01 2.851156792629064185e+01
8.059999847412109375e+01 2.993852840425966377e+01
8.069999694824218750e+01 2.790352412113714209e+01
8.080000305175781250e+01 2.931317069827463229e+01
8.090000152587890625e+01 3.071929914922214522e+01
8.100000000000000000e+01 2.920272500850006381e+01
8.109999847412109375e+01 2.980062896071566669e+01
8.119999694824218750e+01 2.962328979543359608e+01
8.130000305175781250e+01 2.902387659663143893e+01
8.140000152587890625e+01 2.908699988023481708e+01
8.150000000000000000e+01 2.863738249893145493e+01
8.159999847412109375e+01 2.871082416962038408e+01
8.169999694824218750e+01 3.075345752601934279e+01
8.180000305175781250e+01 3.069795889774632158e+01
8.190000152587890625e+01 2.884892022612727303e+01
8.200000000000000000e+01 3.005267923179328804e+01
8.209999847412109375e+01 3.014174575678131873e+01
8.219999694824218750e+01 2.841177784236421644e+01
8.230000305175781250e+01 3.016912061452044114e+01
8.240000152587890625e+01 2.987937787384600341e+01
8.250000000000000000e+01 3.204132748701790234e+01
8.259999847412109375e+01 2.793027774270815300e+01
8.269999694824218750e+01 2.802649399668620944e+01
8.280000305175781250e+01 2.815761502992979715e+01
8.290000152587890625e+01 2.849294507681015531e+01
8.300000000000000000e+01 2.792401478811081361e+01
8.309999847412109375e+01 2.947407952455388269e+01
8.319999694824218750e+01 2.986893499671747065e+01
8.330000305175781250e+01 2.941034691115245181e+01
8.340000152587890625e+01 3.022166519635397464e+01
8.350000000000000000e+01 2.961704522001815931e+01
8.359999847412109375e+01 2.925327452368443915e+01
8.369999694824218750e+01 2.795494249173254175e+01
8.380000305175781250e+01 2.751963586111602567e+01
8.390000152587890625e+01 2.856988070302674387e+01
8.400000000000000000e+01 2.759480909819127348e+01
8.409999847412109375e+01 2.787380837585696369e+01
8.419999694824218750e+01 2.934590197099645081e+01
8.430000305175781250e+01 2.943769251083918803e+01
8.440000152587890625e+01 3.276046218010527866e+01
8.450000000000000000e+01 2.979202170655478099e+01
8.459999847412109375e+01 3.100412922720775555e+01
8.469999694824218750e+01 2.935361586111872612e+01
8.480000305175781250e+01 2.985749068195073264e+01
8.490000152587890625e+01 3.016212009828937823e+01
8.500000000000000000e+01 3.105336537048616563e+01
8.509999847412109375e+01 2.933179165957724521e+01
8.519999694824218750e+01 3.064477030630087739e+01
8.530000305175781250e+01 2.746533971111046313e+01
8.540000152587890625e+01 2.868909864733530668e+01
8.550000000000000000e+01 2.839601845856522999e+01
8.559999847412109375e+01 3.081939032312897808e+01
8.569999694824218750e+01 3.061250518385453745e+01
8.580000305175781250e+01 2.899963732012350448e+01
8.590000152587890625e+01 3.524939900717272678e+01
8.600000000000000000e+01 3.103128476848247530e+01
8.609999847412109375e+01 2.909683390399635172e+01
8.619999694824218750e+01 3.074827505432680042e+01
8.630000305175781250e+01 2.827658598246829769e+01
8.640000152587890625e+01 3.091684587503598181e+01
8.650000000000000000e+01 2.925578662311176004e+01
8.659999847412109375e+01 3.073219452140335051e+01
8.669999694824218750e+01 2.930374342623935746e+01
8.680000305175781250e+01 3.035362732735683622e+01
8.690000152587890625e+01 2.962657687561721076e+01
8.700000000000000000e+01 3.144756339314567128e+01
8.709999847412109375e+01 3.108945097405092284e+01
8.719999694824218750e+01 2.995459634653018099e+01
8.730000305175781250e+01 3.020725693610932794e+01
8.740000152587890625e+01 2.849779118634129560e+01
8.750000000000000000e+01 2.624925747130624032e+01
8.759999847412109375e+01 2.820102877593484081e+01
8.769999694824218750e+01 2.847798763194281690e+01
8.780000305175781250e+01 2.627275687373126090e+01
8.790000152587890625e+01 2.760948606650482162e+01
8.800000000000000000e+01 2.883312980986496399e+01
8.809999847412109375e+01 3.036425304903030664e+01
8.819999694824218750e+01 2.982037541633759048e+01
8.830000305175781250e+01 3.095171931209874927e+01
8.840000152587890625e+01 3.127081271675273300e+01
8.850000000000000000e+01 3.024770658035016879e+01
8.859999847412109375e+01 2.796367995866017964e+01
8.869999694824218750e+01 2.752114311378751665e+01
8.880000305175781250e+01 2.830890331093808499e+01
8.890000152587890625e+01 2.849578387005336921e+01
8.900000000000000000e+01 2.962739679176742413e+01
8.909999847412109375e+01 3.055328998787045691e+01
8.919999694824218750e+01 3.091544776067837574e+01
8.930000305175781250e+01 2.866344767413008299e+01
8.940000152587890625e+01 2.806183435590711284e+01
8.950000000000000000e+01 3.191763705070906454e+01
8.959999847412109375e+01 2.702469683058319205e+01
8.969999694824218750e+01 2.836634378055257955e+01
8.980000305175781250e+01 2.742232977111782688e+01
8.990000152587890625e+01 2.908422317195920570e+01
9.000000000000000000e+01 2.890428904982454128e+01
9.009999847412109375e+01 2.804633098128915236e+01
9.019999694824218750e+01 2.711963777411202514e+01
9.030000305175781250e+01 2.696926759468669488e+01
9.040000152587890625e+01 2.839243126559240338e+01
9.050000000000000000e+01 2.719559657813057640e+01
9.059999847412109375e+01 2.657602153814766410e+01
9.069999694824218750e+01 2.659321234077637541e+01
9.080000305175781250e+01 2.608776614832367002e+01
9.090000152587890625e+01 2.843145985243150164e+01
9.100000000000000000e+01 2.819713630373598079e+01
9.109999847412109375e+01 2.975768566245683289e+01
9.119999694824218750e+01 2.806903331911933819e+01
9.130000305175781250e+01 2.856543846011277665e+01
9.140000152587890625e+01 2.813039307169277947e+01
9.150000000000000000e+01 2.842777373450648426e+01
9.159999847412109375e+01 2.817182434762136367e+01
9.169999694824218750e+01 3.092411074467142029e+01
9.180000305175781250e+01 2.932160788404033980e+01
9.190000152587890625e+01 2.781591655604945856e+01
9.200000000000000000e+01 2.808463063506006208e+01
9.209999847412109375e+01 2.860062526675239170e+01
9.219999694824218750e+01 2.774725542691871638e+01
9.230000305175781250e+01 2.894164606525697891e+01
9.240000152587890625e+01 2.800865759642610797e+01
9.250000000000000000e+01 3.011181025478822093e+01
9.259999847412109375e+01 2.830520924096643753e+01
9.269999694824218750e+01 2.854709422629016657e+01
9.280000305175781250e+01 2.863680679060568934e+01
9.290000152587890625e+01 2.844950104339792318e+01
9.300000000000000000e+01 2.850825875650082253e+01
9.309999847412109375e+01 3.034635310717937173e+01
9.319999694824218750e+01 2.924694147362895791e+01
9.330000305175781250e+01 2.956177679623966270e+01
9.340000152587890625e+01 2.765373245266579616e+01
9.350000000000000000e+01 2.806916373104931495e+01
9.359999847412109375e+01 2.892532637468566747e+01
9.369999694824218750e+01 2.780248496124635693e+01
9.380000305175781250e+01 2.714684801881108811e+01
9.390000152587890625e+01 2.881128198233908932e+01
9.400000000000000000e+01 2.819044549008767930e+01
9.409999847412109375e+01 2.928609521606614763e+01
9.419999694824218750e+01 2.823033290338439727e+01
9.430000305175781250e+01 2.811159437494280766e+01
9.440000152587890625e+01 2.853116937902415629e+01
9.450000000000000000e+01 2.897995548542346356e+01
9.459999847412109375e+01 2.977703024009478128e+01
9.469999694824218750e+01 2.783077084955584013e+01
9.480000305175781250e+01 2.926718620457004505e+01
9.490000152587890625e+01 2.910532512809962213e+01
9.500000000000000000e+01 2.871577312725715458e+01
9.509999847412109375e+01 2.881425351467434126e+01
9.519999694824218750e+01 2.881804346926425708e+01
9.530000305175781250e+01 3.022456964847316030e+01
9.540000152587890625e+01 2.965576453726706774e+01
9.550000000000000000e+01 3.047487568591459350e+01
9.559999847412109375e+01 2.944775997356105535e+01
9.569999694824218750e+01 2.912301953236494612e+01
9.580000305175781250e+01 2.810649967129922899e+01
9.590000152587890625e+01 3.022567423750149374e+01
9.600000000000000000e+01 2.866955630578167558e+01
9.609999847412109375e+01 2.893069157415570558e+01
9.619999694824218750e+01 2.719735360159723214e+01
9.630000305175781250e+01 2.881773625793746874e+01
9.640000152587890625e+01 2.987087848564066306e+01
9.650000000000000000e+01 2.887962160027465330e+01
9.659999847412109375e+01 2.808155423458870104e+01
9.669999694824218750e+01 3.023218510568282014e+01
9.680000305175781250e+01 2.731839614096797675e+01
9.690000152587890625e+01 2.815260346745418474e+01
9.700000000000000000e+01 2.944565923139987262e+01
9.709999847412109375e+01 2.962343410153118484e+01
9.719999694824218750e+01 3.144318929521715589e+01
9.730000305175781250e+01 3.118738064862323611e+01
9.740000152587890625e+01 3.184377906604261099e+01
9.750000000000000000e+01 3.093944677229694307e+01
9.759999847412109375e+01 2.883356936628361566e+01
9.769999694824218750e+01 2.979212737633482888e+01
9.780000305175781250e+01 2.876424998289702373e+01
9.790000152587890625e+01 2.990916557085721195e+01
9.800000000000000000e+01 3.006005427334628877e+01
9.809999847412109375e+01 3.086899390339173621e+01
9.819999694824218750e+01 2.900621494466660621e+01
9.830000305175781250e+01 2.915147328493305423e+01
9.840000152587890625e+01 2.845742932586095719e+01
9.850000000000000000e+01 2.875949978343711422e+01
9.859999847412109375e+01 2.854405049382738468e+01
9.869999694824218750e+01 2.816409445758145225e+01
9.880000305175781250e+01 2.874830707843679889e+01
9.890000152587890625e+01 3.005460842583666192e+01
9.900000000000000000e+01 2.621654861581991014e+01
9.909999847412109375e+01 2.958190854009778548e+01
9.919999694824218750e+01 2.819377191114788417e+01
9.930000305175781250e+01 2.906926617401154544e+01
9.940000152587890625e+01 2.971769745398257712e+01
9.950000000000000000e+01 2.919677215724369645e+01
9.959999847412109375e+01 2.850769405529440448e+01
9.969999694824218750e+01 2.900169856880596697e+01
9.980000305175781250e+01 2.847021225602108530e+01
9.990000152587890625e+01 2.884887485177700839e+01
1.000000000000000000e+02 2.865943971781859645e+01
1.000999984741210938e+02 2.808199632931976097e+01
1.001999969482421875e+02 2.905292370123945389e+01
1.003000030517578125e+02 2.784716660311283576e+01
1.004000015258789062e+02 2.925347007073723660e+01
1.005000000000000000e+02 2.940340195737873685e+01
1.005999984741210938e+02 2.966628458312336747e+01
1.006999969482421875e+02 2.968814821804794946e+01
1.008000030517578125e+02 2.976589019881747689e+01
1.009000015258789062e+02 3.157724239891263807e+01
1.010000000000000000e+02 2.915821235995319682e+01
1.010999984741210938e+02 2.965743059029555795e+01
1.011999969482421875e+02 3.007325107886713411e+01
1.013000030517578125e+02 3.032328818849648400e+01
1.014000015258789062e+02 2.908171862753775727e+01
1.015000000000000000e+02 3.207859702714870309e+01
1.015999984741210938e+02 3.020774608090555802e+01
1.016999969482421875e+02 2.900018975784071529e+01
1.018000030517578125e+02 3.049086308055815664e+01
1.019000015258789062e+02 3.126105118249583370e+01
1.020000000000000000e+02 2.702843333162491035e+01
1.020999984741210938e+02 3.006948314687276991e+01
1.021999969482421875e+02 2.937876881507585836e+01
1.023000030517578125e+02 2.983804788153512533e+01
1.024000015258789062e+02 3.097902315166238907e+01
1.025000000000000000e+02 3.339700085394250095e+01
1.025999984741210938e+02 3.028617547504909879e+01
1.026999969482421875e+02 3.062677578140613832e+01
1.028000030517578125e+02 2.801722197001169690e+01
1.029000015258789062e+02 2.864085324321364112e+01
1.030000000000000000e+02 2.986319953079810929e+01
1.030999984741210938e+02 2.767323639324549234e+01
1.031999969482421875e+02 2.892919163424217643e+01
1.033000030517578125e+02 2.891911067271517055e+01
1.034000015258789062e+02 2.811297006843225788e+01
1.035000000000000000e+02 2.905990356685185461e+01
1.035999984741210938e+02 2.878340919383184016e+01
1.036999969482421875e+02 3.065627812401261565e+01
1.038000030517578125e+02 2.896744626042593751e+01
1.039000015258789062e+02 2.888198437727507439e+01
1.040000000000000000e+02 2.828368579456273935e+01
1.040999984741210938e+02 2.995613421590213576e+01
1.041999969482421875e+02 2.882885246565314219e+01
1.043000030517578125e+02 2.958372027966739637e+01
1.044000015258789062e+02 2.941858799771892308e+01
1.045000000000000000e+02 2.810204512263935328e+01
1.045999984741210938e+02 2.850032688423858929e+01
1.046999969482421875e+02 2.891272079615662705e+01
1.048000030517578125e+02 2.760946173947736781e+01
1.049000015258789062e+02 2.742073159967040752e+01
1.050000000000000000e+02 2.687947449466359728e+01
1.050999984741210938e+02 2.917229383001292220e+01
1.051999969482421875e+02 2.785083019244678937e+01
1.053000030517578125e+02 2.778144490534601019e+01
1.054000015258789062e+02 2.995522735677250736e+01
1.055000000000000000e+02 2.981992141116136708e+01
1.055999984741210938e+02 2.987420991206774090e+01
1.056999969482421875e+02 2.867177675839541706e+01
1.058000030517578125e+02 2.937586017101840241e+01
1.059000015258789062e+02 2.774039408376377835e+01
1.060000000000000000e+02 2.677505487943888696e+01
1.060999984741210938e+02 2.869567127346590141e+01
1.061999969482421875e+02 2.876688390152801134e+01
1.063000030517578125e+02 2.949581284470374243e+01
1.064000015258789062e+02 2.899308444988509237e+01
1.065000000000000000e+02 3.067044991044546975e+01
1.065999984741210938e+02 2.822383724440152974e+01
1.066999969482421875e+02 2.944127039281980629e+01
1.068000030517578125e+02 2.972385032404458372e+01
1.069000015258789062e+02 2.888447288573447480e+01
1.070000000000000000e+02 2.821387390896922653e+01
1.070999984741210938e+02 2.887591187767747059e+01
1.071999969482421875e+02 2.871580836946887416e+01
1.073000030517578125e+02 2.758113140475713365e+01
1.074000015258789062e+02 2.929512603542844928e+01
1.075000000000000000e+02 2.853879835120807584e+01
1.075999984741210938e+02 2.838960541604222243e+01
1.076999969482421875e+02 2.878124073889238943e+01
1.078000030517578125e+02 2.796753944346695420e+01
1.079000015258789062e+02 2.906126864941883881e+01
1.080000000000000000e+02 2.925586709626221094e+01
1.080999984741210938e+02 2.915229412969510037e+01
1.081999969482421875e+02 2.779472219893567342e+01
1.083000030517578125e+02 2.867946703413317167e+01
1.084000015258789062e+02 2.938692308719742385e+01
1.085000000000000000e+02 2.938335588264476783e+01
1.085999984741210938e+02 2.992339967198067185e+01
1.086999969482421875e+02 3.004521487641167710e+01
1.088000030517578125e+02 3.132071585008538861e+01
1.089000015258789062e+02 2.949748198140486011e+01
1.090000000000000000e+02 2.775884729309757049e+01
1.090999984741210938e+02 2.790678152007588864e+01
1.091999969482421875e+02 2.793353013641614169e+01
1.093000030517578125e+02 2.743153285452084944e+01
1.094000015258789062e+02 2.765696587134010542e+01
1.095000000000000000e+02 2.871160210918055000e+01
1.095999984741210938e+02 2.928360901551044648e+01
1.096999969482421875e+02 2.798939205570554023e+01
1.098000030517578125e+02 2.801720513868563600e+01
1.099000015258789062e+02 2.839906891125090027e+01
1.100000000000000000e+02 2.842133488144797226e+01
1.100999984741210938e+02 2.845644686411517199e+01
1.101999969482421875e+02 2.884181412337174066e+01
1.103000030517578125e+02 2.846374454786294450e+01
1.104000015258789062e+02 2.795818276450357232e+01
1.105000000000000000e+02 2.906135811303565220e+01
1.105999984741210938e+02 2.838637550510874163e+01
1.106999969482421875e+02 2.854013200443835530e+01
1.108000030517578125e+02 2.878552403367674017e+01
1.109000015258789062e+02 2.864681509553314243e+01
1.110000000000000000e+02 2.939587979896446512e+01
1.110999984741210938e+02 2.697518370535356524e+01
1.111999969482421875e+02 2.787162339078716755e+01
1.113000030517578125e+02 2.725720218577789922e+01
1.114000015258789062e+02 2.737973796840379492e+01
1.115000000000000000e+02 2.711260155352551493e+01
1.115999984741210938e+02 2.698884314231044357e+01
1.116999969482421875e+02 2.745061671145249349e+01
1.118000030517578125e+02 2.839354703968680482e+01
1.119000015258789062e+02 2.884372434801765550e+01
1.120000000000000000e+02 2.957300382703379427e+01
1.120999984741210938e+02 2.834188828457912379e+01
1.121999969482421875e+02 2.858040934935107202e+01
1.123000030517578125e+02 2.832279890620868201e+01
1.124000015258789062e+02 2.855447055149862479e+01
1.125000000000000000e+02 2.932422295870559026e+01
1.125999984741210938e+02 2.807397534566363007e+01
1.126999969482421875e+02 2.887764750292992844e+01
1.128000030517578125e+02 2.821173984048812500e+01
1.129000015258789062e+02 2.909554086766118886e+01
1.130000000000000000e+02 2.799814633851030621e+01
1.130999984741210938e+02 2.903543224344257823e+01
1.131999969482421875e+02 3.026793285235328312e+01
1.133000030517578125e+02 2.953714489653568265e+01
1.134000015258789062e+02 2.916907343077797776e+01
1.135000000000000000e+02 2.901884332180400961e+01
1.135999984741210938e+02 2.801355841051210405e+01
1.136999969482421875e+02 2.768448606247537924e+01
1.138000030517578125e+02 2.795425295552612255e+01
1.139000015258789062e+02 2.696184688966477339e+01
1.140000000000000000e+02 2.766648475685876818e+01
1.140999984741210938e+02 2.779213610662126399e+01
1.141999969482421875e+02 2.822105680183401333e+01
1.143000030517578125e+02 3.047113089833919375e+01
1.144000015258789062e+02 2.899609989398971166e+01
1.145000000000000000e+02 2.926870551721454206e+01
1.145999984741210938e+02 2.954630264542229057e+01
1.146999969482421875e+02 2.835747992304866827e+01
1.148000030517578125e+02 2.869789142061458165e+01
1.149000015258789062e+02 2.836990664153001873e+01
1.150000000000000000e+02 2.790224739253078923e+01
1.150999984741210938e+02 2.849036106866030593e+01
1.151999969482421875e+02 2.915034381666216134e+01
1.153000030517578125e+02 2.873214369354172248e+01
1.154000015258789062e+02 2.858272079790233278e+01
1.155000000000000000e+02 2.686733948798021032e+01
1.155999984741210938e+02 2.829908764723154135e+01
1.156999969482421875e+02 2.918525047322901500e+01
1.158000030517578125e+02 2.974079152830513806e+01
1.159000015258789062e+02 2.920999690822178962e+01
1.160000000000000000e+02 2.922067118669524532e+01
1.160999984741210938e+02 3.007032095096317192e+01
1.161999969482421875e+02 2.774185435126331001e+01
1.163000030517578125e+02 2.870998290361965033e+01
1.164000015258789062e+02 2.976085751398126433e+01
1.165000000000000000e+02 2.965421869597836135e+01
1.165999984741210938e+02 2.831725696157337069e+01
1.166999969482421875e+02 3.031263082781653750e+01
1.168000030517578125e+02 2.926202621139290372e+01
1.169000015258789062e+02 2.949611441034002723e+01
1.170000000000000000e+02 2.925031162108769678e+01
1.170999984741210938e+02 2.816729670668007302e+01
1.171999969482421875e+02 2.911394569884689787e+01
1.173000030517578125e+02 2.966987737632521416e+01
1.174000015258789062e+02 2.927666961126019629e+01
1.175000000000000000e+02 2.930576530168444549e+01
1.175999984741210938e+02 2.772314570705376369e+01
1.176999969482421875e+02 2.824427074105277313e+01
1.178000030517578125e+02 2.769138802254520115e+01
1.179000015258789062e+02 2.965859498532194038e+01
1.180000000000000000e+02 2.871372987606837768e+01
1.180999984741210938e+02 2.810694050631829910e+01
1.181999969482421875e+02 2.781859878819431842e+01
1.183000030517578125e+02 2.734928161092259913e+01
1.184000015258789062e+02 2.827199373953095929e+01
1.185000000000000000e+02 2.698637585851593812e+01
1.185999984741210938e+02 2.777147869769626354e+01
1.186999969482421875e+02 2.812755757376339005e+01
1.188000030517578125e+02 2.814272579877606262e+01
1.189000015258789062e+02 2.826353975466787816e+01
1.190000000000000000e+02 2.843212582068597527e+01
1.190999984741210938e+02 2.806375886786886653e+01
1.191999969482421875e+02 2.823389197373438719e+01
1.193000030517578125e+02 2.808511899632783937e+01
1.194000015258789062e+02 2.748921675520348984e+01
1.195000000000000000e+02 2.753961485040463941e+01
1.195999984741210938e+02 2.830215528034322503e+01
1.196999969482421875e+02 2.808919722760720816e+01
1.198000030517578125e+02 2.751090330545833496e+01
1.199000015258789062e+02 2.705558698180827548e+01
1.200000000000000000e+02 2.782400649329624187e+01
1.200999984741210938e+02 2.804105692431409835e+01
1.201999969482421875e+02 2.700950215721556091e+01
1.203000030517578125e+02 2.781041282028899886e+01
1.204000015258789062e+02 2.818589429392308787e+01
1.205000000000000000e+02 2.904084597515241484e+01
1.205999984741210938e+02 2.754303324751232296e+01
1.206999969482421875e+02 2.732589089677862759e+01
1.208000030517578125e+02 2.758468763371678634e+01
1.209000015258789062e+02 2.756207507251462729e+01
1.210000000000000000e+02 2.813481664512085700e+01
1.210999984741210938e+02 2.834914931785774428e+01
1.211999969482421875e+02 2.767618858765003509e+01
1.213000030517578125e+02 2.786423805053026825e+01
1.214000015258789062e+02 2.755477602062040177e+01
1.215000000000000000e+02 2.934299566225396205e+01
1.215999984741210938e+02 2.779737015186956128e+01
1.216999969482421875e+02 2.793176069120862337e+01
1.218000030517578125e+02 2.851476444968330171e+01
1.219000015258789062e+02 2.694187845546826310e+01
1.220000000000000000e+02 2.780841618245159452e+01
1.220999984741210938e+02 2.800451862025998295e+01
1.221999969482421875e+02 2.887371857389224772e+01
1.223000030517578125e+02 2.866683664572581236e+01
1.224000015258789062e+02 2.777599253186543748e+01
1.225000000000000000e+02 2.790751477327681229e+01
1.225999984741210938e+02 2.813964179021453305e+01
1.226999969482421875e+02 2.730747792893119197e+01
1.228000030517578125e+02 2.786315275481214471e+01
1.229000015258789062e+02 2.847114231002856144e+01
1.230000000000000000e+02 2.846810706223378062e+01
1.230999984741210938e+02 2.884075874525037619e+01
1.231999969482421875e+02 2.813578819870657455e+01
1.233000030517578125e+02 2.718772358923699528e+01
1.234000015258789062e+02 2.855849129279912901e+01
1.235000000000000000e+02 2.820332470413134729e+01
1.235999984741210938e+02 2.747679574694655358e+01
1.236999969482421875e+02 2.821542896668167799e+01
1.238000030517578125e+02 2.775432736936230427e+01
1.239000015258789062e+02 2.724845053539153028e+01
1.240000000000000000e+02 2.775208019715167040e+01
1.240999984741210938e+02 2.794420754752005465e+01
1.241999969482421875e+02 2.662296394528776844e+01
1.243000030517578125e+02 2.812010454396040160e+01
1.244000015258789062e+02 2.669851662711096907e+01
1.245000000000000000e+02 2.747781819320812957e+01
1.245999984741210938e+02 2.736845641976406185e+01
1.246999969482421875e+02 2.800597047206921175e+01
1.248000030517578125e+02 2.848551533101536037e+01
1.249000015258789062e+02 2.854622768129035038e+01
1.250000000000000000e+02 2.693034425995906744e+01
1.250999984741210938e+02 2.877385335098466967e+01
1.251999969482421875e+02 2.813355051736373369e+01
1.253000030517578125e+02 2.866632542955794705e+01
1.254000015258789062e+02 2.897310363967925184e+01
1.255000000000000000e+02 2.894368545544761062e+01
1.255999984741210938e+02 2.850432411132848642e+01
1.256999969482421875e+02 2.710945270096675586e+01
1.258000030517578125e+02 2.681793386582991090e+01
1.259000015258789062e+02 2.814268121295259206e+01
1.260000000000000000e+02 2.862833915034930499e+01
1.260999984741210938e+02 2.685945493737138889e+01
1.261999969482421875e+02 2.714202612967274675e+01
1.263000030517578125e+02 2.660075733264815412e+01
1.264000015258789062e+02 2.735773130529728547e+01
1.265000000000000000e+02 2.712674865065269358e+01
1.265999984741210938e+02 2.768900017588653739e+01
1.266999969482421875e+02 2.665439958490085814e+01
1.268000030517578125e+02 2.725767795783684022e+01
1.269000015258789062e+02 2.659767404688349046e+01
1.270000000000000000e+02 2.713061581343651341e+01
1.270999984741210938e+02 2.685758223220046048e+01
1.271999969482421875e+02 2.706974135264926673e+01
1.273000030517578125e+02 2.743930045730891365e+01
1.274000015258789062e+02 2.780136585527724336e+01
1.275000000000000000e+02 2.689749146498730781e+01
1.275999984741210938e+02 2.724193681518385191e+01
1.276999969482421875e+02 2.680091430695204124e+01
1.278000030517578125e+02 2.834997052929588435e+01
1.279000015258789062e+02 2.818794374918066481e+01
1.280000000000000000e+02 2.719352640505355012e+01
1.281000061035156250e+02 2.794264873218313028e+01
1.281999969482421875e+02 2.642523377999134127e+01
1.283000030517578125e+02 2.670200238034326290e+01
1.283999938964843750e+02 2.664270182425530109e+01
1.285000000000000000e+02 2.738073424349154195e+01
1.286000061035156250e+02 2.837681954132376916e+01
1.286999969482421875e+02 2.745223057622100171e+01
1.288000030517578125e+02 2.687405682862596024e+01
1.288999938964843750e+02 2.750209308786427798e+01
1.290000000000000000e+02 2.675138909550122079e+01
1.291000061035156250e+02 2.766330080283165671e+01
1.291999969482421875e+02 2.729229939660642756e+01
1.293000030517578125e+02 2.823882012726874891e+01
1.293999938964843750e+02 2.752090132541882994e+01
1.295000000000000000e+02 2.742405066504461075e+01
1.296000061035156250e+02 2.765722278996407724e+01
1.296999969482421875e+02 2.746363427253591283e+01
1.298000030517578125e+02 2.787960467694516709e+01
1.298999938964843750e+02 2.780185483141609026e+01
1.300000000000000000e+02 2.608129635341336794e+01
1.301000061035156250e+02 2.727609467411852862e+01
1.301999969482421875e+02 2.715150234880595193e+01
1.303000030517578125e+02 2.733539332441949554e+01
1.303999938964843750e+02 2.764496616483115332e+01
1.305000000000000000e+02 2.728864900971409213e+01
1.306000061035156250e+02 2.791883531950536224e+01
1.306999969482421875e+02 2.719915987795655710e+01
1.308000030517578125e+02 2.777483761869171985e+01
1.308999938964843750e+02 2.924040675885484575e+01
1.310000000000000000e+02 2.847111595824093655e+01
1.311000061035156250e+02 2.735269642652455957e+01
1.311999969482421875e+02 2.689333207001866199e+01
1.313000030517578125e+02 2.707207269784811388e+01
1.313999938964843750e+02 2.747771430486551836e+01
1.315000000000000000e+02 2.712397725798026116e+01
1.316000061035156250e+02 2.722247383528815590e+01
1.316999969482421875e+02 2.764015752985387309e+01
1.318000030517578125e+02 2.677152420195250926e+01
1.318999938964843750e+02 2.658150444509927368e+01
1.320000000000000000e+02 2.568150135735027462e+01
1.321000061035156250e+02 2.633462310369557002e+01
1.321999969482421875e+02 2.682081510012652004e+01
1.323000030517578125e+02 2.709867690664738760e+01
1.323999938964843750e+02 2.677066082050853879e+01
1.325000000000000000e+02 2.738431534029954051e+01
1.326000061035156250e+02 2.656961994881824296e+01
1.326999969482421875e+02 2.705239771690896333e+01
1.328000030517578125e+02 2.693437117847216911e+01
1.328999938964843750e+02 2.696602474131681149e+01
1.330000000000000000e+02 2.661927891984653627e+01
1.331000061035156250e+02 2.694004381666334424e+01
1.331999969482421875e+02 2.489229288073900648e+01
1.333000030517578125e+02 2.769737456106935980e+01
1.333999938964843750e+02 2.732667479298103430e+01
1.335000000000000000e+02 2.865253504135796447e+01
1.336000061035156250e+02 3.073835909630336971e+01
1.336999969482421875e+02 3.002915221455327099e+01
1.338000030517578125e+02 2.916101058914071942e+01
1.338999938964843750e+02 2.902095801616220783e+01
1.340000000000000000e+02 2.871154687547144846e+01
1.341000061035156250e+02 3.126708895026419199e+01
1.341999969482421875e+02 2.461355620873840877e+01
1.343000030517578125e+02 2.594203565628901842e+01
1.343999938964843750e+02 2.706905087705433033e+01
1.345000000000000000e+02 2.739676193355110101e+01
1.346000061035156250e+02 3.077438392171434600e+01
1.346999969482421875e+02 2.971386125549964774e+01
1.348000030517578125e+02 2.806292435415032571e+01
1.348999938964843750e+02 2.815093805462273480e+01
1.350000000000000000e+02 2.850893804782354124e+01
1.351000061035156250e+02 2.896216452011964648e+01
1.351999969482421875e+02 2.806708897197540509e+01
1.353000030517578125e+02 2.805300783822006494e+01
1.353999938964843750e+02 2.867376112498941154e+01
1.355000000000000000e+02 2.948981566203422489e+01
1.356000061035156250e+02 2.827860178649302370e+01
1.356999969482421875e+02 2.887434836651651082e+01
1.358000030517578125e+02 2.887593234077482052e+01
1.358999938964843750e+02 2.867589282666666506e+01
1.360000000000000000e+02 2.895119836464609264e+01
1.361000061035156250e+02 2.950518186399450471e+01
1.361999969482421875e+02 2.912707934254052233e+01
1.363000030517578125e+02 2.878947341342270150e+01
1.363999938964843750e+02 2.975697625043610728e+01
1.365000000000000000e+02 2.903544744866667315e+01
1.366000061035156250e+02 2.860164474869397111e+01
1.366999969482421875e+02 2.911627664359001599e+01
1.368000030517578125e+02 2.944326456386632529e+01
1.368999938964843750e+02 2.896276987072676334e+01
1.370000000000000000e+02 2.785958132021466938e+01
1.371000061035156250e+02 2.964599571118580457e+01
1.371999969482421875e+02 2.794578075305685871e+01
1.373000030517578125e+02 2.817155050117649751e+01
1.373999938964843750e+02 2.797452047249012352e+01
1.375000000000000000e+02 3.250202361077000290e+01
1.376000061035156250e+02 3.063843987445942574e+01
1.376999969482421875e+02 2.712163400409452763e+01
1.378000030517578125e+02 2.932133749198803230e+01
1.378999938964843750e+02 2.892649583821571468e+01
1.380000000000000000e+02 2.909852071575786425e+01
1.381000061035156250e+02 2.941593952350516616e+01
1.381999969482421875e+02 2.664604791571994724e+01
1.383000030517578125e+02 2.772034528147018406e+01
1.383999938964843750e+02 2.853318393491821325e+01
1.385000000000000000e+02 2.709838619960340367e+01
1.386000061035156250e+02 2.932559905746850148e+01
1.386999969482421875e+02 2.854942710257571648e+01
1.388000030517578125e+02 2.930688673477037653e+01
1.388999938964843750e+02 2.914913878956709681e+01
1.390000000000000000e+02 3.129675237994313619e+01
1.391000061035156250e+02 3.115676578469148694e+01
1.391999969482421875e+02 2.921365386964322397e+01
1.393000030517578125e+02 2.744231576935513317e+01
1.393999938964843750e+02 3.044140850671929144e+01
1.395000000000000000e+02 3.050061370029492380e+01
1.396000061035156250e+02 3.082802677294807481e+01
1.396999969482421875e+02 3.357557923919966214e+01
1.398000030517578125e+02 2.920209736565102077e+01
1.398999938964843750e+02 3.509963550528073739e+01
1.400000000000000000e+02 2.974070802388471435e+01
1.401000061035156250e+02 3.076589026789974923e+01
1.401999969482421875e+02 2.878879419625033265e+01
1.403000030517578125e+02 3.102261484514127687e+01
1.403999938964843750e+02 2.606718639321874420e+01
1.405000000000000000e+02 2.601124319220409475e+01
1.406000061035156250e+02 2.607383213362245300e+01
1.406999969482421875e+02 2.545869277932763453e+01
1.408000030517578125e+02 2.521703392755991757e+01
1.408999938964843750e+02 2.688544128049022675e+01
1.410000000000000000e+02 2.702744265521571521e+01
1.411000061035156250e+02 2.996378751095500448e+01
1.411999969482421875e+02 2.888061686576238074e+01
1.413000030517578125e+02 2.969685153723925097e+01
1.413999938964843750e+02 3.289508577024733427e+01
1.415000000000000000e+02 2.682773402434278864e+01
1.416000061035156250e+02 2.368946885279991932e+01
1.416999969482421875e+02 2.490427356450162932e+01
1.418000030517578125e+02 2.406545451247754741e+01
1.418999938964843750e+02 2.445947916337538075e+01
1.420000000000000000e+02 2.642496057095227613e+01
1.421000061035156250e+02 2.405786793957812719e+01
1.421999969482421875e+02 2.434339931421591885e+01
1.423000030517578125e+02 2.444399814215880085e+01
1.423999938964843750e+02 2.503118257023131576e+01
1.425000000000000000e+02 2.414599773011483919e+01
1.426000061035156250e+02 2.438226898292644051e+01
1.426999969482421875e+02 2.487201879974813679e+01
1.428000030517578125e+02 2.434757156702210423e+01
1.428999938964843750e+02 2.506658652489695172e+01
1.430000000000000000e+02 2.393628937305965110e+01
1.431000061035156250e+02 2.303126439544265125e+01
1.431999969482421875e+02 2.530808622272641983e+01
1.433000030517578125e+02 2.683362865937554176e+01
1.433999938964843750e+02 2.963553967745807327e+01
1.435000000000000000e+02 3.054497946706765887e+01
1.436000061035156250e+02 2.955798569744642990e+01
1.436999969482421875e+02 3.101062074761488674e+01
1.438000030517578125e+02 2.780782013322037471e+01
1.438999938964843750e+02 3.450293525262781458e+01
1.440000000000000000e+02 3.055469150824349001e+01
1.441000061035156250e+02 3.080104718079581261e+01
1.441999969482421875e+02 2.988235086730202283e+01
1.443000030517578125e+02 3.289466910160283675e+01
1.443999938964843750e+02 3.011554949366016132e+01
1.445000000000000000e+02 3.146146779813046379e+01
1.446000061035156250e+02 3.306115229897235963e+01
1.446999969482421875e+02 3.401973298717700089e+01
1.448000030517578125e+02 3.703029797924980215e+01
1.448999938964843750e+02 3.624476855564467570e+01
1.450000000000000000e+02 3.599852250868153902e+01
1.451000061035156250e+02 3.819946712976382486e+01
1.451999969482421875e+02 3.275271833536327648e+01
1.453000030517578125e+02 3.389638996316820396e+01
1.453999938964843750e+02 3.024982381650980656e+01
1.455000000000000000e+02 3.935913844449746080e+01
1.456000061035156250e+02 3.855704760823945065e+01
1.456999969482421875e+02 3.725568491934547666e+01
1.458000030517578125e+02 3.935357575342651870e+01
1.458999938964843750e+02 3.511322348980154118e+01
1.460000000000000000e+02 3.330273398889265479e+01
1.461000061035156250e+02 3.404024554445206263e+01
1.461999969482421875e+02 3.538749943987688340e+01
1.463000030517578125e+02 3.250883874820145536e+01
1.463999938964843750e+02 3.222195132663230766e+01
1.465000000000000000e+02 3.581652620268138776e+01
1.466000061035156250e+02 3.453405665022202697e+01
1.466999969482421875e+02 3.494757141185922933e+01
1.468000030517578125e+02 3.372010126160845545e+01
1.468999938964843750e+02 3.353353464919623406e+01
1.470000000000000000e+02 2.884334821465392906e+01
1.471000061035156250e+02 3.002523149172003869e+01
1.471999969482421875e+02 3.057238641591740702e+01
1.473000030517578125e+02 2.996776514980879469e+01
1.473999938964843750e+02 3.083333563598435845e+01
1.475000000000000000e+02 2.920365100959709181e+01
1.476000061035156250e+02 2.692022009668441740e+01
1.476999969482421875e+02 2.876252000146973131e+01
1.478000030517578125e+02 3.064319835983106444e+01
1.478999938964843750e+02 3.012053285038654948e+01
1.480000000000000000e+02 3.377393237620425737e+01
1.481000061035156250e+02 3.232005316911042314e+01
1.481999969482421875e+02 3.209434827105728516e+01
1.483000030517578125e+02 3.067790780845295373e+01
1.483999938964843750e+02 3.082910877505101865e+01
1.485000000000000000e+02 2.920492402672087096e+01
1.486000061035156250e+02 3.084818225302105432e+01
1.486999969482421875e+02 3.038906303002073273e+01
1.488000030517578125e+02 2.987086761476819774e+01
1.488999938964843750e+02 3.435648167190502988e+01
1.490000000000000000e+02 3.667685404798096016e+01
1.491000061035156250e+02 3.587895210199254592e+01
1.491999969482421875e+02 3.667560651311328712e+01
1.493000030517578125e+02 3.557119001151564675e+01
1.493999938964843750e+02 3.877207025496453241e+01
1.495000000000000000e+02 3.948731954604215133e+01
1.496000061035156250e+02 4.084429559767705342e+01
1.496999969482421875e+02 4.064125143761081915e+01
1.498000030517578125e+02 4.876116392818276779e+01
1.498999938964843750e+02 4.791227668485717572e+01
1.500000000000000000e+02 3.557833478332270261e+01
1.501000061035156250e+02 4.418769219125524472e+01
1.501999969482421875e+02 4.194002538282867221e+01
1.503000030517578125e+02 4.098244574875886315e+01
1.503999938964843750e+02 3.885336570498446207e+01
1.505000000000000000e+02 4.952215354032965422e+01
1.506000061035156250e+02 4.832900266269678013e+01
1.506999969482421875e+02 5.169790649833787199e+01
1.508000030517578125e+02 6.899234474360092406e+01
1.508999938964843750e+02 5.072088306460204166e+01
1.510000000000000000e+02 5.383395700449843702e+01
1.511000061035156250e+02 6.044668131352931795e+01
1.511999969482421875e+02 6.808579164351439772e+01
1.513000030517578125e+02 6.087668013052795857e+01
1.513999938964843750e+02 5.269416293143708430e+01
1.515000000000000000e+02 7.651037717673428062e+01
1.516000061035156250e+02 6.167765452125357939e+01
1.516999969482421875e+02 3.893047288479005630e+01
1.518000030517578125e+02 5.289162899754727931e+01
1.518999938964843750e+02 5.004087599498915040e+01
1.520000000000000000e+02 5.417887982886918508e+01
1.521000061035156250e+02 5.800226384494242637e+01
1.521999969482421875e+02 4.433933238642907781e+01
1.523000030517578125e+02 7.082574508155009596e+01
1.523999938964843750e+02 6.315902212343785749e+01
1.525000000000000000e+02 5.811387740531785084e+01
1.526000061035156250e+02 5.865664385715253815e+01
1.526999969482421875e+02 5.587789712029525191e+01
1.528000030517578125e+02 7.091133052349125876e+01
1.528999938964843750e+02 7.432045383893782287e+01
1.530000000000000000e+02 5.266156572380847223e+01
1.531000061035156250e+02 4.808325529362812034e+01
1.531999969482421875e+02 3.792588838946786467e+01
1.533000030517578125e+02 4.393711800931713185e+01
1.533999938964843750e+02 7.268075422483479997e+01
1.535000000000000000e+02 7.392202656040252862e+01
1.536000061035156250e+02 5.191910481145838219e+01
1.536999969482421875e+02 6.865284263222018524e+01
1.538000030517578125e+02 6.674085894296567290e+01
1.538999938964843750e+02 6.851189928916073768e+01
1.540000000000000000e+02 6.784619676848569725e+01
1.541000061035156250e+02 6.169259056287638288e+01
1.541999969482421875e+02 6.858362322236629893e+01
1.543000030517578125e+02 6.911223084181860088e+01
1.543999938964843750e+02 5.743101441955762709e+01
1.545000000000000000e+02 7.830581862291336392e+01
1.546000061035156250e+02 8.874044349679418531e+01
1.546999969482421875e+02 8.034975235251062031e+01
1.548000030517578125e+02 1.031960251564941160e+02
1.548999938964843750e+02 1.025236035378553225e+02
1.550000000000000000e+02 9.178341392668485810e+01
1.551000061035156250e+02 7.789824758135651450e+01
1.551999969482421875e+02 7.574871986429491244e+01
1.553000030517578125e+02 7.296772157846631046e+01
1.553999938964843750e+02 5.613329187804909282e+01
1.555000000000000000e+02 5.481135039147013543e+01
1.556000061035156250e+02 5.817543995746195407e+01
1.556999969482421875e+02 6.328704831107767603e+01
1.558000030517578125e+02 5.314856851354711154e+01
1.558999938964843750e+02 4.694097408926810999e+01
1.560000000000000000e+02 3.628306785775000520e+01
1.561000061035156250e+02 1.492323283269402623e+01
1.561999969482421875e+02 2.007386189422216205e+01
1.563000030517578125e+02 2.071261002199143064e+01
1.563999938964843750e+02 2.320876936374161659e+01
1.565000000000000000e+02 2.662728392077458039e+01
1.566000061035156250e+02 4.464880610667573535e+01
1.566999969482421875e+02 7.954833738005834221e+01
1.568000030517578125e+02 6.703652762004746535e+01
1.568999938964843750e+02 5.685257461894556030e+01
1.570000000000000000e+02 5.051293100450798335e+01
1.571000061035156250e+02 4.456039035746317012e+01
1.571999969482421875e+02 6.120765581159850655e+01
1.573000030517578125e+02 6.970745622796687258e+01
1.573999938964843750e+02 6.305131900898847874e+01
1.575000000000000000e+02 4.951098940981493968e+01
1.576000061035156250e+02 5.220664885227287044e+01
1.576999969482421875e+02 3.262082409767179314e+01
1.578000030517578125e+02 2.532275022559742794e+01
1.578999938964843750e+02 2.359425002182737785e+01
1.580000000000000000e+02 4.968482509052671503e+01
1.581000061035156250e+02 5.828188630408506299e+01
1.581999969482421875e+02 6.786129175394587776e+01
1.583000030517578125e+02 5.510463574913852369e+01
1.583999938964843750e+02 4.260966437983461930e+01
1.585000000000000000e+02 5.363520946101311182e+01
1.586000061035156250e+02 7.699477737658055787e+01
1.586999969482421875e+02 7.109598591540679990e+01
1.588000030517578125e+02 7.815452017237143423e+01
1.588999938964843750e+02 8.604161681555916630e+01
1.590000000000000000e+02 8.999617355684327435e+01
1.591000061035156250e+02 7.469833933829714567e+01
1.591999969482421875e+02 7.431635472003767973e+01
1.593000030517578125e+02 7.023036191653068272e+01
1.593999938964843750e+02 7.523571566411452238e+01
1.595000000000000000e+02 8.720513493033112695e+01
1.596000061035156250e+02 7.713746062221892430e+01
1.596999969482421875e+02 8.136299292926315729e+01
1.598000030517578125e+02 7.450512756901585476e+01
1.598999938964843750e+02 6.733920002025122642e+01
1.600000000000000000e+02 6.788068934772584839e+01
1.601000061035156250e+02 7.367508087054356736e+01
1.601999969482421875e+02 5.981063472241590517e+01
1.603000030517578125e+02 6.093413328594800760e+01
1.603999938964843750e+02 7.779741850509972778e+01
1.605000000000000000e+02 8.096424581541560883e+01
1.606000061035156250e+02 8.311100889636028910e+01
1.606999969482421875e+02 7.228305677860180367e+01
1.608000030517578125e+02 6.803329862175962717e+01
1.608999938964843750e+02 7.976564611990659159e+01
1.610000000000000000e+02 8.075364477221300774e+01
1.611000061035156250e+02 8.329990114275122437e+01
1.611999969482421875e+02 6.469282685589881510e+01
1.613000030517578125e+02 6.821337476538681699e+01
1.613999938964843750e+02 6.265013773131545349e+01
1.615000000000000000e+02 5.896896867119492214e+01
1.616000061035156250e+02 6.443780639746526617e+01
1.616999969482421875e+02 8.882834619158657574e+01
1.618000030517578125e+02 8.771884611127012477e+01
1.618999938964843750e+02 8.129929782411859662e+01
1.620000000000000000e+02 8.171090888018757425e+01
1.621000061035156250e+02 9.269179138850249444e+01
1.621999969482421875e+02 9.878676674642770195e+01
1.623000030517578125e+02 7.530686380220967635e+01
1.623999938964843750e+02 7.513062368821479708e+01
1.625000000000000000e+02 8.185338640724846471e+01
1.626000061035156250e+02 8.462684896699343540e+01
1.626999969482421875e+02 8.220541931075116793e+01
1.628000030517578125e+02 8.325784230271959530e+01
1.628999938964843750e+02 9.336165188435370510e+01
1.630000000000000000e+02 9.518991136570977574e+01
1.631000061035156250e+02 7.098926515621205624e+01
1.631999969482421875e+02 8.379645797585378375e+01
1.633000030517578125e+02 6.612228725234500359e+01
1.633999938964843750e+02 6.958074900934606433e+01
1.635000000000000000e+02 7.558254890667750203e+01
1.636000061035156250e+02 6.864026074046843462e+01
1.636999969482421875e+02 7.634061582429131931e+01
1.638000030517578125e+02 8.155907823491723718e+01
1.638999938964843750e+02 8.464621400368331194e+01
1.640000000000000000e+02 6.893685977607168525e+01
1.641000061035156250e+02 6.518741284291469640e+01
1.641999969482421875e+02 8.931718775847021163e+01
1.643000030517578125e+02 6.802049059857833413e+01
1.643999938964843750e+02 7.457416204911694990e+01
1.645000000000000000e+02 7.006382323549651403e+01
1.646000061035156250e+02 5.383610383245790842e+01
1.646999969482421875e+02 4.803469005088814470e+01
1.648000030517578125e+02 5.364436471454383337e+01
1.648999938964843750e+02 4.346772933013760820e+01
1.650000000000000000e+02 5.187891144655875308e+01
1.651000061035156250e+02 6.314444551371809666e+01
1.651999969482421875e+02 6.022229419079544499e+01
1.653000030517578125e+02 5.958778150197169055e+01
1.653999938964843750e+02 5.290612086765425914e+01
1.655000000000000000e+02 7.584629901078497483e+01
1.656000061035156250e+02 6.219490750793853806e+01
1.656999969482421875e+02 6.960287083637321359e+01
1.658000030517578125e+02 7.579098632197052154e+01
1.658999938964843750e+02 5.188988394356147893e+01
1.660000000000000000e+02 3.901754239645742217e+01
1.661000061035156250e+02 4.895817955382882758e+01
1.661999969482421875e+02 4.971454924689704313e+01
1.663000030517578125e+02 3.339415213842525532e+01
1.663999938964843750e+02 4.050463504808149651e+01
1.665000000000000000e+02 4.019489744893326844e+01
1.666000061035156250e+02 4.277323199679590005e+01
1.666999969482421875e+02 5.980538320077567960e+01
1.668000030517578125e+02 5.747451932084116777e+01
1.668999938964843750e+02 8.763022020424619996e+01
1.670000000000000000e+02 6.278047227322232260e+01
1.671000061035156250e+02 6.743396609048021162e+01
1.671999969482421875e+02 7.827158473429417995e+01
1.673000030517578125e+02 7.471603990081911206e+01
1.673999938964843750e+02 4.633886092252433286e+01
1.675000000000000000e+02 4.421326650608901332e+01
1.676000061035156250e+02 6.967713747875821184e+01
1.676999969482421875e+02 7.306613904369238810e+01
1.678000030517578125e+02 7.249140489601174409e+01
1.678999938964843750e+02 7.281915928661146609e+01
1.680000000000000000e+02 7.469175516382502167e+01
1.681000061035156250e+02 6.500723730775496279e+01
1.681999969482421875e+02 7.095369091214669766e+01
1.683000030517578125e+02 5.521655322959238532e+01
1.683999938964843750e+02 6.441821618727453824e+01
1.685000000000000000e+02 7.095238415621652450e+01
1.686000061035156250e+02 4.207255263053828287e+01
1.686999969482421875e+02 5.076514362217549348e+01
1.688000030517578125e+02 3.800542630461536220e+01
1.688999938964843750e+02 5.976473982470580637e+01
1.690000000000000000e+02 5.629781580647267702e+01
1.691000061035156250e+02 4.385996010302845605e+01
1.691999969482421875e+02 6.164478145689389521e+01
1.693000030517578125e+02 6.637458657108942361e+01
1.693999938964843750e+02 8.239721322203544673e+01
1.695000000000000000e+02 7.713882782745268685e+01
1.696000061035156250e+02 8.623962967943886326e+01
1.696999969482421875e+02 9.117782128414276599e+01
1.698000030517578125e+02 8.244087481069263390e+01
1.698999938964843750e+02 6.120154782073154109e+01
1.700000000000000000e+02 6.152446219156750118e+01
1.701000061035156250e+02 6.365531897216817470e+01
1.701999969482421875e+02 6.246433384989273918e+01
1.703000030517578125e+02 7.029149409386594982e+01
1.703999938964843750e+02 7.931940164564717577e+01
1.705000000000000000e+02 7.601593041441674359e+01
1.706000061035156250e+02 6.993308387057437869e+01
1.706999969482421875e+02 8.001407786448741888e+01
1.708000030517578125e+02 9.039063497577004114e+01
1.708999938964843750e+02 8.167908309495918218e+01
1.710000000000000000e+02 9.398438632199618326e+01
1.711000061035156250e+02 9.178888666434009735e+01
1.711999969482421875e+02 7.486099300660335132e+01
1.713000030517578125e+02 7.110334379905518176e+01
1.713999938964843750e+02 6.405678475641217062e+01
1.715000000000000000e+02 6.170595201885048198e+01
1.716000061035156250e+02 3.877368543324963213e+01
1.716999969482421875e+02 5.830739410801635358e+01
1.718000030517578125e+02 4.802997542028205658e+01
1.718999938964843750e+02 5.601466853377253585e+01
1.720000000000000000e+02 4.912837383905394262e+01
1.721000061035156250e+02 6.684953575150238692e+01
1.721999969482421875e+02 7.576592961864479037e+01
1.723000030517578125e+02 5.537382452817064404e+01
1.723999938964843750e+02 6.121703486027522700e+01
1.725000000000000000e+02 8.560342826700984631e+01
1.726000061035156250e+02 9.747319818598512597e+01
1.726999969482421875e+02 8.321637426441276375e+01
1.728000030517578125e+02 6.815318315658394965e+01
1.728999938964843750e+02 7.732254361950847965e+01
1.730000000000000000e+02 7.649191170624860092e+01
1.731000061035156250e+02 5.928420639273972625e+01
1.731999969482421875e+02 4.420648985024750033e+01
1.733000030517578125e+02 5.004807206017660803e+01
1.733999938964843750e+02 5.766457190986466230e+01
1.735000000000000000e+02 7.537844292296692572e+01
1.736000061035156250e+02 7.809340185099451048e+01
1.736999969482421875e+02 6.959349618205646948e+01
1.738000030517578125e+02 5.770980122673650925e+01
1.738999938964843750e+02 7.105360836661732549e+01
1.740000000000000000e+02 7.451407255303949739e+01
1.741000061035156250e+02 7.217258632725626910e+01
1.741999969482421875e+02 7.461844371608029292e+01
1.743000030517578125e+02 8.441953644880572938e+01
1.743999938964843750e+02 6.829518584849803631e+01
1.745000000000000000e+02 4.759924116187110599e+01
1.746000061035156250e+02 2.969748680015052500e+01
1.746999969482421875e+02 2.403100236487794561e+01
1.748000030517578125e+02 2.118026758664339937e+01
1.748999938964843750e+02 2.204994554586571809e+01
1.750000000000000000e+02 2.577255464093028081e+01
1.751000061035156250e+02 2.119853121190740097e+01
1.751999969482421875e+02 2.297730265925434168e+01
1.753000030517578125e+02 2.245366808368628497e+01
1.753999938964843750e+02 2.359431041953901698e+01
1.755000000000000000e+02 2.110688707905562111e+01
1.756000061035156250e+02 2.070764622573726754e+01
1.756999969482421875e+02 2.212036337594695823e+01
1.758000030517578125e+02 2.126559208547138979e+01
1.758999938964843750e+02 2.088756477868708572e+01
1.760000000000000000e+02 1.811984039600909213e+01
1.761000061035156250e+02 1.868602858264401689e+01
1.761999969482421875e+02 1.824785726312575562e+01
1.763000030517578125e+02 2.216940484014104840e+01
1.763999938964843750e+02 1.692985772274504086e+01
1.765000000000000000e+02 2.530342916900820427e+01
1.766000061035156250e+02 2.023941670064753851e+01
1.766999969482421875e+02 2.076879065372428101e+01
1.768000030517578125e+02 2.023191111782838902e+01
1.768999938964843750e+02 2.315223172718394906e+01
1.770000000000000000e+02 1.819381183303663718e+01
1.771000061035156250e+02 2.031998919610862231e+01
1.771999969482421875e+02 2.018062204151719286e+01
1.773000030517578125e+02 1.940976613719833921e+01
1.773999938964843750e+02 2.233847754870392777e+01
1.775000000000000000e+02 1.962160040280996043e+01
1.776000061035156250e+02 1.988064064174913526e+01
1.776999969482421875e+02 1.928816514497917112e+01
1.778000030517578125e+02 2.070202239371254649e+01
1.778999938964843750e+02 2.250675513402168093e+01
1.780000000000000000e+02 1.660175262898406245e+01
1.781000061035156250e+02 1.897517717456817010e+01
1.781999969482421875e+02 2.011567546961052599e+01
1.783000030517578125e+02 2.050983898526617821e+01
1.783999938964843750e+02 1.948639776506966825e+01
1.785000000000000000e+02 2.041438517104856487e+01
1.786000061035156250e+02 1.882442812580872271e+01
1.786999969482421875e+02 1.977563461921415922e+01
1.788000030517578125e+02 1.928071757941792796e+01
1.788999938964843750e+02 1.910846221423238944e+01
1.790000000000000000e+02 1.924321498533169716e+01
1.791000061035156250e+02 2.026057128515070005e+01
1.791999969482421875e+02 1.985742046099506908e+01
1.793000030517578125e+02 2.023681194731286936e+01
1.793999938964843750e+02 1.986494016014567165e+01
1.795000000000000000e+02 1.955599051565202018e+01
1.796000061035156250e+02 2.128840878220832877e+01
1.796999969482421875e+02 1.997523910822622994e+01
1.798000030517578125e+02 1.860717330549262272e+01
1.798999938964843750e+02 1.873077138565482258e+01
1.800000000000000000e+02 1.722106102032428865e+01
1.801000061035156250e+02 1.856075663498219797e+01
1.801999969482421875e+02 2.039826139330568822e+01
1.803000030517578125e+02 1.955432452733547422e+01
1.803999938964843750e+02 1.923545384256528479e+01
1.805000000000000000e+02 1.925374109373306197e+01
1.806000061035156250e+02 1.941051600165456037e+01
1.806999969482421875e+02 2.134637100864112114e+01
1.808000030517578125e+02 1.912071237829571047e+01
1.808999938964843750e+02 1.904814181890637670e+01
1.810000000000000000e+02 1.980270998568935426e+01
1.811000061035156250e+02 1.937119104119940616e+01
1.811999969482421875e+02 1.977513675684217986e+01
1.813000030517578125e+02 2.080912701716009749e+01
1.813999938964843750e+02 2.085532113035043622e+01
1.815000000000000000e+02 1.977466480691200701e+01
1.816000061035156250e+02 1.889213582072451914e+01
1.816999969482421875e+02 2.013257738404672637e+01
1.818000030517578125e+02 1.947258151637493029e+01
1.818999938964843750e+02 1.904289411636551321e+01
1.820000000000000000e+02 1.929106016115549949e+01
1.821000061035156250e+02 2.010685098586739628e+01
1.821999969482421875e+02 2.030318449310004780e+01
1.823000030517578125e+02 1.966024848012382620e+01
1.823999938964843750e+02 2.093189704381020988e+01
1.825000000000000000e+02 2.169962872484135019e+01
1.826000061035156250e+02 1.893520774738104251e+01
1.826999969482421875e+02 1.921701704782118370e+01
1.828000030517578125e+02 1.864678476671316076e+01
1.828999938964843750e+02 1.858551277778621724e+01
1.830000000000000000e+02 2.106750653952573060e+01
1.831000061035156250e+02 1.988849099219676120e+01
1.831999969482421875e+02 2.074545155193065682e+01
1.833000030517578125e+02 1.964216053194109790e+01
1.833999938964843750e+02 1.868308209623153360e+01
1.835000000000000000e+02 2.125757190737380142e+01
1.836000061035156250e+02 2.034584592002768133e+01
1.836999969482421875e+02 1.984195556256921833e+01
1.838000030517578125e+02 2.186548583021259162e+01
1.838999938964843750e+02 2.132759729433746188e+01
1.840000000000000000e+02 1.902703031504293918e+01
1.841000061035156250e+02 1.929227855595928531e+01
1.841999969482421875e+02 2.078943366631201428e+01
1.843000030517578125e+02 1.863155985796313985e+01
1.843999938964843750e+02 1.460248571496846104e+01
1.845000000000000000e+02 1.427743664512381194e+01
1.846000061035156250e+02 1.838076825361880395e+01
1.846999969482421875e+02 2.676067806929354376e+01
1.848000030517578125e+02 1.794341938138648018e+01
1.848999938964843750e+02 1.792441224391276933e+01
1.850000000000000000e+02 1.878104322148404748e+01
1.851000061035156250e+02 1.657000147383891075e+01
1.851999969482421875e+02 2.048341642083308400e+01
1.853000030517578125e+02 2.025535723118636611e+01
1.853999938964843750e+02 1.877163645231769351e+01
1.855000000000000000e+02 1.937463431307849859e+01
1.856000061035156250e+02 1.813918837829349329e+01
1.856999969482421875e+02 2.089182559938841521e+01
1.858000030517578125e+02 1.844565808365490867e+01
1.858999938964843750e+02 1.960749668611048335e+01
1.860000000000000000e+02 2.087651709927532906e+01
1.861000061035156250e+02 2.259050285861345841e+01
1.861999969482421875e+02 1.778130294993072624e+01
1.863000030517578125e+02 1.556710290735733260e+01
1.863999938964843750e+02 1.448232677201326979e+01
1.865000000000000000e+02 1.591284635702924710e+01
1.866000061035156250e+02 2.216928272416631884e+01
1.866999969482421875e+02 2.440184883630898227e+01
1.868000030517578125e+02 2.016081007648760703e+01
1.868999938964843750e+02 4.966002337398935396e+01
1.870000000000000000e+02 4.767598939536857472e+01
1.871000061035156250e+02 6.953158904300610743e+01
1.871999969482421875e+02 5.037601536971063609e+01
1.873000030517578125e+02 6.592137248397715155e+01
1.873999938964843750e+02 7.772222957376605734e+01
1.875000000000000000e+02 8.674168588516401712e+01
1.876000061035156250e+02 7.729841885291205017e+01
1.876999969482421875e+02 6.793382590720965197e+01
1.878000030517578125e+02 6.717965599658552378e+01
1.878999938964843750e+02 8.349977276629699929e+01
1.880000000000000000e+02 6.541571906120626068e+01
1.881000061035156250e+02 9.091178736293873897e+01
1.881999969482421875e+02 9.233724113338318773e+01
1.883000030517578125e+02 6.998980286273274487e+01
1.883999938964843750e+02 6.395198221880500711e+01
1.885000000000000000e+02 6.395097476486032662e+01
1.886000061035156250e+02 5.407451381383165057e+01
1.886999969482421875e+02 4.185655033614908405e+01
1.888000030517578125e+02 5.312015255592062601e+01
1.888999938964843750e+02 6.171402965779469696e+01
1.890000000000000000e+02 5.229081419290185551e+01
1.891000061035156250e+02 5.094568405809425116e+01
1.891999969482421875e+02 6.532049308891104999e+01
1.893000030517578125e+02 4.813813011209845172e+01
1.893999938964843750e+02 3.490218686926161951e+01
1.895000000000000000e+02 3.527798155824127235e+01
1.896000061035156250e+02 3.965815630748020482e+01
1.896999969482421875e+02 5.683084999266291248e+01
1.898000030517578125e+02 5.310248720352173990e+01
1.898999938964843750e+02 5.952103317461850907e+01
1.900000000000000000e+02 6.422062734376490312e+01
1.901000061035156250e+02 6.015857671474509516e+01
1.901999969482421875e+02 5.296512591206704457e+01
1.903000030517578125e+02 4.040650862338549132e+01
1.903999938964843750e+02 3.632526993729033649e+01
1.905000000000000000e+02 4.006698981439463125e+01
1.906000061035156250e+02 4.842891324936156394e+01
1.906999969482421875e+02 5.425104812464532955e+01
1.908000030517578125e+02 6.537308694199943204e+01
1.908999938964843750e+02 5.649823297655591148e+01
1.910000000000000000e+02 5.863266584669830195e+01
1.911000061035156250e+02 6.138272867007911060e+01
1.911999969482421875e+02 6.112600211502046221e+01
1.913000030517578125e+02 6.327914170053143295e+01
1.913999938964843750e+02 5.063671095266720101e+01
1.915000000000000000e+02 4.718517505727110262e+01
1.916000061035156250e+02 6.609549860710575331e+01
1.916999969482421875e+02 6.864879742913650773e+01
1.918000030517578125e+02 5.677851493854038267e+01
1.918999938964843750e+02 6.394142478165663590e+01
1.920000000000000000e+02 6.538636294340746247e+01
1.921000061035156250e+02 7.066620585561510381e+01
1.921999969482421875e+02 6.584399706180623468e+01
1.923000030517578125e+02 5.955532107404244613e+01
1.923999938964843750e+02 6.281389970333160022e+01
1.925000000000000000e+02 6.361380412589643640e+01
1.926000061035156250e+02 5.238386591571861572e+01
1.926999969482421875e+02 6.538774748674144632e+01
1.928000030517578125e+02 5.243749563600378849e+01
1.928999938964843750e+02 5.478682964277312806e+01
1.930000000000000000e+02 7.440990401112014752e+01
1.931000061035156250e+02 6.111104325015504912e+01
1.931999969482421875e+02 6.408741474761463053e+01
1.933000030517578125e+02 5.514305368203954316e+01
1.933999938964843750e+02 5.014636929835485546e+01
1.935000000000000000e+02 7.110648079677665123e+01
1.936000061035156250e+02 7.573103116334803531e+01
1.936999969482421875e+02 9.024425727755789239e+01
1.938000030517578125e+02 7.266068759656261022e+01
1.938999938964843750e+02 6.948119156146336195e+01
1.940000000000000000e+02 6.571298137900002700e+01
1.941000061035156250e+02 8.330767787869376662e+01
1.941999969482421875e+02 7.394985583767220305e+01
1.943000030517578125e+02 7.883597671272131890e+01
1.943999938964843750e+02 8.475113852051021013e+01
1.945000000000000000e+02 6.823198523493040568e+01
1.946000061035156250e+02 5.833370737966598085e+01
1.946999969482421875e+02 7.751737087846595387e+01
1.948000030517578125e+02 7.740751265487556054e+01
1.948999938964843750e+02 6.757924359392809777e+01
1.950000000000000000e+02 4.948182149392641094e+01
1.951000061035156250e+02 5.589292518562771761e+01
1.951999969482421875e+02 7.279758201833509190e+01
1.953000030517578125e+02 6.351401185736369115e+01
1.953999938964843750e+02 5.072598232683020569e+01
1.955000000000000000e+02 2.840193512787308805e+01
1.956000061035156250e+02 4.298763931507188119e+01
1.956999969482421875e+02 5.216891177266823831e+01
1.958000030517578125e+02 6.168013844823020264e+01
1.958999938964843750e+02 7.742714265982726829e+01
1.960000000000000000e+02 6.011346317643166515e+01
1.961000061035156250e+02 7.416637267062047556e+01
1.961999969482421875e+02 6.088480707381569346e+01
1.963000030517578125e+02 4.806280943575063702e+01
1.963999938964843750e+02 4.287387071868064936e+01
1.965000000000000000e+02 5.423033240229239027e+01
1.966000061035156250e+02 6.258218918982291257e+01
1.966999969482421875e+02 4.462929481155125444e+01
1.968000030517578125e+02 5.880744064802814108e+01
1.968999938964843750e+02 4.863363877542760605e+01
1.970000000000000000e+02 5.632025636832647564e+01
1.971000061035156250e+02 5.672085301288070269e+01
1.971999969482421875e+02 4.851049573937304871e+01
1.973000030517578125e+02 6.685046853077862750e+01
1.973999938964843750e+02 5.834000646150362002e+01
1.975000000000000000e+02 7.364591086523003582e+01
1.976000061035156250e+02 5.941418806238117867e+01
1.976999969482421875e+02 8.222361857941994856e+01
1.978000030517578125e+02 4.401969997149572578e+01
1.978999938964843750e+02 3.741952064011571366e+01
1.980000000000000000e+02 3.939861744133752097e+01
1.981000061035156250e+02 5.109359065756088825e+01
1.981999969482421875e+02 5.655512962243397368e+01
1.983000030517578125e+02 5.843774094470474267e+01
1.983999938964843750e+02 6.322303005392810604e+01
1.985000000000000000e+02 4.761000033613579063e+01
1.986000061035156250e+02 5.043294654390815168e+01
1.986999969482421875e+02 5.380172034383867441e+01
1.988000030517578125e+02 5.506944769567061115e+01
1.988999938964843750e+02 5.313347013200443314e+01
1.990000000000000000e+02 5.002912249682862011e+01
1.991000061035156250e+02 5.912826850918305155e+01
1.991999969482421875e+02 6.746611499190119332e+01
1.993000030517578125e+02 4.568810660983014316e+01
1.993999938964843750e+02 4.532798059836668614e+01
1.995000000000000000e+02 5.625878626688580653e+01
1.996000061035156250e+02 4.469343804810470289e+01
1.996999969482421875e+02 5.738848858058644709e+01
1.998000030517578125e+02 4.790928989139109007e+01
1.998999938964843750e+02 5.495664010483225326e+01
2.000000000000000000e+02 5.482336740436544176e+01
2.001000061035156250e+02 4.379058756035049527e+01
2.001999969482421875e+02 3.969942000984773500e+01
2.003000030517578125e+02 4.818848608565179603e+01
2.003999938964843750e+02 5.603157422010436761e+01
2.005000000000000000e+02 6.429309799169203643e+01
2.006000061035156250e+02 9.354181841549973342e+01
2.006999969482421875e+02 7.215808158454734667e+01
2.008000030517578125e+02 6.692852873908108791e+01
2.008999938964843750e+02 6.155663362730938104e+01
2.010000000000000000e+02 6.132964779179500425e+01
2.011000061035156250e+02 5.875722104589325312e+01
2.011999969482421875e+02 6.144071753900614397e+01
2.013000030517578125e+02 4.735928969410668543e+01
2.013999938964843750e+02 7.157684347012512660e+01
2.015000000000000000e+02 6.406112574608472698e+01
2.016000061035156250e+02 7.051189085673055956e+01
2.016999969482421875e+02 6.260668012899277812e+01
2.018000030517578125e+02 6.835763884547425562e+01
2.018999938964843750e+02 6.428810888648011712e+01
2.020000000000000000e+02 5.440729370868650250e+01
2.021000061035156250e+02 3.481903645473878584e+01
2.021999969482421875e+02 3.354592738516721084e+01
2.023000030517578125e+02 3.789731078996808122e+01
2.023999938964843750e+02 4.200290492379937035e+01
2.025000000000000000e+02 5.474337277018653936e+01
2.026000061035156250e+02 6.511912976809065867e+01
2.026999969482421875e+02 7.069267510686343314e+01
2.028000030517578125e+02 8.105358281999173187e+01
2.028999938964843750e+02 7.840112793867412222e+01
2.030000000000000000e+02 7.991816357314111485e+01
2.031000061035156250e+02 7.171117480326925886e+01
2.031999969482421875e+02 8.058535243763620315e+01
2.033000030517578125e+02 6.804557782314694236e+01
2.033999938964843750e+02 8.266255796190861815e+01
2.035000000000000000e+02 7.872265625635857589e+01
2.036000061035156250e+02 5.738346714386054259e+01
2.036999969482421875e+02 7.728030663191012195e+01
2.038000030517578125e+02 6.713587244193396941e+01
2.038999938964843750e+02 7.568329721928790832e+01
2.040000000000000000e+02 6.600069687402644547e+01
2.041000061035156250e+02 7.150018541949286544e+01
2.041999969482421875e+02 8.157437693807995061e+01
2.043000030517578125e+02 8.165815065789905702e+01
2.043999938964843750e+02 7.641156977242098947e+01
2.045000000000000000e+02 6.134218343361126813e+01
2.046000061035156250e+02 4.699436646306291010e+01
2.046999969482421875e+02 7.288892799181820692e+01
2.048000030517578125e+02 6.868659168245228841e+01
2.048999938964843750e+02 6.297070367376443301e+01
2.050000000000000000e+02 6.363587086477819810e+01
2.051000061035156250e+02 5.876005328383872950e+01
2.051999969482421875e+02 4.711659332412811807e+01
2.053000030517578125e+02 4.568730769397598834e+01
2.053999938964843750e+02 5.101757600147756477e+01
2.055000000000000000e+02 3.771547531502410777e+01
2.056000061035156250e+02 4.903564771981009329e+01
2.056999969482421875e+02 5.718598712963309794e+01
2.058000030517578125e+02 5.142422754061419710e+01
2.058999938964843750e+02 5.824504564275368779e+01
2.060000000000000000e+02 6.767427097904527500e+01
2.061000061035156250e+02 7.870769347529572713e+01
2.061999969482421875e+02 7.413644546218540654e+01
2.063000030517578125e+02 6.541781324194607805e+01
2.063999938964843750e+02 4.935891935397183516e+01
2.065000000000000000e+02 4.389066732558367079e+01
2.066000061035156250e+02 2.568289921805477505e+01
2.066999969482421875e+02 4.512238538660794518e+01
2.068000030517578125e+02 4.635396565736901664e+01
2.068999938964843750e+02 4.535392463451212564e+01
2.070000000000000000e+02 5.524851445396407712e+01
2.071000061035156250e+02 6.837565527266806953e+01
2.071999969482421875e+02 5.623274885210748408e+01
2.073000030517578125e+02 6.662229206069190468e+01
2.073999938964843750e+02 6.273690164825092097e+01
2.075000000000000000e+02 6.936524404287524703e+01
2.076000061035156250e+02 8.677327985523692178e+01
2.076999969482421875e+02 8.903239140047435285e+01
2.078000030517578125e+02 8.066192539476384127e+01
2.078999938964843750e+02 7.335207538521567017e+01
2.080000000000000000e+02 5.664475031494658452e+01
2.081000061035156250e+02 6.889135798480607775e+01
2.081999969482421875e+02 7.129423053194324211e+01
2.083000030517578125e+02 6.186428838665118235e+01
2.083999938964843750e+02 6.103754356105244483e+01
2.085000000000000000e+02 6.227335652319384707e+01
2.086000061035156250e+02 5.056333205008287024e+01
2.086999969482421875e+02 5.919265843778010350e+01
2.088000030517578125e+02 4.526088724276133490e+01
2.088999938964843750e+02 4.922556072653718928e+01
2.090000000000000000e+02 4.216464567980492717e+01
2.091000061035156250e+02 6.888427103449376432e+01
2.091999969482421875e+02 7.538575151604474911e+01
2.093000030517578125e+02 5.739113802128944286e+01
2.093999938964843750e+02 5.125032638124685036e+01
2.095000000000000000e+02 4.617024727321969380e+01
2.096000061035156250e+02 3.296454995297182222e+01
2.096999969482421875e+02 5.821758825286556061e+01
2.098000030517578125e+02 5.289210140371837099e+01
2.098999938964843750e+02 6.648703764585867759e+01
2.100000000000000000e+02 6.760327780482175797e+01
2.101000061035156250e+02 6.195924340240257777e+01
2.101999969482421875e+02 7.163823818883616923e+01
2.103000030517578125e+02 5.716151559996198017e+01
2.103999938964843750e+02 5.870985830852688281e+01
2.105000000000000000e+02 5.078842222948386365e+01
2.106000061035156250e+02 6.929522555650994775e+01
2.106999969482421875e+02 6.645735489310773403e+01
2.108000030517578125e+02 7.356835200326764834e+01
2.108999938964843750e+02 5.657020804182650409e+01
2.110000000000000000e+02 5.839596404810034613e+01
2.111000061035156250e+02 4.599946307893386432e+01
2.111999969482421875e+02 3.179704562871087248e+01
2.113000030517578125e+02 2.739043163172498652e+01
2.113999938964843750e+02 5.241696641082774022e+01
2.115000000000000000e+02 6.846102905170936026e+01
2.116000061035156250e+02 6.218166229154670077e+01
2.116999969482421875e+02 5.575280633400966934e+01
2.118000030517578125e+02 6.941963777561853988e+01
2.118999938964843750e+02 7.135612540888122624e+01
2.120000000000000000e+02 6.878561598954054546e+01
2.121000061035156250e+02 6.035835293323211204e+01
2.121999969482421875e+02 7.252653751547437366e+01
2.123000030517578125e+02 8.003767625947875786e+01
2.123999938964843750e+02 8.229794680310209287e+01
2.125000000000000000e+02 4.410433107246948481e+01
2.126000061035156250e+02 5.302322640235393436e+01
2.126999969482421875e+02 4.107878141697732133e+01
2.128000030517578125e+02 2.378591025349681587e+01
2.128999938964843750e+02 2.092491567991572055e+01
2.130000000000000000e+02 2.043023410035334209e+01
2.131000061035156250e+02 3.019628967286890742e+01
2.131999969482421875e+02 3.716020096897074865e+01
2.133000030517578125e+02 4.415869426063655112e+01
2.133999938964843750e+02 4.213206324445071971e+01
2.135000000000000000e+02 5.430968789588909829e+01
2.136000061035156250e+02 5.426181203647201556e+01
2.136999969482421875e+02 5.526677706689562086e+01
2.138000030517578125e+02 5.533117378027792199e+01
2.138999938964843750e+02 6.792654225816137625e+01
2.140000000000000000e+02 5.081636322621666579e+01
2.141000061035156250e+02 5.829271278081258600e+01
2.141999969482421875e+02 5.584034031363147932e+01
2.143000030517578125e+02 5.396714167395290218e+01
2.143999938964843750e+02 5.067097958285251735e+01
2.145000000000000000e+02 5.391081517362687237e+01
2.146000061035156250e+02 6.085683265928083330e+01
2.146999969482421875e+02 5.871574238648307187e+01
2.148000030517578125e+02 4.575794749901260161e+01
2.148999938964843750e+02 4.539323344553165640e+01
2.150000000000000000e+02 3.755895046808187487e+01
2.151000061035156250e+02 3.578240701410343405e+01
2.151999969482421875e+02 5.320818721954535135e+01
2.153000030517578125e+02 5.768729786687359962e+01
2.153999938964843750e+02 5.603742250838956096e+01
2.155000000000000000e+02 6.214226166821505615e+01
2.156000061035156250e+02 4.885307465413839623e+01
2.156999969482421875e+02 7.792643724971355823e+01
2.158000030517578125e+02 7.946013800755328305e+01
2.158999938964843750e+02 5.508086619300016906e+01
2.160000000000000000e+02 4.677917074804981468e+01
2.161000061035156250e+02 3.851055345880403991e+01
2.161999969482421875e+02 3.591749673360847339e+01
2.163000030517578125e+02 3.576192717426387446e+01
2.163999938964843750e+02 3.636798546724801895e+01
2.165000000000000000e+02 3.323536745762872613e+01
2.166000061035156250e+02 3.563402298311565630e+01
2.166999969482421875e+02 3.542511520275902370e+01
2.168000030517578125e+02 2.898920818900367991e+01
2.168999938964843750e+02 4.198373872482881097e+01
2.170000000000000000e+02 7.630829665237604331e+01
2.171000061035156250e+02 6.572659298861087507e+01
2.171999969482421875e+02 3.826734069460432153e+01
2.173000030517578125e+02 4.557491439091919716e+01
2.173999938964843750e+02 3.638707501786305443e+01
2.175000000000000000e+02 5.568164756085106148e+01
2.176000061035156250e+02 4.738057780079792281e+01
2.176999969482421875e+02 5.128940659719781792e+01
2.178000030517578125e+02 8.063302683536329596e+01
2.178999938964843750e+02 4.850594135438655030e+01
2.180000000000000000e+02 8.259040098622945436e+01
2.181000061035156250e+02 4.890587697542888179e+01
2.181999969482421875e+02 5.548594385568518561e+01
2.183000030517578125e+02 5.877324755967553926e+01
2.183999938964843750e+02 7.146669639371899052e+01
2.185000000000000000e+02 4.867413338977068804e+01
2.186000061035156250e+02 5.602427618467397252e+01
2.186999969482421875e+02 5.691596836359549627e+01
2.188000030517578125e+02 6.412280143121363096e+01
2.188999938964843750e+02 5.656110077159938498e+01
2.190000000000000000e+02 6.863245889860323246e+01
2.191000061035156250e+02 5.750145881694250249e+01
2.191999969482421875e+02 6.194046000291223208e+01
2.193000030517578125e+02 7.101089439438955253e+01
2.193999938964843750e+02 7.532391162208013213e+01
2.195000000000000000e+02 7.283740514741982963e+01
2.196000061035156250e+02 7.058830073948480788e+01
2.196999969482421875e+02 5.914728379632548894e+01
2.198000030517578125e+02 6.277530179200855542e+01
2.198999938964843750e+02 6.640816469432425606e+01
2.200000000000000000e+02 6.623358769500890730e+01
2.201000061035156250e+02 6.378683327877833165e+01
2.201999969482421875e+02 5.220929280698315722e+01
2.203000030517578125e+02 6.327497290217965542e+01
2.203999938964843750e+02 6.366241525014054758e+01
2.205000000000000000e+02 6.055488500862593781e+01
2.206000061035156250e+02 5.095725064619722389e+01
2.206999969482421875e+02 3.744342115449155983e+01
2.208000030517578125e+02 2.305370175254476095e+01
2.208999938964843750e+02 2.646775897852326054e+01
2.210000000000000000e+02 2.774489039215775676e+01
2.211000061035156250e+02 3.761424465400738626e+01
2.211999969482421875e+02 5.149057726751381381e+01
2.213000030517578125e+02 3.948285709198796667e+01
2.213999938964843750e+02 4.857897592358434480e+01
2.215000000000000000e+02 4.917609155829822498e+01
2.216000061035156250e+02 4.958189031512252143e+01
2.216999969482421875e+02 3.647712336375909814e+01
2.218000030517578125e+02 6.874729307246698795e+01
2.218999938964843750e+02 5.139363300535393364e+01
2.220000000000000000e+02 5.599870129885238157e+01
2.221000061035156250e+02 6.325506487155120539e+01
2.221999969482421875e+02 7.105878350347144590e+01
2.223000030517578125e+02 6.475208236003386730e+01
2.223999938964843750e+02 5.832321734376395739e+01
2.225000000000000000e+02 5.342313036481083088e+01
2.226000061035156250e+02 6.349776103253982029e+01
2.226999969482421875e+02 5.000832354829921655e+01
2.228000030517578125e+02 4.906479277181780674e+01
2.228999938964843750e+02 7.910990106461925109e+01
2.230000000000000000e+02 8.681895239280530063e+01
2.231000061035156250e+02 6.025863363718548982e+01
2.231999969482421875e+02 7.582005354197828240e+01
2.233000030517578125e+02 6.957109445944108472e+01
2.233999938964843750e+02 5.787592410689493505e+01
2.235000000000000000e+02 7.762843384200718333e+01
2.236000061035156250e+02 8.829273731690867066e+01
2.236999969482421875e+02 7.260274177704273768e+01
2.238000030517578125e+02 8.376383113119960910e+01
2.238999938964843750e+02 7.770418613270022945e+01
2.240000000000000000e+02 5.976164371225190308e+01
2.241000061035156250e+02 6.246259953799071951e+01
2.241999969482421875e+02 5.741306879114025463e+01
2.243000030517578125e+02 7.378154551356401214e+01
2.243999938964843750e+02 8.053696305349805584e+01
2.245000000000000000e+02 7.740237035770928742e+01
2.246000061035156250e+02 8.664067865412921776e+01
2.246999969482421875e+02 8.087149598562943709e+01
2.248000030517578125e+02 8.536156397789656580e+01
2.248999938964843750e+02 9.085360270673639604e+01
2.250000000000000000e+02 7.361412200697652963e+01
2.251000061035156250e+02 6.597035136687004808e+01
2.251999969482421875e+02 6.675614440329484012e+01
2.253000030517578125e+02 5.553618187950830531e+01
2.253999938964843750e+02 3.573474784193507503e+01
2.255000000000000000e+02 3.982898363684119403e+01
2.256000061035156250e+02 6.171631776432862893e+01
2.256999969482421875e+02 5.643784477612230432e+01
2.258000030517578125e+02 5.583284700779358189e+01
2.258999938964843750e+02 7.498085066669631260e+01
2.260000000000000000e+02 7.618548900498349497e+01
2.261000061035156250e+02 8.125427217541890457e+01
2.261999969482421875e+02 8.265675200527466870e+01
2.263000030517578125e+02 7.224362146237949389e+01
2.263999938964843750e+02 5.464517928066319996e+01
2.265000000000000000e+02 4.418872831801100176e+01
2.266000061035156250e+02 5.285272183220525477e+01
2.266999969482421875e+02 4.618262352269525906e+01
2.268000030517578125e+02 5.884070564387345570e+01
2.268999938964843750e+02 5.877644459016993039e+01
2.270000000000000000e+02 7.268423213348540912e+01
2.271000061035156250e+02 7.372116625862635431e+01
2.271999969482421875e+02 8.244952865105616979e+01
2.273000030517578125e+02 5.632517489539617372e+01
2.273999938964843750e+02 4.779053564748249272e+01
2.275000000000000000e+02 5.045629877933990315e+01
2.276000061035156250e+02 4.643820383071955860e+01
2.276999969482421875e+02 4.430673950261948590e+01
2.278000030517578125e+02 4.292425423711787857e+01
2.278999938964843750e+02 3.808310446980282649e+01
2.280000000000000000e+02 2.797386791709105935e+01
2.281000061035156250e+02 2.174700746346073643e+01
2.281999969482421875e+02 1.957490052300631334e+01
2.283000030517578125e+02 1.717399911502990051e+01
2.283999938964843750e+02 1.685447007323448787e+01
2.285000000000000000e+02 2.141439812365035422e+01
2.286000061035156250e+02 2.314300444820980474e+01
2.286999969482421875e+02 2.323844244766892686e+01
2.288000030517578125e+02 1.948776691322104071e+01
2.288999938964843750e+02 2.058142848805905700e+01
2.290000000000000000e+02 2.062588926719316262e+01
2.291000061035156250e+02 2.022284786167541881e+01
2.291999969482421875e+02 2.158980228151407132e+01
2.293000030517578125e+02 2.605384458390286184e+01
2.293999938964843750e+02 2.825070347409926441e+01
2.295000000000000000e+02 3.145279206628468671e+01
2.296000061035156250e+02 3.324705519724268754e+01
2.296999969482421875e+02 4.184224538186600029e+01
2.298000030517578125e+02 4.391857481074190162e+01
2.298999938964843750e+02 3.923008717397400602e+01
2.300000000000000000e+02 4.934323594816985548e+01
2.301000061035156250e+02 4.975563718814426295e+01
2.301999969482421875e+02 5.958464983945648186e+01
2.303000030517578125e+02 5.803527817357550589e+01
2.303999938964843750e+02 6.364600436002496053e+01
2.305000000000000000e+02 6.457399384388385499e+01
2.306000061035156250e+02 4.523821917000598347e+01
2.306999969482421875e+02 6.069810685301798969e+01
2.308000030517578125e+02 5.524268481504145711e+01
2.308999938964843750e+02 5.592536983028119835e+01
2.310000000000000000e+02 6.175656544035729922e+01
2.311000061035156250e+02 6.150697948163434603e+01
2.311999969482421875e+02 6.993341608295621370e+01
2.313000030517578125e+02 6.878182156121702917e+01
2.313999938964843750e+02 8.215268072944284938e+01
2.315000000000000000e+02 8.741794922432123371e+01
2.316000061035156250e+02 8.539756492749101824e+01
2.316999969482421875e+02 8.973760497940668301e+01
2.318000030517578125e+02 8.875433304519236799e+01
2.318999938964843750e+02 6.299339871768093246e+01
2.320000000000000000e+02 3.908905110418083950e+01
2.321000061035156250e+02 6.046420178058944828e+01
2.321999969482421875e+02 4.601938511856067748e+01
2.323000030517578125e+02 5.637648958382906272e+01
2.323999938964843750e+02 4.313216523193958096e+01
2.325000000000000000e+02 5.242557119914974351e+01
2.326000061035156250e+02 5.590352129397048486e+01
2.326999969482421875e+02 4.121232177360516147e+01
2.328000030517578125e+02 3.778928251111656067e+01
2.328999938964843750e+02 2.518534698324901555e+01
2.330000000000000000e+02 2.026608188970744351e+01
2.331000061035156250e+02 1.418038114634671309e+01
2.331999969482421875e+02 8.754603941796647248e+00
2.333000030517578125e+02 6.202116537344487313e+00
2.333999938964843750e+02 5.572660385914125492e+00
2.335000000000000000e+02 5.474116458103652327e+00
2.336000061035156250e+02 7.645710664237730825e+00
2.336999969482421875e+02 6.887445282260048707e+00
2.338000030517578125e+02 7.183152417136792423e+00
2.338999938964843750e+02 6.644537148662696957e+00
2.340000000000000000e+02 6.505433690763950949e+00
2.341000061035156250e+02 6.592088072844533464e+00
2.341999969482421875e+02 6.862151130893831663e+00
2.343000030517578125e+02 7.749153106280302516e+00
2.343999938964843750e+02 7.296955292691033712e+00
2.345000000000000000e+02 7.257338054506439207e+00
2.346000061035156250e+02 9.660910436702929260e+00
2.346999969482421875e+02 9.378158114593455608e+00
2.348000030517578125e+02 1.050894115250869376e+01
2.348999938964843750e+02 1.013700288885633150e+01
2.350000000000000000e+02 1.059872433906866362e+01
2.351000061035156250e+02 1.133841793227670713e+01
2.351999969482421875e+02 9.745632930975027364e+00
2.353000030517578125e+02 1.008391711262602897e+01
2.353999938964843750e+02 1.077441011399944237e+01
2.355000000000000000e+02 1.149294549338430294e+01
2.356000061035156250e+02 9.184608723903018301e+00
2.356999969482421875e+02 9.611114029417777260e+00
2.358000030517578125e+02 9.466035220747064827e+00
2.358999938964843750e+02 9.080278592807072613e+00
2.360000000000000000e+02 9.555594893227693731e+00
2.361000061035156250e+02 9.417470734737962701e+00
2.361999969482421875e+02 9.543638403637027423e+00
2.363000030517578125e+02 9.710691784350723665e+00
2.363999938964843750e+02 1.005132342496362874e+01
2.365000000000000000e+02 1.079564745991046948e+01
2.366000061035156250e+02 1.018905995123420993e+01
2.366999969482421875e+02 1.018008850450824809e+01
2.368000030517578125e+02 9.178375411642036852e+00
2.368999938964843750e+02 9.829009579483397374e+00
2.370000000000000000e+02 1.001975328251795538e+01
2.371000061035156250e+02 1.052631718680513373e+01
2.371999969482421875e+02 1.013262112925131397e+01
2.373000030517578125e+02 9.796041639582826477e+00
2.373999938964843750e+02 9.885302219318234052e+00
2.375000000000000000e+02 9.822539847939138369e+00
2.376000061035156250e+02 1.039973194527958711e+01
2.376999969482421875e+02 1.009697252381915611e+01
2.378000030517578125e+02 8.921091439199530626e+00
2.378999938964843750e+02 9.253444368772942852e+00
2.380000000000000000e+02 9.261165744842219993e+00
2.381000061035156250e+02 6.437023039831278659e+00
2.381999969482421875e+02 5.107489576308419821e+00
2.383000030517578125e+02 5.167195412604133509e+00
2.383999938964843750e+02 5.090115963903159901e+00
2.385000000000000000e+02 5.075438330938569997e+00
2.386000061035156250e+02 4.991530428310916534e+00
2.386999969482421875e+02 4.292572789577524972e+00
2.388000030517578125e+02 5.789858738177295905e+00
2.388999938964843750e+02 4.088805435220805862e+00
2.390000000000000000e+02 4.437652881456880749e+00
2.391000061035156250e+02 4.595860530765159879e+00
2.391999969482421875e+02 4.490407712297057152e+00
2.393000030517578125e+02 5.180380817284043538e+00
2.393999938964843750e+02 5.141607143760728249e+00
2.395000000000000000e+02 5.597698331484866507e+00
2.396000061035156250e+02 5.802189948567163746e+00
2.396999969482421875e+02 8.702766766094590878e+00
2.398000030517578125e+02 6.088958971926048847e+00
2.398999938964843750e+02 5.795315693288430658e+00
2.400000000000000000e+02 4.742267687873680693e+00
2.401000061035156250e+02 6.265548075671540929e+00
2.401999969482421875e+02 4.466212672195192468e+00
2.403000030517578125e+02 4.619310523535224533e+00
2.403999938964843750e+02 4.337861425148911820e+00
2.405000000000000000e+02 4.218872199800331124e+00
2.406000061035156250e+02 4.091538286465102203e+00
2.406999969482421875e+02 3.999214163940604916e+00
2.408000030517578125e+02 4.054631631726708818e+00
2.408999938964843750e+02 4.975070769487580868e+00
2.410000000000000000e+02 5.023052057015046756e+00
2.411000061035156250e+02 5.136378383132631953e+00
2.411999969482421875e+02 4.837649242649025183e+00
2.413000030517578125e+02 6.040300120450038612e+00
2.413999938964843750e+02 4.818983440341791713e+00
2.415000000000000000e+02 4.716837708505333460e+00
2.416000061035156250e+02 4.552751710021720299e+00
2.416999969482421875e+02 5.342805790932142251e+00
2.418000030517578125e+02 4.543479660578723767e+00
2.418999938964843750e+02 4.048999320369158106e+00
2.420000000000000000e+02 4.628367798998410443e+00
2.421000061035156250e+02 4.813167721281959466e+00
2.421999969482421875e+02 4.814098473580411763e+00
2.423000030517578125e+02 4.459806845921886698e+00
2.423999938964843750e+02 4.220618936659411347e+00
2.425000000000000000e+02 3.789165222860777948e+00
2.426000061035156250e+02 5.635514386311814228e+00
2.426999969482421875e+02 4.014576880215977361e+00
2.428000030517578125e+02 4.300619750107401273e+00
2.428999938964843750e+02 4.303806106394972630e+00
2.430000000000000000e+02 4.911703869448593274e+00
2.431000061035156250e+02 4.780042502804794147e+00
2.431999969482421875e+02 6.650170391762536326e+00
2.433000030517578125e+02 4.011239672061682526e+00
2.433999938964843750e+02 3.648023737314628701e+00
2.435000000000000000e+02 3.906089436768793277e+00
2.436000061035156250e+02 3.967924974894636136e+00
2.436999969482421875e+02 5.400347899822500075e+00
2.438000030517578125e+02 5.723381461559911010e+00
2.438999938964843750e+02 4.426114813786075963e+00
2.440000000000000000e+02 4.857404935028809767e+00
2.441000061035156250e+02 4.652853843973455028e+00
2.441999969482421875e+02 4.490658070301253524e+00
2.443000030517578125e+02 4.344362641891784449e+00
2.443999938964843750e+02 4.923893530937485608e+00
2.445000000000000000e+02 4.629956592744655985e+00
2.446000061035156250e+02 5.890727585265331356e+00
2.446999969482421875e+02 4.540295255724978496e+00
2.448000030517578125e+02 4.777984668197117202e+00
2.448999938964843750e+02 4.832225816088698167e+00
2.450000000000000000e+02 4.271837585516809810e+00
2.451000061035156250e+02 4.167578846211170251e+00
2.451999969482421875e+02 4.991262610860076165e+00
2.453000030517578125e+02 4.481044898463825810e+00
2.453999938964843750e+02 3.836811791839008556e+00
2.455000000000000000e+02 5.690692697463819449e+00
2.456000061035156250e+02 5.041311803702151373e+00
2.456999969482421875e+02 5.217156775430462190e+00
2.458000030517578125e+02 5.641071319909150894e+00
2.458999938964843750e+02 4.621045876574838118e+00
2.460000000000000000e+02 5.469617316687785724e+00
2.461000061035156250e+02 4.827725302165873700e+00
2.461999969482421875e+02 4.399350608799969642e+00
2.463000030517578125e+02 4.417301535297062820e+00
2.463999938964843750e+02 4.639338234972641750e+00
2.465000000000000000e+02 4.325339686272192452e+00
2.466000061035156250e+02 4.272231863298203258e+00
2.466999969482421875e+02 4.645833346677445519e+00
2.468000030517578125e+02 4.826950602592634532e+00
2.468999938964843750e+02 4.334815027808563315e+00
2.470000000000000000e+02 5.196148725292052184e+00
2.471000061035156250e+02 4.622590473080270712e+00
2.471999969482421875e+02 4.833801141875406771e+00
2.473000030517578125e+02 4.951297726191530302e+00
2.473999938964843750e+02 4.101378482838154760e+00
2.475000000000000000e+02 4.564770313985963668e+00
2.476000061035156250e+02 4.659082217573213391e+00
2.476999969482421875e+02 5.776352482185552084e+00
2.478000030517578125e+02 5.256483381588500592e+00
2.478999938964843750e+02 4.735087590617166775e+00
2.480000000000000000e+02 5.048884431545856089e+00
2.481000061035156250e+02 4.460480803968014385e+00
2.481999969482421875e+02 4.733853973491926936e+00
2.483000030517578125e+02 5.328061666015862841e+00
2.483999938964843750e+02 4.607725396673826523e+00
2.485000000000000000e+02 4.626468876836799637e+00
2.486000061035156250e+02 4.811734849772344447e+00
2.486999969482421875e+02 4.602159344402227958e+00
2.488000030517578125e+02 4.693553835468272872e+00
2.488999938964843750e+02 5.163415811067822325e+00
2.490000000000000000e+02 5.604171288164478071e+00
2.491000061035156250e+02 4.773265295002192765e+00
2.491999969482421875e+02 4.682641589238299318e+00
2.493000030517578125e+02 4.411397371086068553e+00
2.493999938964843750e+02 5.233136167637309377e+00
2.495000000000000000e+02 6.303820443240962135e+00
2.496000061035156250e+02 5.084242383792953568e+00
2.496999969482421875e+02 4.404526430813097804e+00
2.498000030517578125e+02 5.218993258420736581e+00
2.498999938964843750e+02 4.449181821924306668e+00
2.500000000000000000e+02 4.615914927960945491e+00
2.501000061035156250e+02 5.048889117491683898e+00
2.501999969482421875e+02 5.267563488594485754e+00
2.503000030517578125e+02 5.188559275335030918e+00
2.503999938964843750e+02 5.185947320560041263e+00
2.505000000000000000e+02 4.831721510127067631e+00
2.506000061035156250e+02 5.295403185717800554e+00
2.506999969482421875e+02 4.529004472691963379e+00
2.508000030517578125e+02 5.439566705833692950e+00
2.508999938964843750e+02 5.613499108209127009e+00
2.510000000000000000e+02 5.094333984471784760e+00
2.511000061035156250e+02 5.227209054910774810e+00
2.511999969482421875e+02 4.454077370016491955e+00
2.513000030517578125e+02 4.542496315141170804e+00
2.513999938964843750e+02 4.856602944334014182e+00
2.515000000000000000e+02 4.294293720775569589e+00
2.516000061035156250e+02 5.006588481857017214e+00
2.516999969482421875e+02 4.775057558603203134e+00
2.518000030517578125e+02 5.363359080807983403e+00
2.518999938964843750e+02 5.572435523547074609e+00
2.520000000000000000e+02 4.848160303632081281e+00
2.521000061035156250e+02 4.897333521109197285e+00
2.521999969482421875e+02 4.365825092106436323e+00
2.523000030517578125e+02 4.981193795985232597e+00
2.523999938964843750e+02 4.919753369774108265e+00
2.525000000000000000e+02 4.804081068222497031e+00
2.526000061035156250e+02 5.455687223689828613e+00
2.526999969482421875e+02 5.441126689744854694e+00
2.528000030517578125e+02 5.062115173845862515e+00
2.528999938964843750e+02 4.365299040523210827e+00
2.530000000000000000e+02 6.093240388328248436e+00
2.531000061035156250e+02 6.168298499341724472e+00
2.531999969482421875e+02 5.485582953814899021e+00
2.533000030517578125e+02 4.835934007863023076e+00
2.533999938964843750e+02 4.904821831419166500e+00
2.535000000000000000e+02 5.854256296368631318e+00
2.536000061035156250e+02 5.191281854502324933e+00
2.536999969482421875e+02 7.209157585365855603e+00
2.538000030517578125e+02 7.454006907168696294e+00
2.538999938964843750e+02 6.787680079515491904e+00
2.540000000000000000e+02 5.596920529668294009e+00
2.541000061035156250e+02 5.203290774267862240e+00
2.541999969482421875e+02 4.839819917542876659e+00
2.543000030517578125e+02 4.158681502654535400e+00
2.543999938964843750e+02 8.609186016987495194e+00
2.545000000000000000e+02 8.055467829975333061e+00
2.546000061035156250e+02 8.408579116240403550e+00
2.546999969482421875e+02 7.712489930033721741e+00
2.548000030517578125e+02 1.042866417381791422e+01
2.548999938964843750e+02 9.868365455271959519e+00
2.550000000000000000e+02 8.237444758868479155e+00
2.551000061035156250e+02 1.008632092243854750e+01
2.551999969482421875e+02 9.936805893512303811e+00
2.553000030517578125e+02 1.089692953751039006e+01
2.553999938964843750e+02 1.025556156341527547e+01
2.555000000000000000e+02 1.065919065622612472e+01
2.556000061035156250e+02 1.109037201202500000e+01
2.556999969482421875e+02 1.050450214189385534e+01
2.558000030517578125e+02 1.005789386831200005e+01
2.558999938964843750e+02 1.065413265016853472e+01
2.560000000000000000e+02 1.043181796491751001e+01
2.561000061035156250e+02 1.052094722659280635e+01
2.562000122070312500e+02 1.077278140192620270e+01
2.562999877929687500e+02 1.090598399898465765e+01
2.563999938964843750e+02 1.105884600952365737e+01
2.565000000000000000e+02 1.125545134397132330e+01
2.566000061035156250e+02 1.089147565020265418e+01
2.567000122070312500e+02 1.035844895672560462e+01
2.567999877929687500e+02 9.929045834817182836e+00
2.568999938964843750e+02 1.012479990008572273e+01
2.570000000000000000e+02 1.033410407537188647e+01
2.571000061035156250e+02 1.059481729481748147e+01
2.572000122070312500e+02 9.863478714426584304e+00
2.572999877929687500e+02 1.098179544096999471e+01
2.573999938964843750e+02 1.009789609629998353e+01
2.575000000000000000e+02 1.098963728221075087e+01
2.576000061035156250e+02 1.054433677634888333e+01
2.577000122070312500e+02 1.050600891964760741e+01
2.577999877929687500e+02 1.046770466148364243e+01
2.578999938964843750e+02 1.073102534418233844e+01
2.580000000000000000e+02 1.018107840919662799e+01
2.581000061035156250e+02 1.098000386114661531e+01
2.582000122070312500e+02 1.131222121144669757e+01
2.582999877929687500e+02 1.128110716084488097e+01
2.583999938964843750e+02 9.871989845391082596e+00
2.585000000000000000e+02 1.087258001982374545e+01
2.586000061035156250e+02 1.002295825662061191e+01
2.587000122070312500e+02 9.776944449360385647e+00
2.587999877929687500e+02 1.036262418909240424e+01
2.588999938964843750e+02 1.032179336850799523e+01
2.590000000000000000e+02 1.099198574581431842e+01
2.591000061035156250e+02 8.870365039564552134e+00
2.592000122070312500e+02 1.040336368257378119e+01
2.592999877929687500e+02 1.011183093241113085e+01
2.593999938964843750e+02 1.030294054188335906e+01
2.595000000000000000e+02 1.058908714009802310e+01
2.596000061035156250e+02 9.423736539658392530e+00
2.597000122070312500e+02 9.780231539462629797e+00
2.597999877929687500e+02 9.900874949716010676e+00
2.598999938964843750e+02 1.036427156152572593e+01
2.600000000000000000e+02 1.019445667497628172e+01
2.601000061035156250e+02 9.906467905071725255e+00
2.602000122070312500e+02 1.013158961021613891e+01
2.602999877929687500e+02 9.954138069533025046e+00
2.603999938964843750e+02 1.021019317363033707e+01
2.605000000000000000e+02 9.334965897954335290e+00
2.606000061035156250e+02 1.046706088789245648e+01
2.607000122070312500e+02 1.085687065775861804e+01
2.607999877929687500e+02 1.098884721669868547e+01
2.608999938964843750e+02 9.772199713434062573e+00
2.610000000000000000e+02 9.811109909111419114e+00
2.611000061035156250e+02 1.003656289587019756e+01
2.612000122070312500e+02 1.051840558803355208e+01
2.612999877929687500e+02 1.126801405870877737e+01
2.613999938964843750e+02 1.025095961631338604e+01
2.615000000000000000e+02 1.007576207856098804e+01
2.616000061035156250e+02 1.064930548544289479e+01
2.617000122070312500e+02 1.032222384095036283e+01
2.617999877929687500e+02 1.038170643035380003e+01
2.618999938964843750e+02 1.070399652979179628e+01
2.620000000000000000e+02 1.092326978628555345e+01
2.621000061035156250e+02 1.106084995389287151e+01
2.622000122070312500e+02 1.077463794084684068e+01
2.622999877929687500e+02 9.760357184609354420e+00
2.623999938964843750e+02 1.030980439373144897e+01
2.625000000000000000e+02 1.009528498236407934e+01
2.626000061035156250e+02 9.769961777321196195e+00
2.627000122070312500e+02 8.512131961177860973e+00
2.627999877929687500e+02 1.071024209840826735e+01
2.628999938964843750e+02 1.097254193610770301e+01
2.630000000000000000e+02 1.037013524465399605e+01
2.631000061035156250e+02 1.029369565711023071e+01
2.632000122070312500e+02 9.869137972002823389e+00
2.632999877929687500e+02 1.024566768658677418e+01
2.633999938964843750e+02 7.550461218792438700e+00
2.635000000000000000e+02 8.316920770339269353e+00
2.636000061035156250e+02 1.005484577760725529e+01
2.637000122070312500e+02 9.362727199040081771e+00
2.637999877929687500e+02 8.412795881374622198e+00
2.638999938964843750e+02 8.573453596865507009e+00
2.640000000000000000e+02 8.683731458584915686e+00
2.641000061035156250e+02 9.176028883500938704e+00
2.642000122070312500e+02 8.034028894721169323e+00
2.642999877929687500e+02 9.884778095435420298e+00
2.643999938964843750e+02 1.092167168413689815e+01
2.645000000000000000e+02 1.010251055539559850e+01
2.646000061035156250e+02 1.106663348436875971e+01
2.647000122070312500e+02 1.148210520108956523e+01
2.647999877929687500e+02 1.097009642014232256e+01
2.648999938964843750e+02 1.157530756466824684e+01
2.650000000000000000e+02 7.391203361510862102e+00
2.651000061035156250e+02 7.756983342410688209e+00
2.652000122070312500e+02 8.366188491793581150e+00
2.652999877929687500e+02 7.751950881029007867e+00
2.653999938964843750e+02 8.907239337501867027e+00
2.655000000000000000e+02 7.593088214632120803e+00
2.656000061035156250e+02 8.374696070844292350e+00
2.657000122070312500e+02 8.705691539633573228e+00
2.657999877929687500e+02 8.081211620877803981e+00
2.658999938964843750e+02 7.791984252194730232e+00
2.660000000000000000e+02 7.701779375446591303e+00
2.661000061035156250e+02 8.326812380151896065e+00
2.662000122070312500e+02 7.435727230211279348e+00
2.662999877929687500e+02 7.094891575687252150e+00
2.663999938964843750e+02 8.441658445216452478e+00
2.665000000000000000e+02 7.364585657766020255e+00
2.666000061035156250e+02 7.174648188604006549e+00
2.667000122070312500e+02 7.812004939092999756e+00
2.667999877929687500e+02 5.181232896950664468e+00
2.668999938964843750e+02 5.965248179668620310e+00
2.670000000000000000e+02 4.789528062134272623e+00
2.671000061035156250e+02 1.066623133058069151e+01
2.672000122070312500e+02 8.532278212939489848e+00
2.672999877929687500e+02 8.960738199823028438e+00
2.673999938964843750e+02 9.045147341680532804e+00
2.675000000000000000e+02 8.946434637771657705e+00
2.676000061035156250e+02 9.102378713922735898e+00
2.677000122070312500e+02 8.524029067716540453e+00
2.677999877929687500e+02 9.522088907408541303e+00
2.678999938964843750e+02 9.889893050108319983e+00
2.680000000000000000e+02 9.724414859711242087e+00
2.681000061035156250e+02 9.763600391571323200e+00
2.682000122070312500e+02 8.805294256764364391e+00
2.682999877929687500e+02 8.237949010510860148e+00
2.683999938964843750e+02 9.585413448903141287e+00
2.685000000000000000e+02 9.101473447183181520e+00
2.686000061035156250e+02 9.762645786029176875e+00
2.687000122070312500e+02 1.093170700541457663e+01
2.687999877929687500e+02 8.954315265767128551e+00
2.688999938964843750e+02 1.145913824284751925e+01
2.690000000000000000e+02 1.055243254171744738e+01
2.691000061035156250e+02 1.040802723620313763e+01
2.692000122070312500e+02 1.018335312415494798e+01
2.692999877929687500e+02 7.673447290498226714e+00
2.693999938964843750e+02 9.708646563425755716e+00
2.695000000000000000e+02 7.055751150386384118e+00
2.696000061035156250e+02 7.025334669678995780e+00
2.697000122070312500e+02 9.351871848528704234e+00
2.697999877929687500e+02 1.003424553505813854e+01
2.698999938964843750e+02 9.119324847280688928e+00
2.700000000000000000e+02 1.013103138556552629e+01
2.701000061035156250e+02 1.011051859836403111e+01
2.702000122070312500e+02 1.052769067445455242e+01
2.702999877929687500e+02 1.069291612772923195e+01
2.703999938964843750e+02 9.176129019810227661e+00
2.705000000000000000e+02 8.829067555473034901e+00
2.706000061035156250e+02 9.669817458225985263e+00
2.707000122070312500e+02 1.050476967251164240e+01
2.707999877929687500e+02 9.838053830429139168e+00
2.708999938964843750e+02 8.801540712811789291e+00
2.710000000000000000e+02 8.133735338173666563e+00
2.711000061035156250e+02 8.978316016916487285e+00
2.712000122070312500e+02 9.404409837680429263e+00
2.712999877929687500e+02 8.671314755987500789e+00
2.713999938964843750e+02 8.839798738781100340e+00
2.715000000000000000e+02 9.057531043947200544e+00
2.716000061035156250e+02 9.369427244554852763e+00
2.717000122070312500e+02 8.740648046462998977e+00
2.717999877929687500e+02 9.209398811759561099e+00
2.718999938964843750e+02 9.934827233283201053e+00
2.720000000000000000e+02 9.492432765010404339e+00
2.721000061035156250e+02 8.402581126703777770e+00
2.722000122070312500e+02 8.640663948365302716e+00
2.722999877929687500e+02 9.666691035707758672e+00
2.723999938964843750e+02 1.065273818083203672e+01
2.725000000000000000e+02 8.762601141393794535e+00
2.726000061035156250e+02 9.679958943215115852e+00
2.727000122070312500e+02 8.319999972649101849e+00
2.727999877929687500e+02 8.280275544353207451e+00
2.728999938964843750e+02 8.295810813343921453e+00
2.730000000000000000e+02 9.048348674418102533e+00
2.731000061035156250e+02 7.928101434922636415e+00
2.732000122070312500e+02 8.378658096170303438e+00
2.732999877929687500e+02 8.365514218746938013e+00
2.733999938964843750e+02 8.332183002298101826e+00
2.735000000000000000e+02 8.524757420850072265e+00
2.736000061035156250e+02 7.886524987784791385e+00
2.737000122070312500e+02 8.786529236614498473e+00
2.737999877929687500e+02 1.022244963446848409e+01
2.738999938964843750e+02 9.586725865261650270e+00
2.740000000000000000e+02 9.543284623462731986e+00
2.741000061035156250e+02 9.416134330374807959e+00
2.742000122070312500e+02 8.509299735542441567e+00
2.742999877929687500e+02 1.037711396681799236e+01
2.743999938964843750e+02 8.771633921704495407e+00
2.745000000000000000e+02 8.423403772767523279e+00
2.746000061035156250e+02 8.955537972315809725e+00
2.747000122070312500e+02 9.254009813934674256e+00
2.747999877929687500e+02 7.816986255993318977e+00
2.748999938964843750e+02 2.841096696210717365e+00
2.750000000000000000e+02 3.723734989456315425e+00
2.751000061035156250e+02 3.311271800091741380e+00
2.752000122070312500e+02 3.429842762881872620e+00
2.752999877929687500e+02 4.039857662212700262e+00
2.753999938964843750e+02 5.706155359465112653e+00
2.755000000000000000e+02 6.006579278614621487e+00
2.756000061035156250e+02 4.457417896624191300e+00
2.757000122070312500e+02 7.430377166046344684e+00
2.757999877929687500e+02 6.959659634846766529e+00
2.758999938964843750e+02 6.469942224100179828e+00
2.760000000000000000e+02 6.818728074183632692e+00
2.761000061035156250e+02 6.965634935657103455e+00
2.762000122070312500e+02 3.824130888595837607e+00
2.762999877929687500e+02 3.728883277981993594e+00
2.763999938964843750e+02 3.852952370666379966e+00
2.765000000000000000e+02 3.724210022993679203e+00
2.766000061035156250e+02 3.473618743210771243e+00
2.767000122070312500e+02 3.140685925992542149e+00
2.767999877929687500e+02 6.617784208165186755e+00
2.768999938964843750e+02 5.758296577887418444e+00
2.770000000000000000e+02 7.935355069879848067e+00
2.771000061035156250e+02 2.466328767166927616e+00
2.772000122070312500e+02 3.435773603421976130e+00
2.772999877929687500e+02 4.547148752065236721e+00
2.773999938964843750e+02 8.631167406793366581e+00
2.775000000000000000e+02 7.312798353306028787e+00
2.776000061035156250e+02 6.977119532617541253e+00
2.777000122070312500e+02 7.776645239981715640e+00
2.777999877929687500e+02 8.390864144416717352e+00
2.778999938964843750e+02 5.977647995142342907e+00
2.780000000000000000e+02 5.880178795135255321e+00
2.781000061035156250e+02 6.927112153563927066e+00
2.782000122070312500e+02 5.717409192057333556e+00
2.782999877929687500e+02 4.239577668713654823e+00
2.783999938964843750e+02 3.814594578460141161e+00
2.785000000000000000e+02 2.553811762252943041e+00
2.786000061035156250e+02 3.253623242650939940e+00
2.787000122070312500e+02 3.250565537408379058e+00
2.787999877929687500e+02 3.395984406224263896e+00
2.788999938964843750e+02 2.650413312158849344e+00
2.790000000000000000e+02 5.455652591065217827e+00
2.791000061035156250e+02 7.699794009333291278e+00
2.792000122070312500e+02 5.608521942106303726e+00
2.792999877929687500e+02 2.958137354094688032e+00
2.793999938964843750e+02 6.224537156629331491e+00
2.795000000000000000e+02 3.271537853161957887e+00
2.796000061035156250e+02 3.385294892336385253e+00
2.797000122070312500e+02 3.117668800329133294e+00
2.797999877929687500e+02 4.147205210538716713e+00
2.798999938964843750e+02 3.680138149225343103e+00
2.800000000000000000e+02 3.908270896572374031e+00
2.801000061035156250e+02 3.737208048878649436e+00
2.802000122070312500e+02 4.329786423156372521e+00
2.802999877929687500e+02 3.407494188347964137e+00
2.803999938964843750e+02 4.107513186565762808e+00
2.805000000000000000e+02 4.106331386837028141e+00
2.806000061035156250e+02 3.259880048334133917e+00
2.807000122070312500e+02 3.427663837775697164e+00
2.807999877929687500e+02 2.186907222143561036e+00
2.808999938964843750e+02 2.634037104966536980e+00
2.810000000000000000e+02 2.668105233007510346e+00
2.811000061035156250e+02 2.196477620980886503e+00
2.812000122070312500e+02 2.802802482125055228e+00
2.812999877929687500e+02 2.235884845568031132e+00
2.813999938964843750e+02 2.947742064010244523e+00
2.815000000000000000e+02 2.119200669679216720e+00
2.816000061035156250e+02 1.993860655867948362e+00
2.817000122070312500e+02 2.100475566730619192e+00
2.817999877929687500e+02 1.757595585667295568e+00
2.818999938964843750e+02 2.054043794482768082e+00
2.820000000000000000e+02 1.922799124113242275e+00
2.821000061035156250e+02 3.421009780390192656e+00
2.822000122070312500e+02 3.373052708296655045e+00
2.822999877929687500e+02 3.469918464536505986e+00
2.823999938964843750e+02 2.628713159044929082e+00
2.825000000000000000e+02 3.257218952820135183e+00
2.826000061035156250e+02 3.536319294595108964e+00
2.827000122070312500e+02 2.266842224545682960e+00
2.827999877929687500e+02 3.161580201489882835e+00
2.828999938964843750e+02 3.723174818916033413e+00
2.830000000000000000e+02 3.409356561465105351e+00
2.831000061035156250e+02 3.135694403665885588e+00
2.832000122070312500e+02 3.420511177412798531e+00
2.832999877929687500e+02 2.457360657171818730e+00
2.833999938964843750e+02 1.916550380741505633e+00
2.835000000000000000e+02 2.085777857134061719e+00
2.836000061035156250e+02 2.569875846461202595e+00
2.837000122070312500e+02 2.651175956051585292e+00
2.837999877929687500e+02 2.426491014011530556e+00
2.838999938964843750e+02 2.849765395970190074e+00
2.840000000000000000e+02 2.355133006341988189e+00
2.841000061035156250e+02 3.210640005121471408e+00
2.842000122070312500e+02 3.618786492601773652e+00
2.842999877929687500e+02 2.837292113118075054e+00
2.843999938964843750e+02 2.442819299533408373e+00
2.845000000000000000e+02 3.455762898834290109e+00
2.846000061035156250e+02 3.246218313230345043e+00
2.847000122070312500e+02 3.552644785082731183e+00
2.847999877929687500e+02 5.298057850207816166e+00
2.848999938964843750e+02 3.337581434075965525e+00
2.850000000000000000e+02 3.840526958271845981e+00
2.851000061035156250e+02 2.760058618599414704e+00
2.852000122070312500e+02 3.055752417287236788e+00
2.852999877929687500e+02 2.968535176654645280e+00
2.853999938964843750e+02 2.900933839493660571e+00
2.855000000000000000e+02 2.342562248662068747e+00
2.856000061035156250e+02 2.445169436431598786e+00
2.857000122070312500e+02 2.445822763732080407e+00
2.857999877929687500e+02 3.101060911948862575e+00
2.858999938964843750e+02 3.021838490837339464e+00
2.860000000000000000e+02 2.668652801536949504e+00
2.861000061035156250e+02 2.410801722871875885e+00
2.862000122070312500e+02 2.641889785361081877e+00
2.862999877929687500e+02 2.652016240023177041e+00
2.863999938964843750e+02 3.452011724213868149e+00
2.865000000000000000e+02 3.906379880587948605e+00
2.866000061035156250e+02 3.665315864021883030e+00
2.867000122070312500e+02 2.540024451488071211e+00
2.867999877929687500e+02 3.749821303879891321e+00
2.868999938964843750e+02 4.339571115529868628e+00
2.870000000000000000e+02 5.623490770461646804e+00
2.871000061035156250e+02 3.481895969953546555e+00
2.872000122070312500e+02 2.497945157211170830e+00
2.872999877929687500e+02 2.659474334177879484e+00
2.873999938964843750e+02 3.299176148849675805e+00
2.875000000000000000e+02 6.475832812765331958e+00
2.876000061035156250e+02 6.325039784359291595e+00
2.877000122070312500e+02 3.168853524021206791e+00
2.877999877929687500e+02 4.065498814908631964e+00
2.878999938964843750e+02 3.414111473686526566e+00
2.880000000000000000e+02 4.360643285812580316e+00
2.881000061035156250e+02 3.309113869446760781e+00
2.882000122070312500e+02 3.512626730387492735e+00
2.882999877929687500e+02 3.609640279486036274e+00
2.883999938964843750e+02 4.014646665039203199e+00
2.885000000000000000e+02 4.716117091522007421e+00
2.886000061035156250e+02 3.934960485390150087e+00
2.887000122070312500e+02 3.806605365418173736e+00
2.887999877929687500e+02 3.733847334224100756e+00
2.888999938964843750e+02 4.205734854080909635e+00
2.890000000000000000e+02 3.447732750729269657e+00
2.891000061035156250e+02 3.797065983706167547e+00
2.892000122070312500e+02 3.500250565517739609e+00
2.892999877929687500e+02 3.737801582885568852e+00
2.893999938964843750e+02 3.846558255568955254e+00
2.895000000000000000e+02 3.420352778904986124e+00
2.896000061035156250e+02 3.365407843446965863e+00
2.897000122070312500e+02 3.356312947053406770e+00
2.897999877929687500e+02 3.337862598329431219e+00
2.898999938964843750e+02 3.719494075253678478e+00
2.900000000000000000e+02 3.524680343633138868e+00
2.901000061035156250e+02 3.382510966384367102e+00
2.902000122070312500e+02 4.248178906351615325e+00
2.902999877929687500e+02 3.592077301640894227e+00
2.903999938964843750e+02 3.497086922921586183e+00
2.905000000000000000e+02 3.460662371909660529e+00
2.906000061035156250e+02 3.621852392985448255e+00
2.907000122070312500e+02 4.181225978229112350e+00
2.907999877929687500e+02 4.333853643294301783e+00
2.908999938964843750e+02 3.974846458184214892e+00
2.910000000000000000e+02 3.617277168145534461e+00
2.911000061035156250e+02 6.757438259072664266e+00
2.912000122070312500e+02 7.366370557114288786e+00
2.912999877929687500e+02 6.335244004720964384e+00
2.913999938964843750e+02 8.196854063504870780e+00
2.915000000000000000e+02 3.366384257160108362e+00
2.916000061035156250e+02 6.678231526292573328e+00
2.917000122070312500e+02 4.290883829171294295e+00
2.917999877929687500e+02 3.700048872202694739e+00
2.918999938964843750e+02 2.236038310536840878e+00
2.920000000000000000e+02 3.241493882886242961e+00
2.921000061035156250e+02 2.864239987027945133e+00
2.922000122070312500e+02 2.923374304018320213e+00
2.922999877929687500e+02 2.712240692321736812e+00
2.923999938964843750e+02 4.896100165390380177e+00
2.925000000000000000e+02 7.650187792273598575e+00
2.926000061035156250e+02 3.515014373977948470e+00
2.927000122070312500e+02 3.886778495705333736e+00
2.927999877929687500e+02 4.019317887050831040e+00
2.928999938964843750e+02 3.703878346026559409e+00
2.930000000000000000e+02 3.673193851699783075e+00
2.931000061035156250e+02 3.596044377767202871e+00
2.932000122070312500e+02 4.063784234880102986e+00
2.932999877929687500e+02 3.535648891732984023e+00
2.933999938964843750e+02 3.543976357291674262e+00
2.935000000000000000e+02 3.752501641851893055e+00
2.936000061035156250e+02 3.975291412208854513e+00
2.937000122070312500e+02 4.063212738972844740e+00
2.937999877929687500e+02 3.671867960752991156e+00
2.938999938964843750e+02 5.783201513133771066e+00
2.940000000000000000e+02 5.231762599171622341e+00
2.941000061035156250e+02 3.968986456539609797e+00
2.942000122070312500e+02 5.507482499544697596e+00
2.942999877929687500e+02 3.308698325736306955e+00
2.943999938964843750e+02 6.618441070706974294e+00
2.945000000000000000e+02 6.134415049978680479e+00
2.946000061035156250e+02 6.308925283720884458e+00
2.947000122070312500e+02 6.863433856986062231e+00
2.947999877929687500e+02 6.766262478665569624e+00
2.948999938964843750e+02 5.147316983011465119e+00
2.950000000000000000e+02 3.512679552584599740e+00
2.951000061035156250e+02 3.995535053395255165e+00
2.952000122070312500e+02 7.547039327282161203e+00
2.952999877929687500e+02 6.941987019617509524e+00
2.953999938964843750e+02 6.664515476233128233e+00
2.955000000000000000e+02 7.114921686708790993e+00
2.956000061035156250e+02 5.738443839808287983e+00
2.957000122070312500e+02 7.388674321965219782e+00
2.957999877929687500e+02 3.756600135234855031e+00
2.958999938964843750e+02 3.565680708510040819e+00
2.960000000000000000e+02 3.344626194671731056e+00
2.961000061035156250e+02 3.397751298489779526e+00
2.962000122070312500e+02 3.983118210238066226e+00
2.962999877929687500e+02 3.949705509424790595e+00
2.963999938964843750e+02 5.090794875770359162e+00
2.965000000000000000e+02 5.038614057460613971e+00
2.966000061035156250e+02 3.656733351867609727e+00
2.967000122070312500e+02 3.632494253929262840e+00
2.967999877929687500e+02 3.729309856244188204e+00
2.968999938964843750e+02 3.879178870067114371e+00
2.970000000000000000e+02 3.787839536508861737e+00
2.971000061035156250e+02 3.762940375220367617e+00
2.972000122070312500e+02 3.864014570201411924e+00
2.972999877929687500e+02 3.930843175307281889e+00
2.973999938964843750e+02 3.950795722555992207e+00
2.975000000000000000e+02 3.604920740011943625e+00
2.976000061035156250e+02 3.784534834920618263e+00
2.977000122070312500e+02 3.661601777247867062e+00
2.977999877929687500e+02 3.638642077621266235e+00
2.978999938964843750e+02 3.648669181753432245e+00
2.980000000000000000e+02 4.326154158336617428e+00
2.981000061035156250e+02 3.551228892936614034e+00
2.982000122070312500e+02 4.360933412275294074e+00
2.982999877929687500e+02 4.471607339470946130e+00
2.983999938964843750e+02 4.333881070401731428e+00
2.985000000000000000e+02 4.600924567416758038e+00
2.986000061035156250e+02 3.985138790564322075e+00
2.987000122070312500e+02 3.907001556781578344e+00
2.987999877929687500e+02 3.772247085304230030e+00
2.988999938964843750e+02 3.664397335375184195e+00
2.990000000000000000e+02 3.653710640657183539e+00
2.991000061035156250e+02 3.668977672871091222e+00
2.992000122070312500e+02 4.115904596749782485e+00
2.992999877929687500e+02 3.837109623905281985e+00
2.993999938964843750e+02 3.511646946251254953e+00
2.995000000000000000e+02 3.364440481744642497e+00
2.996000061035156250e+02 4.553152883867059408e+00
2.997000122070312500e+02 3.579253037525868208e+00
2.997999877929687500e+02 3.934961397642755543e+00
2.998999938964843750e+02 3.631838660628533333e+00
3.000000000000000000e+02 3.669900711967497120e+00
3.001000061035156250e+02 3.349497236826097790e+00
3.002000122070312500e+02 4.128556289274417423e+00
3.002999877929687500e+02 3.938532394583257101e+00
3.003999938964843750e+02 3.824602734101363755e+00
3.005000000000000000e+02 3.893916843521967763e+00
3.006000061035156250e+02 3.611549746811319572e+00
3.007000122070312500e+02 3.979275596626341560e+00
3.007999877929687500e+02 5.822352612442272424e+00
3.008999938964843750e+02 6.625777770052301285e+00
3.010000000000000000e+02 3.846718214986379003e+00
3.011000061035156250e+02 3.879691232053160910e+00
3.012000122070312500e+02 4.162623435688320050e+00
3.012999877929687500e+02 3.538577087452804193e+00
3.013999938964843750e+02 3.839159184833148775e+00
3.015000000000000000e+02 3.868584334119665957e+00
3.016000061035156250e+02 4.144586497440418071e+00
3.017000122070312500e+02 3.564214484806810024e+00
3.017999877929687500e+02 4.081096062781464973e+00
3.018999938964843750e+02 3.810637180767124654e+00
3.020000000000000000e+02 4.202819826523326086e+00
3.021000061035156250e+02 3.810803709474329892e+00
3.022000122070312500e+02 3.801640264304531058e+00
3.022999877929687500e+02 3.706957410275236953e+00
3.023999938964843750e+02 3.632311535202598751e+00
3.025000000000000000e+02 4.109800189460126596e+00
3.026000061035156250e+02 3.574108783782761645e+00
3.027000122070312500e+02 3.847545382693940308e+00
3.027999877929687500e+02 3.249898398272368816e+00
3.028999938964843750e+02 4.359232174269106252e+00
3.030000000000000000e+02 3.862003674671942388e+00
3.031000061035156250e+02 3.630597242870488461e+00
3.032000122070312500e+02 4.084096978960331192e+00
3.032999877929687500e+02 3.552061450453009250e+00
3.033999938964843750e+02 3.797353204947911731e+00
3.035000000000000000e+02 3.744863204900780840e+00
3.036000061035156250e+02 3.775864517980123125e+00
3.037000122070312500e+02 3.737990701240966995e+00
3.037999877929687500e+02 4.441619793255249249e+00
3.038999938964843750e+02 3.634538592157242842e+00
3.040000000000000000e+02 3.866173418292650155e+00
3.041000061035156250e+02 3.629602887284822277e+00
3.042000122070312500e+02 3.840395931662616835e+00
3.042999877929687500e+02 3.810434740937896247e+00
3.043999938964843750e+02 4.030557254061609029e+00
3.045000000000000000e+02 3.927144510098136809e+00
3.046000061035156250e+02 3.888870228922886696e+00
3.047000122070312500e+02 3.416096938169829844e+00
3.047999877929687500e+02 4.091954132481347983e+00
3.048999938964843750e+02 3.821063723435658588e+00
3.050000000000000000e+02 3.931250126460271499e+00
3.051000061035156250e+02 3.962205386042128907e+00
3.052000122070312500e+02 3.396142900998239345e+00
3.052999877929687500e+02 3.685318906595839383e+00
3.053999938964843750e+02 3.662273298834291424e+00
3.055000000000000000e+02 3.382683672968968214e+00
3.056000061035156250e+02 3.565484483286654793e+00
3.057000122070312500e+02 3.598637572127782125e+00
3.057999877929687500e+02 3.513367208693416011e+00
3.058999938964843750e+02 3.590122690022075513e+00
3.060000000000000000e+02 3.740463121419387083e+00
3.061000061035156250e+02 3.884591227870858088e+00
3.062000122070312500e+02 3.700294867147821520e+00
3.062999877929687500e+02 3.516162228864960770e+00
3.063999938964843750e+02 3.557639525682217307e+00
3.065000000000000000e+02 3.905856643291407249e+00
3.066000061035156250e+02 3.869918856316932665e+00
3.067000122070312500e+02 3.757254021581243109e+00
3.067999877929687500e+02 3.410776279056788152e+00
3.068999938964843750e+02 3.639419946900947167e+00
3.070000000000000000e+02 4.330861001693087076e+00
3.071000061035156250e+02 4.451381550121208619e+00
3.072000122070312500e+02 3.224010414238549505e+00
3.072999877929687500e+02 3.395953357371351622e+00
3.073999938964843750e+02 3.441081617135120396e+00
3.075000000000000000e+02 3.884790616549274933e+00
3.076000061035156250e+02 3.595664431611940159e+00
3.077000122070312500e+02 3.913885315836552081e+00
3.077999877929687500e+02 3.786070160129027862e+00
3.078999938964843750e+02 4.060038673598858061e+00
3.080000000000000000e+02 3.650409223945314974e+00
3.081000061035156250e+02 3.036175943338294658e+00
3.082000122070312500e+02 2.985587925904112705e+00
3.082999877929687500e+02 3.498609445813586571e+00
3.083999938964843750e+02 3.968011884729436112e+00
3.085000000000000000e+02 5.484011441084355454e+00
3.086000061035156250e+02 5.122685956779751137e+00
3.087000122070312500e+02 3.512601286414590795e+00
3.087999877929687500e+02 3.961355133850316790e+00
3.088999938964843750e+02 3.526616294467209478e+00
3.090000000000000000e+02 3.681993310100696526e+00
3.091000061035156250e+02 3.857107931950207291e+00
3.092000122070312500e+02 3.717237642026747224e+00
3.092999877929687500e+02 3.774608766439840224e+00
3.093999938964843750e+02 4.270573022833254129e+00
3.095000000000000000e+02 3.629253509531185973e+00
3.096000061035156250e+02 3.706136137495396721e+00
3.097000122070312500e+02 4.201613835378294581e+00
3.097999877929687500e+02 4.106484916031146959e+00
3.098999938964843750e+02 3.658508495227496660e+00
3.100000000000000000e+02 4.088777004088611555e+00
3.101000061035156250e+02 3.894880967315477616e+00
3.102000122070312500e+02 3.813729733386578058e+00
3.102999877929687500e+02 3.952713200126723336e+00
3.103999938964843750e+02 3.892184078367745936e+00
3.105000000000000000e+02 3.601322438628474565e+00
3.106000061035156250e+02 3.763240923468232690e+00
3.107000122070312500e+02 3.676290049917587677e+00
3.107999877929687500e+02 3.975118199868000968e+00
3.108999938964843750e+02 3.991827099058705475e+00
3.110000000000000000e+02 3.737209454613666271e+00
3.111000061035156250e+02 3.750465915029385311e+00
3.112000122070312500e+02 3.499239407282336067e+00
3.112999877929687500e+02 3.794065542416487968e+00
3.113999938964843750e+02 3.759397440474493202e+00
3.115000000000000000e+02 4.507778065897407593e+00
3.116000061035156250e+02 3.861366793556037624e+00
3.117000122070312500e+02 3.735730564513894514e+00
3.117999877929687500e+02 3.533371746235461686e+00
3.118999938964843750e+02 3.716771898307343225e+00
3.120000000000000000e+02 3.534347910494945566e+00
3.121000061035156250e+02 3.452049948899329035e+00
3.122000122070312500e+02 3.788373332446167474e+00
3.122999877929687500e+02 3.522904443552266063e+00
3.123999938964843750e+02 4.305009712054217452e+00
3.125000000000000000e+02 6.821453616950602594e+00
3.126000061035156250e+02 7.182156678479584500e+00
3.127000122070312500e+02 6.321886167932007083e+00
3.127999877929687500e+02 3.816346792234700303e+00
3.128999938964843750e+02 3.928082578925296442e+00
3.130000000000000000e+02 3.405920324803060506e+00
3.131000061035156250e+02 3.889492385053380907e+00
3.132000122070312500e+02 3.571563390082153955e+00
3.132999877929687500e+02 4.183019186663775812e+00
3.133999938964843750e+02 3.693393730429742838e+00
3.135000000000000000e+02 3.952446669050207362e+00
3.136000061035156250e+02 3.858936317109670000e+00
3.137000122070312500e+02 3.680735636285620505e+00
3.137999877929687500e+02 3.919008682854648651e+00
3.138999938964843750e+02 4.154747994511828857e+00
3.140000000000000000e+02 3.526000560514203297e+00
3.141000061035156250e+02 5.581108743862169597e+00
3.142000122070312500e+02 5.186278213778587443e+00
3.142999877929687500e+02 5.816921339078783504e+00
3.143999938964843750e+02 7.017767062236261566e+00
3.145000000000000000e+02 5.833185379085787048e+00
3.146000061035156250e+02 5.755589009365666975e+00
3.147000122070312500e+02 5.919840045928858707e+00
3.147999877929687500e+02 6.437749940472254906e+00
3.148999938964843750e+02 5.811787214198433915e+00
3.150000000000000000e+02 6.737604930347931287e+00
3.151000061035156250e+02 6.165606758179881908e+00
3.152000122070312500e+02 6.147029390937946758e+00
3.152999877929687500e+02 5.796563824029976608e+00
3.153999938964843750e+02 6.495720617838398603e+00
3.155000000000000000e+02 6.506865626711591410e+00
3.156000061035156250e+02 5.888770818972112409e+00
3.157000122070312500e+02 6.269371897598292165e+00
3.157999877929687500e+02 6.772414379566946252e+00
3.158999938964843750e+02 4.840435811907187968e+00
3.160000000000000000e+02 6.530122139281240301e+00
3.161000061035156250e+02 3.455591458270651728e+00
3.162000122070312500e+02 3.914593076963347684e+00
3.162999877929687500e+02 3.420888047389917919e+00
3.163999938964843750e+02 3.902898399305551713e+00
3.165000000000000000e+02 3.632319914370536029e+00
3.166000061035156250e+02 3.802092088734867925e+00
3.167000122070312500e+02 3.291735450710674193e+00
3.167999877929687500e+02 3.566900698845329121e+00
3.168999938964843750e+02 3.824787879001146695e+00
3.170000000000000000e+02 3.800450668676740307e+00
3.171000061035156250e+02 4.019734449421218159e+00
3.172000122070312500e+02 3.475179995546051170e+00
3.172999877929687500e+02 3.573475566657281721e+00
3.173999938964843750e+02 4.043223897662798549e+00
3.175000000000000000e+02 3.830008938725174339e+00
3.176000061035156250e+02 3.645715889282176825e+00
3.177000122070312500e+02 3.732065886373012731e+00
3.177999877929687500e+02 3.383121669747507720e+00
3.178999938964843750e+02 3.782107546552262001e+00
3.180000000000000000e+02 3.451132233941507366e+00
3.181000061035156250e+02 3.370078142363015949e+00
3.182000122070312500e+02 3.598029276239083529e+00
3.182999877929687500e+02 3.489040099379082882e+00
3.183999938964843750e+02 3.497705177477693272e+00
3.185000000000000000e+02 3.742580933888602690e+00
3.186000061035156250e+02 3.684555923001992639e+00
3.187000122070312500e+02 3.488018319159415181e+00
3.187999877929687500e+02 3.125690772240275805e+00
3.188999938964843750e+02 3.558340554039040704e+00
3.190000000000000000e+02 3.825577171392247067e+00
3.191000061035156250e+02 3.528568078703149702e+00
3.192000122070312500e+02 3.677418461074573930e+00
3.192999877929687500e+02 4.720665968743070096e+00
3.193999938964843750e+02 3.677156254840695304e+00
3.195000000000000000e+02 5.011598254888709469e+00
3.196000061035156250e+02 6.034477797709051572e+00
3.197000122070312500e+02 6.264187375034506289e+00
3.197999877929687500e+02 6.037396489944836908e+00
3.198999938964843750e+02 6.752405557534241431e+00
3.200000000000000000e+02 7.675487840884607671e+00
3.201000061035156250e+02 6.368160257748023412e+00
3.202000122070312500e+02 6.607594042911839161e+00
3.202999877929687500e+02 6.706128911106983281e+00
3.203999938964843750e+02 6.629949362608186014e+00
3.205000000000000000e+02 7.445268468227510539e+00
3.206000061035156250e+02 6.602072858788792686e+00
3.207000122070312500e+02 6.007758427202870344e+00
3.207999877929687500e+02 7.188466375640423678e+00
3.208999938964843750e+02 7.447087686975393694e+00
3.210000000000000000e+02 6.424049807692753689e+00
3.211000061035156250e+02 5.837132277931101676e+00
3.212000122070312500e+02 7.047519568645431498e+00
3.212999877929687500e+02 6.078676839337126658e+00
3.213999938964843750e+02 5.708735080840809495e+00
3.215000000000000000e+02 4.004014538618202224e+00
3.216000061035156250e+02 3.735708142613280991e+00
3.217000122070312500e+02 3.718185600557424753e+00
3.217999877929687500e+02 3.756774719162462972e+00
3.218999938964843750e+02 3.803513172111239626e+00
3.220000000000000000e+02 3.695570757774059523e+00
3.221000061035156250e+02 3.878892025720647396e+00
3.222000122070312500e+02 3.491540022981410640e+00
3.222999877929687500e+02 4.313833585226958256e+00
3.223999938964843750e+02 3.454822017089321573e+00
3.225000000000000000e+02 3.679081621000257485e+00
3.226000061035156250e+02 3.946005717212184294e+00
3.227000122070312500e+02 4.104253482743430048e+00
3.227999877929687500e+02 3.179404338950577280e+00
3.228999938964843750e+02 3.374499465016959299e+00
3.230000000000000000e+02 3.851645702735154941e+00
3.231000061035156250e+02 6.534975892412935750e+00
3.232000122070312500e+02 7.095096311393866095e+00
3.232999877929687500e+02 7.459806165086710905e+00
3.233999938964843750e+02 6.598127829471355454e+00
3.235000000000000000e+02 6.147356896229758227e+00
3.236000061035156250e+02 6.547687386761827710e+00
3.237000122070312500e+02 7.002327396664725256e+00
3.237999877929687500e+02 7.041899247758858671e+00
3.238999938964843750e+02 6.923109206841736807e+00
3.240000000000000000e+02 6.271277233174383348e+00
3.241000061035156250e+02 6.743381221436773210e+00
3.242000122070312500e+02 6.581687951091784505e+00
3.242999877929687500e+02 8.250203882337006078e+00
3.243999938964843750e+02 7.348186032960368763e+00
3.245000000000000000e+02 5.188988982502613645e+00
3.246000061035156250e+02 6.403090931381381523e+00
3.247000122070312500e+02 6.534009143759139882e+00
3.247999877929687500e+02 6.996960141944561506e+00
3.248999938964843750e+02 6.275639344019946719e+00
3.250000000000000000e+02 6.239712845893961912e+00
3.251000061035156250e+02 3.371235815794094925e+00
3.252000122070312500e+02 4.016436906875249235e+00
3.252999877929687500e+02 2.798408058933685272e+00
3.253999938964843750e+02 3.746409180194515187e+00
3.255000000000000000e+02 2.911637329818457243e+00
3.256000061035156250e+02 2.702516494587258844e+00
3.257000122070312500e+02 2.923683675241298463e+00
3.257999877929687500e+02 2.181589462463863871e+00
3.258999938964843750e+02 2.775757978999254583e+00
3.260000000000000000e+02 3.024800587749457481e+00
3.261000061035156250e+02 2.778542487003984540e+00
3.262000122070312500e+02 2.782659906367135783e+00
3.262999877929687500e+02 2.600182269821282421e+00
3.263999938964843750e+02 3.583339751898737546e+00
3.265000000000000000e+02 3.221390893892799756e+00
3.266000061035156250e+02 3.037652752100238551e+00
3.267000122070312500e+02 3.518458848527499239e+00
3.267999877929687500e+02 4.138152304039850904e+00
3.268999938964843750e+02 2.834293180298353310e+00
3.270000000000000000e+02 3.102143104368029203e+00
3.271000061035156250e+02 3.393266494210080531e+00
3.272000122070312500e+02 3.040146617005054619e+00
3.272999877929687500e+02 2.768447692407451477e+00
3.273999938964843750e+02 2.723660927303366730e+00
3.275000000000000000e+02 2.969271125833447211e+00
3.276000061035156250e+02 2.486401660697101335e+00
3.277000122070312500e+02 2.561267063200247662e+00
3.277999877929687500e+02 2.615616289233295255e+00
3.278999938964843750e+02 2.741834910479299392e+00
3.280000000000000000e+02 2.736326092300416235e+00
3.281000061035156250e+02 3.792336379883359143e+00
3.282000122070312500e+02 3.839915368639114313e+00
3.282999877929687500e+02 2.631941615871663309e+00
3.283999938964843750e+02 3.352897874117711119e+00
3.285000000000000000e+02 3.290415484456813200e+00
3.286000061035156250e+02 3.140634579287289618e+00
3.287000122070312500e+02 2.544118901996011317e+00
3.287999877929687500e+02 4.574765458061601286e+00
3.288999938964843750e+02 4.088631783930133601e+00
3.290000000000000000e+02 6.996367570648560630e+00
3.291000061035156250e+02 3.694596464288046445e+00
3.292000122070312500e+02 4.440150154466278032e+00
3.292999877929687500e+02 2.865469087010304783e+00
3.293999938964843750e+02 2.484122173612090201e+00
3.295000000000000000e+02 2.465069472610097456e+00
3.296000061035156250e+02 3.151000772274425543e+00
3.297000122070312500e+02 2.127681724437273214e+00
3.297999877929687500e+02 2.868114141661290084e+00
3.298999938964843750e+02 2.406288998146489888e+00
3.300000000000000000e+02 2.422082068871863836e+00
3.301000061035156250e+02 2.266329716323677967e+00
3.302000122070312500e+02 1.958311270278473737e+00
3.302999877929687500e+02 3.214141694249795123e+00
3.303999938964843750e+02 2.784875038591654306e+00
3.305000000000000000e+02 4.455733854327778687e+00
3.306000061035156250e+02 2.567593267257290979e+00
3.307000122070312500e+02 3.765096270736042694e+00
3.307999877929687500e+02 4.416204392189358785e+00
3.308999938964843750e+02 2.581705605161420003e+00
3.310000000000000000e+02 3.074395483971140930e+00
3.311000061035156250e+02 3.144892056444099637e+00
3.312000122070312500e+02 2.599632094460315290e+00
3.312999877929687500e+02 6.454434684054358939e+00
3.313999938964843750e+02 5.661618005439918555e+00
3.315000000000000000e+02 3.582164308874390191e+00
3.316000061035156250e+02 3.030419342088434220e+00
3.317000122070312500e+02 3.857235205801275324e+00
3.317999877929687500e+02 3.266102506646632264e+00
3.318999938964843750e+02 3.738867590419636233e+00
3.320000000000000000e+02 3.616659304842205991e+00
3.321000061035156250e+02 4.191185435893293842e+00
3.322000122070312500e+02 3.740696401075398914e+00
3.322999877929687500e+02 3.539246267780018051e+00
3.323999938964843750e+02 2.686863176399769237e+00
3.325000000000000000e+02 2.766632497905793908e+00
3.326000061035156250e+02 2.859525951472444483e+00
3.327000122070312500e+02 3.534056058020013769e+00
3.327999877929687500e+02 2.372332397105391788e+00
3.328999938964843750e+02 2.510943284308952972e+00
3.330000000000000000e+02 1.825782695435553604e+00
3.331000061035156250e+02 2.855623805712001140e+00
3.332000122070312500e+02 2.507851240364955103e+00
3.332999877929687500e+02 3.114885308671460962e+00
3.333999938964843750e+02 2.355027694975773578e+00
3.335000000000000000e+02 3.080507591178268889e+00
3.336000061035156250e+02 2.542923356899184029e+00
3.337000122070312500e+02 3.060702086066123151e+00
3.337999877929687500e+02 2.906578247145634286e+00
3.338999938964843750e+02 2.474075138515738015e+00
3.340000000000000000e+02 2.352631689267717263e+00
3.341000061035156250e+02 2.702838597723540293e+00
3.342000122070312500e+02 2.395114317937058868e+00
3.342999877929687500e+02 2.579384476712758278e+00
3.343999938964843750e+02 2.423358349512823029e+00
3.345000000000000000e+02 3.190595126138132009e+00
3.346000061035156250e+02 2.883853768492298464e+00
3.347000122070312500e+02 3.162487466549565251e+00
3.347999877929687500e+02 2.335173495547240297e+00
3.348999938964843750e+02 2.643028030888659341e+00
3.350000000000000000e+02 2.768822991411382883e+00
3.351000061035156250e+02 2.680222243947009364e+00
3.352000122070312500e+02 2.200223558231209076e+00
3.352999877929687500e+02 2.775071661728094163e+00
3.353999938964843750e+02 2.522188182946202506e+00
3.355000000000000000e+02 2.215878840265910643e+00
3.356000061035156250e+02 2.961156792478073285e+00
3.357000122070312500e+02 2.502829564799429640e+00
3.357999877929687500e+02 2.785924972599154170e+00
3.358999938964843750e+02 2.495448900645198087e+00
3.360000000000000000e+02 2.958608154020345271e+00
3.361000061035156250e+02 3.172895482330979178e+00
3.362000122070312500e+02 2.590807719684622867e+00
3.362999877929687500e+02 2.499670381774800720e+00
3.363999938964843750e+02 3.090574887115178360e+00
3.365000000000000000e+02 3.106819050867732912e+00
3.366000061035156250e+02 3.071760500539197469e+00
3.367000122070312500e+02 3.172560704937755993e+00
3.367999877929687500e+02 2.951474661115929266e+00
3.368999938964843750e+02 3.671418191619159277e+00
3.370000000000000000e+02 2.754941573955757672e+00
3.371000061035156250e+02 2.979233982482101695e+00
3.372000122070312500e+02 3.606501006750634897e+00
3.372999877929687500e+02 3.633887645617077222e+00
3.373999938964843750e+02 3.622428786932059275e+00
3.375000000000000000e+02 3.623999984293114540e+00
3.376000061035156250e+02 3.826397881950539759e+00
3.377000122070312500e+02 3.767803100446262654e+00
3.377999877929687500e+02 3.576419819323595650e+00
3.378999938964843750e+02 3.525829025834571251e+00
3.380000000000000000e+02 3.569262655173814025e+00
3.381000061035156250e+02 3.910448687317555461e+00
3.382000122070312500e+02 3.257321586239817712e+00
3.382999877929687500e+02 3.267221311891084667e+00
3.383999938964843750e+02 6.439683758333698549e+00
3.385000000000000000e+02 3.426085618747865436e+00
3.386000061035156250e+02 3.921580993433618545e+00
3.387000122070312500e+02 3.712322677079107347e+00
3.387999877929687500e+02 3.116771121074082274e+00
3.388999938964843750e+02 3.717490113078550262e+00
3.390000000000000000e+02 2.976082526353512669e+00
3.391000061035156250e+02 3.413924478504831495e+00
3.392000122070312500e+02 2.646438219461181518e+00
3.392999877929687500e+02 3.542071151646928762e+00
3.393999938964843750e+02 3.940356442944000115e+00
3.395000000000000000e+02 3.174046435950334200e+00
3.396000061035156250e+02 2.912863020788439172e+00
3.397000122070312500e+02 3.999413054236160114e+00
3.397999877929687500e+02 3.413128401977523207e+00
3.398999938964843750e+02 3.483509975044992490e+00
3.400000000000000000e+02 4.215195752481887936e+00
3.401000061035156250e+02 3.227156232990287421e+00
3.402000122070312500e+02 3.308365902718822138e+00
3.402999877929687500e+02 3.953158553237979600e+00
3.403999938964843750e+02 3.494645057902500351e+00
3.405000000000000000e+02 3.443448297906373856e+00
3.406000061035156250e+02 4.551622772308438591e+00
3.407000122070312500e+02 2.928221922450719106e+00
3.407999877929687500e+02 4.758547986652666317e+00
3.408999938964843750e+02 5.764114295519968678e+00
3.410000000000000000e+02 7.788650177738295710e+00
3.411000061035156250e+02 5.859240698739759168e+00
3.412000122070312500e+02 4.018358435982281485e+00
3.412999877929687500e+02 3.627211810511649759e+00
3.413999938964843750e+02 3.399538684280368095e+00
3.415000000000000000e+02 3.188245613296301073e+00
3.416000061035156250e+02 3.259139196584450282e+00
3.417000122070312500e+02 4.823593675832487548e+00
3.417999877929687500e+02 2.859871398590794644e+00
3.418999938964843750e+02 3.471597234066667426e+00
3.420000000000000000e+02 3.712692176037302172e+00
3.421000061035156250e+02 3.550009597265932904e+00
3.422000122070312500e+02 3.755425224347203272e+00
3.422999877929687500e+02 3.398396048910059974e+00
3.423999938964843750e+02 3.588918429024371193e+00
3.425000000000000000e+02 3.683622503122879532e+00
3.426000061035156250e+02 3.213046757456216707e+00
3.427000122070312500e+02 2.910514935054947738e+00
3.427999877929687500e+02 3.658545462874364329e+00
3.428999938964843750e+02 4.067411122743463281e+00
3.430000000000000000e+02 3.956363957855553171e+00
3.431000061035156250e+02 3.204629424557822848e+00
3.432000122070312500e+02 3.781718651353842553e+00
3.432999877929687500e+02 2.902527760811935753e+00
3.433999938964843750e+02 3.108968282387384097e+00
3.435000000000000000e+02 4.164021170570611829e+00
3.436000061035156250e+02 4.120499316896206743e+00
3.437000122070312500e+02 2.990204303336549074e+00
3.437999877929687500e+02 4.009696861376730759e+00
3.438999938964843750e+02 3.501509970695144691e+00
3.440000000000000000e+02 2.855519613537393031e+00
3.441000061035156250e+02 2.775889497443676301e+00
3.442000122070312500e+02 2.960396585072970321e+00
3.442999877929687500e+02 2.226300609295346344e+00
3.443999938964843750e+02 3.144971786625069488e+00
3.445000000000000000e+02 3.759447465938757116e+00
3.446000061035156250e+02 3.746054173842906287e+00
3.447000122070312500e+02 2.438765147247202947e+00
3.447999877929687500e+02 2.326439267106671593e+00
3.448999938964843750e+02 3.399625970078286485e+00
3.450000000000000000e+02 3.237625714481453088e+00
3.451000061035156250e+02 3.176601979426252331e+00
3.452000122070312500e+02 3.390529456870077230e+00
3.452999877929687500e+02 3.480749397968240011e+00
3.453999938964843750e+02 1.834489699617080971e+00
3.455000000000000000e+02 2.655209123348936107e+00
3.456000061035156250e+02 2.561962234224530732e+00
3.457000122070312500e+02 2.771988121601381305e+00
3.457999877929687500e+02 3.389107322498107422e+00
3.458999938964843750e+02 3.830736689927134897e+00
3.460000000000000000e+02 3.930878565433786331e+00
3.461000061035156250e+02 3.786079692781419315e+00
3.462000122070312500e+02 3.950398218823153673e+00
3.462999877929687500e+02 3.327734991838682710e+00
3.463999938964843750e+02 2.713096983057399658e+00
3.465000000000000000e+02 3.367600533576545985e+00
3.466000061035156250e+02 3.712029610621055298e+00
3.467000122070312500e+02 3.651123984701086567e+00
3.467999877929687500e+02 2.810142831488743109e+00
3.468999938964843750e+02 3.381594053045151593e+00
3.470000000000000000e+02 3.989396586710507453e+00
3.471000061035156250e+02 3.729081659555460782e+00
3.472000122070312500e+02 2.754225623399404910e+00
3.472999877929687500e+02 3.299479823643399978e+00
3.473999938964843750e+02 4.148393952028308185e+00
3.475000000000000000e+02 3.830839054227878737e+00
3.476000061035156250e+02 3.731023893148006643e+00
3.477000122070312500e+02 3.172384616217462483e+00
3.477999877929687500e+02 3.585426677510414883e+00
3.478999938964843750e+02 3.957595313167681095e+00
3.480000000000000000e+02 4.447520621147575959e+00
3.481000061035156250e+02 3.321620645313834608e+00
3.482000122070312500e+02 6.774269349674638008e+00
3.482999877929687500e+02 3.165836050890602937e+00
3.483999938964843750e+02 2.862275379254093810e+00
3.485000000000000000e+02 2.890313738341069971e+00
3.486000061035156250e+02 3.240230175354787079e+00
3.487000122070312500e+02 2.448696167772888455e+00
3.487999877929687500e+02 2.708309610786864940e+00
3.488999938964843750e+02 1.840751308789425611e+00
3.490000000000000000e+02 2.598064045342229011e+00
3.491000061035156250e+02 2.686151342407143705e+00
3.492000122070312500e+02 2.910926497023636372e+00
3.492999877929687500e+02 3.109858088162368972e+00
3.493999938964843750e+02 2.203833889846967153e+00
3.495000000000000000e+02 2.385920336829979505e+00
3.496000061035156250e+02 1.923899762311125139e+00
3.497000122070312500e+02 1.753562212832137535e+00
3.497999877929687500e+02 2.883974573809865660e+00
3.498999938964843750e+02 2.559249049228896844e+00
3.500000000000000000e+02 2.390857035329486457e+00
3.501000061035156250e+02 4.688139676248709975e+00
3.502000122070312500e+02 4.586844015564087051e+00
3.502999877929687500e+02 5.370438787539669967e+00
3.503999938964843750e+02 7.698234375096880022e+00
3.505000000000000000e+02 4.730626698351303006e+00
3.506000061035156250e+02 7.026166105198146106e+00
3.507000122070312500e+02 7.813969432721282971e+00
3.507999877929687500e+02 6.367979955103487022e+00
3.508999938964843750e+02 6.765076442305210769e+00
3.510000000000000000e+02 7.105292640290557848e+00
3.511000061035156250e+02 7.549547641864808867e+00
3.512000122070312500e+02 6.529010189611542003e+00
3.512999877929687500e+02 6.694032543502776988e+00
3.513999938964843750e+02 5.477228186406534860e+00
3.515000000000000000e+02 6.940499549532744616e+00
3.516000061035156250e+02 6.382094075584386239e+00
3.517000122070312500e+02 5.006420449348301993e+00
3.517999877929687500e+02 5.833026768789165928e+00
3.518999938964843750e+02 3.921339239835949453e+00
3.520000000000000000e+02 4.965582573083892726e+00
3.521000061035156250e+02 4.377412492189542093e+00
3.522000122070312500e+02 6.784791575879638437e+00
3.522999877929687500e+02 8.292564616249842757e+00
3.523999938964843750e+02 6.025981690978979621e+00
3.525000000000000000e+02 6.102451051674293581e+00
3.526000061035156250e+02 8.333811097643947008e+00
3.527000122070312500e+02 6.977167129732005257e+00
3.527999877929687500e+02 7.454077332749536211e+00
3.528999938964843750e+02 2.691990492559763304e+00
3.530000000000000000e+02 3.105160618597753608e+00
3.531000061035156250e+02 3.586882700210127783e+00
3.532000122070312500e+02 3.463015882166658344e+00
3.532999877929687500e+02 3.016114132451986229e+00
3.533999938964843750e+02 2.775033812210100592e+00
3.535000000000000000e+02 2.918088956451118321e+00
3.536000061035156250e+02 3.083981685764483061e+00
3.537000122070312500e+02 2.827653969697405678e+00
3.537999877929687500e+02 2.878941979097630277e+00
3.538999938964843750e+02 2.871469112581954253e+00
3.540000000000000000e+02 3.365580780281411499e+00
3.541000061035156250e+02 3.187182900852048473e+00
3.542000122070312500e+02 4.152213532732094592e+00
3.542999877929687500e+02 2.995742805146780263e+00
3.543999938964843750e+02 4.463548178398653477e+00
3.545000000000000000e+02 3.297720128620055036e+00
3.546000061035156250e+02 3.278663918952395839e+00
3.547000122070312500e+02 2.807826870278679277e+00
3.547999877929687500e+02 4.648969869404693256e+00
3.548999938964843750e+02 3.904206652285693746e+00
3.550000000000000000e+02 3.862327250290415570e+00
3.551000061035156250e+02 3.571572575194691179e+00
3.552000122070312500e+02 2.301989980833877958e+00
3.552999877929687500e+02 2.842931671895323475e+00
3.553999938964843750e+02 3.385077816388331051e+00
3.555000000000000000e+02 2.725649307153226175e+00
3.556000061035156250e+02 4.995142883375029541e+00
3.557000122070312500e+02 7.696078516913367196e+00
3.557999877929687500e+02 6.643162858387697156e+00
3.558999938964843750e+02 6.744532074458273740e+00
3.560000000000000000e+02 6.246476320528703496e+00
3.561000061035156250e+02 5.481044657039860546e+00
3.562000122070312500e+02 4.248850546520073657e+00
3.562999877929687500e+02 4.615027091084852096e+00
3.563999938964843750e+02 6.940149707938487289e+00
3.565000000000000000e+02 5.703467614588316970e+00
3.566000061035156250e+02 4.777757018530047084e+00
3.567000122070312500e+02 3.483128491134361848e+00
3.567999877929687500e+02 4.042776784579592331e+00
3.568999938964843750e+02 5.158648551507314828e+00
3.570000000000000000e+02 4.465250932081204382e+00
3.571000061035156250e+02 5.027525964819798077e+00
3.572000122070312500e+02 3.960473679573509376e+00
3.572999877929687500e+02 4.440507716251158143e+00
3.573999938964843750e+02 3.627284772368163601e+00
3.575000000000000000e+02 4.873578366446198906e+00
3.576000061035156250e+02 6.450214792227488836e+00
3.577000122070312500e+02 5.014733046575861941e+00
3.577999877929687500e+02 5.532202238783428427e+00
3.578999938964843750e+02 4.874451434149965401e+00
3.580000000000000000e+02 5.380566413426781658e+00
3.581000061035156250e+02 4.777374892006961637e+00
3.582000122070312500e+02 5.253317378594470455e+00
3.582999877929687500e+02 6.043130865113194083e+00
3.583999938964843750e+02 5.076732942111406466e+00
3.585000000000000000e+02 5.285334349240877749e+00
3.586000061035156250e+02 4.686644374888446762e+00
3.587000122070312500e+02 5.009935255152867306e+00
3.587999877929687500e+02 4.617801006268236641e+00
3.588999938964843750e+02 4.691851613647279429e+00
3.590000000000000000e+02 4.286928088682966376e+00
3.591000061035156250e+02 3.844577003988145947e+00
3.592000122070312500e+02 5.541723504883443674e+00
3.592999877929687500e+02 5.492060589587667963e+00
3.593999938964843750e+02 5.279538416414024660e+00
3.595000000000000000e+02 6.354775459994008280e+00
3.596000061035156250e+02 5.642466804339854036e+00
3.597000122070312500e+02 5.312439729619301332e+00
3.597999877929687500e+02 5.930184465546967765e+00
3.598999938964843750e+02 5.354294224374740452e+00
3.600000000000000000e+02 6.976729042494978827e+00
3.601000061035156250e+02 5.253805764564651426e+00
3.602000122070312500e+02 5.633414310769996547e+00
3.602999877929687500e+02 4.688205349896957586e+00
3.603999938964843750e+02 4.050267379662904510e+00
3.605000000000000000e+02 5.290731350801783250e+00
3.606000061035156250e+02 7.715578610696753437e+00
3.607000122070312500e+02 4.239165578520727173e+00
3.607999877929687500e+02 4.550758817590281780e+00
3.608999938964843750e+02 5.589260103129785939e+00
3.610000000000000000e+02 6.909415730888567531e+00
3.611000061035156250e+02 6.286201264249980269e+00
3.612000122070312500e+02 6.117546763756405603e+00
3.612999877929687500e+02 5.352652000700263812e+00
3.613999938964843750e+02 8.286146572426122958e+00
3.615000000000000000e+02 6.710374777636943122e+00
3.616000061035156250e+02 6.388678626885199385e+00
3.617000122070312500e+02 5.984443032818219876e+00
3.617999877929687500e+02 6.018088440964607599e+00
3.618999938964843750e+02 5.697887377848336321e+00
3.620000000000000000e+02 4.903537592052012783e+00
3.621000061035156250e+02 4.022378531646139344e+00
3.622000122070312500e+02 4.069007684040388817e+00
3.622999877929687500e+02 4.204983937558312235e+00
3.623999938964843750e+02 4.028285209706524483e+00
3.625000000000000000e+02 4.775740797490548140e+00
3.626000061035156250e+02 4.111612863132030782e+00
3.627000122070312500e+02 4.207415001113199438e+00
3.627999877929687500e+02 5.815705876786616102e+00
3.628999938964843750e+02 4.816516872678280770e+00
3.630000000000000000e+02 5.375549451836958426e+00
3.631000061035156250e+02 4.812217527578636300e+00
3.632000122070312500e+02 6.054343667219251657e+00
3.632999877929687500e+02 5.877729283339865773e+00
3.633999938964843750e+02 4.607221361445709817e+00
3.635000000000000000e+02 4.912021613885674043e+00
3.636000061035156250e+02 4.824345194310970086e+00
3.637000122070312500e+02 5.081541300281829265e+00
3.637999877929687500e+02 3.832154481588116113e+00
3.638999938964843750e+02 4.076253290614919145e+00
3.640000000000000000e+02 4.780287849142333734e+00
3.641000061035156250e+02 4.482877751446362247e+00
3.642000122070312500e+02 4.221263660986612543e+00
3.642999877929687500e+02 4.888032693853113564e+00
3.643999938964843750e+02 5.861989011668811145e+00
3.645000000000000000e+02 5.778643091877449400e+00
3.646000061035156250e+02 4.657958790106163427e+00
3.647000122070312500e+02 4.518264535279923777e+00
3.647999877929687500e+02 4.189524518589360369e+00
3.648999938964843750e+02 5.668987022671259979e+00
3.650000000000000000e+02 6.490894266716779271e+00
3.651000061035156250e+02 6.363728113756897287e+00
3.652000122070312500e+02 5.504341036746491334e+00
3.652999877929687500e+02 6.466476484524606327e+00
3.653999938964843750e+02 5.330806212396950627e+00
3.655000000000000000e+02 5.861932396963089431e+00
3.656000061035156250e+02 5.220344342357490675e+00
3.657000122070312500e+02 6.656776338284903893e+00
3.657999877929687500e+02 5.096068806388604600e+00
3.658999938964843750e+02 5.418910382706354056e+00
3.660000000000000000e+02 4.990922339336902880e+00
3.661000061035156250e+02 5.263184699019227253e+00
3.662000122070312500e+02 4.904417552773954192e+00
3.662999877929687500e+02 4.956778123321059049e+00
3.663999938964843750e+02 4.892218715923281280e+00
3.665000000000000000e+02 5.814061652136319758e+00
3.666000061035156250e+02 5.301387525010645696e+00
3.667000122070312500e+02 5.542749454955549382e+00
3.667999877929687500e+02 5.493745990625554576e+00
3.668999938964843750e+02 5.520224798866705029e+00
3.670000000000000000e+02 4.911427926261939803e+00
3.671000061035156250e+02 5.525277350644555163e+00
3.672000122070312500e+02 6.009439227287385776e+00
3.672999877929687500e+02 5.481057916869406021e+00
3.673999938964843750e+02 5.219380115157481903e+00
3.675000000000000000e+02 5.884816594982546611e+00
3.676000061035156250e+02 5.265622602145512587e+00
3.677000122070312500e+02 4.725407417292893264e+00
3.677999877929687500e+02 5.375449953392761770e+00
3.678999938964843750e+02 5.420709711246031404e+00
3.680000000000000000e+02 6.145305754211952021e+00
3.681000061035156250e+02 5.878667298453883028e+00
3.682000122070312500e+02 6.204581739253608674e+00
3.682999877929687500e+02 6.283480596752417213e+00
3.683999938964843750e+02 6.618743593496569488e+00
3.685000000000000000e+02 4.861476385299780212e+00
3.686000061035156250e+02 5.036258016955727612e+00
3.687000122070312500e+02 5.173532370915745027e+00
3.687999877929687500e+02 6.659580306790697790e+00
3.688999938964843750e+02 5.025291479174287090e+00
3.690000000000000000e+02 4.797823662787960686e+00
3.691000061035156250e+02 4.693670173839889159e+00
3.692000122070312500e+02 5.072575082074679109e+00
3.692999877929687500e+02 6.434377347918605494e+00
3.693999938964843750e+02 5.109437934866868147e+00
3.695000000000000000e+02 5.530011485660076609e+00
3.696000061035156250e+02 5.342814964789234011e+00
3.697000122070312500e+02 5.493250959818446688e+00
3.697999877929687500e+02 5.534169909806232468e+00
3.698999938964843750e+02 5.328647908689720047e+00
3.700000000000000000e+02 5.739397118580225055e+00
3.701000061035156250e+02 5.980555670357336595e+00
3.702000122070312500e+02 6.778201415624289794e+00
3.702999877929687500e+02 6.106122538380732045e+00
3.703999938964843750e+02 6.950708568672808063e+00
3.705000000000000000e+02 5.861880803472775625e+00
3.706000061035156250e+02 6.711598980634129852e+00
3.707000122070312500e+02 6.861000568369237662e+00
3.707999877929687500e+02 6.594343751610587390e+00
3.708999938964843750e+02 7.173756768095775449e+00
3.710000000000000000e+02 6.584901716945168459e+00
3.711000061035156250e+02 6.743614308243793154e+00
3.712000122070312500e+02 5.778538833048773249e+00
3.712999877929687500e+02 6.016059090297750878e+00
3.713999938964843750e+02 5.706382240897727165e+00
3.715000000000000000e+02 3.928535531214580434e+00
3.716000061035156250e+02 5.298315877407181240e+00
3.717000122070312500e+02 4.820844554294589024e+00
3.717999877929687500e+02 3.498271568307163903e+00
3.718999938964843750e+02 3.140242900026296358e+00
3.720000000000000000e+02 3.402619404125386549e+00
3.721000061035156250e+02 6.487591377639860823e+00
3.722000122070312500e+02 2.848674953963443279e+00
3.722999877929687500e+02 6.606889240752868098e+00
3.723999938964843750e+02 5.009356867310523320e+00
3.725000000000000000e+02 4.270438056617869904e+00
3.726000061035156250e+02 6.180877994548814591e+00
3.727000122070312500e+02 5.657603356589127941e+00
3.727999877929687500e+02 6.440478437511283794e+00
3.728999938964843750e+02 6.168703932974202608e+00
3.730000000000000000e+02 6.322884591625038908e+00
3.731000061035156250e+02 5.645478492323900532e+00
3.732000122070312500e+02 5.289922106758926823e+00
3.732999877929687500e+02 6.633060682952560683e+00
3.733999938964843750e+02 6.587423076053402937e+00
3.735000000000000000e+02 6.492910935035725473e+00
3.736000061035156250e+02 6.786587160236679850e+00
3.737000122070312500e+02 5.884415356564406174e+00
3.737999877929687500e+02 6.087697260533853516e+00
3.738999938964843750e+02 5.632905820676995745e+00
3.740000000000000000e+02 7.210522498705790539e+00
3.741000061035156250e+02 6.293117742439152451e+00
3.742000122070312500e+02 6.340239053521582235e+00
3.742999877929687500e+02 5.157643951451282405e+00
3.743999938964843750e+02 6.445466825962562041e+00
3.745000000000000000e+02 5.815013542605914409e+00
3.746000061035156250e+02 5.681311203318291092e+00
3.747000122070312500e+02 6.287652691622440670e+00
3.747999877929687500e+02 1.114399222474111006e+01
3.748999938964843750e+02 9.710854646162751180e+00
3.750000000000000000e+02 8.979375661129045838e+00
3.751000061035156250e+02 9.981086440920488911e+00
3.752000122070312500e+02 8.183256915346920124e+00
3.752999877929687500e+02 7.757391567540236288e+00
3.753999938964843750e+02 8.958490289104760862e+00
3.755000000000000000e+02 8.451220906937605193e+00
3.756000061035156250e+02 8.385286990324912537e+00
3.757000122070312500e+02 8.816337412706928944e+00
3.757999877929687500e+02 9.341689137300296153e+00
3.758999938964843750e+02 6.548922856443447849e+00
3.760000000000000000e+02 1.063041097356638431e+01
3.761000061035156250e+02 9.384815762601597555e+00
3.762000122070312500e+02 7.956912113827903532e+00
3.762999877929687500e+02 8.103801033777916274e+00
3.763999938964843750e+02 8.455945486947875622e+00
3.765000000000000000e+02 1.125169230576686985e+01
3.766000061035156250e+02 1.148907773441195879e+01
3.767000122070312500e+02 9.056883176337498398e+00
3.767999877929687500e+02 9.555599235393909652e+00
3.768999938964843750e+02 9.237459112042646581e+00
3.770000000000000000e+02 9.100320807558807346e+00
3.771000061035156250e+02 8.838468303602182274e+00
3.772000122070312500e+02 9.660053728560789921e+00
3.772999877929687500e+02 8.932055704650045058e+00
3.773999938964843750e+02 5.547650922789977734e+00
3.775000000000000000e+02 3.721496553168871291e+00
3.776000061035156250e+02 3.380871317441126678e+00
3.777000122070312500e+02 2.967629899060102883e+00
3.777999877929687500e+02 2.536658320016015988e+00
3.778999938964843750e+02 3.740203505222166047e+00
3.780000000000000000e+02 3.098948167517989294e+00
3.781000061035156250e+02 3.849193430504665336e+00
3.782000122070312500e+02 3.519037201846879626e+00
3.782999877929687500e+02 2.489616319726624116e+00
3.783999938964843750e+02 5.874369814609575080e+00
3.785000000000000000e+02 7.055176705577619778e+00
3.786000061035156250e+02 7.723937709191265988e+00
3.787000122070312500e+02 7.534187361572600494e+00
3.787999877929687500e+02 8.720895397932046933e+00
3.788999938964843750e+02 5.682593534496482413e+00
3.790000000000000000e+02 6.715468048055974748e+00
3.791000061035156250e+02 6.798254517762754467e+00
3.792000122070312500e+02 6.252027398432751681e+00
3.792999877929687500e+02 6.601450773432698149e+00
3.793999938964843750e+02 7.265912061188529059e+00
3.795000000000000000e+02 7.184272043304654964e+00
3.796000061035156250e+02 6.845929772038600980e+00
3.797000122070312500e+02 7.208944019553049642e+00
3.797999877929687500e+02 6.006407588221524207e+00
3.798999938964843750e+02 7.286542382989640743e+00
3.800000000000000000e+02 7.120361018027852928e+00
3.801000061035156250e+02 7.360610970748190596e+00
3.802000122070312500e+02 8.151287336133359318e+00
3.802999877929687500e+02 6.738912861813290078e+00
3.803999938964843750e+02 7.133907098467940244e+00
3.805000000000000000e+02 6.003191983408801669e+00
3.806000061035156250e+02 5.801355567422852744e+00
3.807000122070312500e+02 7.093755707055345638e+00
3.807999877929687500e+02 8.003211049317352277e+00
3.808999938964843750e+02 6.465572233792709511e+00
3.810000000000000000e+02 5.601869287707654799e+00
3.811000061035156250e+02 7.104078370573949641e+00
3.812000122070312500e+02 7.331739755602401765e+00
3.812999877929687500e+02 6.674505719138578819e+00
3.813999938964843750e+02 7.269857484296803563e+00
3.815000000000000000e+02 5.427973332107854709e+00
3.816000061035156250e+02 6.575901845653488564e+00
3.817000122070312500e+02 6.715298459007458476e+00
3.817999877929687500e+02 6.524705820079592655e+00
3.818999938964843750e+02 6.073878186906684462e+00
3.820000000000000000e+02 5.354518229975715471e+00
3.821000061035156250e+02 6.064720364962341570e+00
3.822000122070312500e+02 7.464759887878895661e+00
3.822999877929687500e+02 6.530794312222970355e+00
3.823999938964843750e+02 5.729864891164957896e+00
3.825000000000000000e+02 5.652919086847449925e+00
3.826000061035156250e+02 7.114019786762188602e+00
3.827000122070312500e+02 5.992247667588036286e+00
3.827999877929687500e+02 6.744431554089538317e+00
3.828999938964843750e+02 5.702724847274409647e+00
3.830000000000000000e+02 5.416677738958166621e+00
3.831000061035156250e+02 7.604579666784407443e+00
3.832000122070312500e+02 7.026865910610330168e+00
3.832999877929687500e+02 6.987534182262124638e+00
3.833999938964843750e+02 6.052669324183145960e+00
3.835000000000000000e+02 5.307888391185228372e+00
3.836000061035156250e+02 7.980867937996438677e+00
3.837000122070312500e+02 5.367578538777770802e+00
3.837999877929687500e+02 5.942801927012121510e+00
3.838999938964843750e+02 6.601386299976899963e+00
3.840000000000000000e+02 6.254138189479046872e+00
3.841000061035156250e+02 7.590618665773552820e+00
3.842000122070312500e+02 5.693833261714781990e+00
3.842999877929687500e+02 5.701181005303748606e+00
3.843999938964843750e+02 5.607646409451417568e+00
3.845000000000000000e+02 5.725803141075656910e+00
3.846000061035156250e+02 6.263637158548522876e+00
3.847000122070312500e+02 6.564579553646590071e+00
3.847999877929687500e+02 7.094354010894933005e+00
3.848999938964843750e+02 7.744891139854188644e+00
3.850000000000000000e+02 7.966126450519200652e+00
3.851000061035156250e+02 5.926203754227809206e+00
3.852000122070312500e+02 6.645855288559714857e+00
3.852999877929687500e+02 5.555398481807880984e+00
3.853999938964843750e+02 6.135222860409625056e+00
3.855000000000000000e+02 7.056818953352419044e+00
3.856000061035156250e+02 9.521296478117918127e+00
3.857000122070312500e+02 7.465554736227871580e+00
3.857999877929687500e+02 7.486634643655509791e+00
3.858999938964843750e+02 7.214483269177815572e+00
3.860000000000000000e+02 6.205804079442529542e+00
3.861000061035156250e+02 6.234876328042382454e+00
3.862000122070312500e+02 7.127015115583678728e+00
3.862999877929687500e+02 5.378172499395159178e+00
3.863999938964843750e+02 6.014636893207319979e+00
3.865000000000000000e+02 7.053530750168373054e+00
3.866000061035156250e+02 8.471837982437806502e+00
3.867000122070312500e+02 6.632815498958771983e+00
3.867999877929687500e+02 7.154599484655323138e+00
3.868999938964843750e+02 6.654473181421344030e+00
3.870000000000000000e+02 6.867028887882589139e+00
3.871000061035156250e+02 6.467316633270514536e+00
3.872000122070312500e+02 5.660333240693484314e+00
3.872999877929687500e+02 8.061081146945731746e+00
3.873999938964843750e+02 9.502549519295628855e+00
3.875000000000000000e+02 6.207884945924464049e+00
3.876000061035156250e+02 6.355280424358008773e+00
3.877000122070312500e+02 6.569891652404547422e+00
3.877999877929687500e+02 6.869723521029046154e+00
3.878999938964843750e+02 8.009873005905919996e+00
3.880000000000000000e+02 7.412928465516307242e+00
3.881000061035156250e+02 8.485773056927868652e+00
3.882000122070312500e+02 9.161634732980852291e+00
3.882999877929687500e+02 6.271578815990828559e+00
3.883999938964843750e+02 8.833312410080075949e+00
3.885000000000000000e+02 8.119030505746581028e+00
3.886000061035156250e+02 6.341107948465467103e+00
3.887000122070312500e+02 7.067510220274360044e+00
3.887999877929687500e+02 6.617503817235022012e+00
3.888999938964843750e+02 7.013389832772896959e+00
3.890000000000000000e+02 6.259500588553414069e+00
3.891000061035156250e+02 8.912025260455195053e+00
3.892000122070312500e+02 7.681966054274641742e+00
3.892999877929687500e+02 8.509023046955277891e+00
3.893999938964843750e+02 9.200307879811935763e+00
3.895000000000000000e+02 9.849531560514192208e+00
3.896000061035156250e+02 7.214933795108136039e+00
3.897000122070312500e+02 7.309763177200317763e+00
3.897999877929687500e+02 7.460938973859786216e+00
3.898999938964843750e+02 6.937890743394716786e+00
3.900000000000000000e+02 7.459409262957732878e+00
3.901000061035156250e+02 8.365021902283064748e+00
3.902000122070312500e+02 9.930458611360817756e+00
3.902999877929687500e+02 9.199404153946099783e+00
3.903999938964843750e+02 5.998975494156952415e+00
3.905000000000000000e+02 8.168197389065332104e+00
3.906000061035156250e+02 6.531985588928376885e+00
3.907000122070312500e+02 7.023860646996055834e+00
3.907999877929687500e+02 7.161043890622371677e+00
3.908999938964843750e+02 7.681932512883252961e+00
3.910000000000000000e+02 7.940627720661310285e+00
3.911000061035156250e+02 4.143931298535786567e+00
3.912000122070312500e+02 4.630565565853772547e+00
3.912999877929687500e+02 7.711900436923877500e+00
3.913999938964843750e+02 6.953033114115410918e+00
3.915000000000000000e+02 5.781831771422971222e+00
3.916000061035156250e+02 4.920462258259521882e+00
3.917000122070312500e+02 6.009987456322831711e+00
3.917999877929687500e+02 5.260107273765607161e+00
3.918999938964843750e+02 7.300438894548807234e+00
3.920000000000000000e+02 5.123780295491070724e+00
3.921000061035156250e+02 5.107660599784293431e+00
3.922000122070312500e+02 4.715277913863761050e+00
3.922999877929687500e+02 5.629730210394085610e+00
3.923999938964843750e+02 5.519750100632738743e+00
3.925000000000000000e+02 4.885957378114380134e+00
3.926000061035156250e+02 4.063038573118877395e+00
3.927000122070312500e+02 4.544634103335308595e+00
3.927999877929687500e+02 5.181351504113587580e+00
3.928999938964843750e+02 5.594148045009014858e+00
3.930000000000000000e+02 4.484853378246977940e+00
3.931000061035156250e+02 4.140628093898002682e+00
3.932000122070312500e+02 5.703706364387834071e+00
3.932999877929687500e+02 5.117286767468461228e+00
3.933999938964843750e+02 5.623501811155422025e+00
3.935000000000000000e+02 4.691333722320954358e+00
3.936000061035156250e+02 4.781708537241385670e+00
3.937000122070312500e+02 4.812723339128066158e+00
3.937999877929687500e+02 4.846921546741797648e+00
3.938999938964843750e+02 5.020900719570120962e+00
3.940000000000000000e+02 4.987197061561422728e+00
3.941000061035156250e+02 4.473893792146362181e+00
3.942000122070312500e+02 5.872536597731199848e+00
3.942999877929687500e+02 4.950480638480909690e+00
3.943999938964843750e+02 5.074309156416872746e+00
3.945000000000000000e+02 4.566052351635070394e+00
3.946000061035156250e+02 5.083132059798592728e+00
3.947000122070312500e+02 4.440706652971041279e+00
3.947999877929687500e+02 4.443373553301153578e+00
3.948999938964843750e+02 4.151852566490528140e+00
3.950000000000000000e+02 4.638889704837312777e+00
3.951000061035156250e+02 5.483397363696025373e+00
3.952000122070312500e+02 4.904336696039668375e+00
3.952999877929687500e+02 6.627621974942155880e+00
3.953999938964843750e+02 4.852824683911109993e+00
3.955000000000000000e+02 3.995043865311139086e+00
3.956000061035156250e+02 4.721570764607157855e+00
3.957000122070312500e+02 3.901795234717361449e+00
3.957999877929687500e+02 4.075175029864434251e+00
3.958999938964843750e+02 4.595896724207153561e+00
3.960000000000000000e+02 4.347632961294118914e+00
3.961000061035156250e+02 4.769465856496916345e+00
3.962000122070312500e+02 4.595110205941441706e+00
3.962999877929687500e+02 4.875862095686063213e+00
3.963999938964843750e+02 5.722548571448075272e+00
3.965000000000000000e+02 5.325413524492907946e+00
3.966000061035156250e+02 4.678546191791731701e+00
3.967000122070312500e+02 5.270053539069929016e+00
3.967999877929687500e+02 4.918175972251912498e+00
3.968999938964843750e+02 4.180433680348395242e+00
3.970000000000000000e+02 4.374049148029005352e+00
3.971000061035156250e+02 4.968753556060953258e+00
3.972000122070312500e+02 5.058296676978182305e+00
3.972999877929687500e+02 4.444082609974983278e+00
3.973999938964843750e+02 4.588761269077521021e+00
3.975000000000000000e+02 4.262410492361347281e+00
3.976000061035156250e+02 5.047849133620842643e+00
3.977000122070312500e+02 4.995556154078968802e+00
3.977999877929687500e+02 4.831016192649735252e+00
3.978999938964843750e+02 4.312626083144611044e+00
3.980000000000000000e+02 4.715159048683103649e+00
3.981000061035156250e+02 4.487153387291269446e+00
3.982000122070312500e+02 5.214586294978905912e+00
3.982999877929687500e+02 5.048700346761124891e+00
3.983999938964843750e+02 4.353720163622376127e+00
3.985000000000000000e+02 4.486929944005940918e+00
3.986000061035156250e+02 4.582948869722990537e+00
3.987000122070312500e+02 4.024039682884865243e+00
3.987999877929687500e+02 6.117892825534787526e+00
3.988999938964843750e+02 5.332268305549333398e+00
3.990000000000000000e+02 4.715373869217096114e+00
3.991000061035156250e+02 4.612203187135606619e+00
3.992000122070312500e+02 3.943679004200712601e+00
3.992999877929687500e+02 5.424079422701200137e+00
3.993999938964843750e+02 4.041042951017386642e+00
3.995000000000000000e+02 4.189814672761301040e+00
3.996000061035156250e+02 4.021836116837378405e+00
3.997000122070312500e+02 4.397833154120429633e+00
3.997999877929687500e+02 3.427483791894204934e+00
3.998999938964843750e+02 3.327851182839024702e+00
4.000000000000000000e+02 4.733888423295540271e+00
4.001000061035156250e+02 5.173640757426952064e+00
4.002000122070312500e+02 3.323713381462150007e+00
4.002999877929687500e+02 4.050139694626861520e+00
4.003999938964843750e+02 4.251264738580311509e+00
4.005000000000000000e+02 4.184196999362468361e+00
4.006000061035156250e+02 3.604070998712745499e+00
4.007000122070312500e+02 4.948778822256050702e+00
4.007999877929687500e+02 5.194208794305417598e+00
4.008999938964843750e+02 5.002395948542718074e+00
4.010000000000000000e+02 5.170250543694682399e+00
4.011000061035156250e+02 4.019615638054846229e+00
4.012000122070312500e+02 5.199377781279875599e+00
4.012999877929687500e+02 4.757892456176299412e+00
4.013999938964843750e+02 4.771912638947373608e+00
4.015000000000000000e+02 4.422159927710110239e+00
4.016000061035156250e+02 5.601512138171849564e+00
4.017000122070312500e+02 4.906208602392444718e+00
4.017999877929687500e+02 4.644515900852803192e+00
4.018999938964843750e+02 3.762173039433708066e+00
4.020000000000000000e+02 4.814130283958293788e+00
4.021000061035156250e+02 4.346044582847057747e+00
4.022000122070312500e+02 4.815210869437451358e+00
4.022999877929687500e+02 3.853236210107517490e+00
4.023999938964843750e+02 4.444682690879610654e+00
4.025000000000000000e+02 4.362364348770196187e+00
4.026000061035156250e+02 4.531359169787647190e+00
4.027000122070312500e+02 4.987590007335601427e+00
4.027999877929687500e+02 5.334909668566695018e+00
4.028999938964843750e+02 4.330729365889692595e+00
4.030000000000000000e+02 4.770377236402347343e+00
4.031000061035156250e+02 4.152793216201012605e+00
4.032000122070312500e+02 4.634916142106056292e+00
4.032999877929687500e+02 4.741708328896566016e+00
4.033999938964843750e+02 3.703279685975867430e+00
4.035000000000000000e+02 4.056429616483870682e+00
4.036000061035156250e+02 3.951999234435990438e+00
4.037000122070312500e+02 4.266245537805328780e+00
4.037999877929687500e+02 4.856195738819343077e+00
4.038999938964843750e+02 4.566425751714628056e+00
4.040000000000000000e+02 4.247334204830299775e+00
4.041000061035156250e+02 4.367701499460055814e+00
4.042000122070312500e+02 4.718328706928884841e+00
4.042999877929687500e+02 3.925830444932373098e+00
4.043999938964843750e+02 3.986749150436188938e+00
4.045000000000000000e+02 4.237297741822493080e+00
4.046000061035156250e+02 4.202597362522826785e+00
4.047000122070312500e+02 5.445607835908567118e+00
4.047999877929687500e+02 5.094097655707336081e+00
4.048999938964843750e+02 4.421849257746512940e+00
4.050000000000000000e+02 3.956107268969708990e+00
4.051000061035156250e+02 4.054980932547410433e+00
4.052000122070312500e+02 4.231384278053857528e+00
4.052999877929687500e+02 3.399415755173293974e+00
4.053999938964843750e+02 3.950610691947892938e+00
4.055000000000000000e+02 2.288981014923156643e+00
4.056000061035156250e+02 4.876974232269387421e+00
4.057000122070312500e+02 3.515885473197972289e+00
4.057999877929687500e+02 3.449144761480873012e+00
4.058999938964843750e+02 3.305205912985589300e+00
4.060000000000000000e+02 4.283391539459572961e+00
4.061000061035156250e+02 4.562396660029873097e+00
4.062000122070312500e+02 4.160172691233202436e+00
4.062999877929687500e+02 4.990162844841324663e+00
4.063999938964843750e+02 5.018638927186107601e+00
4.065000000000000000e+02 3.714455420235843075e+00
4.066000061035156250e+02 3.266045784440715583e+00
4.067000122070312500e+02 3.997711251463216708e+00
4.067999877929687500e+02 3.668352002847482307e+00
4.068999938964843750e+02 4.086212991702869779e+00
4.070000000000000000e+02 4.385735118921330056e+00
4.071000061035156250e+02 4.012711912785499102e+00
4.072000122070312500e+02 4.226209694320232302e+00
4.072999877929687500e+02 4.042045473106725240e+00
4.073999938964843750e+02 4.125063491477267696e+00
4.075000000000000000e+02 4.006864650599795574e+00
4.076000061035156250e+02 3.411314538708371646e+00
4.077000122070312500e+02 3.639357453040961587e+00
4.077999877929687500e+02 4.407790005759260055e+00
4.078999938964843750e+02 3.810372433104184609e+00
4.080000000000000000e+02 3.109601683437997810e+00
4.081000061035156250e+02 2.996251022561452260e+00
4.082000122070312500e+02 4.623852882714171386e+00
4.082999877929687500e+02 4.605983914025878256e+00
4.083999938964843750e+02 3.895201587986972136e+00
4.085000000000000000e+02 4.644819870922860972e+00
4.086000061035156250e+02 4.142910844239565904e+00
4.087000122070312500e+02 4.294636410650171321e+00
4.087999877929687500e+02 4.220273991178769890e+00
4.088999938964843750e+02 3.609582032807694407e+00
4.090000000000000000e+02 3.824083509746629250e+00
4.091000061035156250e+02 3.139187335069793416e+00
4.092000122070312500e+02 4.062123831810677821e+00
4.092999877929687500e+02 3.841752233051371146e+00
4.093999938964843750e+02 4.000053033793358637e+00
4.095000000000000000e+02 4.936684700461773545e+00
4.096000061035156250e+02 5.384875986223516264e+00
4.097000122070312500e+02 4.757720361608194004e+00
4.097999877929687500e+02 3.663137238048505662e+00
4.098999938964843750e+02 3.987647661074455119e+00
4.100000000000000000e+02 3.710462717709151814e+00
4.101000061035156250e+02 4.470200731098193714e+00
4.102000122070312500e+02 5.088174457997315159e+00
4.102999877929687500e+02 4.165140981382402074e+00
4.103999938964843750e+02 4.876599233835533731e+00
4.105000000000000000e+02 6.111200149579890883e+00
4.106000061035156250e+02 4.540755581139470642e+00
4.107000122070312500e+02 5.636763736981061257e+00
4.107999877929687500e+02 4.703515745579330165e+00
4.108999938964843750e+02 4.475056408778878669e+00
4.110000000000000000e+02 4.673292089355160606e+00
4.111000061035156250e+02 6.265251383126885010e+00
4.112000122070312500e+02 4.112636521146084689e+00
4.112999877929687500e+02 4.327584179148169952e+00
4.113999938964843750e+02 4.276396697612603326e+00
4.115000000000000000e+02 4.685820669277126704e+00
4.116000061035156250e+02 5.008064663392174154e+00
4.117000122070312500e+02 4.864158499786394252e+00
4.117999877929687500e+02 4.559864337674423673e+00
4.118999938964843750e+02 3.976029332516201276e+00
4.120000000000000000e+02 4.139169102536517819e+00
4.121000061035156250e+02 6.862144531479192011e+00
4.122000122070312500e+02 3.776595081264149556e+00
4.122999877929687500e+02 4.930928483949990948e+00
4.123999938964843750e+02 5.040457023161755146e+00
4.125000000000000000e+02 5.250679095941091390e+00
4.126000061035156250e+02 5.405543407958814051e+00
4.127000122070312500e+02 3.253052227158797827e+00
4.127999877929687500e+02 3.642972466265002485e+00
4.128999938964843750e+02 5.438853354892635217e+00
4.130000000000000000e+02 3.722392327691877778e+00
4.131000061035156250e+02 5.267495159385991776e+00
4.132000122070312500e+02 4.384915180075921626e+00
4.132999877929687500e+02 4.422691114543744639e+00
4.133999938964843750e+02 4.561679668254405406e+00
4.135000000000000000e+02 4.513856509840311837e+00
4.136000061035156250e+02 5.119025569038054613e+00
4.137000122070312500e+02 4.890153604464747339e+00
4.137999877929687500e+02 5.457992786355601034e+00
4.138999938964843750e+02 4.466011969311550978e+00
4.140000000000000000e+02 4.582722443597111450e+00
4.141000061035156250e+02 5.131926959751276662e+00
4.142000122070312500e+02 5.150391144296452950e+00
4.142999877929687500e+02 4.716018157438633729e+00
4.143999938964843750e+02 3.792912918209812467e+00
4.145000000000000000e+02 3.618323210024018355e+00
4.146000061035156250e+02 4.065064253497808977e+00
4.147000122070312500e+02 4.175115488906907757e+00
4.147999877929687500e+02 3.988528515272545594e+00
4.148999938964843750e+02 4.667076390786270679e+00
4.150000000000000000e+02 5.274322903911826899e+00
4.151000061035156250e+02 4.191200815500253363e+00
4.152000122070312500e+02 4.370788167480865738e+00
4.152999877929687500e+02 4.485637042131051189e+00
4.153999938964843750e+02 4.068164203755479491e+00
4.155000000000000000e+02 5.031897934440445752e+00
4.156000061035156250e+02 4.124635040156357846e+00
4.157000122070312500e+02 4.488719043510440265e+00
4.157999877929687500e+02 4.272331534210703552e+00
4.158999938964843750e+02 5.238920237348640541e+00
4.160000000000000000e+02 4.238216436800538389e+00
4.161000061035156250e+02 4.429884636574180412e+00
4.162000122070312500e+02 4.755206017309614452e+00
4.162999877929687500e+02 5.153918207996186496e+00
4.163999938964843750e+02 4.611484808964075199e+00
4.165000000000000000e+02 4.229520802990180961e+00
4.166000061035156250e+02 4.804094753669171602e+00
4.167000122070312500e+02 4.381779794832538322e+00
4.167999877929687500e+02 4.106620978406706257e+00
4.168999938964843750e+02 5.844221118622026090e+00
4.170000000000000000e+02 4.287406671303884309e+00
4.171000061035156250e+02 3.936704570444445661e+00
4.172000122070312500e+02 4.985326725195347031e+00
4.172999877929687500e+02 4.186716201972270568e+00
4.173999938964843750e+02 4.625183299555099659e+00
4.175000000000000000e+02 5.141620329626615415e+00
4.176000061035156250e+02 4.527999385113067987e+00
4.177000122070312500e+02 4.975052574208784328e+00
4.177999877929687500e+02 5.012467200695917668e+00
4.178999938964843750e+02 3.907492639802675249e+00
4.180000000000000000e+02 5.140270110140047422e+00
4.181000061035156250e+02 4.235537084489489068e+00
4.182000122070312500e+02 5.279324204949447541e+00
4.182999877929687500e+02 5.288338771300848506e+00
4.183999938964843750e+02 4.642766109713519995e+00
4.185000000000000000e+02 4.759836368070675228e+00
4.186000061035156250e+02 3.453971845738953217e+00
4.187000122070312500e+02 5.115895132224251185e+00
4.187999877929687500e+02 4.839251513016963990e+00
4.188999938964843750e+02 4.459208025163651889e+00
4.190000000000000000e+02 5.110681681356444628e+00
4.191000061035156250e+02 4.574412790995297406e+00
4.192000122070312500e+02 4.749689486040814757e+00
4.192999877929687500e+02 4.986147553210368955e+00
4.193999938964843750e+02 5.066051203703351824e+00
4.195000000000000000e+02 4.902969327604247418e+00
4.196000061035156250e+02 4.247901677073934401e+00
4.197000122070312500e+02 4.515832688996615829e+00
4.197999877929687500e+02 4.856958503923465287e+00
4.198999938964843750e+02 5.045896388829787860e+00
4.200000000000000000e+02 4.535166195481239448e+00
4.201000061035156250e+02 5.399366844945511446e+00
4.202000122070312500e+02 4.350375374542393203e+00
4.202999877929687500e+02 4.682086780079862898e+00
4.203999938964843750e+02 4.839392405155522603e+00
4.205000000000000000e+02 5.166405015732033590e+00
4.206000061035156250e+02 4.288633651887276521e+00
4.207000122070312500e+02 5.005543112373618264e+00
4.207999877929687500e+02 4.414320750346468536e+00
4.208999938964843750e+02 5.380059764535289446e+00
4.210000000000000000e+02 6.160243941312523397e+00
4.211000061035156250e+02 6.410646141280411214e+00
4.212000122070312500e+02 7.669935495346927645e+00
4.212999877929687500e+02 6.273564927876043029e+00
4.213999938964843750e+02 4.688452267195035716e+00
4.215000000000000000e+02 5.901139125467062208e+00
4.216000061035156250e+02 5.051324796672152395e+00
4.217000122070312500e+02 5.122730039528248902e+00
4.217999877929687500e+02 5.382613958811096389e+00
4.218999938964843750e+02 4.537356443927315297e+00
4.220000000000000000e+02 4.982313531132169793e+00
4.221000061035156250e+02 5.498779703943714736e+00
4.222000122070312500e+02 7.120984137774158285e+00
4.222999877929687500e+02 6.151323308221928521e+00
4.223999938964843750e+02 4.932800767562247835e+00
4.225000000000000000e+02 4.246480577366315678e+00
4.226000061035156250e+02 4.625720875372604013e+00
4.227000122070312500e+02 5.045029207740425292e+00
4.227999877929687500e+02 5.041265036436921143e+00
4.228999938964843750e+02 4.411248515432558470e+00
4.230000000000000000e+02 4.316262589805790029e+00
4.231000061035156250e+02 4.708489892334224436e+00
4.232000122070312500e+02 4.596168811293024348e+00
4.232999877929687500e+02 4.554315819030765766e+00
4.233999938964843750e+02 5.124525261002599308e+00
4.235000000000000000e+02 4.087835763543917089e+00
4.236000061035156250e+02 5.000009926913716818e+00
4.237000122070312500e+02 5.310617565584461630e+00
4.237999877929687500e+02 5.585551499183633695e+00
4.238999938964843750e+02 4.609754031573602973e+00
4.240000000000000000e+02 4.798641295751285618e+00
4.241000061035156250e+02 4.329648906829156374e+00
4.242000122070312500e+02 4.539762957902754081e+00
4.242999877929687500e+02 4.776061420271955349e+00
4.243999938964843750e+02 4.875052629708179097e+00
4.245000000000000000e+02 6.401916557484459425e+00
4.246000061035156250e+02 5.368715074463242587e+00
4.247000122070312500e+02 5.395919639552659852e+00
4.247999877929687500e+02 5.237809378224743462e+00
4.248999938964843750e+02 7.163371906513069653e+00
4.250000000000000000e+02 4.232864592228427369e+00
4.251000061035156250e+02 5.409064498959660128e+00
4.252000122070312500e+02 4.584241721108880618e+00
4.252999877929687500e+02 5.110956945312132405e+00
4.253999938964843750e+02 4.886929541262126087e+00
4.255000000000000000e+02 5.608698936842708704e+00
4.256000061035156250e+02 4.086621546531545413e+00
4.257000122070312500e+02 4.675464142504633713e+00
4.257999877929687500e+02 4.616797878680830358e+00
4.258999938964843750e+02 4.041919792047289128e+00
4.260000000000000000e+02 3.900557693294352202e+00
4.261000061035156250e+02 4.632205693473171237e+00
4.262000122070312500e+02 4.705999366011138996e+00
4.262999877929687500e+02 4.768603831220084466e+00
4.263999938964843750e+02 4.051984974278136420e+00
4.265000000000000000e+02 5.333658841678253992e+00
4.266000061035156250e+02 4.165112608606775346e+00
4.267000122070312500e+02 4.354357667104483909e+00
4.267999877929687500e+02 4.389437900218214672e+00
4.268999938964843750e+02 4.249478463189372945e+00
4.270000000000000000e+02 4.594098922149898456e+00
4.271000061035156250e+02 5.044292060157342661e+00
4.272000122070312500e+02 4.372877950058761343e+00
4.272999877929687500e+02 4.170259344510863997e+00
4.273999938964843750e+02 4.719196030710664402e+00
4.275000000000000000e+02 5.452212313124237042e+00
4.276000061035156250e+02 4.172140241393286431e+00
4.277000122070312500e+02 4.396340481338723905e+00
4.277999877929687500e+02 5.334627516823489124e+00
4.278999938964843750e+02 4.560270898954177810e+00
4.280000000000000000e+02 4.970994973141207751e+00
4.281000061035156250e+02 4.590571706829863707e+00
4.282000122070312500e+02 4.755059771872052643e+00
4.282999877929687500e+02 4.528570039842533923e+00
4.283999938964843750e+02 4.577428918035508332e+00
4.285000000000000000e+02 4.440158966824849784e+00
4.286000061035156250e+02 5.129591330669070359e+00
4.287000122070312500e+02 4.304929186669366636e+00
4.287999877929687500e+02 4.799437572591738643e+00
4.288999938964843750e+02 4.350456318138711254e+00
4.290000000000000000e+02 4.324955389839892028e+00
4.291000061035156250e+02 4.693479020820230829e+00
4.292000122070312500e+02 4.733523632923789748e+00
4.292999877929687500e+02 5.578302208302264198e+00
4.293999938964843750e+02 4.775452279461712024e+00
4.295000000000000000e+02 4.674797782260879941e+00
4.296000061035156250e+02 4.552524157481769862e+00
4.297000122070312500e+02 4.234175009859176164e+00
4.297999877929687500e+02 4.273049922640323572e+00
4.298999938964843750e+02 4.517438853768996232e+00
4.300000000000000000e+02 5.869366088525762137e+00
4.301000061035156250e+02 4.568326778598767568e+00
4.302000122070312500e+02 4.798488377868324939e+00
4.302999877929687500e+02 4.359876822101361959e+00
4.303999938964843750e+02 3.932068657652311394e+00
4.305000000000000000e+02 5.084631584922895797e+00
4.306000061035156250e+02 4.609781865441594739e+00
4.307000122070312500e+02 4.834621552020052171e+00
4.307999877929687500e+02 4.266966185504036169e+00
4.308999938964843750e+02 4.352454641187888384e+00
4.310000000000000000e+02 4.357825037012680980e+00
4.311000061035156250e+02 4.799031268249421167e+00
4.312000122070312500e+02 4.476891360396708208e+00
4.312999877929687500e+02 4.615625069189747798e+00
4.313999938964843750e+02 4.764668618338796513e+00
4.315000000000000000e+02 4.775471367476157525e+00
4.316000061035156250e+02 4.786770191464972513e+00
4.317000122070312500e+02 4.756671464505731528e+00
4.317999877929687500e+02 5.066257302190177114e+00
4.318999938964843750e+02 4.072758546322213569e+00
4.320000000000000000e+02 4.501427743696383210e+00
4.321000061035156250e+02 4.458251239608304495e+00
4.322000122070312500e+02 5.006225526965458528e+00
4.322999877929687500e+02 4.151530688086573662e+00
4.323999938964843750e+02 4.510271232331181324e+00
4.325000000000000000e+02 4.442184058237294231e+00
4.326000061035156250e+02 4.792231126518720963e+00
4.327000122070312500e+02 4.799525771894942672e+00
4.327999877929687500e+02 5.041555560844115824e+00
4.328999938964843750e+02 4.398278155403202661e+00
4.330000000000000000e+02 4.754720446577461956e+00
4.331000061035156250e+02 4.954674014609049770e+00
4.332000122070312500e+02 4.809181957275282748e+00
4.332999877929687500e+02 5.197214672465833019e+00
4.333999938964843750e+02 4.689145119598346234e+00
4.335000000000000000e+02 4.605419646640791065e+00
4.336000061035156250e+02 5.702394970513356753e+00
4.337000122070312500e+02 5.164728022473283886e+00
4.337999877929687500e+02 4.759167156041173463e+00
4.338999938964843750e+02 5.172511152078312691e+00
4.340000000000000000e+02 8.470467009748727349e+00
4.341000061035156250e+02 7.901093505426291408e+00
4.342000122070312500e+02 8.342224368879621821e+00
4.342999877929687500e+02 9.219090838769091079e+00
4.343999938964843750e+02 9.094732089822256782e+00
4.345000000000000000e+02 7.931173040596291912e+00
4.346000061035156250e+02 5.862564859386552030e+00
4.347000122070312500e+02 7.179876932075737628e+00
4.347999877929687500e+02 7.637086577761472483e+00
4.348999938964843750e+02 4.840242610698983761e+00
4.350000000000000000e+02 4.815749546297075412e+00
4.351000061035156250e+02 5.142965877590637724e+00
4.352000122070312500e+02 4.455057558402788942e+00
4.352999877929687500e+02 4.719929385611930428e+00
4.353999938964843750e+02 5.142010801516653018e+00
4.355000000000000000e+02 4.981087140254082613e+00
4.356000061035156250e+02 4.590652975884594866e+00
4.357000122070312500e+02 4.742981090674065925e+00
4.357999877929687500e+02 4.949451589323652811e+00
4.358999938964843750e+02 4.456897172395533069e+00
4.360000000000000000e+02 5.046546773842799816e+00
4.361000061035156250e+02 4.739731309206660193e+00
4.362000122070312500e+02 4.293444923732018026e+00
4.362999877929687500e+02 4.219795569630602650e+00
4.363999938964843750e+02 4.652412567253067621e+00
4.365000000000000000e+02 4.244981502351643066e+00
4.366000061035156250e+02 4.606240827860736964e+00
4.367000122070312500e+02 4.736359699344314222e+00
4.367999877929687500e+02 3.915769726050120525e+00
4.368999938964843750e+02 4.683530808263855150e+00
4.370000000000000000e+02 5.843713356846178542e+00
4.371000061035156250e+02 5.090151340860180618e+00
4.372000122070312500e+02 5.492116152374115323e+00
4.372999877929687500e+02 5.068959296866402120e+00
4.373999938964843750e+02 4.312179050627355181e+00
4.375000000000000000e+02 4.624187799469026139e+00
4.376000061035156250e+02 4.983234730650704769e+00
4.377000122070312500e+02 5.084320103786845735e+00
4.377999877929687500e+02 5.257826948270890810e+00
4.378999938964843750e+02 4.105476988335344579e+00
4.380000000000000000e+02 4.591466051151991579e+00
4.381000061035156250e+02 4.396258344816027730e+00
4.382000122070312500e+02 4.899203108657562034e+00
4.382999877929687500e+02 4.752690386625308072e+00
4.383999938964843750e+02 4.733074380212443089e+00
4.385000000000000000e+02 4.857159141465678509e+00
4.386000061035156250e+02 4.938776236609252912e+00
4.387000122070312500e+02 5.167457578192551360e+00
4.387999877929687500e+02 4.821920425196625004e+00
4.388999938964843750e+02 5.627535985835000254e+00
4.390000000000000000e+02 4.723617740112992180e+00
4.391000061035156250e+02 4.958391980547753874e+00
4.392000122070312500e+02 4.689416042506884708e+00
4.392999877929687500e+02 4.504093253408536057e+00
4.393999938964843750e+02 5.659190894410026651e+00
4.395000000000000000e+02 5.657423907042553601e+00
4.396000061035156250e+02 4.916328247021393594e+00
4.397000122070312500e+02 4.238580796190873912e+00
4.397999877929687500e+02 4.134308059920957845e+00
4.398999938964843750e+02 4.505684125169437060e+00
4.400000000000000000e+02 4.953359832432090215e+00
4.401000061035156250e+02 5.198579261514697514e+00
4.402000122070312500e+02 5.026296241154011746e+00
4.402999877929687500e+02 5.134175207597738044e+00
4.403999938964843750e+02 4.178205252064514319e+00
4.405000000000000000e+02 4.865164376220159959e+00
4.406000061035156250e+02 4.714634128367992005e+00
4.407000122070312500e+02 4.915353163402645720e+00
4.407999877929687500e+02 4.569067025580270780e+00
4.408999938964843750e+02 4.249131002645969879e+00
4.410000000000000000e+02 4.813417425369536318e+00
4.411000061035156250e+02 5.715930783827185557e+00
4.412000122070312500e+02 5.301134399264149089e+00
4.412999877929687500e+02 4.785713093614323732e+00
4.413999938964843750e+02 5.049496840444988699e+00
4.415000000000000000e+02 4.593593632156149908e+00
4.416000061035156250e+02 4.837721806321058082e+00
4.417000122070312500e+02 4.240190834090707739e+00
4.417999877929687500e+02 4.372821736829707540e+00
4.418999938964843750e+02 4.721712798596382044e+00
4.420000000000000000e+02 5.773849781963838801e+00
4.421000061035156250e+02 4.730172294177756420e+00
4.422000122070312500e+02 5.162497048125516130e+00
4.422999877929687500e+02 5.014001314755793359e+00
4.423999938964843750e+02 5.475259620196884391e+00
4.425000000000000000e+02 5.119762989699335520e+00
4.426000061035156250e+02 4.790290072165404034e+00
4.427000122070312500e+02 5.438384344965781381e+00
4.427999877929687500e+02 4.307046898890254383e+00
4.428999938964843750e+02 5.355754968864463450e+00
4.430000000000000000e+02 4.454515385196148536e+00
4.431000061035156250e+02 4.570955696958105108e+00
4.432000122070312500e+02 2.985015404654479898e+00
4.432999877929687500e+02 3.832031344512556448e+00
4.433999938964843750e+02 4.313883457384471320e+00
4.435000000000000000e+02 4.990768148510650093e+00
4.436000061035156250e+02 4.754457225339789872e+00
4.437000122070312500e+02 4.366827975047114840e+00
4.437999877929687500e+02 4.488806464446133404e+00
4.438999938964843750e+02 4.677401001439497108e+00
4.440000000000000000e+02 3.724898348226638678e+00
4.441000061035156250e+02 3.884942878063851968e+00
4.442000122070312500e+02 4.086971908651450214e+00
4.442999877929687500e+02 4.840373158689707189e+00
4.443999938964843750e+02 3.583515674159460040e+00
4.445000000000000000e+02 4.601760073039391052e+00
4.446000061035156250e+02 5.009099614924243937e+00
4.447000122070312500e+02 6.055271312291769625e+00
4.447999877929687500e+02 3.920755516450015410e+00
4.448999938964843750e+02 5.402268249629624819e+00
4.450000000000000000e+02 4.550999682520696865e+00
4.451000061035156250e+02 5.266684309940477426e+00
4.452000122070312500e+02 5.506523290725617414e+00
4.452999877929687500e+02 4.704414326938012536e+00
4.453999938964843750e+02 6.235393151678150225e+00
4.455000000000000000e+02 6.159982230773389134e+00
4.456000061035156250e+02 6.108451717801322012e+00
4.457000122070312500e+02 5.734051617793758382e+00
4.457999877929687500e+02 5.075951463649309936e+00
4.458999938964843750e+02 4.266483229884855177e+00
4.460000000000000000e+02 4.181876191799290154e+00
4.461000061035156250e+02 4.777673600761426442e+00
4.462000122070312500e+02 5.328464563949362187e+00
4.462999877929687500e+02 5.040901010017083905e+00
4.463999938964843750e+02 4.964893409273924973e+00
4.465000000000000000e+02 5.159829410472118738e+00
4.466000061035156250e+02 5.581133871694023085e+00
4.467000122070312500e+02 4.083661930512995752e+00
4.467999877929687500e+02 5.912807121809629862e+00
4.468999938964843750e+02 6.938955024181546527e+00
4.470000000000000000e+02 4.938494005997527303e+00
4.471000061035156250e+02 5.164323205462493682e+00
4.472000122070312500e+02 5.401825580991247655e+00
4.472999877929687500e+02 4.008680218392391303e+00
4.473999938964843750e+02 5.154474299605032783e+00
4.475000000000000000e+02 3.929482217296892177e+00
4.476000061035156250e+02 4.543144327413725314e+00
4.477000122070312500e+02 5.409557322809568802e+00
4.477999877929687500e+02 4.296783206471520344e+00
4.478999938964843750e+02 4.958799849179248653e+00
4.480000000000000000e+02 4.793094602921518010e+00
4.481000061035156250e+02 5.346301338785178991e+00
4.482000122070312500e+02 5.302003627736893598e+00
4.482999877929687500e+02 4.569792845201166465e+00
4.483999938964843750e+02 4.699003485396063162e+00
4.485000000000000000e+02 3.945913292071788980e+00
4.486000061035156250e+02 4.478470067443243607e+00
4.487000122070312500e+02 4.536272290429815612e+00
4.487999877929687500e+02 3.515583425122262629e+00
4.488999938964843750e+02 3.728020654723946059e+00
4.490000000000000000e+02 4.122406695467708104e+00
4.491000061035156250e+02 5.155860946904345710e+00
4.492000122070312500e+02 4.428302542701972655e+00
4.492999877929687500e+02 4.373678577054584515e+00
4.493999938964843750e+02 4.534021066404762657e+00
4.495000000000000000e+02 3.643411523503337968e+00
4.496000061035156250e+02 4.328353372662989251e+00
4.497000122070312500e+02 5.192003881542976984e+00
4.497999877929687500e+02 4.758767560729929791e+00
4.498999938964843750e+02 4.655799511081266218e+00
4.500000000000000000e+02 5.766894114923753811e+00
4.501000061035156250e+02 5.520891980077167638e+00
4.502000122070312500e+02 5.563694026659534941e+00
4.502999877929687500e+02 8.462512020675307056e+00
4.503999938964843750e+02 7.430023879455959879e+00
4.505000000000000000e+02 8.595403747552737173e+00
4.506000061035156250e+02 7.014797402281498506e+00
4.507000122070312500e+02 8.302493323982977458e+00
4.507999877929687500e+02 8.159330941641094626e+00
4.508999938964843750e+02 9.127213428306738763e+00
4.510000000000000000e+02 8.356219204618064111e+00
4.511000061035156250e+02 8.301587516241314191e+00
4.512000122070312500e+02 8.507249282869407736e+00
4.512999877929687500e+02 6.825542990120191611e+00
4.513999938964843750e+02 8.108076488771827073e+00
4.515000000000000000e+02 8.358689444836228333e+00
4.516000061035156250e+02 8.106436028978272645e+00
4.517000122070312500e+02 6.753949266436740650e+00
4.517999877929687500e+02 9.060060195457060317e+00
4.518999938964843750e+02 8.583470133891351495e+00
4.520000000000000000e+02 7.990778092705478564e+00
4.521000061035156250e+02 8.696547425324759217e+00
4.522000122070312500e+02 8.300684488270761108e+00
4.522999877929687500e+02 7.159878197324296423e+00
4.523999938964843750e+02 7.965309780259932637e+00
4.525000000000000000e+02 8.205465166204644945e+00
4.526000061035156250e+02 8.060180016898975452e+00
4.527000122070312500e+02 7.983948126453760175e+00
4.527999877929687500e+02 7.802504305196508838e+00
4.528999938964843750e+02 7.406081222998311731e+00
4.530000000000000000e+02 7.046313003707258105e+00
4.531000061035156250e+02 9.815512919024563132e+00
4.532000122070312500e+02 9.038733519108676617e+00
4.532999877929687500e+02 8.678613326358544100e+00
4.533999938964843750e+02 9.004333137841795676e+00
4.535000000000000000e+02 8.518637271738747074e+00
4.536000061035156250e+02 8.625366909284959860e+00
4.537000122070312500e+02 9.069957431150685423e+00
4.537999877929687500e+02 8.012696726002248582e+00
4.538999938964843750e+02 9.273136889369030911e+00
4.540000000000000000e+02 9.361715079192952871e+00
4.541000061035156250e+02 9.422830916877812157e+00
4.542000122070312500e+02 8.845940642579565250e+00
4.542999877929687500e+02 8.079922010018618650e+00
4.543999938964843750e+02 8.476090337813502629e+00
4.545000000000000000e+02 9.021001315527866993e+00
4.546000061035156250e+02 1.035320827170569125e+01
4.547000122070312500e+02 9.856699689424321065e+00
4.547999877929687500e+02 9.298175953360150459e+00
4.548999938964843750e+02 9.528792725022698917e+00
4.550000000000000000e+02 7.452012605821423996e+00
4.551000061035156250e+02 7.880967358301251835e+00
4.552000122070312500e+02 8.940530555501808863e+00
4.552999877929687500e+02 8.229234719861365122e+00
4.553999938964843750e+02 8.229113237627142752e+00
4.555000000000000000e+02 8.232864816625454552e+00
4.556000061035156250e+02 7.443866221876374922e+00
4.557000122070312500e+02 8.502622639515623248e+00
4.557999877929687500e+02 9.028860936591787123e+00
4.558999938964843750e+02 8.016206599246238795e+00
4.560000000000000000e+02 8.948891977808498766e+00
4.561000061035156250e+02 7.689221605982239360e+00
4.562000122070312500e+02 8.725145577138688324e+00
4.562999877929687500e+02 8.234615671886325927e+00
4.563999938964843750e+02 8.147717860217509767e+00
4.565000000000000000e+02 7.798312150984923363e+00
4.566000061035156250e+02 9.762019405196507904e+00
4.567000122070312500e+02 9.031988134878286445e+00
4.567999877929687500e+02 7.932840327615823028e+00
4.568999938964843750e+02 7.364897634937451976e+00
4.570000000000000000e+02 8.262271092188338883e+00
4.571000061035156250e+02 7.222289415779159505e+00
4.572000122070312500e+02 8.949080393869927263e+00
4.572999877929687500e+02 8.227671215492966539e+00
4.573999938964843750e+02 9.152419315101198549e+00
4.575000000000000000e+02 7.600895919843725146e+00
4.576000061035156250e+02 8.908779956112695686e+00
4.577000122070312500e+02 9.025252723148726730e+00
4.577999877929687500e+02 8.587542531533058465e+00
4.578999938964843750e+02 8.584816639470501443e+00
4.580000000000000000e+02 8.458788507408385726e+00
4.581000061035156250e+02 7.817164050083591498e+00
4.582000122070312500e+02 7.997628181132046876e+00
4.582999877929687500e+02 8.342341940108017440e+00
4.583999938964843750e+02 8.289581963286854815e+00
4.585000000000000000e+02 9.149245412303416813e+00
4.586000061035156250e+02 8.197925097541505224e+00
4.587000122070312500e+02 8.719741749602697212e+00
4.587999877929687500e+02 8.298827793924914431e+00
4.588999938964843750e+02 8.674334596340596448e+00
4.590000000000000000e+02 8.821297780584979265e+00
4.591000061035156250e+02 8.595681478897709837e+00
4.592000122070312500e+02 8.654950815182706592e+00
4.592999877929687500e+02 9.837724314205205545e+00
4.593999938964843750e+02 8.071352063177521075e+00
4.595000000000000000e+02 9.227593503738162894e+00
4.596000061035156250e+02 9.259608807391970231e+00
4.597000122070312500e+02 8.975327184421514559e+00
4.597999877929687500e+02 8.626743352629821615e+00
4.598999938964843750e+02 1.056592815048015410e+01
4.600000000000000000e+02 9.266582652850608781e+00
4.601000061035156250e+02 8.418476605087574782e+00
4.602000122070312500e+02 8.912366832048208565e+00
4.602999877929687500e+02 7.867079952352659333e+00
4.603999938964843750e+02 8.672502427308470985e+00
4.605000000000000000e+02 9.601150808208792853e+00
4.606000061035156250e+02 8.447389851805169769e+00
4.607000122070312500e+02 1.023921218319410009e+01
4.607999877929687500e+02 8.868045755752666182e+00
4.608999938964843750e+02 9.230869455694527659e+00
4.610000000000000000e+02 9.985341204859972564e+00
4.611000061035156250e+02 1.010898638929232618e+01
4.612000122070312500e+02 8.684780004431353007e+00
4.612999877929687500e+02 8.841467869545260427e+00
4.613999938964843750e+02 8.299890797070379023e+00
4.615000000000000000e+02 8.997948237117489256e+00
4.616000061035156250e+02 9.220433114050534229e+00
4.617000122070312500e+02 9.595349763079655148e+00
4.617999877929687500e+02 7.830369254006445345e+00
4.618999938964843750e+02 9.777288190793088418e+00
4.620000000000000000e+02 8.900570067342371772e+00
4.621000061035156250e+02 8.676344031779924748e+00
4.622000122070312500e+02 9.190180096017883216e+00
4.622999877929687500e+02 7.969499366349970693e+00
4.623999938964843750e+02 8.714619419046103488e+00
4.625000000000000000e+02 9.346515490304808438e+00
4.626000061035156250e+02 8.119324789914044160e+00
4.627000122070312500e+02 8.693979015615116879e+00
4.627999877929687500e+02 8.805338920362000721e+00
4.628999938964843750e+02 8.926049969867403178e+00
4.630000000000000000e+02 9.859840352962999432e+00
4.631000061035156250e+02 8.959067050373914043e+00
4.632000122070312500e+02 9.663205998315747891e+00
4.632999877929687500e+02 1.016457961990419889e+01
4.633999938964843750e+02 9.848163532052415903e+00
4.635000000000000000e+02 9.045486082401607675e+00
4.636000061035156250e+02 8.275947385130640654e+00
4.637000122070312500e+02 8.512830496798835966e+00
4.637999877929687500e+02 9.424233101841412719e+00
4.638999938964843750e+02 7.749403461626505063e+00
4.640000000000000000e+02 9.186427659471743112e+00
4.641000061035156250e+02 8.176972382248088422e+00
4.642000122070312500e+02 9.323018534201585439e+00
4.642999877929687500e+02 8.751896247660614137e+00
4.643999938964843750e+02 8.340262056009674296e+00
4.645000000000000000e+02 8.583283221298243504e+00
4.646000061035156250e+02 8.930391911163974683e+00
4.647000122070312500e+02 8.865684532140241103e+00
4.647999877929687500e+02 8.589285846460427365e+00
4.648999938964843750e+02 8.480849583357953136e+00
4.650000000000000000e+02 9.663858214328476137e+00
4.651000061035156250e+02 8.124014816367777669e+00
4.652000122070312500e+02 8.813555375187638319e+00
4.652999877929687500e+02 8.360306987899541298e+00
4.653999938964843750e+02 9.435516900829798104e+00
4.655000000000000000e+02 9.130221212012081367e+00
4.656000061035156250e+02 8.386058631974705690e+00
4.657000122070312500e+02 8.852740031961674916e+00
4.657999877929687500e+02 8.513517494909498495e+00
4.658999938964843750e+02 7.895406057887897511e+00
4.660000000000000000e+02 8.088256852382095019e+00
4.661000061035156250e+02 9.362686718615561787e+00
4.662000122070312500e+02 7.907004209420454899e+00
4.662999877929687500e+02 9.233752276870696107e+00
4.663999938964843750e+02 8.663182393072553111e+00
4.665000000000000000e+02 9.705255910262700070e+00
4.666000061035156250e+02 9.569038661370228738e+00
4.667000122070312500e+02 8.922805374373657727e+00
4.667999877929687500e+02 7.265753026079263321e+00
4.668999938964843750e+02 8.174572794121257147e+00
4.670000000000000000e+02 7.204838128584896140e+00
4.671000061035156250e+02 8.790740663594363014e+00
4.672000122070312500e+02 8.951448545712690219e+00
4.672999877929687500e+02 7.621648573508692515e+00
4.673999938964843750e+02 8.586134942251840485e+00
4.675000000000000000e+02 9.901192610605269451e+00
4.676000061035156250e+02 9.169274104505438672e+00
4.677000122070312500e+02 8.159671161406185647e+00
4.677999877929687500e+02 8.097388567242834512e+00
4.678999938964843750e+02 8.575415372544194170e+00
4.680000000000000000e+02 8.934237616789346248e+00
4.681000061035156250e+02 9.949730470630473889e+00
4.682000122070312500e+02 8.381483539391192394e+00
4.682999877929687500e+02 7.987122017126645268e+00
4.683999938964843750e+02 1.043124750010786883e+01
4.685000000000000000e+02 8.328556084904944257e+00
4.686000061035156250e+02 8.959830225583990782e+00
4.687000122070312500e+02 8.301247423667060588e+00
4.687999877929687500e+02 9.442871829459347666e+00
4.688999938964843750e+02 8.931596507731732970e+00
4.690000000000000000e+02 7.911824904157613858e+00
4.691000061035156250e+02 8.344000423003041789e+00
4.692000122070312500e+02 8.566600612504320367e+00
4.692999877929687500e+02 9.120337970059706478e+00
4.693999938964843750e+02 9.484737860416302624e+00
4.695000000000000000e+02 8.553721575523896448e+00
4.696000061035156250e+02 7.462223777508453004e+00
4.697000122070312500e+02 9.516616396653256871e+00
4.697999877929687500e+02 8.160387029340009590e+00
4.698999938964843750e+02 8.833930907300853619e+00
4.700000000000000000e+02 9.352229330654056483e+00
4.701000061035156250e+02 9.632353713704558729e+00
4.702000122070312500e+02 9.840689786990832744e+00
4.702999877929687500e+02 9.095158425485228904e+00
4.703999938964843750e+02 8.471050175345027355e+00
4.705000000000000000e+02 8.853092393905898305e+00
4.706000061035156250e+02 9.280076685361287048e+00
4.707000122070312500e+02 8.465230818718714190e+00
4.707999877929687500e+02 7.317249655864526581e+00
4.708999938964843750e+02 7.897093947591282692e+00
4.710000000000000000e+02 7.498256497197687054e+00
4.711000061035156250e+02 8.280887609099162106e+00
4.712000122070312500e+02 7.624017622462101684e+00
4.712999877929687500e+02 8.671488215034592884e+00
4.713999938964843750e+02 7.071596560486522520e+00
4.715000000000000000e+02 7.765579590375539354e+00
4.716000061035156250e+02 7.911961446578249735e+00
4.717000122070312500e+02 7.655060604783702871e+00
4.717999877929687500e+02 6.868246140733123006e+00
4.718999938964843750e+02 8.003788565782580022e+00
4.720000000000000000e+02 6.706533653011622853e+00
4.721000061035156250e+02 8.024817132827880783e+00
4.722000122070312500e+02 7.512944687278685585e+00
4.722999877929687500e+02 6.863167796615085692e+00
4.723999938964843750e+02 9.137045121158138272e+00
4.725000000000000000e+02 7.986070306222421422e+00
4.726000061035156250e+02 6.695679203539939728e+00
4.727000122070312500e+02 8.758035557396702586e+00
4.727999877929687500e+02 8.760986620562711380e+00
4.728999938964843750e+02 7.550443760447860697e+00
4.730000000000000000e+02 7.719806751233051045e+00
4.731000061035156250e+02 7.024797775511076203e+00
4.732000122070312500e+02 8.241177992115499507e+00
4.732999877929687500e+02 6.820021311308060774e+00
4.733999938964843750e+02 6.908968590144334065e+00
4.735000000000000000e+02 7.049900382713443214e+00
4.736000061035156250e+02 7.377787870408822890e+00
4.737000122070312500e+02 8.561978990514191423e+00
4.737999877929687500e+02 9.008684723182959431e+00
4.738999938964843750e+02 8.182934237548275647e+00
4.740000000000000000e+02 7.628054257058891174e+00
4.741000061035156250e+02 8.099043148338935794e+00
4.742000122070312500e+02 7.865869687095323748e+00
4.742999877929687500e+02 7.273297848689298739e+00
4.743999938964843750e+02 7.941500470904356845e+00
4.745000000000000000e+02 8.023702674103404320e+00
4.746000061035156250e+02 7.323776683751510141e+00
4.747000122070312500e+02 8.789762515199486259e+00
4.747999877929687500e+02 7.152214607102984623e+00
4.748999938964843750e+02 7.988779128339430713e+00
4.750000000000000000e+02 7.180274979616355857e+00
4.751000061035156250e+02 8.160935893032101873e+00
4.752000122070312500e+02 6.620435668361968951e+00
4.752999877929687500e+02 9.761672650742532653e+00
4.753999938964843750e+02 8.158068390417144045e+00
4.755000000000000000e+02 7.761404832901860118e+00
4.756000061035156250e+02 7.916037920108093040e+00
4.757000122070312500e+02 8.357934163259761462e+00
4.757999877929687500e+02 7.823857576378960843e+00
4.758999938964843750e+02 9.639558134277187662e+00
4.760000000000000000e+02 9.533303656639557033e+00
4.761000061035156250e+02 9.163570325444915454e+00
4.762000122070312500e+02 7.997053974005186916e+00
4.762999877929687500e+02 8.687348651306121994e+00
4.763999938964843750e+02 8.124857745180344537e+00
4.765000000000000000e+02 7.598319376583937412e+00
4.766000061035156250e+02 8.770233830028216104e+00
4.767000122070312500e+02 8.994990084017070231e+00
4.767999877929687500e+02 7.663615361345148536e+00
4.768999938964843750e+02 8.111763939836407644e+00
4.770000000000000000e+02 7.520933245728281591e+00
4.771000061035156250e+02 7.887377303598306355e+00
4.772000122070312500e+02 7.213892723048189737e+00
4.772999877929687500e+02 8.290418512066624501e+00
4.773999938964843750e+02 1.165309944133809239e+01
4.775000000000000000e+02 8.621286137512338854e+00
4.776000061035156250e+02 8.739020860179088857e+00
4.777000122070312500e+02 8.550149756634661813e+00
4.777999877929687500e+02 8.092691426308721958e+00
4.778999938964843750e+02 9.070765980585731469e+00
4.780000000000000000e+02 9.068338953607717912e+00
4.781000061035156250e+02 9.123868913267569880e+00
4.782000122070312500e+02 7.671702599282648194e+00
4.782999877929687500e+02 7.987819387955500616e+00
4.783999938964843750e+02 8.639788468667013888e+00
4.785000000000000000e+02 8.778173754150527586e+00
4.786000061035156250e+02 8.553058950113136660e+00
4.787000122070312500e+02 8.183949492355976574e+00
4.787999877929687500e+02 9.038082427085781134e+00
4.788999938964843750e+02 7.310451498753453237e+00
4.790000000000000000e+02 9.144663422260716601e+00
4.791000061035156250e+02 8.362006470724040241e+00
4.792000122070312500e+02 7.801490938139207465e+00
4.792999877929687500e+02 9.543350193898886502e+00
4.793999938964843750e+02 8.039334173713076126e+00
4.795000000000000000e+02 8.852350317883853847e+00
4.796000061035156250e+02 7.537573929735676082e+00
4.797000122070312500e+02 7.580684259005300518e+00
4.797999877929687500e+02 8.052296981833785949e+00
4.798999938964843750e+02 7.199157081511217804e+00
4.800000000000000000e+02 7.953963773168152507e+00
4.801000061035156250e+02 8.367829155449465262e+00
4.802000122070312500e+02 8.929203626177645958e+00
4.802999877929687500e+02 7.746885810733533440e+00
4.803999938964843750e+02 9.384824814893308442e+00
4.805000000000000000e+02 9.865350589864835484e+00
4.806000061035156250e+02 8.685089213913135708e+00
4.807000122070312500e+02 8.382993945939139380e+00
4.807999877929687500e+02 9.287781032290940431e+00
4.808999938964843750e+02 8.635421431425486460e+00
4.810000000000000000e+02 9.572819964771960954e+00
4.811000061035156250e+02 8.266384530628023697e+00
4.812000122070312500e+02 8.853349339275586871e+00
4.812999877929687500e+02 7.438300156730762502e+00
4.813999938964843750e+02 8.702078379772350658e+00
4.815000000000000000e+02 9.126112735722971436e+00
4.816000061035156250e+02 8.678305378875659670e+00
4.817000122070312500e+02 8.776530939715740942e+00
4.817999877929687500e+02 7.138887062373090231e+00
4.818999938964843750e+02 9.459561666227122245e+00
4.820000000000000000e+02 7.102946550036718598e+00
4.821000061035156250e+02 9.530543799044025377e+00
4.822000122070312500e+02 8.115477672141475196e+00
4.822999877929687500e+02 8.746727339990197692e+00
4.823999938964843750e+02 7.904863920674383593e+00
4.825000000000000000e+02 4.525394263543949691e+00
4.826000061035156250e+02 4.830949385061974688e+00
4.827000122070312500e+02 4.658375913063125928e+00
4.827999877929687500e+02 4.335816383049509781e+00
4.828999938964843750e+02 3.545973243016065091e+00
4.830000000000000000e+02 3.882213540013259134e+00
4.831000061035156250e+02 4.731113561639578080e+00
4.832000122070312500e+02 4.862160668741562830e+00
4.832999877929687500e+02 4.903760722330277488e+00
4.833999938964843750e+02 5.851257134933611326e+00
4.835000000000000000e+02 5.873991784218936196e+00
4.836000061035156250e+02 5.832284084686723880e+00
4.837000122070312500e+02 5.737098613697495075e+00
4.837999877929687500e+02 5.407216499080378824e+00
4.838999938964843750e+02 4.002278223232039522e+00
4.840000000000000000e+02 4.102295244579024391e+00
4.841000061035156250e+02 4.242415962839886312e+00
4.842000122070312500e+02 4.365754853978874195e+00
4.842999877929687500e+02 4.205011027708276394e+00
4.843999938964843750e+02 4.716575782015551610e+00
4.845000000000000000e+02 5.204671107722981915e+00
4.846000061035156250e+02 4.889431114247632770e+00
4.847000122070312500e+02 4.190067483306989082e+00
4.847999877929687500e+02 4.228651936533079692e+00
4.848999938964843750e+02 5.130490844247765914e+00
4.850000000000000000e+02 3.957581549235574592e+00
4.851000061035156250e+02 4.136629892987304657e+00
4.852000122070312500e+02 4.747615479904172098e+00
4.852999877929687500e+02 5.442402148263204786e+00
4.853999938964843750e+02 4.980693434641588979e+00
4.855000000000000000e+02 4.471546563789490669e+00
4.856000061035156250e+02 5.288811787717176749e+00
4.857000122070312500e+02 5.021485560451903751e+00
4.857999877929687500e+02 4.659060365993695996e+00
4.858999938964843750e+02 4.838515406901214178e+00
4.860000000000000000e+02 3.965802599880091428e+00
4.861000061035156250e+02 4.851377298873376098e+00
4.862000122070312500e+02 3.962694861191649043e+00
4.862999877929687500e+02 4.376752143849198973e+00
4.863999938964843750e+02 4.587530646688085412e+00
4.865000000000000000e+02 4.729162885381192893e+00
4.866000061035156250e+02 3.899437242697747941e+00
4.867000122070312500e+02 3.829119015659687264e+00
4.867999877929687500e+02 5.676820745765879472e+00
4.868999938964843750e+02 4.844080169364419319e+00
4.870000000000000000e+02 4.745787654509609155e+00
4.871000061035156250e+02 5.058632883162553995e+00
4.872000122070312500e+02 4.501271693981535371e+00
4.872999877929687500e+02 4.919627569984793780e+00
4.873999938964843750e+02 4.897921646030325427e+00
4.875000000000000000e+02 5.760448366575420920e+00
4.876000061035156250e+02 4.143094514877629031e+00
4.877000122070312500e+02 4.645085035662889439e+00
4.877999877929687500e+02 4.572515375731160958e+00
4.878999938964843750e+02 6.260330982520271981e+00
4.880000000000000000e+02 7.627588891243595626e+00
4.881000061035156250e+02 7.723773197447203032e+00
4.882000122070312500e+02 8.665770160612359163e+00
4.882999877929687500e+02 8.864659254891405382e+00
4.883999938964843750e+02 8.540317457415751434e+00
4.885000000000000000e+02 8.615037079895310868e+00
4.886000061035156250e+02 7.814806045029168757e+00
4.887000122070312500e+02 7.580048069421441603e+00
4.887999877929687500e+02 8.570906366607097482e+00
4.888999938964843750e+02 8.731779223844560178e+00
4.890000000000000000e+02 9.509163040877544049e+00
4.891000061035156250e+02 7.511927071270331879e+00
4.892000122070312500e+02 9.165313734839005022e+00
4.892999877929687500e+02 9.103803775492348649e+00
4.893999938964843750e+02 8.607945235125930239e+00
4.895000000000000000e+02 8.207821242635496617e+00
4.896000061035156250e+02 7.233894943111196518e+00
4.897000122070312500e+02 6.780101175017952286e+00
4.897999877929687500e+02 1.007117534952600302e+01
4.898999938964843750e+02 8.950729662287825406e+00
4.900000000000000000e+02 9.427284793253551953e+00
4.901000061035156250e+02 7.831418713032867629e+00
4.902000122070312500e+02 4.983123821254014096e+00
4.902999877929687500e+02 5.539435162040475369e+00
4.903999938964843750e+02 5.762559506367965767e+00
4.905000000000000000e+02 3.732167595313554909e+00
4.906000061035156250e+02 4.285457741991050895e+00
4.907000122070312500e+02 6.282196171050490996e+00
4.907999877929687500e+02 4.957819350319704554e+00
4.908999938964843750e+02 4.234622865397728475e+00
4.910000000000000000e+02 4.474879036900856200e+00
4.911000061035156250e+02 4.651629048492973872e+00
4.912000122070312500e+02 3.736570257845946319e+00
4.912999877929687500e+02 5.145358824357951555e+00
4.913999938964843750e+02 4.433806279770853287e+00
4.915000000000000000e+02 5.488493985515915163e+00
4.916000061035156250e+02 4.584938096106487393e+00
4.917000122070312500e+02 4.853753833750626967e+00
4.917999877929687500e+02 4.260959991791047230e+00
4.918999938964843750e+02 4.865193383252811365e+00
4.920000000000000000e+02 6.999240565829820682e+00
4.921000061035156250e+02 5.639101396536901234e+00
4.922000122070312500e+02 6.277777526242794615e+00
4.922999877929687500e+02 5.738240388437056971e+00
4.923999938964843750e+02 6.387555480288937382e+00
4.925000000000000000e+02 5.839548815799102677e+00
4.926000061035156250e+02 4.492451516513916054e+00
4.927000122070312500e+02 5.886009305438729022e+00
4.927999877929687500e+02 5.864070271514314037e+00
4.928999938964843750e+02 5.920699737668896567e+00
4.930000000000000000e+02 6.525081901450146660e+00
4.931000061035156250e+02 6.214176866692577406e+00
4.932000122070312500e+02 5.157784410896110394e+00
4.932999877929687500e+02 4.601608213310416140e+00
4.933999938964843750e+02 5.671296228185884303e+00
4.935000000000000000e+02 6.645803702081239273e+00
4.936000061035156250e+02 5.521623604807846419e+00
4.937000122070312500e+02 5.832878826730413913e+00
4.937999877929687500e+02 4.391615374779918923e+00
4.938999938964843750e+02 5.412009149439161781e+00
4.940000000000000000e+02 4.620148860326162676e+00
4.941000061035156250e+02 5.587506391766413394e+00
4.942000122070312500e+02 5.702600655824273446e+00
4.942999877929687500e+02 5.421127855020827724e+00
4.943999938964843750e+02 5.642508405017127693e+00
4.945000000000000000e+02 4.826084946718142810e+00
4.946000061035156250e+02 5.725182331775803490e+00
4.947000122070312500e+02 5.487590867844636122e+00
4.947999877929687500e+02 5.394698805054201074e+00
4.948999938964843750e+02 5.876353163141898150e+00
4.950000000000000000e+02 5.257375265127991248e+00
4.951000061035156250e+02 5.230206018932219258e+00
4.952000122070312500e+02 5.494750600174487687e+00
4.952999877929687500e+02 5.596288985064257204e+00
4.953999938964843750e+02 5.862196171222945118e+00
4.955000000000000000e+02 5.142056082796243821e+00
4.956000061035156250e+02 4.738748317336350269e+00
4.957000122070312500e+02 5.546414231242645876e+00
4.957999877929687500e+02 5.029791834978824205e+00
4.958999938964843750e+02 5.708488913266482889e+00
4.960000000000000000e+02 5.614626931621815586e+00
4.961000061035156250e+02 1.828334341020187992e+00
4.962000122070312500e+02 4.588176846625363403e+00
4.962999877929687500e+02 6.405709088757539860e+00
4.963999938964843750e+02 5.184496672828755592e+00
4.965000000000000000e+02 4.290598780522673295e+00
4.966000061035156250e+02 4.080575035282666185e+00
4.967000122070312500e+02 4.210766557874800142e+00
4.967999877929687500e+02 4.111279096492133078e+00
4.968999938964843750e+02 5.841006964396588508e+00
4.970000000000000000e+02 4.557300100112737340e+00
4.971000061035156250e+02 6.700911775181515040e+00
4.972000122070312500e+02 6.579723293541442253e+00
4.972999877929687500e+02 5.313224150445921445e+00
4.973999938964843750e+02 5.465214545584038852e+00
4.975000000000000000e+02 4.935581414538098066e+00
4.976000061035156250e+02 6.219043517790163733e+00
4.977000122070312500e+02 4.647269047130526687e+00
4.977999877929687500e+02 4.187160645419227833e+00
4.978999938964843750e+02 5.575022210456796579e+00
4.980000000000000000e+02 4.158698383023889278e+00
4.981000061035156250e+02 4.318198700076490759e+00
4.982000122070312500e+02 4.340319418508945759e+00
4.982999877929687500e+02 3.982937990237433556e+00
4.983999938964843750e+02 4.248204797838516455e+00
4.985000000000000000e+02 5.196312611182537289e+00
4.986000061035156250e+02 4.049804466897544586e+00
4.987000122070312500e+02 3.744556837547624806e+00
4.987999877929687500e+02 3.519926995779427692e+00
4.988999938964843750e+02 3.290073010055038605e+00
4.990000000000000000e+02 3.243142648636996750e+00
4.991000061035156250e+02 2.239496828621689861e+00
4.992000122070312500e+02 2.713428308442055403e+00
4.992999877929687500e+02 3.667114347097493621e+00
4.993999938964843750e+02 2.459567812321731051e+00
4.995000000000000000e+02 2.832280314656704601e+00
4.996000061035156250e+02 3.944061540745366301e+00
4.997000122070312500e+02 3.799918848181620401e+00
4.997999877929687500e+02 3.335391762704772223e+00
4.998999938964843750e+02 4.802006761717962036e+00
5.000000000000000000e+02 4.333336623335149795e+00
5.001000061035156250e+02 4.394317757738547492e+00
5.002000122070312500e+02 1.949930257376090159e+00
5.002999877929687500e+02 3.045961351577932241e+00
5.003999938964843750e+02 2.584434787395824440e+00
5.005000000000000000e+02 3.612808604519698097e+00
5.006000061035156250e+02 3.091085439616407804e+00
5.007000122070312500e+02 4.104643250407367105e+00
5.007999877929687500e+02 4.505060031722745606e+00
5.008999938964843750e+02 6.178324259311124500e+00
5.010000000000000000e+02 5.280886606311831599e+00
5.011000061035156250e+02 5.723562377020408931e+00
5.012000122070312500e+02 3.693000643222097423e+00
5.012999877929687500e+02 2.720714755721419298e+00
5.013999938964843750e+02 3.437701012331361827e+00
5.015000000000000000e+02 2.969900013667316152e+00
5.016000061035156250e+02 2.221131432702756925e+00
5.017000122070312500e+02 2.760241030508517213e+00
5.017999877929687500e+02 2.913401828272828009e+00
5.018999938964843750e+02 3.415867694186901282e+00
5.020000000000000000e+02 1.953647239444910477e+00
5.021000061035156250e+02 4.463553202040476009e+00
5.022000122070312500e+02 4.024110754985733562e-01
5.022999877929687500e+02 3.887148672963178342e+00
5.023999938964843750e+02 3.295457595532038653e+00
5.025000000000000000e+02 4.033235375351402752e+00
5.026000061035156250e+02 5.425885595597701894e+00
5.027000122070312500e+02 4.381864875072042587e+00
5.027999877929687500e+02 4.644893375648231348e+00
5.028999938964843750e+02 5.133669937652913795e+00
5.030000000000000000e+02 4.684473830182011689e+00
5.031000061035156250e+02 4.768309705334941917e+00
5.032000122070312500e+02 4.598520187793302405e+00
5.032999877929687500e+02 5.311039836900317113e+00
5.033999938964843750e+02 4.114544746725197655e+00
5.035000000000000000e+02 4.784671266567908532e+00
5.036000061035156250e+02 4.284558129472649135e+00
5.037000122070312500e+02 4.329613882362147947e+00
5.037999877929687500e+02 5.210689186712923693e+00
5.038999938964843750e+02 5.747477634677018443e+00
5.040000000000000000e+02 5.548291324212497599e+00
5.041000061035156250e+02 5.085090801041726394e+00
5.042000122070312500e+02 5.820532287736543076e+00
5.042999877929687500e+02 4.501083040269199920e+00
5.043999938964843750e+02 4.630279725323185325e+00
5.045000000000000000e+02 4.655431037147857332e+00
5.046000061035156250e+02 5.377104399038161731e+00
5.047000122070312500e+02 5.216536635652965437e+00
5.047999877929687500e+02 6.052816878781930754e+00
5.048999938964843750e+02 5.874740283607522429e+00
5.050000000000000000e+02 5.567440257692784833e+00
5.051000061035156250e+02 4.171372504640226353e+00
5.052000122070312500e+02 4.580424836736123773e+00
5.052999877929687500e+02 4.630406487044043118e+00
5.053999938964843750e+02 4.812231604625821113e+00
5.055000000000000000e+02 4.967797185631383172e+00
5.056000061035156250e+02 4.976494975763156248e+00
5.057000122070312500e+02 7.496102425214425047e+00
5.057999877929687500e+02 5.281613288773359116e+00
5.058999938964843750e+02 6.272375118141886752e+00
5.060000000000000000e+02 5.696049999161968636e+00
5.061000061035156250e+02 7.508574345723879162e+00
5.062000122070312500e+02 8.125634905787334716e+00
5.062999877929687500e+02 8.309226868549986378e+00
5.063999938964843750e+02 8.213023616568122520e+00
5.065000000000000000e+02 8.167423698983057534e+00
5.066000061035156250e+02 7.919415015192941887e+00
5.067000122070312500e+02 4.994313882949591665e+00
5.067999877929687500e+02 5.086740230606175750e+00
5.068999938964843750e+02 5.884035489509065187e+00
5.070000000000000000e+02 5.827619729130272930e+00
5.071000061035156250e+02 5.607539671433986683e+00
5.072000122070312500e+02 6.227474243758271299e+00
5.072999877929687500e+02 6.120985491034108605e+00
5.073999938964843750e+02 5.805284697550764150e+00
5.075000000000000000e+02 8.666647631690626241e+00
5.076000061035156250e+02 6.421207475246819563e+00
5.077000122070312500e+02 9.668199265302805046e+00
5.077999877929687500e+02 1.029559922613794143e+01
5.078999938964843750e+02 8.961634535364561671e+00
5.080000000000000000e+02 9.416915893963185624e+00
5.081000061035156250e+02 1.057842750968876189e+01
5.082000122070312500e+02 9.837747605543393448e+00
5.082999877929687500e+02 9.847720089527921772e+00
5.083999938964843750e+02 1.039152038587035776e+01
5.085000000000000000e+02 7.252585035152257831e+00
5.086000061035156250e+02 7.442530021143519470e+00
5.087000122070312500e+02 6.379656302053963834e+00
5.087999877929687500e+02 5.967450758854997872e+00
5.088999938964843750e+02 5.662395686539522188e+00
5.090000000000000000e+02 4.760065361404562267e+00
5.091000061035156250e+02 5.314841008271176115e+00
5.092000122070312500e+02 5.864100056407458794e+00
5.092999877929687500e+02 5.360815336241833151e+00
5.093999938964843750e+02 5.904311300826519116e+00
5.095000000000000000e+02 7.256090723772365081e+00
5.096000061035156250e+02 6.535535964549462840e+00
5.097000122070312500e+02 8.464104720026929485e+00
5.097999877929687500e+02 8.385341250782790468e+00
5.098999938964843750e+02 5.775676386896885894e+00
5.100000000000000000e+02 7.356468735332921227e+00
5.101000061035156250e+02 5.641878107810352816e+00
5.102000122070312500e+02 6.733491030353789597e+00
5.102999877929687500e+02 4.925995373343576844e+00
5.103999938964843750e+02 6.215830409658020805e+00
5.105000000000000000e+02 3.809254153090948947e+00
5.106000061035156250e+02 3.877367332688681056e+00
5.107000122070312500e+02 3.594273366643001566e+00
5.107999877929687500e+02 3.090052643213325734e+00
5.108999938964843750e+02 2.754943805753591768e+00
5.110000000000000000e+02 3.777434321367753700e+00
5.111000061035156250e+02 3.207663648073104667e+00
5.112000122070312500e+02 3.066755955783952547e+00
5.112999877929687500e+02 3.840083371907933252e+00
5.113999938964843750e+02 4.232781750582670810e+00
5.115000000000000000e+02 3.726726290269009034e+00
5.116000061035156250e+02 2.416505582683744269e+00
5.117000122070312500e+02 5.099669060306357693e+00
5.117999877929687500e+02 4.090965417704475193e+00
5.118999938964843750e+02 4.561122204132120217e+00
5.120000000000000000e+02 3.853650680996813627e+00
5.120999755859375000e+02 4.622607229243219429e+00
5.122000122070312500e+02 5.552726460513846440e+00
5.122999877929687500e+02 4.957847761963360966e+00
5.124000244140625000e+02 4.469971726408648927e+00
5.125000000000000000e+02 4.604464593316365040e+00
5.125999755859375000e+02 4.103521352910481923e+00
5.127000122070312500e+02 3.487347225046462551e+00
5.127999877929687500e+02 4.128002126496965296e+00
5.129000244140625000e+02 4.513232032006619932e+00
5.130000000000000000e+02 3.495212622983664197e+00
5.130999755859375000e+02 4.582230810596543691e+00
5.132000122070312500e+02 4.940104056706633884e+00
5.132999877929687500e+02 4.114076746242844251e+00
5.134000244140625000e+02 4.304168587236929966e+00
5.135000000000000000e+02 3.831026219510909048e+00
5.135999755859375000e+02 3.213504384053582630e+00
5.137000122070312500e+02 2.922996321674717013e+00
5.137999877929687500e+02 3.794661264192987105e+00
5.139000244140625000e+02 3.265121943196148901e+00
5.140000000000000000e+02 4.570423368776066475e+00
5.140999755859375000e+02 4.366381688541868478e+00
5.142000122070312500e+02 4.729451289407069048e+00
5.142999877929687500e+02 3.623140624887569050e+00
5.144000244140625000e+02 4.068541857653627858e+00
5.145000000000000000e+02 4.623685724203128622e+00
5.145999755859375000e+02 4.275028222741327433e+00
5.147000122070312500e+02 4.455207686619760743e+00
5.147999877929687500e+02 4.200273562097011748e+00
5.149000244140625000e+02 5.511706069715700096e+00
5.150000000000000000e+02 4.659379756446408116e+00
5.150999755859375000e+02 3.897880370396770378e+00
5.152000122070312500e+02 4.907737468077764120e+00
5.152999877929687500e+02 5.657518524129002913e+00
5.154000244140625000e+02 4.997078259338253226e+00
5.155000000000000000e+02 4.061755047105500616e+00
5.155999755859375000e+02 4.542538601129757048e+00
5.157000122070312500e+02 4.863120689365629801e+00
5.157999877929687500e+02 3.774772730776727148e+00
5.159000244140625000e+02 4.411813064640129234e+00
5.160000000000000000e+02 4.274202486182544725e+00
5.160999755859375000e+02 4.643337204788103634e+00
5.162000122070312500e+02 4.674965074785246699e+00
5.162999877929687500e+02 4.122570404701547453e+00
5.164000244140625000e+02 5.031082317411967431e+00
5.165000000000000000e+02 4.279977829170717563e+00
5.165999755859375000e+02 5.102804062678750974e+00
5.167000122070312500e+02 4.566844839849280469e+00
5.167999877929687500e+02 3.705417852625338071e+00
5.169000244140625000e+02 3.672793919229190518e+00
5.170000000000000000e+02 3.594316976735544955e+00
5.170999755859375000e+02 3.507881084372932445e+00
5.172000122070312500e+02 3.553744666245628014e+00
5.172999877929687500e+02 4.432922027108574525e+00
5.174000244140625000e+02 4.143972339532988158e+00
5.175000000000000000e+02 4.056231369153235455e+00
5.175999755859375000e+02 4.268971781667657339e+00
5.177000122070312500e+02 4.723769635145457890e+00
5.177999877929687500e+02 4.946527840537829235e+00
5.179000244140625000e+02 4.799221816839493115e+00
5.180000000000000000e+02 5.528220606923216707e+00
5.180999755859375000e+02 4.132833863127585161e+00
5.182000122070312500e+02 4.610865609046317815e+00
5.182999877929687500e+02 4.699853249870066918e+00
5.184000244140625000e+02 4.805092614829527875e+00
5.185000000000000000e+02 4.734840827467032831e+00
5.185999755859375000e+02 4.925219171620716985e+00
5.187000122070312500e+02 4.580292976416202144e+00
5.187999877929687500e+02 6.151640774051885252e+00
5.189000244140625000e+02 4.010620603374493776e+00
5.190000000000000000e+02 4.086989423479263195e+00
5.190999755859375000e+02 5.183751513470591377e+00
5.192000122070312500e+02 5.197592061491838500e+00
5.192999877929687500e+02 4.411817896792591398e+00
5.194000244140625000e+02 4.508439525392384795e+00
5.195000000000000000e+02 4.225776587073505119e+00
5.195999755859375000e+02 3.700879698895606751e+00
5.197000122070312500e+02 4.477906311587646293e+00
5.197999877929687500e+02 5.001938264793252209e+00
5.199000244140625000e+02 4.189382771944415218e+00
5.200000000000000000e+02 4.269875260102436343e+00
5.200999755859375000e+02 3.861111873882246748e+00
5.202000122070312500e+02 3.959969789167051335e+00
5.202999877929687500e+02 6.230906702427509991e+00
5.204000244140625000e+02 3.413843765322905899e+00
5.205000000000000000e+02 4.552790957641694725e+00
5.205999755859375000e+02 5.177641288525027363e+00
5.207000122070312500e+02 5.071725615345721749e+00
5.207999877929687500e+02 6.133575846191469338e+00
5.209000244140625000e+02 5.582461007348405779e+00
5.210000000000000000e+02 4.942484822830702562e+00
5.210999755859375000e+02 3.180239519995323505e+00
5.212000122070312500e+02 3.757357124471597309e+00
5.212999877929687500e+02 5.280154790811459442e+00
5.214000244140625000e+02 3.749502158059680568e+00
5.215000000000000000e+02 4.057610320734398535e+00
5.215999755859375000e+02 6.499593448303692789e+00
5.217000122070312500e+02 4.451858099689212089e+00
5.217999877929687500e+02 5.030004069072850470e+00
5.219000244140625000e+02 4.975516308170616853e+00
5.220000000000000000e+02 3.263815382364120055e+00
5.220999755859375000e+02 4.617590010492918395e+00
5.222000122070312500e+02 3.242400549649901098e+00
5.222999877929687500e+02 4.358007242526166003e+00
5.224000244140625000e+02 3.518913328015954800e+00
5.225000000000000000e+02 4.033061392201182649e+00
5.225999755859375000e+02 4.245201415298173409e+00
5.227000122070312500e+02 5.023430003034943248e+00
5.227999877929687500e+02 4.784967355710126213e+00
5.229000244140625000e+02 4.736162550606042743e+00
5.230000000000000000e+02 6.397494446102975907e+00
5.230999755859375000e+02 3.528639291738127515e+00
5.232000122070312500e+02 5.839376352943532744e+00
5.232999877929687500e+02 4.215445563505755722e+00
5.234000244140625000e+02 3.279541588753908776e+00
5.235000000000000000e+02 2.991803377085969107e+00
5.235999755859375000e+02 3.759903121170360407e+00
5.237000122070312500e+02 4.218064528982928607e+00
5.237999877929687500e+02 3.101324818194767019e+00
5.239000244140625000e+02 2.818097028529966686e+00
5.240000000000000000e+02 5.323920865655644263e+00
5.240999755859375000e+02 3.376433599747756364e+00
5.242000122070312500e+02 4.494021680705844624e+00
5.242999877929687500e+02 4.799593993548122661e+00
5.244000244140625000e+02 3.197996703688148479e+00
5.245000000000000000e+02 3.341347087113431868e+00
5.245999755859375000e+02 3.723854163320822863e+00
5.247000122070312500e+02 5.100265515115386172e+00
5.247999877929687500e+02 5.298981764942634953e+00
5.249000244140625000e+02 4.185488999024904899e+00
5.250000000000000000e+02 3.944882551694476547e+00
5.250999755859375000e+02 4.443297636579430332e+00
5.252000122070312500e+02 7.017171890358695485e+00
5.252999877929687500e+02 3.818464113338625232e+00
5.254000244140625000e+02 7.609425204318255531e+00
5.255000000000000000e+02 8.250961877595502258e+00
5.255999755859375000e+02 7.345444012274683132e+00
5.257000122070312500e+02 8.089375835965887163e+00
5.257999877929687500e+02 7.844527103458268869e+00
5.259000244140625000e+02 7.563245595467773086e+00
5.260000000000000000e+02 6.468544650245381611e+00
5.260999755859375000e+02 6.334174813250748493e+00
5.262000122070312500e+02 6.610708839146723470e+00
5.262999877929687500e+02 8.260769664528385903e+00
5.264000244140625000e+02 6.299150546049172128e+00
5.265000000000000000e+02 5.727977302515439462e+00
5.265999755859375000e+02 5.896968650686841507e+00
5.267000122070312500e+02 6.027055634059571787e+00
5.267999877929687500e+02 6.194910305821093033e+00
5.269000244140625000e+02 5.556075660495715773e+00
5.270000000000000000e+02 6.019970586963936832e+00
5.270999755859375000e+02 5.450905115429275583e+00
5.272000122070312500e+02 5.798455238615328966e+00
5.272999877929687500e+02 7.138432504915543930e+00
5.274000244140625000e+02 7.113502927848642798e+00
5.275000000000000000e+02 6.346709438392964309e+00
5.275999755859375000e+02 5.968344510883721199e+00
5.277000122070312500e+02 4.494437535324231625e+00
5.277999877929687500e+02 4.139254807947122750e+00
5.279000244140625000e+02 4.187661696734650718e+00
5.280000000000000000e+02 3.173568878505601987e+00
5.280999755859375000e+02 3.712526022195503206e+00
5.282000122070312500e+02 3.544066538755177742e+00
5.282999877929687500e+02 4.653769628538170444e+00
5.284000244140625000e+02 4.933766130492143631e+00
5.285000000000000000e+02 5.636423375741532737e+00
5.285999755859375000e+02 4.688819675671122233e+00
5.287000122070312500e+02 8.119627931166711221e+00
5.287999877929687500e+02 4.472865142930892546e+00
5.289000244140625000e+02 4.082914188854146254e+00
5.290000000000000000e+02 4.923476435126607598e+00
5.290999755859375000e+02 4.370436931356697308e+00
5.292000122070312500e+02 5.792273588284015062e+00
5.292999877929687500e+02 5.324547187076212218e+00
5.294000244140625000e+02 5.068308251943365761e+00
5.295000000000000000e+02 6.456593861827499836e+00
5.295999755859375000e+02 5.557971382557409079e+00
5.297000122070312500e+02 4.877287323387580642e+00
5.297999877929687500e+02 5.005202444288238794e+00
5.299000244140625000e+02 5.545699121995951941e+00
5.300000000000000000e+02 5.354518318178640435e+00
5.300999755859375000e+02 4.866423193910433653e+00
5.302000122070312500e+02 4.576022576823421950e+00
5.302999877929687500e+02 5.061032271661257020e+00
5.304000244140625000e+02 4.898964671563153850e+00
5.305000000000000000e+02 3.593864697899337379e+00
5.305999755859375000e+02 5.219579797849816849e+00
5.307000122070312500e+02 5.404972357294482777e+00
5.307999877929687500e+02 9.818999424233439299e+00
5.309000244140625000e+02 1.009567205659502598e+01
5.310000000000000000e+02 8.181848708184144670e+00
5.310999755859375000e+02 1.021759513792626706e+01
5.312000122070312500e+02 9.875780050945131450e+00
5.312999877929687500e+02 8.155752583392498423e+00
5.314000244140625000e+02 9.425278841544960429e+00
5.315000000000000000e+02 9.541583300247660659e+00
5.315999755859375000e+02 8.760978252418762935e+00
5.317000122070312500e+02 9.619813194508177290e+00
5.317999877929687500e+02 1.062607078498515101e+01
5.319000244140625000e+02 9.862083059227304105e+00
5.320000000000000000e+02 9.858897748256044480e+00
5.320999755859375000e+02 9.574718305019468190e+00
5.322000122070312500e+02 8.016071321016156048e+00
5.322999877929687500e+02 7.504252066728900772e+00
5.324000244140625000e+02 1.053842609536336461e+01
5.325000000000000000e+02 1.040160757644577671e+01
5.325999755859375000e+02 9.058379166959019457e+00
5.327000122070312500e+02 8.737307761808914108e+00
5.327999877929687500e+02 9.607750703917137258e+00
5.329000244140625000e+02 9.051242093686811430e+00
5.330000000000000000e+02 9.269115010019778111e+00
5.330999755859375000e+02 8.650605323461386220e+00
5.332000122070312500e+02 5.448850376909732951e+00
5.332999877929687500e+02 4.994844521489945954e+00
5.334000244140625000e+02 6.825869706285630834e+00
5.335000000000000000e+02 4.700511045529929710e+00
5.335999755859375000e+02 4.955232192075691877e+00
5.337000122070312500e+02 5.105266815457451202e+00
5.337999877929687500e+02 4.713658106706716922e+00
5.339000244140625000e+02 5.179177346560003059e+00
5.340000000000000000e+02 4.820077977308894646e+00
5.340999755859375000e+02 4.807114098208765895e+00
5.342000122070312500e+02 4.874137632253383146e+00
5.342999877929687500e+02 5.190509899914661496e+00
5.344000244140625000e+02 4.802424676553616045e+00
5.345000000000000000e+02 5.116666609761952422e+00
5.345999755859375000e+02 5.287398615155892045e+00
5.347000122070312500e+02 7.058872364274519917e+00
5.347999877929687500e+02 4.700824047830455932e+00
5.349000244140625000e+02 6.608415926128494711e+00
5.350000000000000000e+02 6.840038053354163594e+00
5.350999755859375000e+02 4.820959441740783724e+00
5.352000122070312500e+02 5.767262776077528130e+00
5.352999877929687500e+02 6.103465492040344387e+00
5.354000244140625000e+02 6.955831087085588393e+00
5.355000000000000000e+02 5.392818136394262218e+00
5.355999755859375000e+02 5.903775535206688296e+00
5.357000122070312500e+02 5.833555596425323841e+00
5.357999877929687500e+02 7.154641752470648264e+00
5.359000244140625000e+02 7.035756019048957199e+00
5.360000000000000000e+02 6.030242909526049466e+00
5.360999755859375000e+02 6.099326552506204813e+00
5.362000122070312500e+02 6.227810023784330795e+00
5.362999877929687500e+02 5.673296295437417314e+00
5.364000244140625000e+02 6.123619888555580815e+00
5.365000000000000000e+02 5.812873815748374362e+00
5.365999755859375000e+02 4.987531995062124857e+00
5.367000122070312500e+02 5.237187222450765844e+00
5.367999877929687500e+02 5.120261623883481938e+00
5.369000244140625000e+02 5.182838217727759655e+00
5.370000000000000000e+02 5.600254461307446086e+00
5.370999755859375000e+02 5.660598484586144785e+00
5.372000122070312500e+02 4.658141292897142627e+00
5.372999877929687500e+02 4.166790289063404984e+00
5.374000244140625000e+02 4.902640566829938429e+00
5.375000000000000000e+02 4.699147768587317309e+00
5.375999755859375000e+02 5.137795770145635821e+00
5.377000122070312500e+02 4.862602522137254191e+00
5.377999877929687500e+02 4.678817296826728089e+00
5.379000244140625000e+02 5.467971292875523304e+00
5.380000000000000000e+02 4.998040333230148846e+00
5.380999755859375000e+02 5.410252137565580988e+00
5.382000122070312500e+02 4.104933994589654134e+00
5.382999877929687500e+02 5.512159437473446388e+00
5.384000244140625000e+02 4.276594738523782802e+00
5.385000000000000000e+02 4.191387856057243511e+00
5.385999755859375000e+02 4.805143625345763780e+00
5.387000122070312500e+02 3.901201780912161965e+00
5.387999877929687500e+02 4.155805929742500737e+00
5.389000244140625000e+02 3.917691160493234737e+00
5.390000000000000000e+02 6.334917197845907566e+00
5.390999755859375000e+02 5.468670019477515964e+00
5.392000122070312500e+02 4.465081984161491491e+00
5.392999877929687500e+02 3.097888690975049375e+00
5.394000244140625000e+02 4.282204697526436732e+00
5.395000000000000000e+02 4.478491602489786949e+00
5.395999755859375000e+02 4.029898432662621488e+00
5.397000122070312500e+02 4.484675011730065108e+00
5.397999877929687500e+02 4.157069662730118687e+00
5.399000244140625000e+02 4.368458383167173942e+00
5.400000000000000000e+02 3.921956221039148094e+00
5.400999755859375000e+02 4.245890145550657024e+00
5.402000122070312500e+02 4.836238401078233551e+00
5.402999877929687500e+02 3.980556481961928572e+00
5.404000244140625000e+02 4.560049030635145328e+00
5.405000000000000000e+02 3.735427865813661263e+00
5.405999755859375000e+02 3.587957613642832833e+00
5.407000122070312500e+02 4.570388318816179130e+00
5.407999877929687500e+02 4.339508604155689397e+00
5.409000244140625000e+02 3.508398796683953158e+00
5.410000000000000000e+02 5.068875486975652933e+00
5.410999755859375000e+02 4.154097475290686958e+00
5.412000122070312500e+02 4.536716046271838110e+00
5.412999877929687500e+02 4.826947480267242518e+00
5.414000244140625000e+02 4.641199198654814673e+00
5.415000000000000000e+02 4.675356551448389020e+00
5.415999755859375000e+02 3.591906182178155937e+00
5.417000122070312500e+02 3.591453351409534367e+00
5.417999877929687500e+02 3.604012958106022957e+00
5.419000244140625000e+02 4.497971525076639665e+00
5.420000000000000000e+02 5.036697991726970081e+00
5.420999755859375000e+02 4.613862982351979447e+00
5.422000122070312500e+02 5.328258368254585875e+00
5.422999877929687500e+02 4.373156987181399558e+00
5.424000244140625000e+02 7.136923704643970190e+00
5.425000000000000000e+02 4.469012163413436767e+00
5.425999755859375000e+02 5.439801800978776747e+00
5.427000122070312500e+02 7.577677170479804936e+00
5.427999877929687500e+02 5.096612288202525320e+00
5.429000244140625000e+02 4.898189405985991840e+00
5.430000000000000000e+02 5.229498816392086802e+00
5.430999755859375000e+02 4.181243320687879184e+00
5.432000122070312500e+02 4.894043150981710610e+00
5.432999877929687500e+02 4.140609997170956902e+00
5.434000244140625000e+02 4.179157405740858700e+00
5.435000000000000000e+02 3.919386832040431035e+00
5.435999755859375000e+02 4.209491715410762502e+00
5.437000122070312500e+02 4.027751342338791396e+00
5.437999877929687500e+02 3.928993401501760907e+00
5.439000244140625000e+02 4.113818131513212073e+00
5.440000000000000000e+02 4.617792741595420303e+00
5.440999755859375000e+02 3.397004064996821615e+00
5.442000122070312500e+02 3.642569223348018248e+00
5.442999877929687500e+02 3.941664877754368579e+00
5.444000244140625000e+02 4.094229881502605473e+00
5.445000000000000000e+02 4.887782600613935990e+00
5.445999755859375000e+02 7.122090129588024787e+00
5.447000122070312500e+02 5.366401301002286850e+00
5.447999877929687500e+02 4.231398870022723635e+00
5.449000244140625000e+02 3.626009670327353440e+00
5.450000000000000000e+02 3.868780716041674506e+00
5.450999755859375000e+02 3.481308429388818571e+00
5.452000122070312500e+02 4.013108825201106455e+00
5.452999877929687500e+02 4.219691366080899897e+00
5.454000244140625000e+02 4.063804833894182345e+00
5.455000000000000000e+02 4.525076167026142571e+00
5.455999755859375000e+02 4.446498502047075974e+00
5.457000122070312500e+02 4.207509400316491899e+00
5.457999877929687500e+02 4.592615847266383611e+00
5.459000244140625000e+02 4.168221444921266006e+00
5.460000000000000000e+02 3.999895639547183634e+00
5.460999755859375000e+02 2.608166686252327171e+00
5.462000122070312500e+02 4.909652587489440556e+00
5.462999877929687500e+02 4.311054176360917367e+00
5.464000244140625000e+02 4.479960055978304823e+00
5.465000000000000000e+02 4.485926132779362696e+00
5.465999755859375000e+02 4.136054842215269645e+00
5.467000122070312500e+02 4.219973757889393440e+00
5.467999877929687500e+02 4.802379109682311409e+00
5.469000244140625000e+02 4.704286793727931126e+00
5.470000000000000000e+02 5.242632432744703586e+00
5.470999755859375000e+02 4.874323327699826791e+00
5.472000122070312500e+02 4.653094312324012272e+00
5.472999877929687500e+02 4.624129198969495924e+00
5.474000244140625000e+02 5.637717168985276750e+00
5.475000000000000000e+02 4.933269990399730354e+00
5.475999755859375000e+02 4.874012269013374699e+00
5.477000122070312500e+02 5.115219127211836359e+00
5.477999877929687500e+02 5.906754303434898823e+00
5.479000244140625000e+02 4.919254518720060254e+00
5.480000000000000000e+02 5.452335577768536723e+00
5.480999755859375000e+02 6.041471333053882731e+00
5.482000122070312500e+02 6.791724426435398421e+00
5.482999877929687500e+02 5.335699513154124496e+00
5.484000244140625000e+02 5.232156070579653928e+00
5.485000000000000000e+02 5.692664656577551163e+00
5.485999755859375000e+02 4.288922045311293729e+00
5.487000122070312500e+02 4.922834864930447196e+00
5.487999877929687500e+02 6.170270747251177745e+00
5.489000244140625000e+02 6.110280293897058179e+00
5.490000000000000000e+02 5.156489382437963620e+00
5.490999755859375000e+02 5.613707816292961006e+00
5.492000122070312500e+02 5.715937575511199853e+00
5.492999877929687500e+02 6.106524371468593948e+00
5.494000244140625000e+02 6.052017594065081774e+00
5.495000000000000000e+02 6.618811984872079002e+00
5.495999755859375000e+02 5.545591200964711476e+00
5.497000122070312500e+02 3.720545811216952714e+00
5.497999877929687500e+02 4.915501646949034686e+00
5.499000244140625000e+02 5.333642877481871380e+00
5.500000000000000000e+02 7.026382617863999869e+00
5.500999755859375000e+02 5.473980178725700085e+00
5.502000122070312500e+02 4.943031558198831554e+00
5.502999877929687500e+02 4.614343156682533476e+00
5.504000244140625000e+02 5.159317758147262012e+00
5.505000000000000000e+02 3.963633968003490882e+00
5.505999755859375000e+02 4.845624363604368767e+00
5.507000122070312500e+02 4.360943109973623777e+00
5.507999877929687500e+02 4.953320161043277992e+00
5.509000244140625000e+02 4.383268905168177021e+00
5.510000000000000000e+02 4.803642093473319719e+00
5.510999755859375000e+02 4.715922667288391601e+00
5.512000122070312500e+02 6.270084037519231046e+00
5.512999877929687500e+02 4.846724544543892677e+00
5.514000244140625000e+02 3.458105464290936570e+00
5.515000000000000000e+02 4.706512590638171289e+00
5.515999755859375000e+02 4.224164167889552068e+00
5.517000122070312500e+02 5.757765015082940252e+00
5.517999877929687500e+02 4.638912375791315768e+00
5.519000244140625000e+02 4.960244830734146682e+00
5.520000000000000000e+02 4.416945056952850557e+00
5.520999755859375000e+02 3.252012526818949034e+00
5.522000122070312500e+02 6.199216579247393888e+00
5.522999877929687500e+02 4.672052455199438903e+00
5.524000244140625000e+02 5.463952650608174366e+00
5.525000000000000000e+02 3.786327824937550268e+00
5.525999755859375000e+02 4.144978093939659658e+00
5.527000122070312500e+02 4.704374509196584064e+00
5.527999877929687500e+02 5.044611785458496200e+00
5.529000244140625000e+02 4.074192837828888081e+00
5.530000000000000000e+02 4.275923362846349995e+00
5.530999755859375000e+02 4.483590829687966739e+00
5.532000122070312500e+02 4.688415705488996110e+00
5.532999877929687500e+02 4.638278563132256949e+00
5.534000244140625000e+02 4.797188391183039968e+00
5.535000000000000000e+02 4.453303511583686536e+00
5.535999755859375000e+02 5.591729507784939379e+00
5.537000122070312500e+02 4.641800312269410256e+00
5.537999877929687500e+02 4.847141543809149411e+00
5.539000244140625000e+02 5.591896783934670268e+00
5.540000000000000000e+02 5.249120778663462161e+00
5.540999755859375000e+02 4.698675202758908931e+00
5.542000122070312500e+02 4.704990109407514609e+00
5.542999877929687500e+02 4.203921551210342500e+00
5.544000244140625000e+02 4.836230910120199233e+00
5.545000000000000000e+02 5.449571991113471015e+00
5.545999755859375000e+02 5.306983447987819069e+00
5.547000122070312500e+02 5.237016289349265996e+00
5.547999877929687500e+02 5.419397706552251393e+00
5.549000244140625000e+02 4.660423202534372145e+00
5.550000000000000000e+02 4.924638584769512661e+00
5.550999755859375000e+02 5.601467988826333233e+00
5.552000122070312500e+02 5.011025638687212513e+00
5.552999877929687500e+02 5.356941398228858731e+00
5.554000244140625000e+02 4.867311516921161818e+00
5.555000000000000000e+02 5.250186500231820652e+00
5.555999755859375000e+02 4.356503425068633639e+00
5.557000122070312500e+02 4.314609820644387916e+00
5.557999877929687500e+02 5.507885746787537506e+00
5.559000244140625000e+02 4.836346580138515705e+00
5.560000000000000000e+02 3.923201650257045703e+00
5.560999755859375000e+02 4.614083436328064280e+00
5.562000122070312500e+02 5.508674711606422747e+00
5.562999877929687500e+02 5.898443054505665195e+00
5.564000244140625000e+02 5.103627687012791903e+00
5.565000000000000000e+02 4.274046712496982536e+00
5.565999755859375000e+02 5.524914118638857730e+00
5.567000122070312500e+02 4.696491790735350946e+00
5.567999877929687500e+02 4.866309085116434119e+00
5.569000244140625000e+02 4.971697678056642644e+00
5.570000000000000000e+02 4.697701141178834305e+00
5.570999755859375000e+02 5.506075768041485574e+00
5.572000122070312500e+02 5.023724394004889682e+00
5.572999877929687500e+02 2.994346509956018476e+00
5.574000244140625000e+02 6.037328397837700145e+00
5.575000000000000000e+02 4.685353875095530363e+00
5.575999755859375000e+02 4.514508740923632857e+00
5.577000122070312500e+02 4.853293409588344431e+00
5.577999877929687500e+02 3.936822154240128491e+00
5.579000244140625000e+02 4.922877996911733334e+00
5.580000000000000000e+02 5.040670841981550687e+00
5.580999755859375000e+02 5.357568694583416224e+00
5.582000122070312500e+02 5.278196167616453494e+00
5.582999877929687500e+02 5.589253657779984508e+00
5.584000244140625000e+02 5.619005590938082939e+00
5.585000000000000000e+02 4.903810984682987595e+00
5.585999755859375000e+02 4.831682105437645980e+00
5.587000122070312500e+02 5.084263618906669890e+00
5.587999877929687500e+02 5.040373413166440386e+00
5.589000244140625000e+02 5.067469929101307891e+00
5.590000000000000000e+02 5.542324490018315508e+00
5.590999755859375000e+02 5.206696186879468335e+00
5.592000122070312500e+02 5.292040813016566148e+00
5.592999877929687500e+02 5.343168369000005136e+00
5.594000244140625000e+02 5.952746945742876328e+00
5.595000000000000000e+02 5.734411206827175533e+00
5.595999755859375000e+02 5.098878483304416953e+00
5.597000122070312500e+02 5.054849483967384316e+00
5.597999877929687500e+02 5.378971134720596403e+00
5.599000244140625000e+02 6.024222749788399334e+00
5.600000000000000000e+02 5.864119660687852509e+00
5.600999755859375000e+02 5.032932195482970883e+00
5.602000122070312500e+02 5.264781442589831606e+00
5.602999877929687500e+02 4.823108319404135536e+00
5.604000244140625000e+02 4.319678797806525417e+00
5.605000000000000000e+02 5.646902696127546584e+00
5.605999755859375000e+02 5.733062271891641082e+00
5.607000122070312500e+02 6.170637790043571158e+00
5.607999877929687500e+02 5.308665595421135919e+00
5.609000244140625000e+02 5.306019751634989845e+00
5.610000000000000000e+02 5.547275755384116103e+00
5.610999755859375000e+02 5.365221885012971370e+00
5.612000122070312500e+02 5.561647255373658894e+00
5.612999877929687500e+02 5.502767816206477036e+00
5.614000244140625000e+02 3.997504729374022236e+00
5.615000000000000000e+02 4.361602926969532668e+00
5.615999755859375000e+02 4.831509715563607976e+00
5.617000122070312500e+02 4.993166446226438460e+00
5.617999877929687500e+02 5.379527390750720173e+00
5.619000244140625000e+02 5.240001898210191023e+00
5.620000000000000000e+02 5.722787509132687411e+00
5.620999755859375000e+02 5.486800331463578928e+00
5.622000122070312500e+02 6.282684682535894183e+00
5.622999877929687500e+02 4.427525427387039691e+00
5.624000244140625000e+02 4.721028682414377009e+00
5.625000000000000000e+02 5.917967900463376729e+00
5.625999755859375000e+02 5.026445764743173505e+00
5.627000122070312500e+02 5.113929569527005725e+00
5.627999877929687500e+02 4.399549847976276240e+00
5.629000244140625000e+02 4.997601684573326430e+00
5.630000000000000000e+02 5.248893821258188375e+00
5.630999755859375000e+02 4.952236483971167225e+00
5.632000122070312500e+02 5.646634099129551387e+00
5.632999877929687500e+02 5.412031780065295727e+00
5.634000244140625000e+02 5.617854707452021756e+00
5.635000000000000000e+02 5.764107276346082109e+00
5.635999755859375000e+02 5.192602689295296337e+00
5.637000122070312500e+02 5.130816210384050002e+00
5.637999877929687500e+02 5.571912952095290805e+00
5.639000244140625000e+02 3.845011979597030560e+00
5.640000000000000000e+02 3.756044878830803846e+00
5.640999755859375000e+02 3.781430924657514403e+00
5.642000122070312500e+02 3.310755604811918218e+00
5.642999877929687500e+02 4.226483320635093577e+00
5.644000244140625000e+02 3.641981183731634264e+00
5.645000000000000000e+02 4.182097154005104400e+00
5.645999755859375000e+02 4.801196724674871241e+00
5.647000122070312500e+02 5.207034480593324410e+00
5.647999877929687500e+02 5.218545185655108831e+00
5.649000244140625000e+02 4.606944633803662370e+00
5.650000000000000000e+02 4.448009346395272345e+00
5.650999755859375000e+02 5.223569106918739102e+00
5.652000122070312500e+02 4.633879842696146056e+00
5.652999877929687500e+02 5.496235951866829339e+00
5.654000244140625000e+02 4.969744591783888055e+00
5.655000000000000000e+02 5.145803833110372594e+00
5.655999755859375000e+02 3.827934106163564554e+00
5.657000122070312500e+02 5.589444920343417778e+00
5.657999877929687500e+02 4.848776389445323076e+00
5.659000244140625000e+02 5.261248657351088376e+00
5.660000000000000000e+02 4.441477956583035791e+00
5.660999755859375000e+02 5.241239591664803577e+00
5.662000122070312500e+02 4.738895665997240769e+00
5.662999877929687500e+02 4.886131167527725694e+00
5.664000244140625000e+02 6.192874600664064921e+00
5.665000000000000000e+02 5.023825043636510834e+00
5.665999755859375000e+02 5.015573053546967586e+00
5.667000122070312500e+02 5.449582916784136977e+00
5.667999877929687500e+02 6.630332346983943026e+00
5.669000244140625000e+02 6.097855926900078494e+00
5.670000000000000000e+02 6.272384792559608790e+00
5.670999755859375000e+02 4.957638924700372485e+00
5.672000122070312500e+02 4.510332570143355646e+00
5.672999877929687500e+02 5.894968778455581315e+00
5.674000244140625000e+02 6.184958842882616104e+00
5.675000000000000000e+02 4.059393407277170240e+00
5.675999755859375000e+02 5.006695556550816661e+00
5.677000122070312500e+02 2.759091223637391899e+00
5.677999877929687500e+02 5.526705589290865639e+00
5.679000244140625000e+02 5.371701339997835056e+00
5.680000000000000000e+02 5.315264324325986500e+00
5.680999755859375000e+02 6.143611444349434514e+00
5.682000122070312500e+02 5.602212017366364094e+00
5.682999877929687500e+02 4.942338399367470103e+00
5.684000244140625000e+02 6.374026220259674247e+00
5.685000000000000000e+02 5.718514698322842094e+00
5.685999755859375000e+02 4.670330593623719828e+00
5.687000122070312500e+02 5.124191727086016890e+00
5.687999877929687500e+02 5.797658475735865125e+00
5.689000244140625000e+02 4.537972253111450804e+00
5.690000000000000000e+02 4.507830034668003805e+00
5.690999755859375000e+02 3.681630138266038799e+00
5.692000122070312500e+02 5.413981896944618732e+00
5.692999877929687500e+02 4.100485714316846497e+00
5.694000244140625000e+02 4.613474878233225773e+00
5.695000000000000000e+02 4.837992424571783801e+00
5.695999755859375000e+02 4.633427189513731115e+00
5.697000122070312500e+02 4.201742615676561599e+00
5.697999877929687500e+02 2.574306123841886063e+00
5.699000244140625000e+02 2.096035065735576630e+00
5.700000000000000000e+02 3.678476380312363236e+00
5.700999755859375000e+02 5.344475372745900010e+00
5.702000122070312500e+02 5.442544490923351574e+00
5.702999877929687500e+02 5.348189826533904956e+00
5.704000244140625000e+02 4.663469301228919228e+00
5.705000000000000000e+02 5.934312548284749411e+00
5.705999755859375000e+02 4.498504711044861715e+00
5.707000122070312500e+02 6.300811224782260744e+00
5.707999877929687500e+02 5.455721535898502950e+00
5.709000244140625000e+02 5.662865344543080326e+00
5.710000000000000000e+02 5.384730938607106943e+00
5.710999755859375000e+02 5.227348261694656273e+00
5.712000122070312500e+02 4.917566585963218273e+00
5.712999877929687500e+02 5.616770101713500551e+00
5.714000244140625000e+02 4.878123350620856336e+00
5.715000000000000000e+02 4.879107038028824839e+00
5.715999755859375000e+02 5.105116901395768458e+00
5.717000122070312500e+02 5.001558136484488770e+00
5.717999877929687500e+02 5.425784802824171749e+00
5.719000244140625000e+02 4.846048877974700630e+00
5.720000000000000000e+02 5.841515432734541768e+00
5.720999755859375000e+02 5.329273653401735089e+00
5.722000122070312500e+02 5.011750655927461828e+00
5.722999877929687500e+02 4.566595912943924418e+00
5.724000244140625000e+02 6.774918704983369011e+00
5.725000000000000000e+02 4.825014914236633423e+00
5.725999755859375000e+02 5.141422087338477276e+00
5.727000122070312500e+02 5.047995912386083361e+00
5.727999877929687500e+02 5.090362196741178735e+00
5.729000244140625000e+02 5.411565365804221983e+00
5.730000000000000000e+02 4.980257448876013626e+00
5.730999755859375000e+02 5.903716047154547120e+00
5.732000122070312500e+02 5.056928126465125573e+00
5.732999877929687500e+02 3.800693175227733978e+00
5.734000244140625000e+02 5.434938586602513944e+00
5.735000000000000000e+02 4.403551135186900112e+00
5.735999755859375000e+02 5.333395744279332717e+00
5.737000122070312500e+02 5.212881480406367452e+00
5.737999877929687500e+02 4.425617711832286361e+00
5.739000244140625000e+02 4.960681175532031695e+00
5.740000000000000000e+02 5.727095124327960640e+00
5.740999755859375000e+02 5.714235363906990273e+00
5.742000122070312500e+02 5.073712784652039787e+00
5.742999877929687500e+02 2.857752889328455836e+00
5.744000244140625000e+02 4.426447988911856868e+00
5.745000000000000000e+02 4.502632507164779696e+00
5.745999755859375000e+02 5.026670979384630478e+00
5.747000122070312500e+02 4.828453500026872014e+00
5.747999877929687500e+02 5.129695002103543899e+00
5.749000244140625000e+02 6.636779712895241268e+00
5.750000000000000000e+02 5.003555005860534699e+00
5.750999755859375000e+02 3.207701963547138213e+00
5.752000122070312500e+02 4.548987077049835293e+00
5.752999877929687500e+02 4.968729904021648380e+00
5.754000244140625000e+02 4.482866814995791316e+00
5.755000000000000000e+02 4.710003957442275180e+00
5.755999755859375000e+02 4.694954161797427972e+00
5.757000122070312500e+02 5.387814020870235865e+00
5.757999877929687500e+02 5.090593258224553885e+00
5.759000244140625000e+02 5.344024218660667458e+00
5.760000000000000000e+02 4.781833021820186325e+00
5.760999755859375000e+02 4.306828409309546579e+00
5.762000122070312500e+02 4.919817758689205789e+00
5.762999877929687500e+02 5.121261921910973847e+00
5.764000244140625000e+02 5.473639815398744446e+00
5.765000000000000000e+02 3.919717426488251721e+00
5.765999755859375000e+02 4.691343284869785357e+00
5.767000122070312500e+02 3.790358320998433950e+00
5.767999877929687500e+02 3.755876629122109733e+00
5.769000244140625000e+02 3.947478808850118259e+00
5.770000000000000000e+02 4.187498322420380781e+00
5.770999755859375000e+02 4.462117360299783897e+00
5.772000122070312500e+02 5.097005665184158651e+00
5.772999877929687500e+02 4.244799528473128802e+00
5.774000244140625000e+02 4.204381974746445039e+00
5.775000000000000000e+02 4.065528266608402497e+00
5.775999755859375000e+02 4.176159337422084228e+00
5.777000122070312500e+02 6.058466205298128848e+00
5.777999877929687500e+02 4.838043612331803800e+00
5.779000244140625000e+02 3.185828833270301530e+00
5.780000000000000000e+02 6.734640565622417085e+00
5.780999755859375000e+02 6.326865959711864384e+00
5.782000122070312500e+02 5.981537554286521896e+00
5.782999877929687500e+02 4.822286238428173277e+00
5.784000244140625000e+02 4.964368714126115911e+00
5.785000000000000000e+02 5.938527976877515435e+00
5.785999755859375000e+02 6.243278827594480163e+00
5.787000122070312500e+02 5.808066652985684364e+00
5.787999877929687500e+02 3.816546799758351760e+00
5.789000244140625000e+02 6.057733734810632598e+00
5.790000000000000000e+02 4.972606404230602628e+00
5.790999755859375000e+02 5.066509033370389048e+00
5.792000122070312500e+02 5.190284781627593880e+00
5.792999877929687500e+02 5.426316861704752803e+00
5.794000244140625000e+02 4.586817769619435659e+00
5.795000000000000000e+02 4.271450983650384892e+00
5.795999755859375000e+02 4.678781453547681934e+00
5.797000122070312500e+02 3.273208689697697960e+00
5.797999877929687500e+02 5.009917522489626407e+00
5.799000244140625000e+02 4.596580782916515062e+00
5.800000000000000000e+02 4.852028688735349427e+00
5.800999755859375000e+02 4.832476980794809585e+00
5.802000122070312500e+02 5.106687265832550615e+00
5.802999877929687500e+02 3.075179874954688586e+00
5.804000244140625000e+02 2.599755973957063482e+00
5.805000000000000000e+02 1.608666698885909074e+00
5.805999755859375000e+02 3.159295386912390757e+00
5.807000122070312500e+02 3.558638839693034850e+00
5.807999877929687500e+02 5.446639436918313315e+00
5.809000244140625000e+02 5.742103682523329589e+00
5.810000000000000000e+02 6.400161676632736274e+00
5.810999755859375000e+02 5.663906742239867675e+00
5.812000122070312500e+02 6.703759454072665491e+00
5.812999877929687500e+02 6.700411652976140608e+00
5.814000244140625000e+02 6.596350926759943611e+00
5.815000000000000000e+02 3.489131596772116595e+00
5.815999755859375000e+02 5.936759853121621688e+00
5.817000122070312500e+02 6.829144441936782606e+00
5.817999877929687500e+02 5.657380447877576657e+00
5.819000244140625000e+02 3.933563806448511002e+00
5.820000000000000000e+02 5.408544815251789650e+00
5.820999755859375000e+02 5.470346625008318142e+00
5.822000122070312500e+02 4.286596627137582161e+00
5.822999877929687500e+02 3.598983381972517659e+00
5.824000244140625000e+02 4.712485243264532109e+00
5.825000000000000000e+02 4.669208520153807385e+00
5.825999755859375000e+02 6.289617638535490940e+00
5.827000122070312500e+02 5.836730843906580368e+00
5.827999877929687500e+02 5.407687403790350622e+00
5.829000244140625000e+02 4.370624545739805633e+00
5.830000000000000000e+02 4.877594526356796578e+00
5.830999755859375000e+02 4.972952830065942464e+00
5.832000122070312500e+02 6.835742760844390808e+00
5.832999877929687500e+02 4.407928651284022337e+00
5.834000244140625000e+02 3.743449485608625782e+00
5.835000000000000000e+02 4.852120397741593649e+00
5.835999755859375000e+02 5.163838130174059238e+00
5.837000122070312500e+02 4.359610513784060615e+00
5.837999877929687500e+02 4.977622792275124830e+00
5.839000244140625000e+02 3.889564063780154068e+00
5.840000000000000000e+02 2.381949954550807380e+00
5.840999755859375000e+02 4.036458889967188490e+00
5.842000122070312500e+02 4.636289599158413210e+00
5.842999877929687500e+02 4.534872184195130274e+00
5.844000244140625000e+02 4.600326169317162872e+00
5.845000000000000000e+02 6.298466754587719763e+00
5.845999755859375000e+02 4.228803646870177957e+00
5.847000122070312500e+02 4.615653264933648359e+00
5.847999877929687500e+02 4.837114550899986654e+00
5.849000244140625000e+02 4.570137290191392587e+00
5.850000000000000000e+02 4.367309272896914507e+00
5.850999755859375000e+02 4.365995403719402645e+00
5.852000122070312500e+02 5.753213340763484673e+00
5.852999877929687500e+02 3.364339955857597264e+00
5.854000244140625000e+02 4.189073995531991557e+00
5.855000000000000000e+02 4.270222015800704263e+00
5.855999755859375000e+02 4.072618731035150930e+00
5.857000122070312500e+02 4.663590015926057930e+00
5.857999877929687500e+02 5.441283861279742062e+00
5.859000244140625000e+02 5.222286320022542228e+00
5.860000000000000000e+02 4.496360225615018358e+00
5.860999755859375000e+02 5.991937061313491242e+00
5.862000122070312500e+02 5.856796943686203960e+00
5.862999877929687500e+02 5.046984078400445384e+00
5.864000244140625000e+02 5.218463304164294492e+00
5.865000000000000000e+02 5.196021932188203074e+00
5.865999755859375000e+02 5.603629596591344963e+00
5.867000122070312500e+02 3.834548812754106528e+00
5.867999877929687500e+02 4.708855822702301630e+00
5.869000244140625000e+02 4.531075316326204749e+00
5.870000000000000000e+02 4.532955226416537364e+00
5.870999755859375000e+02 5.369250760978786730e+00
5.872000122070312500e+02 4.144222700206352528e+00
5.872999877929687500e+02 4.523236514627499538e+00
5.874000244140625000e+02 4.340303572827429512e+00
5.875000000000000000e+02 4.351547731585749368e+00
5.875999755859375000e+02 4.517244691122765055e+00
5.877000122070312500e+02 5.084640831535860883e+00
5.877999877929687500e+02 4.571887407120209801e+00
5.879000244140625000e+02 4.259265489627878765e+00
5.880000000000000000e+02 5.522338605925647848e+00
5.880999755859375000e+02 4.797752909666174403e+00
5.882000122070312500e+02 4.783712270359330887e+00
5.882999877929687500e+02 4.779583863520089793e+00
5.884000244140625000e+02 3.881030228311940000e+00
5.885000000000000000e+02 3.675342288595286000e+00
5.885999755859375000e+02 4.069252899373005938e+00
5.887000122070312500e+02 5.068560402626038019e+00
5.887999877929687500e+02 5.205341387159285738e+00
5.889000244140625000e+02 4.128002535305389742e+00
5.890000000000000000e+02 5.409435100447094413e+00
5.890999755859375000e+02 3.213353091070868306e+00
5.892000122070312500e+02 3.701830132481098268e+00
5.892999877929687500e+02 5.244434176033264450e+00
5.894000244140625000e+02 3.493965081094803082e+00
5.895000000000000000e+02 7.235046235247961199e+00
5.895999755859375000e+02 5.966868320797487968e+00
5.897000122070312500e+02 4.079081742077085515e+00
5.897999877929687500e+02 4.773660284159045197e+00
5.899000244140625000e+02 3.813021629019945458e+00
5.900000000000000000e+02 4.645450363048742481e+00
5.900999755859375000e+02 4.957019077881632541e+00
5.902000122070312500e+02 3.695621659509168211e+00
5.902999877929687500e+02 3.343401831685597791e+00
5.904000244140625000e+02 3.696558200523111903e+00
5.905000000000000000e+02 4.034008982132093024e+00
5.905999755859375000e+02 4.524922423863231735e+00
5.907000122070312500e+02 4.253826022987742483e+00
5.907999877929687500e+02 4.116995680684805592e+00
5.909000244140625000e+02 3.411982417498983455e+00
5.910000000000000000e+02 4.340558305114003090e+00
5.910999755859375000e+02 6.678405066561939663e+00
5.912000122070312500e+02 5.801177446532491011e+00
5.912999877929687500e+02 4.740307341352242965e+00
5.914000244140625000e+02 4.762921319274316723e+00
5.915000000000000000e+02 5.307231454183595432e+00
5.915999755859375000e+02 5.813719211549078558e+00
5.917000122070312500e+02 4.922245229185491233e+00
5.917999877929687500e+02 5.007320881337549601e+00
5.919000244140625000e+02 5.750768902201140342e+00
5.920000000000000000e+02 5.553406169354163424e+00
5.920999755859375000e+02 5.028693305579881923e+00
5.922000122070312500e+02 5.857153459439611964e+00
5.922999877929687500e+02 6.338618626542910306e+00
5.924000244140625000e+02 4.915517184074886359e+00
5.925000000000000000e+02 5.681639161946952399e+00
5.925999755859375000e+02 5.849340895289467213e+00
5.927000122070312500e+02 3.948260232372781786e+00
5.927999877929687500e+02 4.342941353485417544e+00
5.929000244140625000e+02 4.382620440701078479e+00
5.930000000000000000e+02 4.503427154324441517e+00
5.930999755859375000e+02 3.652628851391132248e+00
5.932000122070312500e+02 4.227111557202982262e+00
5.932999877929687500e+02 3.786939214507548002e+00
5.934000244140625000e+02 3.621460566489092869e+00
5.935000000000000000e+02 3.424373039430904431e+00
5.935999755859375000e+02 4.894247218507223884e+00
5.937000122070312500e+02 5.628383778959386241e+00
5.937999877929687500e+02 5.097114307205596440e+00
5.939000244140625000e+02 7.353616771361299875e+00
5.940000000000000000e+02 4.754989740425377143e+00
5.940999755859375000e+02 5.834908420506828897e+00
5.942000122070312500e+02 4.341008693021648490e+00
5.942999877929687500e+02 5.182302004249295990e+00
5.944000244140625000e+02 5.811659515299981038e+00
5.945000000000000000e+02 5.685680208619999121e+00
5.945999755859375000e+02 5.783455282269764020e+00
5.947000122070312500e+02 4.680698174104235498e+00
5.947999877929687500e+02 4.302149991070425727e+00
5.949000244140625000e+02 5.516207626731696401e+00
5.950000000000000000e+02 6.091046058554437259e+00
5.950999755859375000e+02 5.694589051075526598e+00
5.952000122070312500e+02 5.427846121758642006e+00
5.952999877929687500e+02 5.477125054696588613e+00
