0.000000000000000000e+00 3.509166027859425441e+00
1.000000014901161194e-01 3.905577940312182861e+00
2.000000029802322388e-01 4.372251735772135994e+00
3.000000119209289551e-01 5.449926532054448991e+00
4.000000059604644775e-01 4.903730642528632444e+00
5.000000000000000000e-01 5.735998293919876367e+00
6.000000238418579102e-01 6.487988969103128944e+00
6.999999880790710449e-01 4.791137763282240059e+00
8.000000119209289551e-01 5.512595023831128316e+00
8.999999761581420898e-01 7.852524686205055282e+00
1.000000000000000000e+00 3.779096858079751264e+00
1.100000023841857910e+00 3.851104007864226464e+00
1.200000047683715820e+00 3.917678150519767311e+00
1.299999952316284180e+00 3.874695556942215013e+00
1.399999976158142090e+00 3.994627695689380253e+00
1.500000000000000000e+00 4.606278352490915218e+00
1.600000023841857910e+00 3.555857810964090593e+00
1.700000047683715820e+00 5.879704740689136067e+00
1.799999952316284180e+00 4.917653121843280850e+00
1.899999976158142090e+00 4.169867156376080075e+00
2.000000000000000000e+00 4.549855600074268480e+00
2.099999904632568359e+00 1.142540473847894411e+01
2.200000047683715820e+00 8.636726455384579282e+00
2.299999952316284180e+00 9.312812731510796027e+00
2.400000095367431641e+00 8.028535758081172702e+00
2.500000000000000000e+00 7.590968835481253230e+00
2.599999904632568359e+00 4.502275493290461839e+00
2.700000047683715820e+00 4.265854232369783006e+00
2.799999952316284180e+00 5.582415922827573596e+00
2.900000095367431641e+00 4.137368104493547527e+00
3.000000000000000000e+00 6.331870470264370887e+00
3.099999904632568359e+00 6.387844274278335455e+00
3.200000047683715820e+00 7.540180617479014913e+00
3.299999952316284180e+00 9.996041374595209916e+00
3.400000095367431641e+00 9.137625212534912222e+00
3.500000000000000000e+00 8.208523870184645688e+00
3.599999904632568359e+00 7.526268552569729486e+00
3.700000047683715820e+00 6.932809663256204402e+00
3.799999952316284180e+00 4.821900325905649431e+00
3.900000095367431641e+00 6.050239309957746947e+00
4.000000000000000000e+00 8.706393374224415282e+00
4.099999904632568359e+00 8.793871460473825508e+00
4.199999809265136719e+00 6.073445844882304989e+00
4.300000190734863281e+00 4.510699801908679696e+00
4.400000095367431641e+00 6.586306082430670727e+00
4.500000000000000000e+00 8.426798211952920781e+00
4.599999904632568359e+00 6.221096128410220416e+00
4.699999809265136719e+00 1.095244147160365777e+01
4.800000190734863281e+00 1.049066602534028725e+01
4.900000095367431641e+00 8.344486551857480450e+00
5.000000000000000000e+00 8.330085721372073593e+00
5.099999904632568359e+00 4.715228893354005635e+00
5.199999809265136719e+00 4.456389214776856456e+00
5.300000190734863281e+00 7.930121598979813058e+00
5.400000095367431641e+00 5.853274572634151518e+00
5.500000000000000000e+00 6.756499225548059151e+00
5.599999904632568359e+00 4.929000764280095481e+00
5.699999809265136719e+00 6.165996351259228625e+00
5.800000190734863281e+00 5.314537716253254551e+00
5.900000095367431641e+00 4.456861980800600698e+00
6.000000000000000000e+00 4.111116826604258812e+00
6.099999904632568359e+00 4.271098175405593445e+00
6.199999809265136719e+00 4.249520489394163825e+00
6.300000190734863281e+00 4.753981744806893062e+00
6.400000095367431641e+00 4.753688037176360126e+00
6.500000000000000000e+00 4.526080358164496609e+00
6.599999904632568359e+00 8.817683942363427008e+00
6.699999809265136719e+00 1.068290739798060152e+01
6.800000190734863281e+00 1.265477274897919457e+01
6.900000095367431641e+00 6.088604691378387557e+00
7.000000000000000000e+00 6.234330835469171106e+00
7.099999904632568359e+00 5.956627047025245147e+00
7.199999809265136719e+00 8.114175481483380636e+00
7.300000190734863281e+00 6.728680636165352169e+00
7.400000095367431641e+00 8.794152748463398339e+00
7.500000000000000000e+00 7.918400598248143574e+00
7.599999904632568359e+00 1.469652258703681724e+01
7.699999809265136719e+00 1.547408008744660712e+01
7.800000190734863281e+00 1.407850071709734330e+01
7.900000095367431641e+00 1.415533689783719851e+01
8.000000000000000000e+00 1.529283862344210121e+01
8.100000381469726562e+00 1.478318092680719431e+01
8.199999809265136719e+00 2.134906627744682694e+01
8.300000190734863281e+00 1.562169258137640071e+01
8.399999618530273438e+00 2.636442449153877021e+01
8.500000000000000000e+00 4.201299891270228670e+01
8.600000381469726562e+00 6.774251618567333821e+01
8.699999809265136719e+00 8.226967965339269995e+01
8.800000190734863281e+00 8.996405196103580693e+01
8.899999618530273438e+00 5.585321025768005399e+01
9.000000000000000000e+00 6.221884982935554831e+01
9.100000381469726562e+00 5.994676218051822758e+01
9.199999809265136719e+00 1.053450432786981139e+02
9.300000190734863281e+00 8.538090738919780165e+01
9.399999618530273438e+00 7.881234316492458447e+01
9.500000000000000000e+00 7.307488511595596492e+01
9.600000381469726562e+00 6.394836596212553559e+01
9.699999809265136719e+00 6.924950881805330027e+01
9.800000190734863281e+00 5.923387322876008199e+01
9.899999618530273438e+00 6.452660249718853436e+01
1.000000000000000000e+01 5.989910256786686205e+01
1.010000038146972656e+01 8.176352735907919111e+01
1.019999980926513672e+01 9.069628353882903582e+01
1.030000019073486328e+01 7.690147323658936784e+01
1.039999961853027344e+01 6.673860512109153831e+01
1.050000000000000000e+01 1.039255953827809407e+02
1.060000038146972656e+01 1.096220264455636340e+02
1.069999980926513672e+01 1.016141093604942114e+02
1.080000019073486328e+01 8.019815561767408951e+01
1.089999961853027344e+01 8.029412334913487825e+01
1.100000000000000000e+01 8.083223903285579581e+01
1.110000038146972656e+01 8.229190071312902433e+01
1.119999980926513672e+01 8.393090888538138472e+01
1.130000019073486328e+01 6.336072557524994409e+01
1.139999961853027344e+01 7.686576055210879588e+01
1.150000000000000000e+01 7.965223178378613511e+01
1.160000038146972656e+01 6.470729071315285807e+01
1.169999980926513672e+01 6.455134231051124516e+01
1.180000019073486328e+01 8.248249388445321983e+01
1.189999961853027344e+01 8.048063520496683054e+01
1.200000000000000000e+01 7.934237286229031838e+01
1.210000038146972656e+01 6.972928390350037375e+01
1.219999980926513672e+01 7.030537432375503215e+01
1.230000019073486328e+01 8.747321187671303733e+01
1.239999961853027344e+01 1.207363551377807198e+02
1.250000000000000000e+01 7.037096439449723562e+01
1.260000038146972656e+01 4.488319813060898866e+01
1.269999980926513672e+01 3.534547005492767369e+01
1.280000019073486328e+01 2.820069442802838466e+01
1.289999961853027344e+01 2.894291645935607704e+01
1.300000000000000000e+01 2.598322627512861516e+01
1.310000038146972656e+01 2.032260507033209507e+01
1.319999980926513672e+01 3.876533667578521403e+01
1.330000019073486328e+01 4.316093242177524303e+01
1.339999961853027344e+01 6.149543831281890505e+01
1.350000000000000000e+01 8.376185889575234000e+01
1.360000038146972656e+01 8.808702668442809625e+01
1.369999980926513672e+01 1.068414430033390943e+02
1.380000019073486328e+01 7.985133538557067823e+01
1.389999961853027344e+01 8.463005455077666284e+01
1.400000000000000000e+01 8.416406686051452368e+01
1.410000038146972656e+01 8.445705956000644221e+01
1.419999980926513672e+01 7.922401340711118678e+01
1.430000019073486328e+01 8.709206716498458434e+01
1.439999961853027344e+01 6.840805044571951044e+01
1.450000000000000000e+01 6.498156438898172382e+01
1.460000038146972656e+01 3.746302537345498962e+01
1.469999980926513672e+01 2.462574727039851652e+01
1.480000019073486328e+01 6.049742670387802690e+01
1.489999961853027344e+01 5.528241600999238159e+01
1.500000000000000000e+01 5.510545984506045869e+01
1.510000038146972656e+01 5.285116070267929445e+01
1.519999980926513672e+01 3.007354862946297303e+01
1.530000019073486328e+01 2.483028537637625988e+01
1.539999961853027344e+01 1.660412929413931238e+01
1.550000000000000000e+01 3.589564104983203663e+01
1.560000038146972656e+01 3.328003926442373483e+01
1.569999980926513672e+01 3.202434401096498817e+01
1.580000019073486328e+01 4.307496893063405707e+01
1.589999961853027344e+01 5.797651256592450153e+01
1.600000000000000000e+01 7.894922564477427329e+01
1.610000038146972656e+01 6.465404354081877614e+01
1.620000076293945312e+01 7.643042576298664414e+01
1.629999923706054688e+01 8.299660785418150510e+01
1.639999961853027344e+01 1.038087183745229680e+02
1.650000000000000000e+01 6.630339510699040773e+01
1.660000038146972656e+01 9.678124964535798824e+01
1.670000076293945312e+01 1.058619145996214712e+02
1.679999923706054688e+01 7.355714988077572514e+01
1.689999961853027344e+01 4.770340516741429582e+01
1.700000000000000000e+01 4.414382670280662779e+01
1.710000038146972656e+01 4.439822774814755491e+01
1.720000076293945312e+01 5.915629211857635994e+01
1.729999923706054688e+01 6.577079625357077930e+01
1.739999961853027344e+01 5.518385915747149539e+01
1.750000000000000000e+01 4.583468745894069230e+01
1.760000038146972656e+01 4.569828518279797436e+01
1.770000076293945312e+01 4.501132915205877794e+01
1.779999923706054688e+01 5.929598911929843297e+01
1.789999961853027344e+01 4.241798103847543189e+01
1.800000000000000000e+01 5.305303397979825064e+01
1.810000038146972656e+01 4.627689230459692737e+01
1.820000076293945312e+01 3.383516186111587842e+01
1.829999923706054688e+01 3.299526602924961338e+01
1.839999961853027344e+01 3.475544922266831094e+01
1.850000000000000000e+01 4.317083544571626419e+01
1.860000038146972656e+01 4.234862579910842584e+01
1.870000076293945312e+01 3.776700541631493024e+01
1.879999923706054688e+01 3.219808641661328608e+01
1.889999961853027344e+01 4.750476534356227631e+01
1.900000000000000000e+01 5.415550763837320147e+01
1.910000038146972656e+01 4.697694327906187794e+01
1.920000076293945312e+01 5.606791092054220371e+01
1.929999923706054688e+01 4.488546575698190821e+01
1.939999961853027344e+01 5.234684425831062526e+01
1.950000000000000000e+01 2.930520205348646812e+01
1.960000038146972656e+01 3.131519880636695774e+01
1.970000076293945312e+01 3.122760198970372159e+01
1.979999923706054688e+01 3.257186267366158461e+01
1.989999961853027344e+01 3.270899379928240336e+01
2.000000000000000000e+01 3.239276069535565483e+01
2.010000038146972656e+01 3.109101222258499320e+01
2.020000076293945312e+01 3.150151029972307981e+01
2.029999923706054688e+01 3.031621113674976797e+01
2.039999961853027344e+01 3.173756639548174618e+01
2.050000000000000000e+01 3.171882547707700084e+01
2.060000038146972656e+01 3.091948899315948651e+01
2.070000076293945312e+01 2.995711803097377057e+01
2.079999923706054688e+01 3.075868317326633061e+01
2.089999961853027344e+01 3.135480700334532855e+01
2.100000000000000000e+01 3.129407674828133779e+01
2.110000038146972656e+01 3.067199155082776585e+01
2.120000076293945312e+01 3.119525192873992125e+01
2.129999923706054688e+01 3.061255306446098601e+01
2.139999961853027344e+01 3.204971341934867013e+01
2.150000000000000000e+01 3.150845109078283102e+01
2.160000038146972656e+01 2.979419744012033533e+01
2.170000076293945312e+01 3.041951938211613182e+01
2.179999923706054688e+01 3.013723666037838456e+01
2.189999961853027344e+01 3.064157974546050411e+01
2.200000000000000000e+01 3.067518549040823217e+01
2.210000038146972656e+01 3.106231409131876475e+01
2.220000076293945312e+01 3.330288630200271172e+01
2.229999923706054688e+01 3.309870646476633027e+01
2.239999961853027344e+01 3.308862734580682030e+01
2.250000000000000000e+01 3.014623687308620958e+01
2.260000038146972656e+01 3.537626413411138770e+01
2.270000076293945312e+01 3.022228425567845633e+01
2.279999923706054688e+01 3.076550027262770826e+01
2.289999961853027344e+01 3.097216958074606552e+01
2.300000000000000000e+01 3.145961016740594474e+01
2.310000038146972656e+01 3.179997516967667082e+01
2.320000076293945312e+01 3.280436688689288616e+01
2.329999923706054688e+01 3.409093457286954987e+01
2.339999961853027344e+01 2.423197059893056604e+01
2.350000000000000000e+01 2.620766075724055710e+01
2.360000038146972656e+01 2.781427810511419096e+01
2.370000076293945312e+01 2.960374246811329968e+01
2.379999923706054688e+01 2.878359100517179670e+01
2.389999961853027344e+01 2.966531275991180649e+01
2.400000000000000000e+01 3.378033028754029488e+01
2.410000038146972656e+01 3.442316135633960528e+01
2.420000076293945312e+01 2.878061469894374369e+01
2.429999923706054688e+01 3.181765072114465198e+01
2.439999961853027344e+01 3.028403965971763867e+01
2.450000000000000000e+01 2.873009006823317435e+01
2.460000038146972656e+01 2.535554193076715634e+01
2.470000076293945312e+01 2.846476215839980028e+01
2.479999923706054688e+01 2.984828407226226687e+01
2.489999961853027344e+01 3.027035011925799424e+01
2.500000000000000000e+01 2.753054959538863500e+01
2.510000038146972656e+01 2.882069081432480573e+01
2.520000076293945312e+01 2.848421702644104414e+01
2.529999923706054688e+01 2.871733867740824309e+01
2.539999961853027344e+01 2.686194204419751230e+01
2.550000000000000000e+01 3.275290184415255368e+01
2.560000038146972656e+01 2.932093113731387746e+01
2.570000076293945312e+01 2.654392369023231169e+01
2.579999923706054688e+01 2.880591472439540013e+01
2.589999961853027344e+01 3.142481961329959361e+01
2.600000000000000000e+01 3.235087143685039024e+01
2.610000038146972656e+01 3.241650155215455698e+01
2.620000076293945312e+01 3.209694626964551389e+01
2.629999923706054688e+01 3.387515540385108181e+01
2.639999961853027344e+01 3.370179465235801786e+01
2.650000000000000000e+01 3.220587879280275700e+01
2.660000038146972656e+01 2.884876653542501401e+01
2.670000076293945312e+01 3.015551010520177400e+01
2.679999923706054688e+01 3.204892767212400884e+01
2.689999961853027344e+01 3.233587493419911141e+01
2.700000000000000000e+01 3.112853148285847737e+01
2.710000038146972656e+01 3.181259823242116980e+01
2.720000076293945312e+01 3.227443514567063687e+01
2.729999923706054688e+01 4.163390936716979951e+01
2.739999961853027344e+01 5.775144136764988190e+01
2.750000000000000000e+01 6.336538157573582453e+01
2.760000038146972656e+01 5.384474610180198795e+01
2.770000076293945312e+01 6.763090055339506534e+01
2.779999923706054688e+01 7.903654810397549113e+01
2.789999961853027344e+01 7.390090415565582305e+01
2.800000000000000000e+01 6.824556510872940862e+01
2.810000038146972656e+01 9.296052140798828134e+01
2.820000076293945312e+01 1.078708377898892792e+02
2.829999923706054688e+01 1.032628120867358774e+02
2.839999961853027344e+01 1.032936895462608078e+02
2.850000000000000000e+01 1.005837178418052531e+02
2.860000038146972656e+01 1.103101328556315934e+02
2.870000076293945312e+01 7.781045334475457764e+01
2.879999923706054688e+01 7.887720843207091548e+01
2.889999961853027344e+01 8.538729345674491356e+01
2.900000000000000000e+01 7.957195899551497575e+01
2.910000038146972656e+01 5.221683983671902496e+01
2.920000076293945312e+01 6.292169439689359933e+01
2.929999923706054688e+01 6.711810206143354662e+01
2.939999961853027344e+01 8.003316198419398120e+01
2.950000000000000000e+01 9.036019109477634004e+01
2.960000038146972656e+01 9.269119117432845201e+01
2.970000076293945312e+01 7.545406053876975250e+01
2.979999923706054688e+01 1.024658197697915369e+02
2.989999961853027344e+01 9.514897716010354145e+01
3.000000000000000000e+01 1.008244574545360166e+02
3.010000038146972656e+01 8.599869850276115812e+01
3.020000076293945312e+01 1.033627477016933511e+02
3.029999923706054688e+01 9.106626115614226080e+01
3.039999961853027344e+01 5.585836198613209547e+01
3.050000000000000000e+01 2.333808314680035068e+01
3.060000038146972656e+01 7.691365823330350793e+01
3.070000076293945312e+01 3.880550597067259844e+01
3.079999923706054688e+01 4.109745022300575101e+01
3.089999961853027344e+01 5.380492494760090239e+01
3.100000000000000000e+01 5.914987260093781885e+01
3.110000038146972656e+01 5.429136586838126277e+01
3.120000076293945312e+01 4.402278944090613066e+01
3.129999923706054688e+01 3.819743856176000207e+01
3.139999961853027344e+01 3.628753745236355144e+01
3.150000000000000000e+01 4.846804016291028461e+01
3.160000038146972656e+01 6.061727255060991837e+01
3.170000076293945312e+01 5.962614690765661152e+01
3.179999923706054688e+01 7.192597395233944724e+01
3.189999961853027344e+01 5.680736828279245287e+01
3.200000000000000000e+01 5.926626821946742041e+01
3.209999847412109375e+01 9.649724174939554189e+01
3.220000076293945312e+01 6.997394767508409075e+01
3.229999923706054688e+01 6.979030892086079518e+01
3.240000152587890625e+01 6.938742242936507409e+01
3.250000000000000000e+01 7.626923012045115513e+01
3.259999847412109375e+01 7.773243109064667067e+01
3.270000076293945312e+01 7.488540885905861444e+01
3.279999923706054688e+01 8.226070293642166575e+01
3.290000152587890625e+01 5.449544507760968770e+01
3.300000000000000000e+01 3.498266313406344352e+01
3.309999847412109375e+01 5.917687411187890945e+01
3.320000076293945312e+01 6.513059020322097581e+01
3.329999923706054688e+01 5.827092555518975558e+01
3.340000152587890625e+01 5.293739355715197803e+01
3.350000000000000000e+01 5.748644269237772164e+01
3.359999847412109375e+01 5.459702442984043103e+01
3.370000076293945312e+01 4.719503670432287379e+01
3.379999923706054688e+01 5.459858289120119679e+01
3.390000152587890625e+01 5.085063865251368043e+01
3.400000000000000000e+01 5.771389945584823522e+01
3.409999847412109375e+01 4.804773706551085155e+01
3.420000076293945312e+01 4.495274477947688752e+01
3.429999923706054688e+01 5.982933847532719085e+01
3.440000152587890625e+01 6.781374724832923562e+01
3.450000000000000000e+01 8.159562813235778833e+01
3.459999847412109375e+01 7.365240921580159750e+01
3.470000076293945312e+01 9.441126513795177289e+01
3.479999923706054688e+01 8.379028807956970581e+01
3.490000152587890625e+01 8.262886023185357942e+01
3.500000000000000000e+01 6.726683313411503207e+01
3.509999847412109375e+01 7.788602232833581240e+01
3.520000076293945312e+01 7.343005218301141213e+01
3.529999923706054688e+01 5.975370623640733925e+01
3.540000152587890625e+01 7.437214704000946597e+01
3.550000000000000000e+01 5.893302065854631877e+01
3.559999847412109375e+01 7.184753309680218081e+01
3.570000076293945312e+01 8.298839241894839347e+01
3.579999923706054688e+01 7.975153292510707104e+01
3.590000152587890625e+01 7.417316281347993367e+01
3.600000000000000000e+01 7.503629343232272220e+01
3.609999847412109375e+01 6.216884844569965196e+01
3.620000076293945312e+01 6.064166513196286701e+01
3.629999923706054688e+01 9.632766473771361859e+01
3.640000152587890625e+01 7.682781492925875000e+01
3.650000000000000000e+01 6.935304879485514107e+01
3.659999847412109375e+01 6.136748492692657919e+01
3.670000076293945312e+01 7.039066773020233825e+01
3.679999923706054688e+01 5.763903900044934403e+01
3.690000152587890625e+01 3.213061756951166359e+01
3.700000000000000000e+01 4.908035362591059680e+01
3.709999847412109375e+01 4.374145210710182141e+01
3.720000076293945312e+01 3.217849406074119401e+01
3.729999923706054688e+01 2.513896595329304873e+01
3.740000152587890625e+01 1.074995811682501312e+01
3.750000000000000000e+01 1.406233867249394720e+01
3.759999847412109375e+01 1.263632785363166278e+01
3.770000076293945312e+01 7.916102548410679951e+00
3.779999923706054688e+01 8.623230316716567145e+00
3.790000152587890625e+01 6.876049783186599207e+00
3.800000000000000000e+01 7.860939208405997469e+00
3.809999847412109375e+01 8.792256727543659167e+00
3.820000076293945312e+01 9.936450080214854097e+00
3.829999923706054688e+01 8.450203923586601107e+00
3.840000152587890625e+01 6.098249410736388043e+00
3.850000000000000000e+01 8.316899770372968348e+00
3.859999847412109375e+01 8.784214929761587243e+00
3.870000076293945312e+01 1.693935885717060330e+01
3.879999923706054688e+01 1.610194200413880949e+01
3.890000152587890625e+01 1.953974925857184175e+01
3.900000000000000000e+01 2.664122583894592822e+01
3.909999847412109375e+01 4.464779580245615165e+01
3.920000076293945312e+01 5.876283440514927747e+01
3.929999923706054688e+01 5.758538903986315916e+01
3.940000152587890625e+01 7.433799544161659867e+01
3.950000000000000000e+01 7.471155517993075534e+01
3.959999847412109375e+01 5.626104381092682871e+01
3.970000076293945312e+01 6.187912019717855117e+01
3.979999923706054688e+01 6.188492524920199855e+01
3.990000152587890625e+01 4.009810017589452258e+01
4.000000000000000000e+01 3.598499682115988918e+01
4.009999847412109375e+01 4.161328051188310440e+01
4.020000076293945312e+01 6.348864330978156545e+01
4.029999923706054688e+01 6.072723937013613948e+01
4.040000152587890625e+01 5.133774242414943245e+01
4.050000000000000000e+01 5.388401306691343962e+01
4.059999847412109375e+01 5.882669996956279590e+01
4.070000076293945312e+01 4.721639972853584766e+01
4.079999923706054688e+01 5.348084555876113910e+01
4.090000152587890625e+01 4.947926099558696222e+01
4.100000000000000000e+01 4.593184661898662569e+01
4.109999847412109375e+01 4.812409749471913756e+01
4.120000076293945312e+01 5.172500404988824840e+01
4.129999923706054688e+01 7.417472915530237287e+01
4.140000152587890625e+01 5.092163200200272399e+01
4.150000000000000000e+01 7.701220875144679212e+01
4.159999847412109375e+01 6.878448054119436961e+01
4.170000076293945312e+01 8.591329483100336972e+01
4.179999923706054688e+01 4.572930227208130560e+01
4.190000152587890625e+01 8.570549505548812874e+01
4.200000000000000000e+01 7.355675508766360338e+01
4.209999847412109375e+01 6.966525096998853428e+01
4.220000076293945312e+01 7.900558780064964992e+01
4.229999923706054688e+01 3.833464850608856977e+01
4.240000152587890625e+01 3.424983839694613152e+01
4.250000000000000000e+01 2.894484299815065853e+01
4.259999847412109375e+01 6.475447732717009330e+01
4.270000076293945312e+01 5.993570774514211763e+01
4.279999923706054688e+01 6.369747316965208483e+01
4.290000152587890625e+01 5.380489898164341867e+01
4.300000000000000000e+01 4.982936219864976835e+01
4.309999847412109375e+01 5.366344647232374854e+01
4.320000076293945312e+01 5.172706378750981315e+01
4.329999923706054688e+01 4.973669558622379583e+01
4.340000152587890625e+01 5.106672864608454887e+01
4.350000000000000000e+01 5.299569121527778037e+01
4.359999847412109375e+01 3.464616997211378902e+01
4.370000076293945312e+01 3.910669257693042056e+01
4.379999923706054688e+01 4.779848789533890141e+01
4.390000152587890625e+01 5.643039369601587651e+01
4.400000000000000000e+01 7.328985756949133190e+01
4.409999847412109375e+01 7.974167846034508500e+01
4.420000076293945312e+01 7.026428839058840481e+01
4.429999923706054688e+01 6.976302246038763144e+01
4.440000152587890625e+01 7.624045720489287703e+01
4.450000000000000000e+01 7.353577065376039457e+01
4.459999847412109375e+01 7.596016040852343565e+01
4.470000076293945312e+01 6.635721536077829796e+01
4.479999923706054688e+01 7.707052292794446657e+01
4.490000152587890625e+01 5.085109640033529388e+01
4.500000000000000000e+01 7.055949225638835287e+01
4.509999847412109375e+01 6.121288199859980494e+01
4.520000076293945312e+01 5.247457130706854400e+01
4.529999923706054688e+01 5.105214758506929229e+01
4.540000152587890625e+01 5.521122211741658248e+01
4.550000000000000000e+01 8.571186941835242123e+01
4.559999847412109375e+01 9.204663423868224470e+01
4.570000076293945312e+01 8.174905246614329712e+01
4.579999923706054688e+01 6.003951310340418956e+01
4.590000152587890625e+01 5.293172715326642219e+01
4.600000000000000000e+01 8.007760249783298434e+01
4.609999847412109375e+01 7.226190772788568495e+01
4.620000076293945312e+01 6.720839944915459796e+01
4.629999923706054688e+01 6.777598201863213490e+01
4.640000152587890625e+01 6.674557305341359381e+01
4.650000000000000000e+01 7.056001539564486791e+01
4.659999847412109375e+01 7.583899457564569957e+01
4.670000076293945312e+01 6.834904954481440598e+01
4.679999923706054688e+01 7.396938303810586035e+01
4.690000152587890625e+01 8.288576260682695818e+01
4.700000000000000000e+01 9.702160753787303804e+01
4.709999847412109375e+01 8.920877038921925362e+01
4.720000076293945312e+01 7.546124288772642785e+01
4.729999923706054688e+01 7.328988816471678547e+01
4.740000152587890625e+01 5.661738178071531991e+01
4.750000000000000000e+01 5.861896834922160338e+01
4.759999847412109375e+01 6.317965430468787957e+01
4.770000076293945312e+01 5.451977193851558212e+01
4.779999923706054688e+01 5.189334250164885987e+01
4.790000152587890625e+01 5.834762605379042100e+01
4.800000000000000000e+01 6.448232678814073893e+01
4.809999847412109375e+01 6.791461408501103847e+01
4.820000076293945312e+01 6.032900381599714024e+01
4.829999923706054688e+01 5.159389334429833696e+01
4.840000152587890625e+01 4.418275377106014190e+01
4.850000000000000000e+01 6.480848833678837195e+01
4.859999847412109375e+01 4.805667950214365192e+01
4.870000076293945312e+01 6.860493974273647666e+01
4.879999923706054688e+01 7.253999415388749128e+01
4.890000152587890625e+01 8.423818860988998836e+01
4.900000000000000000e+01 8.200692520683482201e+01
4.909999847412109375e+01 9.671751525062160226e+01
4.920000076293945312e+01 8.677804252611109348e+01
4.929999923706054688e+01 7.059445046779774202e+01
4.940000152587890625e+01 8.832736979136475952e+01
4.950000000000000000e+01 7.480257196079830351e+01
4.959999847412109375e+01 8.785390557489097318e+01
4.970000076293945312e+01 6.625222646892673595e+01
4.979999923706054688e+01 7.011775679751617929e+01
4.990000152587890625e+01 5.895502119433987076e+01
5.000000000000000000e+01 6.289372744903764811e+01
5.009999847412109375e+01 4.315693421963786847e+01
5.020000076293945312e+01 4.660025407655700747e+01
5.029999923706054688e+01 8.336487346105855067e+01
5.040000152587890625e+01 7.520687458963547556e+01
5.050000000000000000e+01 7.215943150774704407e+01
5.059999847412109375e+01 9.204569425921002335e+01
5.070000076293945312e+01 8.536380723822573202e+01
5.079999923706054688e+01 8.423405623777121320e+01
5.090000152587890625e+01 7.921815670074120419e+01
5.100000000000000000e+01 7.298249136936018999e+01
5.109999847412109375e+01 8.467959927510537455e+01
5.120000076293945312e+01 8.934758859979946521e+01
5.129999923706054688e+01 5.267201520739798326e+01
5.140000152587890625e+01 5.183538885720722078e+01
5.150000000000000000e+01 5.612160971016923128e+01
5.159999847412109375e+01 4.276882981793128380e+01
5.170000076293945312e+01 4.121525981767542390e+01
5.179999923706054688e+01 5.002351837584770777e+01
5.190000152587890625e+01 5.150722777494576121e+01
5.200000000000000000e+01 4.162277094217336781e+01
5.209999847412109375e+01 5.137829612934964274e+01
5.220000076293945312e+01 4.116449013287618897e+01
5.229999923706054688e+01 4.382990444358969739e+01
5.240000152587890625e+01 4.885179322035148886e+01
5.250000000000000000e+01 5.860385544437693284e+01
5.259999847412109375e+01 7.299720527324080876e+01
5.270000076293945312e+01 7.061996257275552580e+01
5.279999923706054688e+01 1.086952672762992194e+02
5.290000152587890625e+01 1.092648799847849403e+02
5.300000000000000000e+01 1.037239775093920713e+02
5.309999847412109375e+01 9.712384475442266307e+01
5.320000076293945312e+01 7.076913440517661513e+01
5.329999923706054688e+01 6.902658234650075997e+01
5.340000152587890625e+01 7.851329362567250314e+01
5.350000000000000000e+01 9.074549360494627592e+01
5.359999847412109375e+01 7.141220876517380134e+01
5.370000076293945312e+01 8.264857234881003478e+01
5.379999923706054688e+01 6.624630562265390665e+01
5.390000152587890625e+01 5.439605744884095628e+01
5.400000000000000000e+01 3.270972825564109598e+01
5.409999847412109375e+01 3.841942191922368721e+01
5.420000076293945312e+01 3.544767670992248298e+01
5.429999923706054688e+01 9.096522254396658980e+01
5.440000152587890625e+01 8.891129987350146280e+01
5.450000000000000000e+01 9.553994581575194900e+01
5.459999847412109375e+01 1.126289926872341169e+02
5.470000076293945312e+01 5.906567553131571202e+01
5.479999923706054688e+01 1.025476739454951769e+02
5.490000152587890625e+01 9.095553557813920520e+01
5.500000000000000000e+01 8.641544811843233731e+01
5.509999847412109375e+01 7.450710112133960195e+01
5.520000076293945312e+01 6.551211610200152791e+01
5.529999923706054688e+01 6.610072389161950923e+01
5.540000152587890625e+01 7.733603887170872326e+01
5.550000000000000000e+01 7.479990148683558004e+01
5.559999847412109375e+01 9.132174733993899451e+01
5.570000076293945312e+01 5.309378040147026923e+01
5.579999923706054688e+01 5.580799908252183883e+01
5.590000152587890625e+01 7.021078552675787421e+01
5.600000000000000000e+01 6.404102572452806896e+01
5.609999847412109375e+01 5.709286245073341348e+01
5.620000076293945312e+01 6.308139230839020684e+01
5.629999923706054688e+01 4.534985535138729773e+01
5.640000152587890625e+01 3.282393096753717998e+01
5.650000000000000000e+01 5.448356839409493801e+01
5.659999847412109375e+01 4.747167355764650409e+01
5.670000076293945312e+01 4.687321523766419062e+01
5.679999923706054688e+01 6.546733840118859860e+01
5.690000152587890625e+01 7.757207543448845399e+01
5.700000000000000000e+01 7.433192376892566244e+01
5.709999847412109375e+01 7.237281928600131664e+01
5.720000076293945312e+01 7.640703421765817893e+01
5.729999923706054688e+01 5.986909748560733391e+01
5.740000152587890625e+01 3.906271745827719144e+01
5.750000000000000000e+01 3.217437603364599141e+01
5.759999847412109375e+01 2.752455745511328900e+01
5.770000076293945312e+01 3.829826852366792167e+01
5.779999923706054688e+01 3.888908862212259265e+01
5.790000152587890625e+01 7.192659567335481086e+01
5.800000000000000000e+01 7.541401876433978657e+01
5.809999847412109375e+01 3.308371286841200742e+01
5.820000076293945312e+01 2.513676717348974066e+01
5.829999923706054688e+01 4.564685357692177803e+01
5.840000152587890625e+01 3.738284288149068146e+01
5.850000000000000000e+01 3.581800130171869512e+01
5.859999847412109375e+01 7.140881284994952694e+01
5.870000076293945312e+01 7.313804210888889656e+01
5.879999923706054688e+01 7.709606013583173478e+01
5.890000152587890625e+01 6.023368678170704271e+01
5.900000000000000000e+01 6.962842497801774755e+01
5.909999847412109375e+01 5.291957606416310966e+01
5.920000076293945312e+01 4.953597581852701381e+01
5.929999923706054688e+01 4.722105053632155602e+01
5.940000152587890625e+01 5.896287723816666215e+01
5.950000000000000000e+01 8.782609092576120702e+01
5.959999847412109375e+01 8.625174895876659775e+01
5.970000076293945312e+01 8.100124960714903466e+01
5.979999923706054688e+01 8.979114981968805864e+01
5.990000152587890625e+01 8.569497685256038721e+01
6.000000000000000000e+01 5.225494138482417839e+01
6.009999847412109375e+01 4.733651165441246178e+01
6.020000076293945312e+01 5.774380499198561267e+01
6.029999923706054688e+01 4.522246707304572766e+01
6.040000152587890625e+01 4.823913261779701145e+01
6.050000000000000000e+01 3.954232862697097062e+01
6.059999847412109375e+01 4.409240864886697153e+01
6.070000076293945312e+01 5.762784747769579496e+01
6.079999923706054688e+01 5.332277473965530845e+01
6.090000152587890625e+01 5.763357782844470023e+01
6.100000000000000000e+01 4.312812761939021300e+01
6.109999847412109375e+01 5.706282336204051120e+01
6.120000076293945312e+01 5.190051136184063552e+01
6.129999923706054688e+01 6.715144596076471828e+01
6.140000152587890625e+01 6.337711420127394035e+01
6.150000000000000000e+01 6.282684676312072725e+01
6.159999847412109375e+01 5.536561641971223935e+01
6.170000076293945312e+01 4.122826193329456856e+01
6.179999923706054688e+01 4.809124327592585502e+01
6.190000152587890625e+01 3.993638446462283298e+01
6.200000000000000000e+01 3.103709691685857308e+01
6.209999847412109375e+01 5.911615039533286620e+01
6.220000076293945312e+01 6.749504495933764758e+01
6.229999923706054688e+01 7.741315605427567448e+01
6.240000152587890625e+01 8.260934367698069991e+01
6.250000000000000000e+01 6.936397296185580785e+01
6.259999847412109375e+01 8.150252146340292825e+01
6.270000076293945312e+01 7.821069551650816720e+01
6.279999923706054688e+01 9.226239735110320339e+01
6.290000152587890625e+01 4.574208427975174374e+01
6.300000000000000000e+01 3.181838059670274532e+01
6.309999847412109375e+01 1.529138015842226217e+01
6.320000076293945312e+01 1.436120252600078118e+01
6.329999923706054688e+01 1.056508967797073240e+01
6.340000152587890625e+01 7.296834660547904861e+00
6.350000000000000000e+01 6.488352070415902340e+00
6.359999847412109375e+01 5.609804974966759339e+00
6.370000076293945312e+01 6.346161590863863999e+00
6.379999923706054688e+01 6.982795283619098292e+00
6.390000152587890625e+01 7.267949579858970388e+00
6.400000000000000000e+01 7.979514979924710261e+00
6.409999847412109375e+01 7.312297582584903921e+00
6.419999694824218750e+01 7.573477068647354038e+00
6.430000305175781250e+01 9.867789763020518023e+00
6.440000152587890625e+01 8.832649983887426615e+00
6.450000000000000000e+01 9.397190570494776907e+00
6.459999847412109375e+01 8.873963168355867737e+00
6.469999694824218750e+01 6.664733348517521527e+00
6.480000305175781250e+01 6.693540933503642876e+00
6.490000152587890625e+01 8.362703302944131778e+00
6.500000000000000000e+01 8.602301869316098859e+00
6.509999847412109375e+01 9.437297397383529685e+00
6.519999694824218750e+01 8.695052626494803150e+00
6.530000305175781250e+01 9.622376213024750768e+00
6.540000152587890625e+01 6.216423580588678277e+00
6.550000000000000000e+01 7.859043507063711687e+00
6.559999847412109375e+01 9.452220069117649004e+00
6.569999694824218750e+01 7.918735133740051779e+00
6.580000305175781250e+01 8.472275789231444421e+00
6.590000152587890625e+01 9.299753085273209763e+00
6.600000000000000000e+01 9.862362163100833357e+00
6.609999847412109375e+01 9.780369372796727134e+00
6.619999694824218750e+01 9.520583968333964364e+00
6.630000305175781250e+01 9.998044151419428260e+00
6.640000152587890625e+01 9.185241771260264088e+00
6.650000000000000000e+01 8.210440873529725181e+00
6.659999847412109375e+01 6.765804138999191863e+00
6.669999694824218750e+01 6.705296781620782909e+00
6.680000305175781250e+01 7.789580634949399673e+00
6.690000152587890625e+01 6.770206994779924159e+00
6.700000000000000000e+01 7.273416148379135748e+00
6.709999847412109375e+01 8.096196460507062653e+00
6.719999694824218750e+01 8.774844725414848057e+00
6.730000305175781250e+01 1.484519019053600175e+01
6.740000152587890625e+01 1.148470720187689942e+01
6.750000000000000000e+01 1.036128997943420238e+01
6.759999847412109375e+01 7.767906209226272729e+00
6.769999694824218750e+01 7.239499565479561305e+00
6.780000305175781250e+01 6.846106079768672359e+00
6.790000152587890625e+01 7.803833064111618256e+00
6.800000000000000000e+01 8.519537133764810477e+00
6.809999847412109375e+01 7.451184983687656249e+00
6.819999694824218750e+01 7.681716713426837373e+00
6.830000305175781250e+01 1.061246574847221780e+01
6.840000152587890625e+01 1.149686017484133238e+01
6.850000000000000000e+01 9.821268147309796248e+00
6.859999847412109375e+01 8.744413256475342067e+00
6.869999694824218750e+01 7.394766279406010057e+00
6.880000305175781250e+01 8.035567711062107321e+00
6.890000152587890625e+01 7.839911719780461752e+00
6.900000000000000000e+01 7.641501909543704230e+00
6.909999847412109375e+01 7.061302862903557909e+00
6.919999694824218750e+01 7.032447975202046564e+00
6.930000305175781250e+01 7.011531349806911173e+00
6.940000152587890625e+01 6.415876583883461493e+00
6.950000000000000000e+01 6.073491567672006930e+00
6.959999847412109375e+01 5.635113549838775882e+00
6.969999694824218750e+01 6.379673648733720448e+00
6.980000305175781250e+01 7.123672642609630401e+00
6.990000152587890625e+01 6.597146053014326661e+00
7.000000000000000000e+01 7.726827717975603527e+00
7.009999847412109375e+01 1.018412778827749854e+01
7.019999694824218750e+01 9.215103988541521574e+00
7.030000305175781250e+01 7.807808494676027777e+00
7.040000152587890625e+01 8.188135869720513327e+00
7.050000000000000000e+01 7.884615404884020684e+00
7.059999847412109375e+01 7.907769438015585628e+00
7.069999694824218750e+01 7.302585180521945496e+00
7.080000305175781250e+01 6.107645934969788470e+00
7.090000152587890625e+01 7.171796734380115446e+00
7.100000000000000000e+01 8.294908566251512738e+00
7.109999847412109375e+01 6.194147862445499086e+00
7.119999694824218750e+01 8.909352414751877447e+00
7.130000305175781250e+01 1.124022132855242084e+01
7.140000152587890625e+01 9.886362220708416970e+00
7.150000000000000000e+01 9.929130159273384493e+00
7.159999847412109375e+01 9.772098759411175450e+00
7.169999694824218750e+01 9.796906572767575483e+00
7.180000305175781250e+01 1.002635948445774616e+01
7.190000152587890625e+01 1.032542737943416533e+01
7.200000000000000000e+01 9.764634364706092029e+00
7.209999847412109375e+01 1.149258240768225470e+01
7.219999694824218750e+01 8.246745987617142504e+00
7.230000305175781250e+01 8.740801782146604637e+00
7.240000152587890625e+01 7.326784195410438905e+00
7.250000000000000000e+01 8.865095242156268540e+00
7.259999847412109375e+01 9.300946879311606352e+00
7.269999694824218750e+01 8.607125238691180513e+00
7.280000305175781250e+01 8.454323671555428632e+00
7.290000152587890625e+01 9.726204288967975842e+00
7.300000000000000000e+01 8.556227610233504421e+00
7.309999847412109375e+01 7.056757236800906163e+00
7.319999694824218750e+01 6.064155076924230947e+00
7.330000305175781250e+01 7.016424582556421541e+00
7.340000152587890625e+01 9.485973935995286155e+00
7.350000000000000000e+01 8.771782126098440102e+00
7.359999847412109375e+01 9.899172789225136881e+00
7.369999694824218750e+01 6.862797229226842433e+00
7.380000305175781250e+01 7.920264535196420042e+00
7.390000152587890625e+01 5.358523891859582555e+00
7.400000000000000000e+01 2.941272579853519087e+00
7.409999847412109375e+01 3.633038451949921921e+00
7.419999694824218750e+01 4.570441477660997620e+00
7.430000305175781250e+01 3.910262957335002287e+00
7.440000152587890625e+01 4.825332038734158502e+00
7.450000000000000000e+01 4.218771092890457375e+00
7.459999847412109375e+01 3.877405551990289467e+00
7.469999694824218750e+01 4.184274856292049982e+00
7.480000305175781250e+01 3.394842198305200398e+00
7.490000152587890625e+01 4.624128902931703422e+00
7.500000000000000000e+01 3.640969068505900186e+00
7.509999847412109375e+01 4.430582156456579490e+00
7.519999694824218750e+01 3.836255574967268434e+00
7.530000305175781250e+01 4.874147197730459347e+00
7.540000152587890625e+01 6.669096777278679333e+00
7.550000000000000000e+01 4.178543179447093969e+00
7.559999847412109375e+01 4.840346845151047184e+00
7.569999694824218750e+01 4.746332245988471144e+00
7.580000305175781250e+01 6.907678689018880824e+00
7.590000152587890625e+01 8.753202339429627443e+00
7.600000000000000000e+01 8.229607382140684990e+00
7.609999847412109375e+01 7.400619979745508559e+00
7.619999694824218750e+01 1.152490369701230222e+01
7.630000305175781250e+01 9.412267554841131201e+00
7.640000152587890625e+01 9.400476442371280328e+00
7.650000000000000000e+01 9.933942465266300204e+00
7.659999847412109375e+01 8.824317350003825666e+00
7.669999694824218750e+01 1.020417486799935425e+01
7.680000305175781250e+01 8.307901861856482384e+00
7.690000152587890625e+01 7.789124917759989053e+00
7.700000000000000000e+01 7.105966135752546542e+00
7.709999847412109375e+01 1.138599363224151517e+01
7.719999694824218750e+01 1.094175849445568005e+01
7.730000305175781250e+01 1.523615344259103566e+01
7.740000152587890625e+01 1.305718058960976258e+01
7.750000000000000000e+01 6.709960496113855477e+00
7.759999847412109375e+01 6.418184930740787664e+00
7.769999694824218750e+01 6.419708386061736327e+00
7.780000305175781250e+01 6.503728078603836060e+00
7.790000152587890625e+01 6.465824451532891537e+00
7.800000000000000000e+01 5.299971594868337910e+00
7.809999847412109375e+01 5.821917928994719382e+00
7.819999694824218750e+01 5.086997655045870204e+00
7.830000305175781250e+01 5.275224306014245634e+00
7.840000152587890625e+01 4.905242328053087242e+00
7.850000000000000000e+01 5.934241253660386128e+00
7.859999847412109375e+01 6.055799433786507535e+00
7.869999694824218750e+01 7.131281131339972212e+00
7.880000305175781250e+01 9.564149727088542718e+00
7.890000152587890625e+01 7.279360383044480187e+00
7.900000000000000000e+01 8.048624710805654558e+00
7.909999847412109375e+01 7.963132897738437244e+00
7.919999694824218750e+01 8.580499279278896552e+00
7.930000305175781250e+01 1.109432977977057355e+01
7.940000152587890625e+01 7.436757049726009150e+00
7.950000000000000000e+01 5.081938274054621729e+00
7.959999847412109375e+01 8.035531530202437267e+00
7.969999694824218750e+01 8.428546143495884380e+00
7.980000305175781250e+01 8.362964910041425171e+00
7.990000152587890625e+01 6.936837866937351826e+00
8.000000000000000000e+01 6.546307242892953404e+00
8.009999847412109375e+01 1.002750743665122002e+01
8.019999694824218750e+01 9.314044794807687211e+00
8.030000305175781250e+01 5.873252704131516566e+00
8.040000152587890625e+01 1.386106175427986109e+01
8.050000000000000000e+01 7.702268984670429752e+00
8.059999847412109375e+01 1.108260091594215879e+01
8.069999694824218750e+01 9.207922914933449832e+00
8.080000305175781250e+01 8.302235806217964864e+00
8.090000152587890625e+01 5.871371650708626433e+00
8.100000000000000000e+01 5.895311925133884579e+00
8.109999847412109375e+01 6.793154532707882609e+00
8.119999694824218750e+01 8.144193775874319030e+00
8.130000305175781250e+01 8.957753660670618956e+00
8.140000152587890625e+01 9.929340903137349628e+00
8.150000000000000000e+01 8.456185254687026642e+00
8.159999847412109375e+01 6.886375288455441890e+00
8.169999694824218750e+01 7.748463926376477851e+00
8.180000305175781250e+01 7.937710944205840669e+00
8.190000152587890625e+01 8.182119942470771790e+00
8.200000000000000000e+01 8.194097600300027651e+00
8.209999847412109375e+01 7.615905414557138542e+00
8.219999694824218750e+01 7.760065298168332681e+00
8.230000305175781250e+01 1.066330038767370070e+01
8.240000152587890625e+01 1.035486747035991506e+01
8.250000000000000000e+01 1.058232738426684172e+01
8.259999847412109375e+01 1.035459315598969354e+01
8.269999694824218750e+01 8.547183930826394160e+00
8.280000305175781250e+01 1.052320227348428006e+01
8.290000152587890625e+01 9.819545411491647613e+00
8.300000000000000000e+01 7.633396916893086193e+00
8.309999847412109375e+01 8.201118055745507007e+00
8.319999694824218750e+01 6.551432089095615474e+00
8.330000305175781250e+01 6.839521827167641455e+00
8.340000152587890625e+01 5.695159423718315850e+00
8.350000000000000000e+01 5.675739947136408503e+00
8.359999847412109375e+01 6.152050739864810325e+00
8.369999694824218750e+01 6.954654849960755669e+00
8.380000305175781250e+01 7.220754104683672736e+00
8.390000152587890625e+01 7.420771971515237375e+00
8.400000000000000000e+01 7.704120203977282699e+00
8.409999847412109375e+01 8.199271808204350975e+00
8.419999694824218750e+01 6.911072440336330835e+00
8.430000305175781250e+01 6.091126798358583727e+00
8.440000152587890625e+01 7.082592434548177884e+00
8.450000000000000000e+01 8.739829918742529458e+00
8.459999847412109375e+01 6.950639994114961695e+00
8.469999694824218750e+01 3.588465637266578412e+00
8.480000305175781250e+01 6.163319488857496253e+00
8.490000152587890625e+01 6.808857402146914595e+00
8.500000000000000000e+01 7.174724143646730390e+00
8.509999847412109375e+01 6.626350071311076562e+00
8.519999694824218750e+01 7.955017643121292892e+00
8.530000305175781250e+01 1.121086793680891169e+01
8.540000152587890625e+01 7.838448440644235404e+00
8.550000000000000000e+01 6.577981309607679350e+00
8.559999847412109375e+01 6.486619058795008108e+00
8.569999694824218750e+01 7.502148769410736051e+00
8.580000305175781250e+01 4.762886572789239104e+00
8.590000152587890625e+01 1.338176364247750527e+01
8.600000000000000000e+01 6.839558313801735956e+00
8.609999847412109375e+01 9.696230313569376591e+00
8.619999694824218750e+01 1.249442320527825423e+01
8.630000305175781250e+01 6.267652808874602854e+00
8.640000152587890625e+01 1.131210409265205641e+01
8.650000000000000000e+01 8.539206097589042699e+00
8.659999847412109375e+01 9.628869586349070531e+00
8.669999694824218750e+01 6.398259794975683867e+00
8.680000305175781250e+01 6.596482222623148317e+00
8.690000152587890625e+01 6.367284209361164571e+00
8.700000000000000000e+01 6.963057041171594186e+00
8.709999847412109375e+01 7.934465265159613701e+00
8.719999694824218750e+01 6.867176169514789486e+00
8.730000305175781250e+01 6.112585916502159655e+00
8.740000152587890625e+01 6.424973371191550875e+00
8.750000000000000000e+01 9.572120534877713638e+00
8.759999847412109375e+01 8.089581951927893755e+00
8.769999694824218750e+01 1.215879731012157805e+01
8.780000305175781250e+01 9.476899165057727004e+00
8.790000152587890625e+01 9.196608403252060526e+00
8.800000000000000000e+01 9.242039141153160386e+00
8.809999847412109375e+01 5.542540298383416442e+00
8.819999694824218750e+01 7.398754705333771220e+00
8.830000305175781250e+01 9.522663164830303728e+00
8.840000152587890625e+01 8.920404027060264696e+00
8.850000000000000000e+01 7.514696050299023433e+00
8.859999847412109375e+01 1.083319960686955419e+01
8.869999694824218750e+01 9.624858532085685425e+00
8.880000305175781250e+01 7.558524611379982439e+00
8.890000152587890625e+01 8.000086005431338521e+00
8.900000000000000000e+01 7.847879821340733919e+00
8.909999847412109375e+01 7.659460022817696334e+00
8.919999694824218750e+01 6.093884492507260831e+00
8.930000305175781250e+01 5.525222515557103975e+00
8.940000152587890625e+01 6.675393249719062894e+00
8.950000000000000000e+01 9.180742702390789489e+00
8.959999847412109375e+01 9.926524078591727474e+00
8.969999694824218750e+01 7.524770773161883142e+00
8.980000305175781250e+01 7.686244615467074937e+00
8.990000152587890625e+01 5.810242515936517194e+00
9.000000000000000000e+01 6.020992056392569403e+00
9.009999847412109375e+01 6.673355207042146908e+00
9.019999694824218750e+01 7.190469613601179866e+00
9.030000305175781250e+01 6.725828153735721848e+00
9.040000152587890625e+01 6.021217399760256050e+00
9.050000000000000000e+01 6.281450915119199507e+00
9.059999847412109375e+01 6.532489463186132994e+00
9.069999694824218750e+01 6.457572622673906970e+00
9.080000305175781250e+01 5.537959639931773204e+00
9.090000152587890625e+01 4.494514936957503259e+00
9.100000000000000000e+01 5.869238338356711715e+00
9.109999847412109375e+01 6.625637922373879718e+00
9.119999694824218750e+01 5.590079550315468104e+00
9.130000305175781250e+01 5.818601921238719221e+00
9.140000152587890625e+01 5.634467211477885762e+00
9.150000000000000000e+01 5.034115074047403660e+00
9.159999847412109375e+01 4.250828431738781887e+00
9.169999694824218750e+01 6.306870909872570152e+00
9.180000305175781250e+01 6.018807223061962475e+00
9.190000152587890625e+01 5.191478985697070669e+00
9.200000000000000000e+01 5.152210879341340366e+00
9.209999847412109375e+01 5.189851559192486086e+00
9.219999694824218750e+01 4.970964930958221117e+00
9.230000305175781250e+01 5.016889069836270920e+00
9.240000152587890625e+01 5.869468000372939365e+00
9.250000000000000000e+01 7.857459725177367460e+00
9.259999847412109375e+01 6.427465957492453086e+00
9.269999694824218750e+01 5.897177697199584401e+00
9.280000305175781250e+01 4.134375576038424427e+00
9.290000152587890625e+01 6.069232550308305107e+00
9.300000000000000000e+01 7.629797874464874674e+00
9.309999847412109375e+01 8.580283954756346532e+00
9.319999694824218750e+01 7.342185418557180654e+00
9.330000305175781250e+01 6.794913015943168766e+00
9.340000152587890625e+01 8.646274076047198776e+00
9.350000000000000000e+01 7.490892304250999167e+00
9.359999847412109375e+01 6.136992567431443391e+00
9.369999694824218750e+01 6.057271175792751983e+00
9.380000305175781250e+01 8.724574382194022704e+00
9.390000152587890625e+01 5.939645575466627747e+00
9.400000000000000000e+01 5.205400478165540967e+00
9.409999847412109375e+01 1.130672363084698340e+01
9.419999694824218750e+01 1.068874683678832405e+01
9.430000305175781250e+01 1.090288366621147453e+01
9.440000152587890625e+01 9.305433378010164347e+00
9.450000000000000000e+01 5.292534882630430815e+00
9.459999847412109375e+01 6.747366096836042715e+00
9.469999694824218750e+01 8.505406735623964209e+00
9.480000305175781250e+01 5.552060742712293440e+00
9.490000152587890625e+01 4.965391843734701993e+00
9.500000000000000000e+01 8.151685524509762359e+00
9.509999847412109375e+01 5.909559004871662857e+00
9.519999694824218750e+01 4.233301837022565905e+00
9.530000305175781250e+01 8.926330377508829628e+00
9.540000152587890625e+01 1.014672248272547606e+01
9.550000000000000000e+01 9.974941881835173163e+00
9.559999847412109375e+01 7.544964559044600172e+00
9.569999694824218750e+01 5.836211505701705882e+00
9.580000305175781250e+01 8.826932608927158697e+00
9.590000152587890625e+01 8.386174641459753332e+00
9.600000000000000000e+01 8.421052353733561091e+00
9.609999847412109375e+01 8.250751251034262879e+00
9.619999694824218750e+01 6.964500847670326067e+00
9.630000305175781250e+01 5.704546086306774733e+00
9.640000152587890625e+01 6.220364722410041125e+00
9.650000000000000000e+01 9.314620615295115869e+00
9.659999847412109375e+01 1.009894752239639004e+01
9.669999694824218750e+01 1.195565710454829222e+01
9.680000305175781250e+01 9.764027694865134777e+00
9.690000152587890625e+01 1.109397373201692005e+01
9.700000000000000000e+01 1.163551847721938337e+01
9.709999847412109375e+01 7.152317834010224473e+00
9.719999694824218750e+01 8.344252010360142080e+00
9.730000305175781250e+01 1.036917877462101778e+01
9.740000152587890625e+01 8.699671447207519392e+00
9.750000000000000000e+01 8.062657471829281164e+00
9.759999847412109375e+01 8.190512642400895160e+00
9.769999694824218750e+01 9.320348568613892937e+00
9.780000305175781250e+01 1.126105474551448715e+01
9.790000152587890625e+01 1.016797269759118194e+01
9.800000000000000000e+01 5.972344450013855166e+00
9.809999847412109375e+01 7.425508226422878444e+00
9.819999694824218750e+01 6.181295333761328337e+00
9.830000305175781250e+01 6.152292230474047052e+00
9.840000152587890625e+01 5.244162439111223151e+00
9.850000000000000000e+01 5.630272137678417721e+00
9.859999847412109375e+01 6.098242037634491908e+00
9.869999694824218750e+01 5.497381533531200404e+00
9.880000305175781250e+01 5.441324800247612004e+00
9.890000152587890625e+01 7.820740395324054184e+00
9.900000000000000000e+01 7.628918588800374323e+00
9.909999847412109375e+01 1.184879979160101904e+01
9.919999694824218750e+01 8.393865695965354590e+00
9.930000305175781250e+01 8.906474791572216887e+00
9.940000152587890625e+01 7.778556445878594516e+00
9.950000000000000000e+01 9.106129210183175005e+00
9.959999847412109375e+01 8.136621474290031131e+00
9.969999694824218750e+01 5.207562991053602097e+00
9.980000305175781250e+01 4.981427399925887123e+00
9.990000152587890625e+01 4.175407411050623629e+00
1.000000000000000000e+02 4.051395698950383206e+00
1.000999984741210938e+02 3.703970604467861971e+00
1.001999969482421875e+02 4.975854455709694868e+00
1.003000030517578125e+02 5.110036328375041847e+00
1.004000015258789062e+02 4.936588308134408187e+00
1.005000000000000000e+02 6.781745873704980276e+00
1.005999984741210938e+02 7.835652982471680517e+00
1.006999969482421875e+02 6.902438462126053942e+00
1.008000030517578125e+02 6.674469498755262187e+00
1.009000015258789062e+02 6.777118723517168597e+00
1.010000000000000000e+02 8.063841746040633751e+00
1.010999984741210938e+02 8.320147099545579294e+00
1.011999969482421875e+02 4.087052856922365862e+00
1.013000030517578125e+02 6.983114770897621781e+00
1.014000015258789062e+02 1.020541768128273752e+01
1.015000000000000000e+02 8.581705941043464847e+00
1.015999984741210938e+02 5.281280417828112306e+00
1.016999969482421875e+02 6.710109184738159982e+00
1.018000030517578125e+02 4.985702497625416285e+00
1.019000015258789062e+02 1.101982552384185432e+01
1.020000000000000000e+02 1.103116925150706962e+01
1.020999984741210938e+02 1.153956648712835786e+01
1.021999969482421875e+02 7.051431102351362057e+00
1.023000030517578125e+02 1.010287667058178585e+01
1.024000015258789062e+02 1.015863523232268584e+01
1.025000000000000000e+02 1.419200241492240977e+01
1.025999984741210938e+02 8.439354730959282236e+00
1.026999969482421875e+02 1.029141637738697135e+01
1.028000030517578125e+02 6.901651528483639275e+00
1.029000015258789062e+02 6.536281734508650132e+00
1.030000000000000000e+02 6.477661357083651872e+00
1.030999984741210938e+02 6.949921637265193297e+00
1.031999969482421875e+02 8.859720017020098481e+00
1.033000030517578125e+02 6.605529274622846003e+00
1.034000015258789062e+02 5.217100718495633949e+00
1.035000000000000000e+02 6.010857811919828819e+00
1.035999984741210938e+02 5.796999938502384708e+00
1.036999969482421875e+02 6.442539220063059346e+00
1.038000030517578125e+02 2.739707199349782130e+00
1.039000015258789062e+02 3.018845721167998430e+00
1.040000000000000000e+02 5.221997670903580691e+00
1.040999984741210938e+02 3.330283106363442602e+00
1.041999969482421875e+02 2.475734609145415099e+00
1.043000030517578125e+02 2.064224620519209186e+00
1.044000015258789062e+02 3.286841659986612374e+00
1.045000000000000000e+02 1.790140896453970010e+00
1.045999984741210938e+02 2.505564656377426314e+00
1.046999969482421875e+02 2.665468880892144732e+00
1.048000030517578125e+02 4.870890687503284688e+00
1.049000015258789062e+02 3.637954907071916377e+00
1.050000000000000000e+02 4.027713654531400955e+00
1.050999984741210938e+02 4.810394413228666011e+00
1.051999969482421875e+02 1.775184587816861281e+00
1.053000030517578125e+02 6.382571668492317052e+00
1.054000015258789062e+02 1.122684662042106929e+01
1.055000000000000000e+02 7.762279291027495809e+00
1.055999984741210938e+02 6.062180411118160528e+00
1.056999969482421875e+02 8.172736886517231625e+00
1.058000030517578125e+02 6.325316532373524758e+00
1.059000015258789062e+02 5.913593424724124858e+00
1.060000000000000000e+02 3.881322558170807735e+00
1.060999984741210938e+02 4.112770705720092401e+00
1.061999969482421875e+02 3.823008808088323107e+00
1.063000030517578125e+02 5.226445516979286054e+00
1.064000015258789062e+02 4.308103576634911391e+00
1.065000000000000000e+02 6.461450325899738445e+00
1.065999984741210938e+02 4.582793260686513825e+00
1.066999969482421875e+02 4.101324808765073548e+00
1.068000030517578125e+02 6.925537460825459846e+00
1.069000015258789062e+02 3.235734641801178313e+00
1.070000000000000000e+02 3.599072282252167909e+00
1.070999984741210938e+02 3.736306634878121979e+00
1.071999969482421875e+02 4.444466685330271893e+00
1.073000030517578125e+02 3.258347224693733057e+00
1.074000015258789062e+02 3.410941893530466729e+00
1.075000000000000000e+02 3.592155922815217117e+00
1.075999984741210938e+02 3.013634521381256093e+00
1.076999969482421875e+02 3.186823091175093658e+00
1.078000030517578125e+02 3.878857337288318607e+00
1.079000015258789062e+02 3.904923333134028507e+00
1.080000000000000000e+02 4.059657761950013821e+00
1.080999984741210938e+02 3.926087466707663953e+00
1.081999969482421875e+02 3.715066765003739668e+00
1.083000030517578125e+02 3.197705742208298840e+00
1.084000015258789062e+02 4.179911684958473650e+00
1.085000000000000000e+02 4.302956359345988524e+00
1.085999984741210938e+02 4.800461426965717315e+00
1.086999969482421875e+02 4.751506174897021317e+00
1.088000030517578125e+02 5.494252605921947641e+00
1.089000015258789062e+02 3.533260349042676385e+00
1.090000000000000000e+02 2.297553886281323177e+00
1.090999984741210938e+02 3.588114862437097319e+00
1.091999969482421875e+02 3.663258999502601920e+00
1.093000030517578125e+02 3.868738949980020880e+00
1.094000015258789062e+02 3.389131677034874279e+00
1.095000000000000000e+02 2.609933576138095290e+00
1.095999984741210938e+02 2.651031497654644742e+00
1.096999969482421875e+02 2.520659771218530576e+00
1.098000030517578125e+02 2.243266688537148390e+00
1.099000015258789062e+02 2.605263556163863292e+00
1.100000000000000000e+02 3.710554654425252341e+00
1.100999984741210938e+02 3.038569145105500358e+00
1.101999969482421875e+02 2.553467879156968490e+00
1.103000030517578125e+02 1.537514973427251963e+00
1.104000015258789062e+02 2.836297486489722797e+00
1.105000000000000000e+02 5.082976440529603401e+00
1.105999984741210938e+02 3.388498488476042514e+00
1.106999969482421875e+02 3.504141183944906590e+00
1.108000030517578125e+02 3.056922464880373447e+00
1.109000015258789062e+02 3.416607816323814717e+00
1.110000000000000000e+02 2.987949667044627944e+00
1.110999984741210938e+02 2.492037402499479359e+00
1.111999969482421875e+02 3.031548810892068069e+00
1.113000030517578125e+02 1.975844680336649839e+00
1.114000015258789062e+02 2.919585104466148273e+00
1.115000000000000000e+02 4.033719036226793619e+00
1.115999984741210938e+02 4.399895778218440689e+00
1.116999969482421875e+02 5.610717217623494513e+00
1.118000030517578125e+02 5.640902023525643294e+00
1.119000015258789062e+02 4.082027755172134675e+00
1.120000000000000000e+02 2.837553574831765957e+00
1.120999984741210938e+02 3.281245070312448497e+00
1.121999969482421875e+02 6.450103998734431521e+00
1.123000030517578125e+02 4.840965255132116063e+00
1.124000015258789062e+02 5.693357892261607489e+00
1.125000000000000000e+02 4.553934304289977142e+00
1.125999984741210938e+02 5.437086143931172622e+00
1.126999969482421875e+02 5.029100885721419445e+00
1.128000030517578125e+02 5.054939684616972961e+00
1.129000015258789062e+02 4.791902301294331146e+00
1.130000000000000000e+02 3.360492340851393145e+00
1.130999984741210938e+02 3.281523469387114478e+00
1.131999969482421875e+02 6.020822268680269040e+00
1.133000030517578125e+02 6.368429534526090841e+00
1.134000015258789062e+02 5.144349529296390777e+00
1.135000000000000000e+02 4.517815064713347262e+00
1.135999984741210938e+02 3.093792214908674509e+00
1.136999969482421875e+02 3.527469244898455258e+00
1.138000030517578125e+02 6.312699081875985385e+00
1.139000015258789062e+02 1.860560668346141089e+00
1.140000000000000000e+02 1.478655445003326019e+00
1.140999984741210938e+02 2.066687674984748035e+00
1.141999969482421875e+02 3.037232998610395196e+00
1.143000030517578125e+02 5.078973708338328841e+00
1.144000015258789062e+02 5.299656566821242976e+00
1.145000000000000000e+02 5.357075073181364999e+00
1.145999984741210938e+02 4.571042221860743382e+00
1.146999969482421875e+02 4.780959467742542657e+00
1.148000030517578125e+02 2.802568202720857826e+00
1.149000015258789062e+02 2.570132144031243016e+00
1.150000000000000000e+02 3.530901781758057911e+00
1.150999984741210938e+02 2.778410224090419156e+00
1.151999969482421875e+02 2.639514899229900458e+00
1.153000030517578125e+02 2.839151270564877816e+00
1.154000015258789062e+02 3.189892179938955685e+00
1.155000000000000000e+02 7.591027654882188003e+00
1.155999984741210938e+02 3.978282514582529128e+00
1.156999969482421875e+02 5.725362170508711657e+00
1.158000030517578125e+02 5.628733888683567166e+00
1.159000015258789062e+02 4.084313946271077356e+00
1.160000000000000000e+02 4.534823611918488595e+00
1.160999984741210938e+02 5.497657740469487742e+00
1.161999969482421875e+02 2.230880877566155718e+00
1.163000030517578125e+02 3.534208819300451943e+00
1.164000015258789062e+02 5.061083248478495555e+00
1.165000000000000000e+02 3.259836759475952306e+00
1.165999984741210938e+02 1.729266677387646167e+00
1.166999969482421875e+02 4.694820246462040991e+00
1.168000030517578125e+02 2.958498010771260844e+00
1.169000015258789062e+02 4.288698977448965444e+00
1.170000000000000000e+02 2.471896594017174209e+00
1.170999984741210938e+02 3.702174370831746497e+00
1.171999969482421875e+02 2.597421057217268903e+00
1.173000030517578125e+02 2.674886375890869417e+00
1.174000015258789062e+02 3.146166570123551054e+00
1.175000000000000000e+02 3.890704303171946599e+00
1.175999984741210938e+02 3.063423218943760684e+00
1.176999969482421875e+02 2.991499338658314855e+00
1.178000030517578125e+02 3.104590190766217450e+00
1.179000015258789062e+02 4.321106380981142081e+00
1.180000000000000000e+02 3.511753393814567747e+00
1.180999984741210938e+02 3.260347454902685627e+00
1.181999969482421875e+02 2.169833068453156599e+00
1.183000030517578125e+02 4.116107352977060430e+00
1.184000015258789062e+02 4.038538824477677203e+00
1.185000000000000000e+02 6.101867195670619637e+00
1.185999984741210938e+02 6.593608355721080727e+00
1.186999969482421875e+02 6.428064223519950993e+00
1.188000030517578125e+02 4.476327734314243578e+00
1.189000015258789062e+02 1.785015011592987033e+00
1.190000000000000000e+02 3.795636574181267431e+00
1.190999984741210938e+02 3.014316939830290476e+00
1.191999969482421875e+02 2.054189189256923065e+00
1.193000030517578125e+02 2.770817598072981447e+00
1.194000015258789062e+02 4.145619927061187759e+00
1.195000000000000000e+02 4.117386178604732550e+00
1.195999984741210938e+02 2.991922334673204009e+00
1.196999969482421875e+02 3.455256611649625942e+00
1.198000030517578125e+02 3.788702388074411953e+00
1.199000015258789062e+02 2.996956449354638341e+00
1.200000000000000000e+02 2.692939669375817857e+00
1.200999984741210938e+02 4.241103449675920345e+00
1.201999969482421875e+02 3.277588387023409489e+00
1.203000030517578125e+02 3.207188294959759212e+00
1.204000015258789062e+02 2.710094884198708254e+00
1.205000000000000000e+02 4.211608690488051643e+00
1.205999984741210938e+02 3.111025937789262841e+00
1.206999969482421875e+02 3.205355684854782172e+00
1.208000030517578125e+02 3.430714863890568012e+00
1.209000015258789062e+02 2.337119478974909459e+00
1.210000000000000000e+02 2.928586392474250122e+00
1.210999984741210938e+02 2.266361380176717510e+00
1.211999969482421875e+02 2.852306752612421725e+00
1.213000030517578125e+02 2.977018440087536799e+00
1.214000015258789062e+02 4.335972304498755925e+00
1.215000000000000000e+02 6.260647206177973878e+00
1.215999984741210938e+02 4.776706744822487138e+00
1.216999969482421875e+02 5.388118958316439056e+00
1.218000030517578125e+02 5.156114403684784797e+00
1.219000015258789062e+02 5.218331581191401725e+00
1.220000000000000000e+02 5.843583480576953093e+00
1.220999984741210938e+02 5.238113061212748889e+00
1.221999969482421875e+02 2.756530492806986921e+00
1.223000030517578125e+02 3.516176963717589032e+00
1.224000015258789062e+02 3.120621103236647986e+00
1.225000000000000000e+02 2.881689909345052758e+00
1.225999984741210938e+02 2.803652569115632875e+00
1.226999969482421875e+02 2.581758771928641227e+00
1.228000030517578125e+02 1.671040088124663203e+00
1.229000015258789062e+02 3.822563831046048133e+00
1.230000000000000000e+02 2.151000681476870735e+00
1.230999984741210938e+02 3.261360807974369891e+00
1.231999969482421875e+02 1.673736914320110403e+00
1.233000030517578125e+02 2.501894738879012703e+00
1.234000015258789062e+02 2.161267059030599125e+00
1.235000000000000000e+02 4.648494438907899706e+00
1.235999984741210938e+02 3.981669938856373658e+00
1.236999969482421875e+02 3.817249656855722595e+00
1.238000030517578125e+02 4.163989565680290106e+00
1.239000015258789062e+02 2.572024390960904405e+00
1.240000000000000000e+02 2.633798614653949599e+00
1.240999984741210938e+02 2.890101192647057005e+00
1.241999969482421875e+02 2.230627949590973103e+00
1.243000030517578125e+02 2.175061147519638638e+00
1.244000015258789062e+02 3.650731818839777709e+00
1.245000000000000000e+02 5.376639406512598640e+00
1.245999984741210938e+02 5.880140980441812104e+00
1.246999969482421875e+02 3.586747191402246404e+00
1.248000030517578125e+02 6.076945610304842482e+00
1.249000015258789062e+02 5.418760205404925756e+00
1.250000000000000000e+02 2.507388789216535407e+00
1.250999984741210938e+02 6.002921818286942823e+00
1.251999969482421875e+02 5.434107350504281619e+00
1.253000030517578125e+02 5.007873962037748150e+00
1.254000015258789062e+02 6.457654713435262650e+00
1.255000000000000000e+02 6.147764850587522645e+00
1.255999984741210938e+02 5.520474770803225795e+00
1.256999969482421875e+02 6.817801545811254194e+00
1.258000030517578125e+02 3.971674247747035036e+00
1.259000015258789062e+02 5.969038085977472541e+00
1.260000000000000000e+02 7.280913358528729340e+00
1.260999984741210938e+02 5.792016847782949895e+00
1.261999969482421875e+02 5.138658538119032393e+00
1.263000030517578125e+02 2.090889715827402018e+00
1.264000015258789062e+02 3.590608622180817999e+00
1.265000000000000000e+02 3.489024240967359525e+00
1.265999984741210938e+02 2.935376397131101101e+00
1.266999969482421875e+02 1.736091453234056559e+00
1.268000030517578125e+02 2.250195409048862061e+00
1.269000015258789062e+02 2.620989631607572701e+00
1.270000000000000000e+02 2.253848079221395295e+00
1.270999984741210938e+02 2.966866870186711580e+00
1.271999969482421875e+02 3.099709483511039476e+00
1.273000030517578125e+02 2.514648664078218410e+00
1.274000015258789062e+02 2.616361741263844909e+00
1.275000000000000000e+02 2.566078260283416235e+00
1.275999984741210938e+02 3.847841979721529082e+00
1.276999969482421875e+02 2.252435559926726061e+00
1.278000030517578125e+02 4.479123051995306248e+00
1.279000015258789062e+02 2.778024338090407941e+00
1.280000000000000000e+02 3.118513990975236627e+00
1.281000061035156250e+02 4.420644288549951284e+00
1.281999969482421875e+02 7.121346727906250784e+00
1.283000030517578125e+02 3.650570274006140092e+00
1.283999938964843750e+02 2.336361220468545330e+00
1.285000000000000000e+02 3.643511168664050448e+00
1.286000061035156250e+02 4.493092452303779183e+00
1.286999969482421875e+02 2.453350263066992554e+00
1.288000030517578125e+02 2.149706267651395830e+00
1.288999938964843750e+02 2.244498131765023441e+00
1.290000000000000000e+02 1.876875581799361425e+00
1.291000061035156250e+02 2.228437180624915914e+00
1.291999969482421875e+02 2.915276664719008703e+00
1.293000030517578125e+02 2.470887139841769997e+00
1.293999938964843750e+02 3.115136007332381496e+00
1.295000000000000000e+02 3.811306552508618939e+00
1.296000061035156250e+02 4.818893372948331866e+00
1.296999969482421875e+02 3.089470567048492544e+00
1.298000030517578125e+02 4.216430256651630515e+00
1.298999938964843750e+02 4.075246545467935633e+00
1.300000000000000000e+02 2.162716790201184125e+00
1.301000061035156250e+02 3.299845080922404250e+00
1.301999969482421875e+02 2.396495284616744215e+00
1.303000030517578125e+02 3.280029432846533588e+00
1.303999938964843750e+02 3.683557728119523311e+00
1.305000000000000000e+02 3.383049347989329991e+00
1.306000061035156250e+02 3.844261784380667901e+00
1.306999969482421875e+02 4.615085449447985155e+00
1.308000030517578125e+02 5.384629576284069685e+00
1.308999938964843750e+02 4.440225756691371650e+00
1.310000000000000000e+02 5.292155860374748499e+00
1.311000061035156250e+02 2.401319543693535064e+00
1.311999969482421875e+02 3.263492768527734622e+00
1.313000030517578125e+02 3.243563447177399528e+00
1.313999938964843750e+02 3.289515116846458476e+00
1.315000000000000000e+02 3.608152482003547323e+00
1.316000061035156250e+02 3.191130739319888221e+00
1.316999969482421875e+02 3.008191647513362987e+00
1.318000030517578125e+02 3.567318363601194697e+00
1.318999938964843750e+02 2.953031985507896806e+00
1.320000000000000000e+02 4.394276591746244520e+00
1.321000061035156250e+02 3.136359701388776511e+00
1.321999969482421875e+02 3.007332198505261456e+00
1.323000030517578125e+02 3.194885780075885862e+00
1.323999938964843750e+02 3.622553772216794865e+00
1.325000000000000000e+02 4.413583935142705528e+00
1.326000061035156250e+02 3.588562064834080800e+00
1.326999969482421875e+02 2.779037789772763833e+00
1.328000030517578125e+02 3.292587547936948411e+00
1.328999938964843750e+02 3.225133465272923328e+00
1.330000000000000000e+02 2.960525266976479664e+00
1.331000061035156250e+02 2.224576325307338731e+00
1.331999969482421875e+02 4.545688760782979010e+00
1.333000030517578125e+02 2.148323464884209777e+00
1.333999938964843750e+02 3.206736698746841085e+00
1.335000000000000000e+02 4.811368876470804246e+00
1.336000061035156250e+02 7.772534427609613772e+00
1.336999969482421875e+02 6.082854476225621809e+00
1.338000030517578125e+02 5.763981813452003777e+00
1.338999938964843750e+02 5.966244658951154634e+00
1.340000000000000000e+02 5.413850163366531909e+00
1.341000061035156250e+02 5.820798905697254000e+00
1.341999969482421875e+02 9.410508422007062279e+00
1.343000030517578125e+02 8.852530768549938145e+00
1.343999938964843750e+02 5.219827629757771703e+00
1.345000000000000000e+02 5.845242627602537766e+00
1.346000061035156250e+02 9.772173089862670636e+00
1.346999969482421875e+02 5.833149760430380582e+00
1.348000030517578125e+02 8.018156467372087093e+00
1.348999938964843750e+02 3.219941753664009809e+00
1.350000000000000000e+02 2.494125618739309935e+00
1.351000061035156250e+02 2.329311330240174893e+00
1.351999969482421875e+02 1.479480392047020754e+00
1.353000030517578125e+02 2.059221353829712609e+00
1.353999938964843750e+02 4.130259800399317172e+00
1.355000000000000000e+02 6.124887084966599282e+00
1.356000061035156250e+02 6.496035211731181036e+00
1.356999969482421875e+02 6.680282895996216830e+00
1.358000030517578125e+02 3.921597945195612667e+00
1.358999938964843750e+02 5.454705594695838933e+00
1.360000000000000000e+02 5.681497539661129359e+00
1.361000061035156250e+02 7.173355267350219222e+00
1.361999969482421875e+02 4.937468866746971941e+00
1.363000030517578125e+02 4.542655754462906259e+00
1.363999938964843750e+02 4.898479039664947798e+00
1.365000000000000000e+02 6.834276867320748572e+00
1.366000061035156250e+02 4.340194614274015983e+00
1.366999969482421875e+02 2.674207344322176549e+00
1.368000030517578125e+02 4.478039915148630534e+00
1.368999938964843750e+02 3.873815423513496281e+00
1.370000000000000000e+02 6.729544410543464750e+00
1.371000061035156250e+02 7.502439335303415113e+00
1.371999969482421875e+02 8.170244654882829138e+00
1.373000030517578125e+02 4.716351578536926326e+00
1.373999938964843750e+02 5.141824011073341083e+00
1.375000000000000000e+02 8.159603153921578311e+00
1.376000061035156250e+02 5.813591940292199389e+00
1.376999969482421875e+02 9.844630922032465037e+00
1.378000030517578125e+02 2.665546915999722710e+00
1.378999938964843750e+02 4.700475752770775451e+00
1.380000000000000000e+02 3.820959494586385397e+00
1.381000061035156250e+02 4.941376520925166105e+00
1.381999969482421875e+02 5.850067389219780978e+00
1.383000030517578125e+02 4.251417147413022235e+00
1.383999938964843750e+02 4.414897308499640793e+00
1.385000000000000000e+02 5.482116173794364222e+00
1.386000061035156250e+02 5.502811903326693788e+00
1.386999969482421875e+02 8.935487310664528948e+00
1.388000030517578125e+02 8.345171149719345038e+00
1.388999938964843750e+02 7.175616798703180699e+00
1.390000000000000000e+02 7.020131348691902140e+00
1.391000061035156250e+02 6.757728120726994803e+00
1.391999969482421875e+02 9.769318291946747834e+00
1.393000030517578125e+02 9.165063202030163225e+00
1.393999938964843750e+02 7.314105411287817660e+00
1.395000000000000000e+02 7.124637701582445359e+00
1.396000061035156250e+02 8.526517353313415981e+00
1.396999969482421875e+02 9.004292737279216752e+00
1.398000030517578125e+02 7.288591733975927411e+00
1.398999938964843750e+02 1.010476663301385436e+01
1.400000000000000000e+02 9.126820555834395776e+00
1.401000061035156250e+02 6.410841455633058850e+00
1.401999969482421875e+02 7.897632391313814892e+00
1.403000030517578125e+02 6.182686158273937416e+00
1.403999938964843750e+02 8.821917008678664018e+00
1.405000000000000000e+02 1.010517973932053692e+01
1.406000061035156250e+02 8.314585413485277243e+00
1.406999969482421875e+02 8.840073488848691596e+00
1.408000030517578125e+02 9.288605864478684637e+00
1.408999938964843750e+02 7.954344332945130880e+00
1.410000000000000000e+02 7.153855122774696262e+00
1.411000061035156250e+02 6.889845335289755290e+00
1.411999969482421875e+02 6.244532865390589826e+00
1.413000030517578125e+02 6.511756824403110322e+00
1.413999938964843750e+02 5.885413666940271682e+00
1.415000000000000000e+02 9.651995580703838229e+00
1.416000061035156250e+02 1.094116332096315780e+01
1.416999969482421875e+02 9.661616786135839519e+00
1.418000030517578125e+02 9.767880320052544363e+00
1.418999938964843750e+02 1.063319492447419989e+01
1.420000000000000000e+02 1.121171191943899892e+01
1.421000061035156250e+02 1.130111827856034523e+01
1.421999969482421875e+02 1.081495563708025998e+01
1.423000030517578125e+02 1.126474754707393089e+01
1.423999938964843750e+02 9.847239979547220301e+00
1.425000000000000000e+02 1.036799386605778395e+01
1.426000061035156250e+02 1.002989526520265962e+01
1.426999969482421875e+02 1.026658893445644338e+01
1.428000030517578125e+02 9.176446156881119975e+00
1.428999938964843750e+02 9.935540305694297913e+00
1.430000000000000000e+02 9.821011779108991036e+00
1.431000061035156250e+02 1.048006886130065318e+01
1.431999969482421875e+02 8.654603975253653658e+00
1.433000030517578125e+02 7.593145204889210298e+00
1.433999938964843750e+02 4.305107398015951325e+00
1.435000000000000000e+02 4.278068697062548331e+00
1.436000061035156250e+02 3.032028249083624338e+00
1.436999969482421875e+02 5.905816883860080857e+00
1.438000030517578125e+02 6.290162209975470375e+00
1.438999938964843750e+02 8.153998391884220709e+00
1.440000000000000000e+02 6.491617932206929176e+00
1.441000061035156250e+02 6.201998261530372147e+00
1.441999969482421875e+02 6.524275658371426090e+00
1.443000030517578125e+02 7.185164089008781119e+00
1.443999938964843750e+02 4.475223861079583365e+00
1.445000000000000000e+02 7.169684904479916909e+00
1.446000061035156250e+02 5.116156252917104297e+00
1.446999969482421875e+02 6.658130607042888727e+00
1.448000030517578125e+02 9.432551537255802643e+00
1.448999938964843750e+02 9.166070784591664022e+00
1.450000000000000000e+02 9.116993513847518216e+00
1.451000061035156250e+02 1.083257725272006056e+01
1.451999969482421875e+02 5.550308769291834032e+00
1.453000030517578125e+02 6.431877941050706760e+00
1.453999938964843750e+02 4.959035901139806413e+00
1.455000000000000000e+02 1.243209588353263229e+01
1.456000061035156250e+02 1.106412453909575966e+01
1.456999969482421875e+02 9.801398546885225826e+00
1.458000030517578125e+02 1.180399605492355342e+01
1.458999938964843750e+02 7.953398364367351370e+00
1.460000000000000000e+02 6.280091128614997409e+00
1.461000061035156250e+02 7.703203934469079250e+00
1.461999969482421875e+02 6.935273078636603472e+00
1.463000030517578125e+02 5.101895052718695922e+00
1.463999938964843750e+02 4.704732465608127079e+00
1.465000000000000000e+02 7.272608774612038474e+00
1.466000061035156250e+02 7.268230993387795102e+00
1.466999969482421875e+02 7.697258573307105500e+00
1.468000030517578125e+02 6.349092191442241351e+00
1.468999938964843750e+02 6.242882884078269967e+00
1.470000000000000000e+02 4.657791531401008100e+00
1.471000061035156250e+02 2.927859754290444982e+00
1.471999969482421875e+02 3.509428825967576326e+00
1.473000030517578125e+02 3.026398296107613461e+00
1.473999938964843750e+02 3.273171115116589647e+00
1.475000000000000000e+02 3.351729239927376369e+00
1.476000061035156250e+02 3.301472367671362207e+00
1.476999969482421875e+02 2.155980051993805713e+00
1.478000030517578125e+02 3.838369840325035920e+00
1.478999938964843750e+02 2.376932857612485073e+00
1.480000000000000000e+02 6.375216124421487329e+00
1.481000061035156250e+02 4.801308083416952144e+00
1.481999969482421875e+02 7.315161183426278413e+00
1.483000030517578125e+02 4.244544910476476751e+00
1.483999938964843750e+02 7.814724558351934469e+00
1.485000000000000000e+02 8.394480188518745223e+00
1.486000061035156250e+02 4.957667537438551264e+00
1.486999969482421875e+02 5.590925410049613298e+00
1.488000030517578125e+02 4.483841714489823715e+00
1.488999938964843750e+02 7.271518678083231713e+00
1.490000000000000000e+02 9.289514690922775486e+00
1.491000061035156250e+02 7.946179652235160873e+00
1.491999969482421875e+02 9.101456127458412482e+00
1.493000030517578125e+02 9.661079747506665427e+00
1.493999938964843750e+02 1.410101113347734447e+01
1.495000000000000000e+02 1.282764407554409658e+01
1.496000061035156250e+02 1.827711909371152288e+01
1.496999969482421875e+02 2.065585932820202331e+01
1.498000030517578125e+02 2.424409188759445399e+01
1.498999938964843750e+02 2.798711414479852522e+01
1.500000000000000000e+02 3.307899185421298682e+01
1.501000061035156250e+02 3.733222101562102324e+01
1.501999969482421875e+02 3.088639146061214547e+01
1.503000030517578125e+02 4.099091775235787338e+01
1.503999938964843750e+02 4.107221101833993515e+01
1.505000000000000000e+02 5.280597159880966274e+01
1.506000061035156250e+02 5.596206258172208692e+01
1.506999969482421875e+02 6.571121792313874721e+01
1.508000030517578125e+02 8.462667386440064377e+01
1.508999938964843750e+02 6.461813573027875179e+01
1.510000000000000000e+02 6.922426563071600469e+01
1.511000061035156250e+02 7.354879603102338592e+01
1.511999969482421875e+02 8.082761579326795243e+01
1.513000030517578125e+02 7.605406147769164704e+01
1.513999938964843750e+02 6.721370890699051870e+01
1.515000000000000000e+02 9.718590418836386391e+01
1.516000061035156250e+02 8.433833103592856162e+01
1.516999969482421875e+02 6.040512751556642002e+01
1.518000030517578125e+02 7.609565596534571341e+01
1.518999938964843750e+02 6.752116668476703865e+01
1.520000000000000000e+02 6.993108233800398921e+01
1.521000061035156250e+02 6.700210361980963114e+01
1.521999969482421875e+02 6.455652962091920699e+01
1.523000030517578125e+02 8.357967071145344562e+01
1.523999938964843750e+02 6.875300247018203947e+01
1.525000000000000000e+02 6.648840781857391846e+01
1.526000061035156250e+02 7.039843832475972363e+01
1.526999969482421875e+02 5.918856287118242676e+01
1.528000030517578125e+02 6.162242378501081674e+01
1.528999938964843750e+02 5.770685530652266237e+01
1.530000000000000000e+02 3.512596435515362003e+01
1.531000061035156250e+02 3.978374417264981133e+01
1.531999969482421875e+02 4.579815335135258891e+01
1.533000030517578125e+02 5.521398621873198920e+01
1.533999938964843750e+02 7.738085122151188955e+01
1.535000000000000000e+02 7.320896031594789122e+01
1.536000061035156250e+02 6.416368656811202698e+01
1.536999969482421875e+02 6.474309042765712263e+01
1.538000030517578125e+02 5.493779755095106765e+01
1.538999938964843750e+02 5.933592392884546030e+01
1.540000000000000000e+02 5.147837863740090825e+01
1.541000061035156250e+02 3.963506189744347097e+01
1.541999969482421875e+02 4.262263939311140604e+01
1.543000030517578125e+02 4.161027431877432292e+01
1.543999938964843750e+02 3.193095607982625950e+01
1.545000000000000000e+02 5.155302770203162055e+01
1.546000061035156250e+02 6.399417539699588531e+01
1.546999969482421875e+02 7.669003399354268424e+01
1.548000030517578125e+02 1.057123127332080657e+02
1.548999938964843750e+02 7.759600108695980225e+01
1.550000000000000000e+02 7.019805932629348888e+01
1.551000061035156250e+02 5.667655105895320844e+01
1.551999969482421875e+02 5.822689680476747753e+01
1.553000030517578125e+02 5.950056307151454149e+01
1.553999938964843750e+02 4.181116897219101247e+01
1.555000000000000000e+02 5.615115985226960760e+01
1.556000061035156250e+02 6.314638517550625352e+01
1.556999969482421875e+02 4.847061349379874429e+01
1.558000030517578125e+02 5.894389538666323602e+01
1.558999938964843750e+02 5.797492640651529427e+01
1.560000000000000000e+02 4.371021213355284374e+01
1.561000061035156250e+02 3.459182162936532734e+01
1.561999969482421875e+02 3.682831022139824029e+01
1.563000030517578125e+02 3.885356067147107240e+01
1.563999938964843750e+02 4.323069145088027909e+01
1.565000000000000000e+02 3.395625963382468626e+01
1.566000061035156250e+02 5.594088708539395327e+01
1.566999969482421875e+02 5.181335944652379766e+01
1.568000030517578125e+02 4.741383664630384231e+01
1.568999938964843750e+02 6.773358953526451387e+01
1.570000000000000000e+02 7.503290255787067053e+01
1.571000061035156250e+02 7.016007456409579390e+01
1.571999969482421875e+02 5.472213926626325531e+01
1.573000030517578125e+02 5.842987005516765464e+01
1.573999938964843750e+02 5.360270527251729078e+01
1.575000000000000000e+02 7.811080484009353597e+01
1.576000061035156250e+02 7.985072492177617676e+01
1.576999969482421875e+02 5.834963333718501133e+01
1.578000030517578125e+02 4.982309404847052292e+01
1.578999938964843750e+02 4.912638005016798814e+01
1.580000000000000000e+02 7.420306699556009278e+01
1.581000061035156250e+02 7.895355238836575040e+01
1.581999969482421875e+02 8.687016175102901627e+01
1.583000030517578125e+02 7.660927191372321943e+01
1.583999938964843750e+02 6.744430745248914150e+01
1.585000000000000000e+02 7.789872125284065874e+01
1.586000061035156250e+02 8.886384594269171089e+01
1.586999969482421875e+02 7.894785792871142860e+01
1.588000030517578125e+02 6.646217427124418009e+01
1.588999938964843750e+02 9.477226300351162536e+01
1.590000000000000000e+02 8.618013330938136107e+01
1.591000061035156250e+02 7.908303544778887328e+01
1.591999969482421875e+02 8.099283870463365531e+01
1.593000030517578125e+02 7.630338617583791461e+01
1.593999938964843750e+02 7.414700284216274895e+01
1.595000000000000000e+02 8.952671330548210449e+01
1.596000061035156250e+02 8.456773629375629753e+01
1.596999969482421875e+02 8.522335340794656133e+01
1.598000030517578125e+02 8.042510024903293697e+01
1.598999938964843750e+02 7.428113820015973090e+01
1.600000000000000000e+02 8.013153447208688362e+01
1.601000061035156250e+02 8.806099049520230437e+01
1.601999969482421875e+02 7.713572801247366328e+01
1.603000030517578125e+02 7.927184900223940645e+01
1.603999938964843750e+02 8.494755584388249758e+01
1.605000000000000000e+02 8.193278832422286939e+01
1.606000061035156250e+02 8.147785848201189651e+01
1.606999969482421875e+02 6.844887221880124173e+01
1.608000030517578125e+02 8.856768498928276756e+01
1.608999938964843750e+02 7.658238138256749039e+01
1.610000000000000000e+02 7.952232750667816674e+01
1.611000061035156250e+02 8.720218821272555942e+01
1.611999969482421875e+02 7.822925362803775329e+01
1.613000030517578125e+02 7.519838160228428592e+01
1.613999938964843750e+02 8.045956907190986840e+01
1.615000000000000000e+02 7.415102867828703381e+01
1.616000061035156250e+02 8.166656600824592260e+01
1.616999969482421875e+02 6.702253667630382949e+01
1.618000030517578125e+02 7.748611108529260605e+01
1.618999938964843750e+02 9.593207531143831091e+01
1.620000000000000000e+02 7.416173285971817108e+01
1.621000061035156250e+02 8.684580791931621491e+01
1.621999969482421875e+02 9.051945438202054106e+01
1.623000030517578125e+02 9.274718564488613026e+01
1.623999938964843750e+02 8.885317623979081247e+01
1.625000000000000000e+02 8.822128187325297688e+01
1.626000061035156250e+02 9.248195225142899289e+01
1.626999969482421875e+02 8.375356029081353881e+01
1.628000030517578125e+02 9.915907336204840306e+01
1.628999938964843750e+02 1.097859667299358506e+02
1.630000000000000000e+02 9.300866868835498735e+01
1.631000061035156250e+02 7.996528160082272052e+01
1.631999969482421875e+02 7.498640579529450179e+01
1.633000030517578125e+02 7.016048385744529980e+01
1.633999938964843750e+02 6.645263900639989174e+01
1.635000000000000000e+02 5.175264779684328431e+01
1.636000061035156250e+02 6.913118261402792086e+01
1.636999969482421875e+02 5.538619266275244257e+01
1.638000030517578125e+02 9.066657013381013996e+01
1.638999938964843750e+02 6.131787062332531946e+01
1.640000000000000000e+02 7.103696686887180078e+01
1.641000061035156250e+02 5.129797962876549633e+01
1.641999969482421875e+02 7.388053907865463543e+01
1.643000030517578125e+02 7.569958260693732655e+01
1.643999938964843750e+02 8.584744456382728117e+01
1.645000000000000000e+02 7.680605738425531115e+01
1.646000061035156250e+02 3.467886515099211664e+01
1.646999969482421875e+02 3.248914340111689825e+01
1.648000030517578125e+02 4.614027346186896494e+01
1.648999938964843750e+02 5.402886145932109230e+01
1.650000000000000000e+02 6.973017016008373048e+01
1.651000061035156250e+02 7.584101111652552163e+01
1.651999969482421875e+02 6.836100471506360066e+01
1.653000030517578125e+02 7.544188171606002413e+01
1.653999938964843750e+02 6.949611601787138682e+01
1.655000000000000000e+02 6.192548538002922953e+01
1.656000061035156250e+02 4.060121992475814068e+01
1.656999969482421875e+02 5.221966996654196436e+01
1.658000030517578125e+02 6.518237089543259799e+01
1.658999938964843750e+02 5.362474838792611820e+01
1.660000000000000000e+02 3.491443305720042645e+01
1.661000061035156250e+02 5.619857467675404195e+01
1.661999969482421875e+02 5.443563189472808972e+01
1.663000030517578125e+02 4.253564273343005908e+01
1.663999938964843750e+02 5.514624595278439756e+01
1.665000000000000000e+02 5.084553465344551881e+01
1.666000061035156250e+02 4.554433088828015741e+01
1.666999969482421875e+02 4.318073723065655400e+01
1.668000030517578125e+02 4.719869324599517313e+01
1.668999938964843750e+02 7.707552006606390194e+01
1.670000000000000000e+02 4.706968930442941712e+01
1.671000061035156250e+02 5.630915622889140337e+01
1.671999969482421875e+02 6.005184503291174281e+01
1.673000030517578125e+02 6.111844043014818340e+01
1.673999938964843750e+02 3.643736049529815091e+01
1.675000000000000000e+02 4.016984724432231957e+01
1.676000061035156250e+02 6.838727144533555702e+01
1.676999969482421875e+02 5.041492579235666938e+01
1.678000030517578125e+02 6.950211724446064920e+01
1.678999938964843750e+02 5.043886252807610049e+01
1.680000000000000000e+02 5.434723196053847971e+01
1.681000061035156250e+02 8.209477670104536173e+01
1.681999969482421875e+02 6.009518112254102107e+01
1.683000030517578125e+02 7.234619945906682403e+01
1.683999938964843750e+02 4.968759412161966083e+01
1.685000000000000000e+02 5.642498666244652128e+01
1.686000061035156250e+02 5.807491768559909673e+01
1.686999969482421875e+02 5.851843362755021616e+01
1.688000030517578125e+02 5.125334684675608088e+01
1.688999938964843750e+02 6.151624737087190908e+01
1.690000000000000000e+02 6.101041732475118806e+01
1.691000061035156250e+02 4.572187711044789893e+01
1.691999969482421875e+02 6.174471047893326414e+01
1.693000030517578125e+02 7.389835492873804412e+01
1.693999938964843750e+02 9.011707209690638365e+01
1.695000000000000000e+02 8.056513545530529541e+01
1.696000061035156250e+02 9.541319998979889760e+01
1.696999969482421875e+02 9.183016379177296074e+01
1.698000030517578125e+02 6.676981262366552983e+01
1.698999938964843750e+02 7.053505183652796973e+01
1.700000000000000000e+02 6.203246756201765066e+01
1.701000061035156250e+02 6.458552446593328966e+01
1.701999969482421875e+02 6.947547513578865619e+01
1.703000030517578125e+02 7.763563254291915428e+01
1.703999938964843750e+02 6.953599421614735832e+01
1.705000000000000000e+02 6.957334866654235839e+01
1.706000061035156250e+02 6.463847709681766673e+01
1.706999969482421875e+02 6.942084946594610528e+01
1.708000030517578125e+02 8.017719437755425815e+01
1.708999938964843750e+02 9.136028372183528745e+01
1.710000000000000000e+02 9.316583829393552207e+01
1.711000061035156250e+02 8.394548879922267304e+01
1.711999969482421875e+02 9.556934395184296704e+01
1.713000030517578125e+02 6.929594233176091223e+01
1.713999938964843750e+02 6.855453530238040116e+01
1.715000000000000000e+02 6.332123272336871622e+01
1.716000061035156250e+02 4.278144800654740720e+01
1.716999969482421875e+02 6.869810660907639033e+01
1.718000030517578125e+02 6.011803049000598520e+01
1.718999938964843750e+02 6.291757998990317446e+01
1.720000000000000000e+02 4.933269943849307282e+01
1.721000061035156250e+02 6.054504682189327980e+01
1.721999969482421875e+02 6.487222232864733940e+01
1.723000030517578125e+02 5.067403770862190271e+01
1.723999938964843750e+02 4.521768570952843191e+01
1.725000000000000000e+02 6.529141256858562770e+01
1.726000061035156250e+02 8.063953573780723616e+01
1.726999969482421875e+02 6.713107402856968520e+01
1.728000030517578125e+02 8.647247851022451925e+01
1.728999938964843750e+02 6.625044969529017180e+01
1.730000000000000000e+02 6.726889725680621268e+01
1.731000061035156250e+02 4.840256451456992437e+01
1.731999969482421875e+02 3.229332213582883071e+01
1.733000030517578125e+02 3.390768821378078712e+01
1.733999938964843750e+02 4.753162692452576721e+01
1.735000000000000000e+02 6.303481253818925722e+01
1.736000061035156250e+02 6.383719230185722182e+01
1.736999969482421875e+02 6.555895482029904997e+01
1.738000030517578125e+02 6.268722029657278938e+01
1.738999938964843750e+02 8.409211846291003667e+01
1.740000000000000000e+02 9.342210263302793294e+01
1.741000061035156250e+02 9.194633223098799135e+01
1.741999969482421875e+02 9.123242120928473753e+01
1.743000030517578125e+02 9.415740514965926877e+01
1.743999938964843750e+02 7.518589163847778423e+01
1.745000000000000000e+02 5.524478240758364933e+01
1.746000061035156250e+02 4.971811129262348317e+01
1.746999969482421875e+02 4.435156675676671512e+01
1.748000030517578125e+02 4.337322691462106405e+01
1.748999938964843750e+02 4.452897900489661254e+01
1.750000000000000000e+02 4.738084453634694171e+01
1.751000061035156250e+02 4.342395543630131982e+01
1.751999969482421875e+02 4.471417486820497800e+01
1.753000030517578125e+02 4.419870959257362131e+01
1.753999938964843750e+02 4.465795575237798687e+01
1.755000000000000000e+02 4.341094409303313739e+01
1.756000061035156250e+02 4.274162971309768011e+01
1.756999969482421875e+02 4.510070729781326548e+01
1.758000030517578125e+02 4.484219339836789686e+01
1.758999938964843750e+02 4.389215937381973021e+01
1.760000000000000000e+02 4.068345385378750478e+01
1.761000061035156250e+02 4.280530392202533108e+01
1.761999969482421875e+02 4.134828823744778248e+01
1.763000030517578125e+02 4.325027197037011462e+01
1.763999938964843750e+02 4.042158014084332507e+01
1.765000000000000000e+02 4.405297340142785600e+01
1.766000061035156250e+02 4.199487105658376862e+01
1.766999969482421875e+02 4.184027270901582796e+01
1.768000030517578125e+02 4.110684284019509249e+01
1.768999938964843750e+02 4.404087270701322154e+01
1.770000000000000000e+02 4.146255483711392742e+01
1.771000061035156250e+02 4.127415254008654699e+01
1.771999969482421875e+02 4.099106243468060740e+01
1.773000030517578125e+02 4.074842286366716593e+01
1.773999938964843750e+02 4.378695349313879603e+01
1.775000000000000000e+02 4.159487347079227959e+01
1.776000061035156250e+02 4.193601862840988304e+01
1.776999969482421875e+02 4.122390614140862652e+01
1.778000030517578125e+02 4.056187026799270257e+01
1.778999938964843750e+02 4.300842461381840565e+01
1.780000000000000000e+02 3.991735182750677779e+01
1.781000061035156250e+02 4.126933966788850228e+01
1.781999969482421875e+02 4.183982438895791489e+01
1.783000030517578125e+02 4.263815077025640221e+01
1.783999938964843750e+02 4.097904623754433118e+01
1.785000000000000000e+02 4.100867162490104789e+01
1.786000061035156250e+02 3.971110699470050776e+01
1.786999969482421875e+02 4.084016261503980161e+01
1.788000030517578125e+02 4.027575149817855049e+01
1.788999938964843750e+02 4.008927906996437684e+01
1.790000000000000000e+02 3.977152431623773765e+01
1.791000061035156250e+02 4.025760789333834566e+01
1.791999969482421875e+02 4.050730216756966229e+01
1.793000030517578125e+02 4.121688496698219950e+01
1.793999938964843750e+02 4.091076394769230973e+01
1.795000000000000000e+02 4.040862886574205959e+01
1.796000061035156250e+02 4.241553892593915975e+01
1.796999969482421875e+02 4.117311305599360338e+01
1.798000030517578125e+02 3.968461362944063353e+01
1.798999938964843750e+02 4.013593482996419937e+01
1.800000000000000000e+02 3.868646116019121450e+01
1.801000061035156250e+02 3.984843332998118370e+01
1.801999969482421875e+02 4.175989483198751628e+01
1.803000030517578125e+02 4.070313118650027207e+01
1.803999938964843750e+02 3.922995153040670147e+01
1.805000000000000000e+02 3.950725434036996120e+01
1.806000061035156250e+02 3.936343606035599407e+01
1.806999969482421875e+02 3.950811054489874863e+01
1.808000030517578125e+02 3.966170151042771863e+01
1.808999938964843750e+02 3.883187794257406722e+01
1.810000000000000000e+02 3.988643784108433721e+01
1.811000061035156250e+02 4.110174977516771122e+01
1.811999969482421875e+02 4.187200083063408584e+01
1.813000030517578125e+02 4.190065940116965493e+01
1.813999938964843750e+02 4.357833418009701631e+01
1.815000000000000000e+02 4.132033270750596898e+01
1.816000061035156250e+02 4.024306429212476388e+01
1.816999969482421875e+02 4.231615510915332834e+01
1.818000030517578125e+02 4.024510238487932412e+01
1.818999938964843750e+02 3.999671381722507135e+01
1.820000000000000000e+02 4.082275142350312791e+01
1.821000061035156250e+02 4.087238492004080825e+01
1.821999969482421875e+02 4.124045196776337718e+01
1.823000030517578125e+02 4.008269270513387994e+01
1.823999938964843750e+02 3.923841568548905201e+01
1.825000000000000000e+02 3.869018582866601719e+01
1.826000061035156250e+02 3.972981100660346954e+01
1.826999969482421875e+02 3.973697059011735888e+01
1.828000030517578125e+02 3.963077421625479957e+01
1.828999938964843750e+02 3.920673735978604668e+01
1.830000000000000000e+02 4.135187554663855991e+01
1.831000061035156250e+02 4.094786345230424729e+01
1.831999969482421875e+02 4.134518441780962661e+01
1.833000030517578125e+02 4.078346438660199880e+01
1.833999938964843750e+02 4.130211261325021610e+01
1.835000000000000000e+02 4.396413669498154064e+01
1.836000061035156250e+02 4.142793279569366405e+01
1.836999969482421875e+02 4.227017874608093706e+01
1.838000030517578125e+02 4.312129670285051475e+01
1.838999938964843750e+02 4.236780707275595859e+01
1.840000000000000000e+02 3.970960442939475143e+01
1.841000061035156250e+02 4.035368164913553102e+01
1.841999969482421875e+02 4.260445759534186294e+01
1.843000030517578125e+02 4.023405743427348824e+01
1.843999938964843750e+02 3.801002978441975699e+01
1.845000000000000000e+02 3.801760062822963704e+01
1.846000061035156250e+02 4.196561227707928765e+01
1.846999969482421875e+02 4.793211339311624641e+01
1.848000030517578125e+02 4.069867712176993990e+01
1.848999938964843750e+02 4.030722200814081901e+01
1.850000000000000000e+02 4.084834114573630615e+01
1.851000061035156250e+02 3.934112544667344480e+01
1.851999969482421875e+02 4.141144136056714586e+01
1.853000030517578125e+02 4.138809437193114604e+01
1.853999938964843750e+02 3.944796686026372612e+01
1.855000000000000000e+02 3.997043962588166721e+01
1.856000061035156250e+02 3.979683109557075937e+01
1.856999969482421875e+02 3.992632683360052681e+01
1.858000030517578125e+02 3.880834426615105315e+01
1.858999938964843750e+02 4.102061540093536252e+01
1.860000000000000000e+02 4.149596398112136342e+01
1.861000061035156250e+02 4.352514152392488711e+01
1.861999969482421875e+02 4.051159572374608331e+01
1.863000030517578125e+02 3.880436908184839240e+01
1.863999938964843750e+02 3.790300835055469264e+01
1.865000000000000000e+02 3.908699001301408771e+01
1.866000061035156250e+02 4.350856016596484466e+01
1.866999969482421875e+02 3.915816009372022677e+01
1.868000030517578125e+02 3.744825312903662962e+01
1.868999938964843750e+02 4.394742044217190369e+01
1.870000000000000000e+02 4.075386388885701194e+01
1.871000061035156250e+02 5.241470064968216036e+01
1.871999969482421875e+02 3.294107051906846095e+01
1.873000030517578125e+02 4.680280230635918315e+01
1.873999938964843750e+02 6.090213607162169751e+01
1.875000000000000000e+02 7.044546726362001721e+01
1.876000061035156250e+02 9.057584596626745110e+01
1.876999969482421875e+02 8.636243715363883666e+01
1.878000030517578125e+02 8.675964179403064236e+01
1.878999938964843750e+02 7.193691069456636455e+01
1.880000000000000000e+02 5.430955259668990465e+01
1.881000061035156250e+02 8.579328779337058108e+01
1.881999969482421875e+02 9.086182610224135203e+01
1.883000030517578125e+02 9.329029024548731286e+01
1.883999938964843750e+02 5.969622207697418759e+01
1.885000000000000000e+02 6.789736775693856430e+01
1.886000061035156250e+02 4.977135667766667382e+01
1.886999969482421875e+02 3.452467796599240302e+01
1.888000030517578125e+02 4.056565839799055340e+01
1.888999938964843750e+02 4.812489417539195102e+01
1.890000000000000000e+02 4.161653435830103831e+01
1.891000061035156250e+02 3.353020316847658933e+01
1.891999969482421875e+02 5.239615537988950678e+01
1.893000030517578125e+02 6.679506487082716149e+01
1.893999938964843750e+02 4.829062215591536500e+01
1.895000000000000000e+02 4.970241275161914984e+01
1.896000061035156250e+02 5.424800543934193087e+01
1.896999969482421875e+02 7.125538921811313742e+01
1.898000030517578125e+02 5.465277234796476336e+01
1.898999938964843750e+02 6.153882804014853747e+01
1.900000000000000000e+02 4.891585925179300176e+01
1.901000061035156250e+02 4.298689267794086533e+01
1.901999969482421875e+02 3.743489740103152741e+01
1.903000030517578125e+02 2.223008216971988560e+01
1.903999938964843750e+02 1.988574831499444784e+01
1.905000000000000000e+02 2.580011123110689653e+01
1.906000061035156250e+02 3.633325771621699118e+01
1.906999969482421875e+02 4.168785183002980688e+01
1.908000030517578125e+02 4.851611705122445528e+01
1.908999938964843750e+02 6.883800427348727169e+01
1.910000000000000000e+02 6.820579165487376372e+01
1.911000061035156250e+02 7.650305649146537235e+01
1.911999969482421875e+02 7.603286477359381479e+01
1.913000030517578125e+02 7.684629845970917472e+01
1.913999938964843750e+02 6.650321378558919605e+01
1.915000000000000000e+02 5.686105115925865761e+01
1.916000061035156250e+02 8.249756682804520835e+01
1.916999969482421875e+02 9.058134197220329042e+01
1.918000030517578125e+02 7.649866026665203833e+01
1.918999938964843750e+02 8.553108387386231470e+01
1.920000000000000000e+02 8.781393241975453634e+01
1.921000061035156250e+02 8.425084824288050811e+01
1.921999969482421875e+02 7.731543956683218255e+01
1.923000030517578125e+02 6.869098599949376194e+01
1.923999938964843750e+02 6.305605783477864890e+01
1.925000000000000000e+02 6.452504844734312428e+01
1.926000061035156250e+02 5.078984455034250800e+01
1.926999969482421875e+02 6.014545686438145822e+01
1.928000030517578125e+02 5.008513153934841000e+01
1.928999938964843750e+02 5.222678285543710786e+01
1.930000000000000000e+02 6.476398108337986059e+01
1.931000061035156250e+02 4.837449744394218953e+01
1.931999969482421875e+02 4.809026087694335416e+01
1.933000030517578125e+02 7.013912154324461312e+01
1.933999938964843750e+02 7.022508650237882932e+01
1.935000000000000000e+02 5.259999469871147681e+01
1.936000061035156250e+02 5.504744232203591991e+01
1.936999969482421875e+02 7.118017208552532793e+01
1.938000030517578125e+02 9.039532473322948647e+01
1.938999938964843750e+02 7.915455948482077986e+01
1.940000000000000000e+02 8.236459892680449002e+01
1.941000061035156250e+02 6.349152271181092999e+01
1.941999969482421875e+02 5.355389914568372234e+01
1.943000030517578125e+02 6.699741785769286651e+01
1.943999938964843750e+02 7.391275333714625617e+01
1.945000000000000000e+02 6.314228468837600161e+01
1.946000061035156250e+02 4.774648324904288188e+01
1.946999969482421875e+02 6.490976466459036942e+01
1.948000030517578125e+02 6.795681156606956108e+01
1.948999938964843750e+02 5.566167725575986935e+01
1.950000000000000000e+02 3.155557375220186245e+01
1.951000061035156250e+02 3.591390718965054418e+01
1.951999969482421875e+02 5.509009178899827930e+01
1.953000030517578125e+02 7.406526483665615501e+01
1.953999938964843750e+02 6.381054754986129751e+01
1.955000000000000000e+02 4.779465230414313481e+01
1.956000061035156250e+02 5.686619217319614705e+01
1.956999969482421875e+02 6.414452583240900196e+01
1.958000030517578125e+02 7.255563710665707333e+01
1.958999938964843750e+02 9.648159528905266313e+01
1.960000000000000000e+02 7.541672501753828328e+01
1.961000061035156250e+02 8.624940530825443830e+01
1.961999969482421875e+02 6.797193204061649396e+01
1.963000030517578125e+02 5.852361389067930730e+01
1.963999938964843750e+02 5.696672318031917825e+01
1.965000000000000000e+02 5.274652765085689765e+01
1.966000061035156250e+02 7.248325325755666881e+01
1.966999969482421875e+02 2.709107535167620640e+01
1.968000030517578125e+02 4.573432097555107845e+01
1.968999938964843750e+02 3.887731644368565043e+01
1.970000000000000000e+02 7.824152379671933488e+01
1.971000061035156250e+02 7.885021006226462248e+01
1.971999969482421875e+02 7.102080108855751917e+01
1.973000030517578125e+02 8.270844406382192915e+01
1.973999938964843750e+02 6.998512605041243262e+01
1.975000000000000000e+02 5.367633309242279438e+01
1.976000061035156250e+02 7.178266075203924856e+01
1.976999969482421875e+02 5.990321196612507748e+01
1.978000030517578125e+02 5.405986090055297666e+01
1.978999938964843750e+02 4.792375072116699641e+01
1.980000000000000000e+02 4.887293469819415748e+01
1.981000061035156250e+02 5.536685784225360152e+01
1.981999969482421875e+02 5.472356167683300043e+01
1.983000030517578125e+02 6.130173359506886754e+01
1.983999938964843750e+02 5.802779080846695337e+01
1.985000000000000000e+02 4.633636872964504505e+01
1.986000061035156250e+02 6.015387400707583510e+01
1.986999969482421875e+02 5.891664908891769414e+01
1.988000030517578125e+02 6.819304109388757240e+01
1.988999938964843750e+02 6.292488486862626473e+01
1.990000000000000000e+02 5.822623216882830377e+01
1.991000061035156250e+02 6.343241648609124894e+01
1.991999969482421875e+02 6.631547491622174562e+01
1.993000030517578125e+02 4.855591637837490993e+01
1.993999938964843750e+02 6.122274409099228620e+01
1.995000000000000000e+02 7.606711637437862805e+01
1.996000061035156250e+02 6.623995717545648176e+01
1.996999969482421875e+02 7.917880360980302612e+01
1.998000030517578125e+02 6.996998959734987977e+01
1.998999938964843750e+02 7.495738146646256439e+01
2.000000000000000000e+02 7.617966666343490090e+01
2.001000061035156250e+02 6.523872063339456417e+01
2.001999969482421875e+02 6.343721093002407230e+01
2.003000030517578125e+02 7.200886538882386390e+01
2.003999938964843750e+02 7.662224603333636708e+01
2.005000000000000000e+02 8.469747175401236916e+01
2.006000061035156250e+02 8.328601926431245772e+01
2.006999969482421875e+02 5.193937385847794275e+01
2.008000030517578125e+02 5.537056910462558790e+01
2.008999938964843750e+02 4.440945145372563729e+01
2.010000000000000000e+02 4.861527334627159291e+01
2.011000061035156250e+02 5.930182102977718017e+01
2.011999969482421875e+02 5.624093268346969410e+01
2.013000030517578125e+02 5.029743805137190549e+01
2.013999938964843750e+02 6.421479755224012820e+01
2.015000000000000000e+02 7.045387856200765953e+01
2.016000061035156250e+02 5.521921376634918488e+01
2.016999969482421875e+02 4.992234170712242758e+01
2.018000030517578125e+02 5.919301593137600292e+01
2.018999938964843750e+02 4.699967243688997343e+01
2.020000000000000000e+02 3.490010122537256620e+01
2.021000061035156250e+02 1.563393590921781495e+01
2.021999969482421875e+02 1.958069952735844410e+01
2.023000030517578125e+02 2.854401079042410672e+01
2.023999938964843750e+02 4.018897744614207568e+01
2.025000000000000000e+02 3.577393491477536713e+01
2.026000061035156250e+02 4.993329478118120335e+01
2.026999969482421875e+02 9.244150948644269761e+01
2.028000030517578125e+02 7.054626287882629754e+01
2.028999938964843750e+02 9.976299762607030175e+01
2.030000000000000000e+02 9.117869241823589732e+01
2.031000061035156250e+02 8.731583906918125138e+01
2.031999969482421875e+02 9.891547931248437919e+01
2.033000030517578125e+02 8.695522825744224349e+01
2.033999938964843750e+02 9.763933872842483197e+01
2.035000000000000000e+02 9.530239827980119571e+01
2.036000061035156250e+02 6.869300803205426575e+01
2.036999969482421875e+02 6.023677575255068462e+01
2.038000030517578125e+02 8.527919301469424340e+01
2.038999938964843750e+02 5.427418538538152148e+01
2.040000000000000000e+02 8.059295658681502061e+01
2.041000061035156250e+02 4.841165499880845857e+01
2.041999969482421875e+02 5.927498300597448377e+01
2.043000030517578125e+02 9.835786662996557084e+01
2.043999938964843750e+02 5.488732966096103638e+01
2.045000000000000000e+02 7.084231888425810553e+01
2.046000061035156250e+02 5.569784635230969627e+01
2.046999969482421875e+02 7.902477414189226579e+01
2.048000030517578125e+02 6.976346285234943423e+01
2.048999938964843750e+02 6.677557340100744909e+01
2.050000000000000000e+02 5.809047609757229225e+01
2.051000061035156250e+02 4.940529186721754940e+01
2.051999969482421875e+02 4.077163083131200949e+01
2.053000030517578125e+02 3.425792762917976120e+01
2.053999938964843750e+02 4.097999229474818605e+01
2.055000000000000000e+02 3.447982715248989649e+01
2.056000061035156250e+02 4.111153537303987804e+01
2.056999969482421875e+02 4.801296763180675953e+01
2.058000030517578125e+02 4.208765169663254113e+01
2.058999938964843750e+02 4.391905069592161936e+01
2.060000000000000000e+02 5.170323467412850249e+01
2.061000061035156250e+02 6.684522229764523615e+01
2.061999969482421875e+02 9.534119289130980235e+01
2.063000030517578125e+02 8.474157830736687913e+01
2.063999938964843750e+02 6.934908325742330248e+01
2.065000000000000000e+02 6.632449853202305690e+01
2.066000061035156250e+02 4.713754992668926036e+01
2.066999969482421875e+02 5.571212557988864944e+01
2.068000030517578125e+02 6.130556203214450761e+01
2.068999938964843750e+02 6.689730423523343461e+01
2.070000000000000000e+02 7.231041028805547910e+01
2.071000061035156250e+02 6.853250787472046568e+01
2.071999969482421875e+02 5.270993760728789113e+01
2.073000030517578125e+02 7.381221975533411239e+01
2.073999938964843750e+02 7.159331511811650728e+01
2.075000000000000000e+02 7.988744453244775912e+01
2.076000061035156250e+02 9.347302056611081866e+01
2.076999969482421875e+02 8.931634099561399864e+01
2.078000030517578125e+02 1.017023952541458698e+02
2.078999938964843750e+02 9.184875069223035382e+01
2.080000000000000000e+02 7.773836761399766715e+01
2.081000061035156250e+02 5.561456298118669395e+01
2.081999969482421875e+02 5.020737782217538125e+01
2.083000030517578125e+02 8.133251277970656190e+01
2.083999938964843750e+02 8.324414965848244208e+01
2.085000000000000000e+02 8.518326064797558672e+01
2.086000061035156250e+02 7.410467336373262981e+01
2.086999969482421875e+02 8.096953710023366568e+01
2.088000030517578125e+02 6.743634006180467111e+01
2.088999938964843750e+02 6.963852751026337273e+01
2.090000000000000000e+02 6.214617140646026172e+01
2.091000061035156250e+02 8.176192208083658386e+01
2.091999969482421875e+02 5.901850878781661436e+01
2.093000030517578125e+02 5.901113910654248684e+01
2.093999938964843750e+02 5.202329829290641072e+01
2.095000000000000000e+02 6.451158837079759678e+01
2.096000061035156250e+02 5.486184992144172412e+01
2.096999969482421875e+02 7.827967319258264922e+01
2.098000030517578125e+02 7.134245458829278164e+01
2.098999938964843750e+02 8.074530474049102224e+01
2.100000000000000000e+02 8.552766133426405304e+01
2.101000061035156250e+02 7.767745549177003284e+01
2.101999969482421875e+02 8.364517297860005840e+01
2.103000030517578125e+02 6.617676369991593788e+01
2.103999938964843750e+02 6.833938654747765895e+01
2.105000000000000000e+02 5.787433991046370352e+01
2.106000061035156250e+02 7.223953365954648120e+01
2.106999969482421875e+02 7.719945550652153088e+01
2.108000030517578125e+02 8.129110296833879090e+01
2.108999938964843750e+02 6.192895523697694671e+01
2.110000000000000000e+02 6.593999232644260644e+01
2.111000061035156250e+02 5.558872150381877475e+01
2.111999969482421875e+02 4.604585631823022140e+01
2.113000030517578125e+02 4.479749398539940586e+01
2.113999938964843750e+02 6.933400014124012500e+01
2.115000000000000000e+02 8.702499806159129037e+01
2.116000061035156250e+02 8.385912415609082871e+01
2.116999969482421875e+02 7.813242743914833000e+01
2.118000030517578125e+02 8.743360450964372887e+01
2.118999938964843750e+02 8.942304681132993949e+01
2.120000000000000000e+02 8.472958494235822968e+01
2.121000061035156250e+02 7.323417449519619993e+01
2.121999969482421875e+02 8.809283049131799714e+01
2.123000030517578125e+02 9.368864288056711587e+01
2.123999938964843750e+02 9.600888910158055012e+01
2.125000000000000000e+02 6.138530693541417094e+01
2.126000061035156250e+02 7.277783975619580303e+01
2.126999969482421875e+02 6.132764288625923399e+01
2.128000030517578125e+02 3.258846274465089721e+01
2.128999938964843750e+02 3.730067826930029895e+01
2.130000000000000000e+02 3.211132632395440822e+01
2.131000061035156250e+02 4.596046490991575695e+01
2.131999969482421875e+02 3.594606487633928538e+01
2.133000030517578125e+02 3.976708610364021013e+01
2.133999938964843750e+02 3.455425720028142678e+01
2.135000000000000000e+02 4.804471679721395105e+01
2.136000061035156250e+02 5.062633613772140961e+01
2.136999969482421875e+02 6.455774265802877210e+01
2.138000030517578125e+02 6.036502906043729411e+01
2.138999938964843750e+02 6.911473473658155342e+01
2.140000000000000000e+02 7.209554949602332385e+01
2.141000061035156250e+02 8.217611138242926927e+01
2.141999969482421875e+02 7.933881637928588759e+01
2.143000030517578125e+02 7.330903953992854838e+01
2.143999938964843750e+02 6.846943861944504306e+01
2.145000000000000000e+02 6.999848377176290626e+01
2.146000061035156250e+02 7.079579370824725970e+01
2.146999969482421875e+02 6.778874897137092148e+01
2.148000030517578125e+02 4.401711637535185417e+01
2.148999938964843750e+02 4.057398567202627504e+01
2.150000000000000000e+02 3.299180755749139848e+01
2.151000061035156250e+02 3.332947089372303395e+01
2.151999969482421875e+02 3.642408989684877696e+01
2.153000030517578125e+02 3.422369871792951557e+01
2.153999938964843750e+02 3.194120971452161228e+01
2.155000000000000000e+02 4.580441462869553959e+01
2.156000061035156250e+02 3.095844255304375991e+01
2.156999969482421875e+02 6.192099952300463883e+01
2.158000030517578125e+02 6.808444528188800859e+01
2.158999938964843750e+02 5.389467910955651320e+01
2.160000000000000000e+02 2.992595341560065592e+01
2.161000061035156250e+02 1.560763843083651281e+01
2.161999969482421875e+02 1.472827295213049581e+01
2.163000030517578125e+02 1.393020396409272621e+01
2.163999938964843750e+02 1.677726767025050947e+01
2.165000000000000000e+02 2.589075798733790634e+01
2.166000061035156250e+02 4.088439178400479079e+01
2.166999969482421875e+02 4.278260098920979715e+01
2.168000030517578125e+02 3.020489928386929535e+01
2.168999938964843750e+02 4.077988206558631390e+01
2.170000000000000000e+02 6.239643216565305295e+01
2.171000061035156250e+02 7.249289606201345748e+01
2.171999969482421875e+02 5.100672173183077973e+01
2.173000030517578125e+02 6.504712220920821153e+01
2.173999938964843750e+02 4.936189060391576788e+01
2.175000000000000000e+02 6.625912177514410928e+01
2.176000061035156250e+02 6.184385354683029590e+01
2.176999969482421875e+02 6.158952223027810646e+01
2.178000030517578125e+02 5.769783587429049732e+01
2.178999938964843750e+02 5.310238330616493840e+01
2.180000000000000000e+02 9.984092171896564594e+01
2.181000061035156250e+02 5.836962763731907700e+01
2.181999969482421875e+02 6.348285233183097631e+01
2.183000030517578125e+02 7.880818046735996063e+01
2.183999938964843750e+02 8.534866151621240249e+01
2.185000000000000000e+02 5.868953459044404042e+01
2.186000061035156250e+02 7.068034083374844556e+01
2.186999969482421875e+02 6.764849751347954054e+01
2.188000030517578125e+02 8.094996425065255607e+01
2.188999938964843750e+02 6.333417654942895325e+01
2.190000000000000000e+02 8.742656852677905022e+01
2.191000061035156250e+02 7.937198361670547797e+01
2.191999969482421875e+02 8.370302455638083927e+01
2.193000030517578125e+02 9.087661357830050690e+01
2.193999938964843750e+02 9.468328606123296254e+01
2.195000000000000000e+02 8.659290042124587217e+01
2.196000061035156250e+02 8.925196859834539964e+01
2.196999969482421875e+02 7.487150986010364306e+01
2.198000030517578125e+02 8.320746404971349364e+01
2.198999938964843750e+02 6.196749031852422718e+01
2.200000000000000000e+02 5.872480093027560599e+01
2.201000061035156250e+02 5.873002890880098192e+01
2.201999969482421875e+02 7.250722148852260318e+01
2.203000030517578125e+02 6.539366397195907155e+01
2.203999938964843750e+02 6.354695955488833903e+01
2.205000000000000000e+02 8.159255372720687660e+01
2.206000061035156250e+02 6.936586928854480050e+01
2.206999969482421875e+02 5.665332479800428445e+01
2.208000030517578125e+02 3.952188108046608761e+01
2.208999938964843750e+02 4.199031415382237498e+01
2.210000000000000000e+02 3.941112977768575121e+01
2.211000061035156250e+02 4.481344042966307484e+01
2.211999969482421875e+02 6.237033560022521783e+01
2.213000030517578125e+02 4.856972428767493710e+01
2.213999938964843750e+02 6.199439303317944194e+01
2.215000000000000000e+02 6.444956829829490630e+01
2.216000061035156250e+02 5.380046149848779891e+01
2.216999969482421875e+02 4.702174989404921490e+01
2.218000030517578125e+02 7.913480298645831112e+01
2.218999938964843750e+02 5.866892518982481874e+01
2.220000000000000000e+02 5.685796479366127443e+01
2.221000061035156250e+02 7.032240281840911678e+01
2.221999969482421875e+02 7.592995962067998050e+01
2.223000030517578125e+02 6.980583095706650454e+01
2.223999938964843750e+02 7.162018610242026284e+01
2.225000000000000000e+02 6.607584361273710272e+01
2.226000061035156250e+02 6.387575998381316822e+01
2.226999969482421875e+02 5.331514081210445255e+01
2.228000030517578125e+02 4.460732531020469338e+01
2.228999938964843750e+02 7.524077180220407968e+01
2.230000000000000000e+02 7.884484254979375351e+01
2.231000061035156250e+02 6.104658124542322639e+01
2.231999969482421875e+02 7.506607998162675699e+01
2.233000030517578125e+02 7.161611057390844337e+01
2.233999938964843750e+02 6.160131587242497631e+01
2.235000000000000000e+02 6.963828862769786099e+01
2.236000061035156250e+02 7.176424752076606239e+01
2.236999969482421875e+02 8.352985811061421373e+01
2.238000030517578125e+02 6.364618868726387291e+01
2.238999938964843750e+02 5.732915714270621521e+01
2.240000000000000000e+02 7.011891701807992661e+01
2.241000061035156250e+02 4.459986303210419578e+01
2.241999969482421875e+02 3.661200521519866413e+01
2.243000030517578125e+02 5.280243249204933420e+01
2.243999938964843750e+02 5.728756526474439426e+01
2.245000000000000000e+02 5.419675126792194675e+01
2.246000061035156250e+02 6.277912583444456374e+01
2.246999969482421875e+02 8.476031286256625208e+01
2.248000030517578125e+02 9.335464853108192074e+01
2.248999938964843750e+02 9.097152749094027513e+01
2.250000000000000000e+02 7.240770049485038840e+01
2.251000061035156250e+02 5.779194548389874342e+01
2.251999969482421875e+02 6.088998139443326352e+01
2.253000030517578125e+02 4.980960217033926796e+01
2.253999938964843750e+02 2.981879403531080541e+01
2.255000000000000000e+02 3.766815573424205610e+01
2.256000061035156250e+02 5.851487442835320962e+01
2.256999969482421875e+02 6.456548071874601646e+01
2.258000030517578125e+02 7.489448449253323759e+01
2.258999938964843750e+02 9.400709913556396202e+01
2.260000000000000000e+02 9.243783277113898578e+01
2.261000061035156250e+02 7.279628621470543237e+01
2.261999969482421875e+02 1.026513224869739815e+02
2.263000030517578125e+02 5.076270648133387198e+01
2.263999938964843750e+02 3.717160006698025398e+01
2.265000000000000000e+02 2.246345084706153727e+01
2.266000061035156250e+02 3.084150725709021401e+01
2.266999969482421875e+02 2.327277207076981114e+01
2.268000030517578125e+02 3.708990967052855581e+01
2.268999938964843750e+02 4.153823301001052215e+01
2.270000000000000000e+02 5.278965481254365244e+01
2.271000061035156250e+02 5.513903505332795874e+01
2.271999969482421875e+02 6.983698467899667151e+01
2.273000030517578125e+02 7.049791280782285696e+01
2.273999938964843750e+02 6.767811115905831798e+01
2.275000000000000000e+02 6.711685181483289853e+01
2.276000061035156250e+02 6.448851577788941825e+01
2.276999969482421875e+02 5.986511531292088506e+01
2.278000030517578125e+02 5.837994335230649057e+01
2.278999938964843750e+02 5.614377761139296297e+01
2.280000000000000000e+02 4.605235923415687438e+01
2.281000061035156250e+02 3.728538322594017274e+01
2.281999969482421875e+02 3.111448687198338448e+01
2.283000030517578125e+02 3.067186907957830400e+01
2.283999938964843750e+02 3.076581920940572701e+01
2.285000000000000000e+02 3.619186370325344626e+01
2.286000061035156250e+02 4.115813204481853660e+01
2.286999969482421875e+02 4.100651986891990219e+01
2.288000030517578125e+02 3.344691231022569866e+01
2.288999938964843750e+02 3.521560677428274744e+01
2.290000000000000000e+02 3.532573679908967534e+01
2.291000061035156250e+02 3.190853750018178303e+01
2.291999969482421875e+02 3.787760784994095076e+01
2.293000030517578125e+02 4.367679782020676527e+01
2.293999938964843750e+02 4.830181677339727031e+01
2.295000000000000000e+02 5.003998824588147443e+01
2.296000061035156250e+02 5.455105531004288366e+01
2.296999969482421875e+02 6.375878147332368684e+01
2.298000030517578125e+02 5.986137661969864610e+01
2.298999938964843750e+02 5.373339388308634312e+01
2.300000000000000000e+02 6.322742289945701089e+01
2.301000061035156250e+02 6.509075010893596414e+01
2.301999969482421875e+02 6.809192643200583461e+01
2.303000030517578125e+02 6.672247111496929506e+01
2.303999938964843750e+02 6.994946074837100980e+01
2.305000000000000000e+02 7.677864615680427107e+01
2.306000061035156250e+02 5.950422307534160637e+01
2.306999969482421875e+02 7.000258004490562769e+01
2.308000030517578125e+02 6.926401017245730429e+01
2.308999938964843750e+02 7.173827130502152727e+01
2.310000000000000000e+02 7.743495387999314516e+01
2.311000061035156250e+02 7.634862397202503814e+01
2.311999969482421875e+02 8.437081792061759700e+01
2.313000030517578125e+02 8.011192359481702852e+01
2.313999938964843750e+02 9.146623302476771755e+01
2.315000000000000000e+02 8.697537134220696942e+01
2.316000061035156250e+02 8.166014652197428347e+01
2.316999969482421875e+02 8.963242142831198578e+01
2.318000030517578125e+02 9.643157748889139214e+01
2.318999938964843750e+02 6.801903524336898954e+01
2.320000000000000000e+02 3.237551983949611412e+01
2.321000061035156250e+02 4.184781735686316750e+01
2.321999969482421875e+02 6.498538110022207093e+01
2.323000030517578125e+02 8.027059151745946508e+01
2.323999938964843750e+02 6.049626403439468447e+01
2.325000000000000000e+02 7.014291237398751377e+01
2.326000061035156250e+02 6.755798353863657724e+01
2.326999969482421875e+02 5.737910563970097400e+01
2.328000030517578125e+02 5.009494490592326343e+01
2.328999938964843750e+02 4.041115833939324631e+01
2.330000000000000000e+02 3.203271734609522525e+01
2.331000061035156250e+02 2.868501745702260664e+01
2.331999969482421875e+02 2.862124486162630888e+01
2.333000030517578125e+02 2.845293511623777150e+01
2.333999938964843750e+02 2.794263805434132308e+01
2.335000000000000000e+02 2.748708865780919197e+01
2.336000061035156250e+02 2.662082427979897759e+01
2.336999969482421875e+02 2.595480572839962363e+01
2.338000030517578125e+02 2.633440589757625361e+01
2.338999938964843750e+02 2.607964397558663094e+01
2.340000000000000000e+02 2.526993791277984513e+01
2.341000061035156250e+02 2.659517514353549217e+01
2.341999969482421875e+02 2.579374683527433376e+01
2.343000030517578125e+02 2.570624735736435795e+01
2.343999938964843750e+02 2.589364205125374241e+01
2.345000000000000000e+02 2.614385766866860550e+01
2.346000061035156250e+02 2.482736131169954064e+01
2.346999969482421875e+02 2.659895370950235360e+01
2.348000030517578125e+02 2.531884212845780979e+01
2.348999938964843750e+02 2.582981601196742005e+01
2.350000000000000000e+02 2.581139063372792108e+01
2.351000061035156250e+02 2.619573638670059879e+01
2.351999969482421875e+02 2.480554175335794298e+01
2.353000030517578125e+02 2.572520313770514733e+01
2.353999938964843750e+02 2.581332520770757810e+01
2.355000000000000000e+02 2.642583844790543424e+01
2.356000061035156250e+02 2.552968861750605711e+01
2.356999969482421875e+02 2.488512112097305717e+01
2.358000030517578125e+02 2.492818324042613654e+01
2.358999938964843750e+02 2.513187451916779125e+01
2.360000000000000000e+02 2.551937852636122983e+01
2.361000061035156250e+02 2.555358358121444695e+01
2.361999969482421875e+02 2.695685696997679770e+01
2.363000030517578125e+02 2.660476574777698033e+01
2.363999938964843750e+02 2.801294502551212418e+01
2.365000000000000000e+02 2.639687120838972234e+01
2.366000061035156250e+02 2.594512293477016840e+01
2.366999969482421875e+02 2.542009331078862999e+01
2.368000030517578125e+02 2.502788246327448363e+01
2.368999938964843750e+02 2.633853059155319443e+01
2.370000000000000000e+02 2.681232826868302155e+01
2.371000061035156250e+02 2.646209786823814625e+01
2.371999969482421875e+02 2.704140360247580688e+01
2.373000030517578125e+02 2.738336208237068803e+01
2.373999938964843750e+02 2.658188111710373036e+01
2.375000000000000000e+02 2.641391159770249075e+01
2.376000061035156250e+02 2.534505891154059753e+01
2.376999969482421875e+02 2.595364891200839352e+01
2.378000030517578125e+02 2.623961543505929583e+01
2.378999938964843750e+02 2.667557805053770892e+01
2.380000000000000000e+02 2.775714981999848874e+01
2.381000061035156250e+02 2.699396817583094688e+01
2.381999969482421875e+02 2.484481834403277034e+01
2.383000030517578125e+02 2.546048700636928430e+01
2.383999938964843750e+02 2.570345357445256340e+01
2.385000000000000000e+02 2.583626350764463098e+01
2.386000061035156250e+02 2.524664928604062553e+01
2.386999969482421875e+02 2.556328274940169365e+01
2.388000030517578125e+02 2.506802795699107733e+01
2.388999938964843750e+02 2.532499331025426770e+01
2.390000000000000000e+02 2.480970606962872083e+01
2.391000061035156250e+02 2.563151716227447707e+01
2.391999969482421875e+02 2.463985525227295170e+01
2.393000030517578125e+02 2.601392045915563855e+01
2.393999938964843750e+02 2.579395457513210843e+01
2.395000000000000000e+02 2.589613509832386740e+01
2.396000061035156250e+02 2.592564634119469602e+01
2.396999969482421875e+02 2.738151802964718584e+01
2.398000030517578125e+02 2.508777893499366130e+01
2.398999938964843750e+02 2.569444598756062703e+01
2.400000000000000000e+02 2.579026101013888450e+01
2.401000061035156250e+02 2.677465805325586956e+01
2.401999969482421875e+02 2.511752161362559832e+01
2.403000030517578125e+02 2.600432369575545977e+01
2.403999938964843750e+02 2.545745436036309073e+01
2.405000000000000000e+02 2.558138554888926208e+01
2.406000061035156250e+02 2.490863072335976725e+01
2.406999969482421875e+02 2.449650732603503300e+01
2.408000030517578125e+02 2.460114080848010332e+01
2.408999938964843750e+02 2.500856107024399222e+01
2.410000000000000000e+02 2.586878585678717357e+01
2.411000061035156250e+02 2.543101634624365559e+01
2.411999969482421875e+02 2.527077350277876633e+01
2.413000030517578125e+02 2.625114763078509839e+01
2.413999938964843750e+02 2.654628194547922959e+01
2.415000000000000000e+02 2.608924797085234104e+01
2.416000061035156250e+02 2.569678840319409829e+01
2.416999969482421875e+02 2.574331427281982698e+01
2.418000030517578125e+02 2.549151849548416848e+01
2.418999938964843750e+02 2.492506967427789633e+01
2.420000000000000000e+02 2.570813508710154238e+01
2.421000061035156250e+02 2.542741150684095430e+01
2.421999969482421875e+02 2.538499745491703408e+01
2.423000030517578125e+02 2.555525807289714990e+01
2.423999938964843750e+02 2.500515162622680876e+01
2.425000000000000000e+02 2.566758452321034412e+01
2.426000061035156250e+02 2.598635222777653198e+01
2.426999969482421875e+02 2.554840235819790450e+01
2.428000030517578125e+02 2.580297007022075206e+01
2.428999938964843750e+02 2.579395572439201700e+01
2.430000000000000000e+02 2.556477485488024826e+01
2.431000061035156250e+02 2.528698097012128443e+01
2.431999969482421875e+02 2.574410845249918012e+01
2.433000030517578125e+02 2.522427994892116487e+01
2.433999938964843750e+02 2.520561296195293366e+01
2.435000000000000000e+02 2.568209229744426736e+01
2.436000061035156250e+02 2.483813131957099429e+01
2.436999969482421875e+02 2.597622493568164970e+01
2.438000030517578125e+02 2.732443966668614621e+01
2.438999938964843750e+02 2.681048024679716946e+01
2.440000000000000000e+02 2.674518628344398508e+01
2.441000061035156250e+02 2.637334398774470046e+01
2.441999969482421875e+02 2.712560608215934010e+01
2.443000030517578125e+02 2.617511826772609496e+01
2.443999938964843750e+02 2.644736629184049903e+01
2.445000000000000000e+02 2.683821275758568348e+01
2.446000061035156250e+02 2.732747863136043875e+01
2.446999969482421875e+02 2.717600548556254481e+01
2.448000030517578125e+02 2.715052272987215431e+01
2.448999938964843750e+02 2.697520564417256139e+01
2.450000000000000000e+02 2.576396841334874210e+01
2.451000061035156250e+02 2.664892016824913412e+01
2.451999969482421875e+02 2.712447323282906453e+01
2.453000030517578125e+02 2.619365803380056690e+01
2.453999938964843750e+02 2.526684444210028602e+01
2.455000000000000000e+02 2.658836623977362024e+01
2.456000061035156250e+02 2.651369291243429416e+01
2.456999969482421875e+02 2.612115050472347377e+01
2.458000030517578125e+02 2.669740092263316456e+01
2.458999938964843750e+02 2.673679180562142577e+01
2.460000000000000000e+02 2.656370538589735730e+01
2.461000061035156250e+02 2.715224124144919671e+01
2.461999969482421875e+02 2.574862037361222633e+01
2.463000030517578125e+02 2.669091068584299720e+01
2.463999938964843750e+02 2.626667526720411772e+01
2.465000000000000000e+02 2.587277985160159943e+01
2.466000061035156250e+02 2.628637858849800324e+01
2.466999969482421875e+02 2.636788721250914946e+01
2.468000030517578125e+02 2.648143848848848236e+01
2.468999938964843750e+02 2.622350618872395600e+01
2.470000000000000000e+02 2.625125489219719555e+01
2.471000061035156250e+02 2.616380923615188081e+01
2.471999969482421875e+02 2.623105865877507270e+01
2.473000030517578125e+02 2.688085510172195569e+01
2.473999938964843750e+02 2.588758211364940465e+01
2.475000000000000000e+02 2.552660420609007375e+01
2.476000061035156250e+02 2.605549373337759889e+01
2.476999969482421875e+02 2.669720134786622623e+01
2.478000030517578125e+02 2.677693661375151279e+01
2.478999938964843750e+02 2.582781168074954437e+01
2.480000000000000000e+02 2.695087925588716971e+01
2.481000061035156250e+02 2.568275362573828957e+01
2.481999969482421875e+02 2.586086433762820036e+01
2.483000030517578125e+02 2.625366549292565566e+01
2.483999938964843750e+02 2.612385641808199566e+01
2.485000000000000000e+02 2.630995278096765944e+01
2.486000061035156250e+02 2.628206021268815817e+01
2.486999969482421875e+02 2.621165831386857903e+01
2.488000030517578125e+02 2.653847227109161722e+01
2.488999938964843750e+02 2.677788516704169552e+01
2.490000000000000000e+02 2.625097204472284318e+01
2.491000061035156250e+02 2.653278644905419625e+01
2.491999969482421875e+02 2.647436005491704947e+01
2.493000030517578125e+02 2.637285085545376617e+01
2.493999938964843750e+02 2.683644765257691134e+01
2.495000000000000000e+02 2.673737888314864364e+01
2.496000061035156250e+02 2.649301368706688464e+01
2.496999969482421875e+02 2.465982716517655859e+01
2.498000030517578125e+02 2.571366205059224797e+01
2.498999938964843750e+02 2.454160319835783355e+01
2.500000000000000000e+02 2.620821233051340826e+01
2.501000061035156250e+02 2.612654739872965592e+01
2.501999969482421875e+02 2.647227253699907834e+01
2.503000030517578125e+02 2.624968854084577430e+01
2.503999938964843750e+02 2.642148199085253424e+01
2.505000000000000000e+02 2.670854653301752180e+01
2.506000061035156250e+02 2.651789664746933894e+01
2.506999969482421875e+02 2.660666186248250042e+01
2.508000030517578125e+02 2.762024101578682789e+01
2.508999938964843750e+02 2.670169604111568873e+01
2.510000000000000000e+02 2.648181547671853409e+01
2.511000061035156250e+02 2.643681353554481817e+01
2.511999969482421875e+02 2.611572606573023592e+01
2.513000030517578125e+02 2.567515010875114356e+01
2.513999938964843750e+02 2.613422251308546151e+01
2.515000000000000000e+02 2.605590281793354634e+01
2.516000061035156250e+02 2.583360972287407265e+01
2.516999969482421875e+02 2.652841523451349559e+01
2.518000030517578125e+02 2.658262202276482711e+01
2.518999938964843750e+02 2.705270333160071417e+01
2.520000000000000000e+02 2.638824104046040375e+01
2.521000061035156250e+02 2.643856811887933844e+01
2.521999969482421875e+02 2.643574520962270569e+01
2.523000030517578125e+02 2.614334207148336731e+01
2.523999938964843750e+02 2.723770614797924239e+01
2.525000000000000000e+02 2.670535197733127575e+01
2.526000061035156250e+02 2.764480997550856500e+01
2.526999969482421875e+02 2.705564039375955687e+01
2.528000030517578125e+02 2.724117535589515526e+01
2.528999938964843750e+02 2.669392801647288493e+01
2.530000000000000000e+02 2.726035657922049538e+01
2.531000061035156250e+02 2.721654912826297590e+01
2.531999969482421875e+02 2.698955441906106856e+01
2.533000030517578125e+02 2.687109562851750511e+01
2.533999938964843750e+02 2.685515333173465891e+01
2.535000000000000000e+02 2.714778331546094492e+01
2.536000061035156250e+02 2.688685321161093711e+01
2.536999969482421875e+02 2.787251228237446199e+01
2.538000030517578125e+02 2.613611372114561959e+01
2.538999938964843750e+02 2.683550099649175991e+01
2.540000000000000000e+02 2.702618515317658776e+01
2.541000061035156250e+02 2.718702854159262117e+01
2.541999969482421875e+02 2.730959942758741832e+01
2.543000030517578125e+02 2.646555926368135658e+01
2.543999938964843750e+02 2.950472298096578783e+01
2.545000000000000000e+02 2.904598331388338650e+01
2.546000061035156250e+02 2.930067551291923422e+01
2.546999969482421875e+02 2.952981778893413534e+01
2.548000030517578125e+02 3.113192677816991960e+01
2.548999938964843750e+02 3.023170766063784143e+01
2.550000000000000000e+02 2.859489182427472542e+01
2.551000061035156250e+02 3.043485723140019772e+01
2.551999969482421875e+02 3.013755445315883108e+01
2.553000030517578125e+02 3.092814563427911878e+01
2.553999938964843750e+02 3.019090239025085154e+01
2.555000000000000000e+02 2.880469194458572346e+01
2.556000061035156250e+02 2.932727471706227718e+01
2.556999969482421875e+02 3.056767313317067547e+01
2.558000030517578125e+02 2.935107494148694229e+01
2.558999938964843750e+02 3.053530698624341611e+01
2.560000000000000000e+02 3.066441649095314403e+01
2.561000061035156250e+02 3.066782644411004455e+01
2.562000122070312500e+02 2.954095193766202598e+01
2.562999877929687500e+02 3.002593471417208804e+01
2.563999938964843750e+02 3.055948074365455724e+01
2.565000000000000000e+02 3.067189025927071455e+01
2.566000061035156250e+02 3.049175988720700303e+01
2.567000122070312500e+02 3.001607141682434587e+01
2.567999877929687500e+02 2.954803711937776356e+01
2.568999938964843750e+02 3.008091776510457649e+01
2.570000000000000000e+02 3.030189999803462442e+01
2.571000061035156250e+02 3.030345670861877494e+01
2.572000122070312500e+02 3.029922173849502443e+01
2.572999877929687500e+02 3.024685473633251931e+01
2.573999938964843750e+02 3.093437561107181821e+01
2.575000000000000000e+02 3.053555158304690309e+01
2.576000061035156250e+02 3.036335315966584147e+01
2.577000122070312500e+02 2.980196501577271562e+01
2.577999877929687500e+02 3.099042586532773669e+01
2.578999938964843750e+02 3.027266224641009273e+01
2.580000000000000000e+02 2.995081588771115122e+01
2.581000061035156250e+02 3.013752220334296794e+01
2.582000122070312500e+02 3.115635600583753373e+01
2.582999877929687500e+02 3.072269362400598069e+01
2.583999938964843750e+02 3.049771428655106575e+01
2.585000000000000000e+02 3.125439624757512647e+01
2.586000061035156250e+02 2.947076351843225694e+01
2.587000122070312500e+02 3.060455481503688091e+01
2.587999877929687500e+02 3.048060954423525359e+01
2.588999938964843750e+02 3.064088195736443865e+01
2.590000000000000000e+02 3.063775549522873831e+01
2.591000061035156250e+02 2.924953528256659041e+01
2.592000122070312500e+02 3.101254500874578568e+01
2.592999877929687500e+02 3.111867878145217858e+01
2.593999938964843750e+02 3.114452548384389985e+01
2.595000000000000000e+02 3.060501025543162967e+01
2.596000061035156250e+02 3.021812307598046132e+01
2.597000122070312500e+02 2.971336010388830573e+01
2.597999877929687500e+02 3.054030736227111476e+01
2.598999938964843750e+02 3.046943908132316992e+01
2.600000000000000000e+02 3.147054039040779472e+01
2.601000061035156250e+02 3.074790611317650146e+01
2.602000122070312500e+02 3.072780479573536283e+01
2.602999877929687500e+02 3.047889222706909607e+01
2.603999938964843750e+02 3.040909953105290597e+01
2.605000000000000000e+02 3.076434155134749560e+01
2.606000061035156250e+02 3.120935721153680120e+01
2.607000122070312500e+02 3.119088384035687866e+01
2.607999877929687500e+02 3.066720807475825339e+01
2.608999938964843750e+02 2.972937392184839922e+01
2.610000000000000000e+02 3.076514060829178732e+01
2.611000061035156250e+02 3.079751782184906261e+01
2.612000122070312500e+02 3.036797858486898605e+01
2.612999877929687500e+02 3.080024137679177798e+01
2.613999938964843750e+02 2.928790519362575040e+01
2.615000000000000000e+02 2.988774574355593572e+01
2.616000061035156250e+02 2.993869670066544586e+01
2.617000122070312500e+02 2.998145743876579772e+01
2.617999877929687500e+02 3.053095932077891561e+01
2.618999938964843750e+02 3.008998525146510516e+01
2.620000000000000000e+02 2.946634830777822245e+01
2.621000061035156250e+02 2.965446434271698806e+01
2.622000122070312500e+02 3.002422711997545335e+01
2.622999877929687500e+02 3.026889231105046107e+01
2.623999938964843750e+02 2.965594863158055006e+01
2.625000000000000000e+02 2.995469724689816715e+01
2.626000061035156250e+02 3.088082317411542022e+01
2.627000122070312500e+02 2.852524428174449511e+01
2.627999877929687500e+02 3.110477275561987298e+01
2.628999938964843750e+02 3.052944293331501058e+01
2.630000000000000000e+02 2.994151156630888266e+01
2.631000061035156250e+02 3.013149992266295740e+01
2.632000122070312500e+02 2.987453272522735048e+01
2.632999877929687500e+02 3.002925032998237143e+01
2.633999938964843750e+02 2.800939348278479102e+01
2.635000000000000000e+02 2.776003619312706761e+01
2.636000061035156250e+02 3.060067844640021306e+01
2.637000122070312500e+02 2.825721136785591270e+01
2.637999877929687500e+02 2.889123381017495262e+01
2.638999938964843750e+02 2.813240686416830272e+01
2.640000000000000000e+02 2.705882243516264651e+01
2.641000061035156250e+02 2.860420407691860945e+01
2.642000122070312500e+02 2.719394834462989863e+01
2.642999877929687500e+02 2.910328369996131670e+01
2.643999938964843750e+02 2.893489923255262042e+01
2.645000000000000000e+02 2.852470660602512353e+01
2.646000061035156250e+02 2.925164833128032882e+01
2.647000122070312500e+02 3.123496720135606353e+01
2.647999877929687500e+02 2.951752043783307755e+01
2.648999938964843750e+02 2.927851767524433058e+01
2.650000000000000000e+02 2.729135178070248102e+01
2.651000061035156250e+02 2.735198640640569678e+01
2.652000122070312500e+02 2.769934814516741639e+01
2.652999877929687500e+02 2.736598990328730352e+01
2.653999938964843750e+02 2.730252332297281725e+01
2.655000000000000000e+02 2.598762011885619927e+01
2.656000061035156250e+02 2.624915907749059585e+01
2.657000122070312500e+02 2.646207468888853143e+01
2.657999877929687500e+02 2.755487954035981346e+01
2.658999938964843750e+02 2.713364786470531698e+01
2.660000000000000000e+02 2.703681634154728997e+01
2.661000061035156250e+02 2.760154733740144195e+01
2.662000122070312500e+02 2.620441861117993909e+01
2.662999877929687500e+02 2.743868922231178331e+01
2.663999938964843750e+02 2.711119860517917957e+01
2.665000000000000000e+02 2.667222739339855053e+01
2.666000061035156250e+02 2.701273874796969920e+01
2.667000122070312500e+02 2.714546221123614700e+01
2.667999877929687500e+02 2.735248373821650603e+01
2.668999938964843750e+02 2.755514298390377093e+01
2.670000000000000000e+02 2.691507783866105541e+01
2.671000061035156250e+02 2.747649950739941005e+01
2.672000122070312500e+02 2.646132102567796451e+01
2.672999877929687500e+02 2.696641562611748100e+01
2.673999938964843750e+02 2.636171973492199072e+01
2.675000000000000000e+02 2.641345238041378352e+01
2.676000061035156250e+02 2.692174926948463565e+01
2.677000122070312500e+02 2.635361091483725815e+01
2.677999877929687500e+02 2.650972987791887547e+01
2.678999938964843750e+02 2.728243167087922671e+01
2.680000000000000000e+02 2.687399770491309425e+01
2.681000061035156250e+02 2.738807431487480315e+01
2.682000122070312500e+02 2.762790670557275874e+01
2.682999877929687500e+02 2.725816973973973845e+01
2.683999938964843750e+02 2.728511170293974075e+01
2.685000000000000000e+02 2.772465753170785163e+01
2.686000061035156250e+02 2.680943526209996364e+01
2.687000122070312500e+02 2.896158016801119572e+01
2.687999877929687500e+02 2.765404283784421224e+01
2.688999938964843750e+02 2.800253967601332761e+01
2.690000000000000000e+02 2.894190196631038603e+01
2.691000061035156250e+02 2.762025362741355394e+01
2.692000122070312500e+02 2.805438383409786596e+01
2.692999877929687500e+02 2.700491428521593207e+01
2.693999938964843750e+02 2.829602924303418021e+01
2.695000000000000000e+02 2.735480700539427801e+01
2.696000061035156250e+02 2.666330629425590715e+01
2.697000122070312500e+02 2.790823406570709508e+01
2.697999877929687500e+02 2.771641614333984904e+01
2.698999938964843750e+02 2.763615493963844827e+01
2.700000000000000000e+02 2.816088342469974037e+01
2.701000061035156250e+02 2.749660694324427723e+01
2.702000122070312500e+02 2.822108829499791938e+01
2.702999877929687500e+02 2.750579566684226052e+01
2.703999938964843750e+02 2.733927621840847877e+01
2.705000000000000000e+02 2.735532051782481133e+01
2.706000061035156250e+02 2.706061211748382789e+01
2.707000122070312500e+02 2.793605685345862710e+01
2.707999877929687500e+02 2.742182756691519074e+01
2.708999938964843750e+02 2.601408791420863764e+01
2.710000000000000000e+02 2.673234225719331292e+01
2.711000061035156250e+02 2.773259978590177610e+01
2.712000122070312500e+02 2.738631381746306559e+01
2.712999877929687500e+02 2.735468540270530369e+01
2.713999938964843750e+02 2.720030414624520532e+01
2.715000000000000000e+02 2.743689139041950753e+01
2.716000061035156250e+02 2.873755066703646222e+01
2.717000122070312500e+02 2.775673990085399723e+01
2.717999877929687500e+02 2.710889579693836637e+01
2.718999938964843750e+02 2.682173850349180100e+01
2.720000000000000000e+02 2.710951589990503408e+01
2.721000061035156250e+02 2.682207320531313144e+01
2.722000122070312500e+02 2.697612726620050694e+01
2.722999877929687500e+02 2.683221955247061175e+01
2.723999938964843750e+02 2.806374211982412348e+01
2.725000000000000000e+02 2.634782491517468017e+01
2.726000061035156250e+02 2.743505629095592724e+01
2.727000122070312500e+02 2.672720578457287388e+01
2.727999877929687500e+02 2.784211307657012213e+01
2.728999938964843750e+02 2.794243978549470953e+01
2.730000000000000000e+02 2.666263936089406172e+01
2.731000061035156250e+02 2.732230413423490845e+01
2.732000122070312500e+02 2.715469876391027171e+01
2.732999877929687500e+02 2.712183357388437344e+01
2.733999938964843750e+02 2.749191493043979406e+01
2.735000000000000000e+02 2.754673962819191502e+01
2.736000061035156250e+02 2.680380399653769175e+01
2.737000122070312500e+02 2.686913953443706760e+01
2.737999877929687500e+02 2.750839646005847783e+01
2.738999938964843750e+02 2.765276537802053980e+01
2.740000000000000000e+02 2.725276698802349173e+01
2.741000061035156250e+02 2.698321381665798668e+01
2.742000122070312500e+02 2.663888314723765660e+01
2.742999877929687500e+02 2.689602398649835280e+01
2.743999938964843750e+02 2.711198528678802333e+01
2.745000000000000000e+02 2.677181146062284611e+01
2.746000061035156250e+02 2.663271185280507325e+01
2.747000122070312500e+02 2.659235528561233863e+01
2.747999877929687500e+02 2.711235520695776913e+01
2.748999938964843750e+02 2.648288019199773657e+01
2.750000000000000000e+02 2.651533303994644442e+01
2.751000061035156250e+02 2.639665417273105419e+01
2.752000122070312500e+02 2.663930944385985811e+01
2.752999877929687500e+02 2.654766255654962137e+01
2.753999938964843750e+02 2.719483152795332970e+01
2.755000000000000000e+02 2.748360963341841767e+01
2.756000061035156250e+02 2.737450535222709647e+01
2.757000122070312500e+02 2.691382945827953677e+01
2.757999877929687500e+02 2.672272012492494753e+01
2.758999938964843750e+02 2.652725027594076224e+01
2.760000000000000000e+02 2.663709743538483465e+01
2.761000061035156250e+02 2.795875022063104609e+01
2.762000122070312500e+02 2.673894060335834766e+01
2.762999877929687500e+02 2.655492267884022795e+01
2.763999938964843750e+02 2.785913186594120461e+01
2.765000000000000000e+02 2.735054093646842333e+01
2.766000061035156250e+02 2.776162372831606362e+01
2.767000122070312500e+02 2.734177261683397120e+01
2.767999877929687500e+02 2.742332207669484490e+01
2.768999938964843750e+02 2.660786280609720578e+01
2.770000000000000000e+02 2.693418575487957156e+01
2.771000061035156250e+02 2.677066792617361202e+01
2.772000122070312500e+02 2.774526451473316158e+01
2.772999877929687500e+02 2.804934315541800061e+01
2.773999938964843750e+02 2.935801854806816991e+01
2.775000000000000000e+02 2.917917132320733486e+01
2.776000061035156250e+02 2.725902222949140707e+01
2.777000122070312500e+02 2.867419536051015427e+01
2.777999877929687500e+02 2.837339793409949706e+01
2.778999938964843750e+02 2.840110481548670762e+01
2.780000000000000000e+02 2.850449232816350431e+01
2.781000061035156250e+02 2.768171653365873297e+01
2.782000122070312500e+02 2.841750554759840242e+01
2.782999877929687500e+02 2.747707098093809464e+01
2.783999938964843750e+02 2.751597614656748902e+01
2.785000000000000000e+02 2.702263691906884802e+01
2.786000061035156250e+02 2.817749024500287547e+01
2.787000122070312500e+02 2.760298279857814308e+01
2.787999877929687500e+02 2.781651821954066861e+01
2.788999938964843750e+02 2.661311385382631300e+01
2.790000000000000000e+02 2.766438192035280252e+01
2.791000061035156250e+02 2.655942016371925618e+01
2.792000122070312500e+02 2.829271041434218148e+01
2.792999877929687500e+02 2.778408706089002678e+01
2.793999938964843750e+02 2.725886769251391328e+01
2.795000000000000000e+02 2.745954512230141376e+01
2.796000061035156250e+02 2.675087040884914558e+01
2.797000122070312500e+02 2.848975674824895421e+01
2.797999877929687500e+02 2.817932787856517507e+01
2.798999938964843750e+02 2.852570770033194947e+01
2.800000000000000000e+02 2.808282125716997513e+01
2.801000061035156250e+02 2.815480858999289637e+01
2.802000122070312500e+02 2.847147516762563768e+01
2.802999877929687500e+02 2.848370288026697850e+01
2.803999938964843750e+02 2.838147944370852116e+01
2.805000000000000000e+02 2.824024493920351020e+01
2.806000061035156250e+02 2.852409747124697503e+01
2.807000122070312500e+02 2.825434674780737865e+01
2.807999877929687500e+02 2.778664988208833364e+01
2.808999938964843750e+02 2.749011469305767008e+01
2.810000000000000000e+02 2.747248547906009009e+01
2.811000061035156250e+02 2.768572906352396146e+01
2.812000122070312500e+02 2.724550628934109753e+01
2.812999877929687500e+02 2.765483811215297649e+01
2.813999938964843750e+02 2.764181595722135043e+01
2.815000000000000000e+02 2.733601127844210055e+01
2.816000061035156250e+02 2.716602512821021165e+01
2.817000122070312500e+02 2.714969809447934423e+01
2.817999877929687500e+02 2.709131266562776474e+01
2.818999938964843750e+02 2.717781259816194961e+01
2.820000000000000000e+02 2.679108871664346125e+01
2.821000061035156250e+02 2.791738701039860970e+01
2.822000122070312500e+02 2.759635307821466554e+01
2.822999877929687500e+02 2.624789591544941914e+01
2.823999938964843750e+02 2.684890252559911872e+01
2.825000000000000000e+02 2.774076973347526476e+01
2.826000061035156250e+02 2.707864416515112538e+01
2.827000122070312500e+02 2.643977109895614319e+01
2.827999877929687500e+02 2.650744836788895498e+01
2.828999938964843750e+02 2.765926224152164892e+01
2.830000000000000000e+02 2.712768060831797001e+01
2.831000061035156250e+02 2.720351074838836070e+01
2.832000122070312500e+02 2.755492121202849631e+01
2.832999877929687500e+02 2.756255114860215372e+01
2.833999938964843750e+02 2.700096160247546351e+01
2.835000000000000000e+02 2.721610754429834245e+01
2.836000061035156250e+02 2.665886693622227099e+01
2.837000122070312500e+02 2.699133420185313526e+01
2.837999877929687500e+02 2.714550494496047151e+01
2.838999938964843750e+02 2.732809706355474688e+01
2.840000000000000000e+02 2.653546663740776168e+01
2.841000061035156250e+02 2.745909118503361768e+01
2.842000122070312500e+02 2.698258402502370856e+01
2.842999877929687500e+02 2.735955605321155204e+01
2.843999938964843750e+02 2.684726697175323906e+01
2.845000000000000000e+02 2.682604613585154496e+01
2.846000061035156250e+02 2.706320005351724589e+01
2.847000122070312500e+02 2.700476797142129115e+01
2.847999877929687500e+02 2.714349107760189739e+01
2.848999938964843750e+02 2.701151772461692602e+01
2.850000000000000000e+02 2.697570402913263976e+01
2.851000061035156250e+02 2.652241505154515977e+01
2.852000122070312500e+02 2.702978510043812577e+01
2.852999877929687500e+02 2.653354726335733815e+01
2.853999938964843750e+02 2.719910923531884350e+01
2.855000000000000000e+02 2.679001112523382488e+01
2.856000061035156250e+02 2.637448186965993102e+01
2.857000122070312500e+02 2.671670045040520236e+01
2.857999877929687500e+02 2.706153941952928221e+01
2.858999938964843750e+02 2.596852980754976414e+01
2.860000000000000000e+02 2.677140294665619180e+01
2.861000061035156250e+02 2.674213548298862619e+01
2.862000122070312500e+02 2.695147444218183708e+01
2.862999877929687500e+02 2.664315906327945171e+01
2.863999938964843750e+02 2.715826240834651983e+01
2.865000000000000000e+02 2.744122044584934628e+01
2.866000061035156250e+02 2.770939985239003178e+01
2.867000122070312500e+02 2.683065346306292298e+01
2.867999877929687500e+02 2.734034297358811116e+01
2.868999938964843750e+02 2.765018127221103938e+01
2.870000000000000000e+02 2.859713715651712462e+01
2.871000061035156250e+02 2.708779618079429952e+01
2.872000122070312500e+02 2.634331231999886569e+01
2.872999877929687500e+02 2.673145480924849693e+01
2.873999938964843750e+02 2.739650613536880286e+01
2.875000000000000000e+02 2.669425494777179964e+01
2.876000061035156250e+02 2.682469039062545946e+01
2.877000122070312500e+02 2.660074380987444442e+01
2.877999877929687500e+02 2.912770526345370925e+01
2.878999938964843750e+02 2.790477242309554740e+01
2.880000000000000000e+02 2.803570597317867552e+01
2.881000061035156250e+02 2.845520446011331828e+01
2.882000122070312500e+02 2.851081326422739437e+01
2.882999877929687500e+02 2.804145165536236917e+01
2.883999938964843750e+02 2.831499678126401065e+01
2.885000000000000000e+02 2.896130322296559712e+01
2.886000061035156250e+02 2.863295481937060671e+01
2.887000122070312500e+02 2.835475365945900705e+01
2.887999877929687500e+02 2.820934233718054074e+01
2.888999938964843750e+02 2.868097348941236646e+01
2.890000000000000000e+02 2.798878549071224242e+01
2.891000061035156250e+02 2.792173592553378825e+01
2.892000122070312500e+02 2.841477835298864463e+01
2.892999877929687500e+02 2.817165347121792607e+01
2.893999938964843750e+02 2.839842990565950487e+01
2.895000000000000000e+02 2.789568712378359550e+01
2.896000061035156250e+02 2.785253165357831762e+01
2.897000122070312500e+02 2.799242032282470660e+01
2.897999877929687500e+02 2.763087674531843874e+01
2.898999938964843750e+02 2.834562657351197501e+01
2.900000000000000000e+02 2.736347936508925827e+01
2.901000061035156250e+02 2.772301739470468718e+01
2.902000122070312500e+02 2.851514981272884697e+01
2.902999877929687500e+02 2.795137245918269997e+01
2.903999938964843750e+02 2.737708208009175337e+01
2.905000000000000000e+02 2.766538075873322811e+01
2.906000061035156250e+02 2.774795530481353723e+01
2.907000122070312500e+02 2.891173009624325374e+01
2.907999877929687500e+02 2.856267736457986572e+01
2.908999938964843750e+02 2.813388651418683750e+01
2.910000000000000000e+02 2.725078787965686189e+01
2.911000061035156250e+02 2.726635112594605559e+01
2.912000122070312500e+02 2.853860227669362715e+01
2.912999877929687500e+02 2.745876895792132188e+01
2.913999938964843750e+02 2.823221043630568161e+01
2.915000000000000000e+02 2.719451388714201912e+01
2.916000061035156250e+02 2.771112433247106210e+01
2.917000122070312500e+02 2.722075170197806671e+01
2.917999877929687500e+02 2.806920479057761852e+01
2.918999938964843750e+02 2.664554916313926114e+01
2.920000000000000000e+02 2.744510306978355629e+01
2.921000061035156250e+02 2.720124668759373776e+01
2.922000122070312500e+02 2.772452333366576127e+01
2.922999877929687500e+02 2.654232159363146337e+01
2.923999938964843750e+02 2.792087266511299504e+01
2.925000000000000000e+02 2.840747559066743122e+01
2.926000061035156250e+02 2.821720060992586099e+01
2.927000122070312500e+02 2.829196627015171117e+01
2.927999877929687500e+02 2.911015849124347810e+01
2.928999938964843750e+02 2.900864807623227648e+01
2.930000000000000000e+02 2.827380453903448654e+01
2.931000061035156250e+02 2.890636541559648620e+01
2.932000122070312500e+02 2.856344251270779111e+01
2.932999877929687500e+02 2.879634640321745209e+01
2.933999938964843750e+02 2.817383943437565108e+01
2.935000000000000000e+02 2.846363883726451149e+01
2.936000061035156250e+02 2.840270229875434183e+01
2.937000122070312500e+02 2.741679561168137269e+01
2.937999877929687500e+02 2.844184561813954559e+01
2.938999938964843750e+02 2.807031560021123084e+01
2.940000000000000000e+02 2.677901923451938515e+01
2.941000061035156250e+02 2.710037637131452115e+01
2.942000122070312500e+02 2.776704104380363702e+01
2.942999877929687500e+02 2.762737739216161970e+01
2.943999938964843750e+02 2.783802736854849513e+01
2.945000000000000000e+02 2.682022985739667220e+01
2.946000061035156250e+02 2.746862106128531877e+01
2.947000122070312500e+02 2.738203543238253346e+01
2.947999877929687500e+02 2.826949280734939762e+01
2.948999938964843750e+02 2.764959581227358498e+01
2.950000000000000000e+02 2.766499560522975187e+01
2.951000061035156250e+02 2.802021197032942723e+01
2.952000122070312500e+02 2.781060335166113262e+01
2.952999877929687500e+02 2.757108269022982583e+01
2.953999938964843750e+02 2.784765897647504573e+01
2.955000000000000000e+02 2.862562577972235545e+01
2.956000061035156250e+02 2.749604516075320859e+01
2.957000122070312500e+02 2.798984254870217470e+01
2.957999877929687500e+02 2.772892355556064814e+01
2.958999938964843750e+02 2.756300534371196065e+01
2.960000000000000000e+02 2.676982606967719036e+01
2.961000061035156250e+02 2.706423212698724967e+01
2.962000122070312500e+02 2.726111353541059046e+01
2.962999877929687500e+02 2.790979047362448995e+01
2.963999938964843750e+02 2.765078608173245911e+01
2.965000000000000000e+02 2.766022055215418263e+01
2.966000061035156250e+02 2.783300115577218392e+01
2.967000122070312500e+02 2.856774252783078083e+01
2.967999877929687500e+02 2.853373214307920591e+01
2.968999938964843750e+02 2.900959908558253275e+01
2.970000000000000000e+02 2.820465220349884561e+01
2.971000061035156250e+02 2.871307820827362178e+01
2.972000122070312500e+02 2.842349145725087567e+01
2.972999877929687500e+02 2.839758004345971543e+01
2.973999938964843750e+02 2.899719230571638562e+01
2.975000000000000000e+02 2.837784384049339081e+01
2.976000061035156250e+02 2.798081113358566441e+01
2.977000122070312500e+02 2.827594890437035957e+01
2.977999877929687500e+02 2.770461359432149351e+01
2.978999938964843750e+02 2.874661285922926268e+01
2.980000000000000000e+02 2.780009992215870795e+01
2.981000061035156250e+02 2.758956788031178320e+01
2.982000122070312500e+02 2.748847684725342333e+01
2.982999877929687500e+02 2.789374412739072184e+01
2.983999938964843750e+02 2.754699173123529832e+01
2.985000000000000000e+02 2.824697627809991118e+01
2.986000061035156250e+02 2.757107236407059503e+01
2.987000122070312500e+02 2.730168918982177573e+01
2.987999877929687500e+02 2.673167816712224720e+01
2.988999938964843750e+02 2.833007167196008069e+01
2.990000000000000000e+02 2.864501408432806429e+01
2.991000061035156250e+02 2.856610883483944008e+01
2.992000122070312500e+02 2.885155405130527839e+01
2.992999877929687500e+02 2.822714904895022059e+01
2.993999938964843750e+02 2.840875032757971042e+01
2.995000000000000000e+02 2.804731494283222304e+01
2.996000061035156250e+02 2.745685194376267546e+01
2.997000122070312500e+02 2.801412247470940997e+01
2.997999877929687500e+02 2.825083085732319077e+01
2.998999938964843750e+02 2.861758016746891187e+01
3.000000000000000000e+02 2.854982291006803408e+01
3.001000061035156250e+02 2.814138732214795624e+01
3.002000122070312500e+02 2.846668364670850693e+01
3.002999877929687500e+02 2.769576024723166086e+01
3.003999938964843750e+02 2.842273237863816249e+01
3.005000000000000000e+02 2.823503582252675415e+01
3.006000061035156250e+02 2.760249676520344764e+01
3.007000122070312500e+02 2.739380335498503172e+01
3.007999877929687500e+02 2.795077057017050493e+01
3.008999938964843750e+02 2.848595120755380350e+01
3.010000000000000000e+02 2.790670785618297955e+01
3.011000061035156250e+02 2.850321952428071626e+01
3.012000122070312500e+02 2.885517911673914426e+01
3.012999877929687500e+02 2.750953148415020522e+01
3.013999938964843750e+02 2.769907411398870778e+01
3.015000000000000000e+02 2.738090284255325102e+01
3.016000061035156250e+02 2.746880433011754619e+01
3.017000122070312500e+02 2.760133808992170401e+01
3.017999877929687500e+02 2.762435404136871497e+01
3.018999938964843750e+02 2.761144625366989303e+01
3.020000000000000000e+02 2.800622199842112181e+01
3.021000061035156250e+02 2.779294766390792404e+01
3.022000122070312500e+02 2.785877762876591390e+01
3.022999877929687500e+02 2.793218482054158969e+01
3.023999938964843750e+02 2.744580042962737210e+01
3.025000000000000000e+02 2.846361481068303689e+01
3.026000061035156250e+02 2.809776937592342350e+01
3.027000122070312500e+02 2.903112688643749806e+01
3.027999877929687500e+02 2.768450093145006363e+01
3.028999938964843750e+02 2.835492342547799538e+01
3.030000000000000000e+02 2.822821481091959939e+01
3.031000061035156250e+02 2.855772696641961517e+01
3.032000122070312500e+02 2.908873152245727667e+01
3.032999877929687500e+02 2.847669162242652874e+01
3.033999938964843750e+02 2.873486083819365078e+01
3.035000000000000000e+02 2.900391351518334915e+01
3.036000061035156250e+02 2.822711861059380212e+01
3.037000122070312500e+02 2.841983829845785081e+01
3.037999877929687500e+02 2.871588193731626504e+01
3.038999938964843750e+02 2.842841207969766160e+01
3.040000000000000000e+02 2.830391677412872653e+01
3.041000061035156250e+02 2.866736409459924317e+01
3.042000122070312500e+02 2.846667535854394160e+01
3.042999877929687500e+02 2.873004445530623485e+01
3.043999938964843750e+02 2.795099011072594664e+01
3.045000000000000000e+02 2.846837140261547461e+01
3.046000061035156250e+02 2.867556552212328569e+01
3.047000122070312500e+02 2.821127196851793428e+01
3.047999877929687500e+02 2.863974811257232389e+01
3.048999938964843750e+02 2.848098264666516855e+01
3.050000000000000000e+02 2.860021949564524846e+01
3.051000061035156250e+02 2.837988193726102182e+01
3.052000122070312500e+02 2.790185042786660929e+01
3.052999877929687500e+02 2.890440379843809282e+01
3.053999938964843750e+02 2.888426326717495485e+01
3.055000000000000000e+02 2.828009992970794428e+01
3.056000061035156250e+02 2.824310012817148419e+01
3.057000122070312500e+02 2.869211563327325010e+01
3.057999877929687500e+02 2.811028406807471214e+01
3.058999938964843750e+02 2.843519324410680227e+01
3.060000000000000000e+02 2.804616704660883997e+01
3.061000061035156250e+02 2.842016746088432200e+01
3.062000122070312500e+02 2.802584679514813004e+01
3.062999877929687500e+02 2.797138365933290061e+01
3.063999938964843750e+02 2.808092336457060512e+01
3.065000000000000000e+02 2.920957921187984141e+01
3.066000061035156250e+02 2.867177035673707763e+01
3.067000122070312500e+02 2.891080434392005216e+01
3.067999877929687500e+02 2.850452699834466941e+01
3.068999938964843750e+02 2.885796062648462978e+01
3.070000000000000000e+02 2.764687260867951935e+01
3.071000061035156250e+02 2.775161094931180017e+01
3.072000122070312500e+02 2.815520717730136724e+01
3.072999877929687500e+02 2.841644201475471831e+01
3.073999938964843750e+02 2.880261780506996416e+01
3.075000000000000000e+02 2.815374903850068833e+01
3.076000061035156250e+02 2.822267561782535594e+01
3.077000122070312500e+02 2.765486524652119371e+01
3.077999877929687500e+02 2.815680926939821660e+01
3.078999938964843750e+02 2.776400947958839538e+01
3.080000000000000000e+02 2.792457343291537342e+01
3.081000061035156250e+02 2.793321290992022554e+01
3.082000122070312500e+02 2.691995344943331148e+01
3.082999877929687500e+02 2.817035112123101825e+01
3.083999938964843750e+02 2.773660448726820249e+01
3.085000000000000000e+02 2.703200813517448609e+01
3.086000061035156250e+02 2.719895587214603339e+01
3.087000122070312500e+02 2.704062196550777486e+01
3.087999877929687500e+02 2.784433602838176824e+01
3.088999938964843750e+02 2.796340504987053777e+01
3.090000000000000000e+02 2.870586464273529259e+01
3.091000061035156250e+02 2.773701665029458852e+01
3.092000122070312500e+02 2.803397351331519971e+01
3.092999877929687500e+02 2.784289236002037882e+01
3.093999938964843750e+02 2.797590910671446451e+01
3.095000000000000000e+02 2.781760786033244770e+01
3.096000061035156250e+02 2.819122496619479179e+01
3.097000122070312500e+02 2.822517579666500609e+01
3.097999877929687500e+02 2.791163857537910076e+01
3.098999938964843750e+02 2.842740994951429201e+01
3.100000000000000000e+02 2.741981096510034277e+01
3.101000061035156250e+02 2.858173321064973038e+01
3.102000122070312500e+02 2.798785337969036746e+01
3.102999877929687500e+02 2.810100534397880878e+01
3.103999938964843750e+02 2.856520886891534161e+01
3.105000000000000000e+02 2.769323175782376723e+01
3.106000061035156250e+02 2.861499965509311849e+01
3.107000122070312500e+02 2.835821348641504258e+01
3.107999877929687500e+02 2.880678191490046203e+01
3.108999938964843750e+02 2.843663296786880679e+01
3.110000000000000000e+02 2.923284443770476315e+01
3.111000061035156250e+02 2.820124814973752336e+01
3.112000122070312500e+02 2.858055402332613326e+01
3.112999877929687500e+02 2.886061165368377956e+01
3.113999938964843750e+02 2.839485173912024152e+01
3.115000000000000000e+02 2.957533565751027993e+01
3.116000061035156250e+02 2.875579046379668569e+01
3.117000122070312500e+02 2.900253149810125564e+01
3.117999877929687500e+02 2.855328838826476101e+01
3.118999938964843750e+02 2.792186016500858869e+01
3.120000000000000000e+02 2.827528812462721675e+01
3.121000061035156250e+02 2.782989557651574941e+01
3.122000122070312500e+02 2.866363800569786235e+01
3.122999877929687500e+02 2.831145836441583441e+01
3.123999938964843750e+02 2.775838930228219326e+01
3.125000000000000000e+02 2.661732611974435869e+01
3.126000061035156250e+02 2.685904914670215859e+01
3.127000122070312500e+02 2.868321801012862338e+01
3.127999877929687500e+02 2.801635947700106755e+01
3.128999938964843750e+02 2.834931794627527069e+01
3.130000000000000000e+02 2.774805066721392421e+01
3.131000061035156250e+02 2.751680455694086547e+01
3.132000122070312500e+02 2.788743099010700632e+01
3.132999877929687500e+02 2.854130672206195740e+01
3.133999938964843750e+02 2.785391166182269629e+01
3.135000000000000000e+02 2.885210987559774765e+01
3.136000061035156250e+02 2.853448415269123117e+01
3.137000122070312500e+02 2.839346912274408297e+01
3.137999877929687500e+02 2.828028290560381564e+01
3.138999938964843750e+02 2.844100560642709752e+01
3.140000000000000000e+02 2.759709241834519489e+01
3.141000061035156250e+02 2.809166416043374426e+01
3.142000122070312500e+02 2.823890253781290127e+01
3.142999877929687500e+02 2.871260030965541787e+01
3.143999938964843750e+02 2.803883725189823295e+01
3.145000000000000000e+02 2.741392220093090160e+01
3.146000061035156250e+02 2.764494358819139563e+01
3.147000122070312500e+02 2.825568346825081889e+01
3.147999877929687500e+02 2.993480501346870071e+01
3.148999938964843750e+02 2.844326938702704055e+01
3.150000000000000000e+02 2.837346783272186457e+01
3.151000061035156250e+02 2.858137797046385131e+01
3.152000122070312500e+02 2.874397668183759791e+01
3.152999877929687500e+02 2.874817199690081893e+01
3.153999938964843750e+02 2.847591121000125014e+01
3.155000000000000000e+02 2.812633274171473730e+01
3.156000061035156250e+02 2.853307633856335457e+01
3.157000122070312500e+02 2.865128094658357938e+01
3.157999877929687500e+02 2.888052759559304761e+01
3.158999938964843750e+02 2.823677014628469095e+01
3.160000000000000000e+02 2.862437251691792639e+01
3.161000061035156250e+02 2.863511236276594119e+01
3.162000122070312500e+02 2.809263534591562816e+01
3.162999877929687500e+02 2.809446457817249510e+01
3.163999938964843750e+02 2.894583077240961089e+01
3.165000000000000000e+02 2.800707253756321435e+01
3.166000061035156250e+02 2.823412981214411133e+01
3.167000122070312500e+02 2.872413428233012311e+01
3.167999877929687500e+02 2.889360524389288187e+01
3.168999938964843750e+02 2.832530375212139262e+01
3.170000000000000000e+02 2.846850294831284955e+01
3.171000061035156250e+02 2.816275661122326213e+01
3.172000122070312500e+02 2.821538628171076724e+01
3.172999877929687500e+02 2.803975654018866592e+01
3.173999938964843750e+02 2.814340421830717176e+01
3.175000000000000000e+02 2.806309841452452858e+01
3.176000061035156250e+02 2.827250845844258365e+01
3.177000122070312500e+02 2.808245267549870050e+01
3.177999877929687500e+02 2.759587361977605369e+01
3.178999938964843750e+02 2.756295827855494807e+01
3.180000000000000000e+02 2.831534223366471181e+01
3.181000061035156250e+02 2.790971967393758035e+01
3.182000122070312500e+02 2.788091250215695283e+01
3.182999877929687500e+02 2.809625490892652877e+01
3.183999938964843750e+02 2.805770084378673701e+01
3.185000000000000000e+02 2.783640247855160865e+01
3.186000061035156250e+02 2.823820175767834328e+01
3.187000122070312500e+02 2.813427769301731374e+01
3.187999877929687500e+02 2.710511203579223860e+01
3.188999938964843750e+02 2.788829693582371405e+01
3.190000000000000000e+02 2.865313431382068288e+01
3.191000061035156250e+02 2.788615847593985464e+01
3.192000122070312500e+02 2.796289606579161102e+01
3.192999877929687500e+02 2.903244047895178426e+01
3.193999938964843750e+02 2.797218722049197126e+01
3.195000000000000000e+02 2.796779949821288369e+01
3.196000061035156250e+02 2.853768594970414796e+01
3.197000122070312500e+02 2.666549960109189499e+01
3.197999877929687500e+02 2.616652897168320280e+01
3.198999938964843750e+02 2.608391894693603419e+01
3.200000000000000000e+02 2.720193721821179267e+01
3.201000061035156250e+02 2.536111847569843647e+01
3.202000122070312500e+02 2.747940290181164258e+01
3.202999877929687500e+02 2.693540240264645291e+01
3.203999938964843750e+02 2.719462874921225293e+01
3.205000000000000000e+02 2.708149789805271013e+01
3.206000061035156250e+02 2.657830529310051659e+01
3.207000122070312500e+02 2.785509083242061124e+01
3.207999877929687500e+02 2.864672081901927569e+01
3.208999938964843750e+02 2.874281266268063106e+01
3.210000000000000000e+02 2.763574411466952085e+01
3.211000061035156250e+02 2.710014003724482379e+01
3.212000122070312500e+02 2.857983578531839086e+01
3.212999877929687500e+02 2.692147381342154233e+01
3.213999938964843750e+02 2.701058570507336043e+01
3.215000000000000000e+02 2.796863852652882443e+01
3.216000061035156250e+02 2.844559936243085829e+01
3.217000122070312500e+02 2.916569830479367198e+01
3.217999877929687500e+02 2.869413690944354300e+01
3.218999938964843750e+02 2.888854690548864212e+01
3.220000000000000000e+02 2.815840969466906429e+01
3.221000061035156250e+02 2.848405797769128256e+01
3.222000122070312500e+02 2.840966123811148947e+01
3.222999877929687500e+02 2.941322543048233840e+01
3.223999938964843750e+02 2.847570732333651833e+01
3.225000000000000000e+02 2.810564553885241423e+01
3.226000061035156250e+02 2.844916816238644586e+01
3.227000122070312500e+02 2.886675520947673235e+01
3.227999877929687500e+02 2.735401859539910774e+01
3.228999938964843750e+02 2.769603616003665181e+01
3.230000000000000000e+02 2.849866025079466070e+01
3.231000061035156250e+02 2.795290383474423734e+01
3.232000122070312500e+02 2.890106969127105785e+01
3.232999877929687500e+02 2.820543703545248704e+01
3.233999938964843750e+02 2.766867979992875703e+01
3.235000000000000000e+02 2.831233578174050436e+01
3.236000061035156250e+02 2.863005190997797555e+01
3.237000122070312500e+02 2.815809774039211177e+01
3.237999877929687500e+02 2.895435794266209228e+01
3.238999938964843750e+02 2.860219126228737707e+01
3.240000000000000000e+02 2.838182192407548854e+01
3.241000061035156250e+02 2.920749554205633558e+01
3.242000122070312500e+02 2.868167913415445014e+01
3.242999877929687500e+02 2.986485314484751896e+01
3.243999938964843750e+02 2.959497363122676106e+01
3.245000000000000000e+02 2.826796342308969656e+01
3.246000061035156250e+02 2.696048871141630698e+01
3.247000122070312500e+02 2.693982620815977924e+01
3.247999877929687500e+02 2.874536591644836392e+01
3.248999938964843750e+02 2.862176157870127113e+01
3.250000000000000000e+02 2.759367601551268123e+01
3.251000061035156250e+02 2.787615489617017417e+01
3.252000122070312500e+02 2.838275280755236096e+01
3.252999877929687500e+02 2.777515741822105966e+01
3.253999938964843750e+02 2.792369671348431837e+01
3.255000000000000000e+02 2.801103290180556371e+01
3.256000061035156250e+02 2.757053001091067657e+01
3.257000122070312500e+02 2.781189367886278063e+01
3.257999877929687500e+02 2.714059750486725875e+01
3.258999938964843750e+02 2.729198376504621493e+01
3.260000000000000000e+02 2.724059823620563847e+01
3.261000061035156250e+02 2.761298260372661417e+01
3.262000122070312500e+02 2.756637522915105265e+01
3.262999877929687500e+02 2.690582179678102648e+01
3.263999938964843750e+02 2.805802659785463504e+01
3.265000000000000000e+02 2.741271625692862557e+01
3.266000061035156250e+02 2.731702141549153495e+01
3.267000122070312500e+02 2.783047020178221231e+01
3.267999877929687500e+02 2.770544880641277175e+01
3.268999938964843750e+02 2.696019296322041114e+01
3.270000000000000000e+02 2.774425132833152574e+01
3.271000061035156250e+02 2.774182894044905368e+01
3.272000122070312500e+02 2.744493075918893865e+01
3.272999877929687500e+02 2.727584961037296551e+01
3.273999938964843750e+02 2.741620103169125500e+01
3.275000000000000000e+02 2.707077591087346136e+01
3.276000061035156250e+02 2.740296036970750748e+01
3.277000122070312500e+02 2.718922387773797666e+01
3.277999877929687500e+02 2.737546845261408635e+01
3.278999938964843750e+02 2.685453830667272612e+01
3.280000000000000000e+02 2.770000806921688152e+01
3.281000061035156250e+02 2.741797397720196017e+01
3.282000122070312500e+02 2.736557506892242486e+01
3.282999877929687500e+02 2.677312803428341326e+01
3.283999938964843750e+02 2.759868519059335412e+01
3.285000000000000000e+02 2.795410388930248047e+01
3.286000061035156250e+02 2.781262016472723531e+01
3.287000122070312500e+02 2.728867358411243416e+01
3.287999877929687500e+02 2.746068777560444474e+01
3.288999938964843750e+02 2.766515988698965245e+01
3.290000000000000000e+02 2.735649804788744177e+01
3.291000061035156250e+02 2.771801262466417271e+01
3.292000122070312500e+02 2.862928423740002515e+01
3.292999877929687500e+02 2.703632548591509277e+01
3.293999938964843750e+02 2.731313131222501767e+01
3.295000000000000000e+02 2.734660618559143686e+01
3.296000061035156250e+02 2.725752555837804891e+01
3.297000122070312500e+02 2.730686456749224789e+01
3.297999877929687500e+02 2.791136299577470226e+01
3.298999938964843750e+02 2.735032104069042447e+01
3.300000000000000000e+02 2.784228723872416822e+01
3.301000061035156250e+02 2.716887411430280608e+01
3.302000122070312500e+02 2.722604306458025647e+01
3.302999877929687500e+02 2.772365918812374019e+01
3.303999938964843750e+02 2.731363638366133983e+01
3.305000000000000000e+02 2.836960808178474025e+01
3.306000061035156250e+02 2.711518949250032406e+01
3.307000122070312500e+02 2.820354673917562849e+01
3.307999877929687500e+02 2.751122152821663747e+01
3.308999938964843750e+02 2.729818370876506961e+01
3.310000000000000000e+02 2.701960574483339173e+01
3.311000061035156250e+02 2.799450875655536564e+01
3.312000122070312500e+02 2.697696086011347916e+01
3.312999877929687500e+02 2.947120488960976559e+01
3.313999938964843750e+02 2.821620214113924519e+01
3.315000000000000000e+02 2.775626744023735881e+01
3.316000061035156250e+02 2.790193391184288885e+01
3.317000122070312500e+02 2.763731701105729499e+01
3.317999877929687500e+02 2.711623096863160143e+01
3.318999938964843750e+02 2.723504021743261561e+01
3.320000000000000000e+02 2.723739571693874240e+01
3.321000061035156250e+02 2.803622376592357313e+01
3.322000122070312500e+02 2.770684908074440500e+01
3.322999877929687500e+02 2.731651337987593564e+01
3.323999938964843750e+02 2.713586082448646053e+01
3.325000000000000000e+02 2.714557105329138764e+01
3.326000061035156250e+02 2.699501814564604629e+01
3.327000122070312500e+02 2.708521492860361946e+01
3.327999877929687500e+02 2.761642405857034177e+01
3.328999938964843750e+02 2.742338463847204011e+01
3.330000000000000000e+02 2.652671062842018301e+01
3.331000061035156250e+02 2.717008024290225521e+01
3.332000122070312500e+02 2.682119578096486379e+01
3.332999877929687500e+02 2.837209420507930702e+01
3.333999938964843750e+02 2.626430700497812154e+01
3.335000000000000000e+02 2.764749059187616353e+01
3.336000061035156250e+02 2.714160263697161923e+01
3.337000122070312500e+02 2.746214381225518508e+01
3.337999877929687500e+02 2.708483884694720345e+01
3.338999938964843750e+02 2.742190246412740962e+01
3.340000000000000000e+02 2.781511698885680062e+01
3.341000061035156250e+02 2.775394095433082597e+01
3.342000122070312500e+02 2.795923769441158768e+01
3.342999877929687500e+02 2.753569154339839642e+01
3.343999938964843750e+02 2.751000467226069190e+01
3.345000000000000000e+02 2.827862752869065233e+01
3.346000061035156250e+02 2.790181333877369241e+01
3.347000122070312500e+02 2.786423268917952711e+01
3.347999877929687500e+02 2.793589056096190149e+01
3.348999938964843750e+02 2.824717650336135222e+01
3.350000000000000000e+02 2.752283342002161959e+01
3.351000061035156250e+02 2.764487337258616506e+01
3.352000122070312500e+02 2.752811237086305951e+01
3.352999877929687500e+02 2.764107153816263462e+01
3.353999938964843750e+02 2.777418844601157843e+01
3.355000000000000000e+02 2.734570624623966495e+01
3.356000061035156250e+02 2.770767387715984142e+01
3.357000122070312500e+02 2.777492090088589904e+01
3.357999877929687500e+02 2.739740075446934497e+01
3.358999938964843750e+02 2.696656817275120233e+01
3.360000000000000000e+02 2.714077975450852875e+01
3.361000061035156250e+02 2.727467924145195255e+01
3.362000122070312500e+02 2.813536995479335800e+01
3.362999877929687500e+02 2.755217637156822974e+01
3.363999938964843750e+02 2.767649076107115036e+01
3.365000000000000000e+02 2.762348200114266206e+01
3.366000061035156250e+02 2.713144648382318280e+01
3.367000122070312500e+02 2.766798683169529482e+01
3.367999877929687500e+02 2.667004211087132504e+01
3.368999938964843750e+02 2.799366212910533847e+01
3.370000000000000000e+02 2.689617687018433045e+01
3.371000061035156250e+02 2.746589971633797234e+01
3.372000122070312500e+02 2.877179658695249387e+01
3.372999877929687500e+02 2.733132702232008171e+01
3.373999938964843750e+02 2.746297633464790877e+01
3.375000000000000000e+02 2.712928338346290502e+01
3.376000061035156250e+02 2.763835495078167170e+01
3.377000122070312500e+02 2.732996281736770783e+01
3.377999877929687500e+02 2.754608627689147937e+01
3.378999938964843750e+02 2.737670697395457964e+01
3.380000000000000000e+02 2.680717088030699102e+01
3.381000061035156250e+02 2.700405953116325009e+01
3.382000122070312500e+02 2.655995710073724680e+01
3.382999877929687500e+02 2.796357608076591461e+01
3.383999938964843750e+02 2.817021108603549706e+01
3.385000000000000000e+02 2.737840152008302042e+01
3.386000061035156250e+02 2.765837739071409729e+01
3.387000122070312500e+02 2.729107878528163411e+01
3.387999877929687500e+02 2.728170916022351378e+01
3.388999938964843750e+02 2.826355838864754944e+01
3.390000000000000000e+02 2.812122238078492842e+01
3.391000061035156250e+02 2.796549990619354631e+01
3.392000122070312500e+02 2.729414947113487955e+01
3.392999877929687500e+02 2.770851664222594479e+01
3.393999938964843750e+02 2.844334352532230170e+01
3.395000000000000000e+02 2.784988597888982298e+01
3.396000061035156250e+02 2.780391258793341436e+01
3.397000122070312500e+02 2.757911262138631159e+01
3.397999877929687500e+02 2.669630488565217163e+01
3.398999938964843750e+02 2.752721267208912437e+01
3.400000000000000000e+02 2.795235944034514830e+01
3.401000061035156250e+02 2.694083536546169100e+01
3.402000122070312500e+02 2.692845554356646076e+01
3.402999877929687500e+02 2.786818138436733960e+01
3.403999938964843750e+02 2.741174095161587232e+01
3.405000000000000000e+02 2.703174544081013053e+01
3.406000061035156250e+02 2.709038554017660871e+01
3.407000122070312500e+02 2.683336072487424673e+01
3.407999877929687500e+02 2.729455734796915323e+01
3.408999938964843750e+02 2.819044043290510615e+01
3.410000000000000000e+02 2.840680081064860474e+01
3.411000061035156250e+02 2.811543429735241517e+01
3.412000122070312500e+02 2.726812295939490127e+01
3.412999877929687500e+02 2.784994715329350257e+01
3.413999938964843750e+02 2.675679547599570895e+01
3.415000000000000000e+02 2.695478811379230422e+01
3.416000061035156250e+02 2.695203569074510952e+01
3.417000122070312500e+02 2.757699268554082650e+01
3.417999877929687500e+02 2.717706398756685005e+01
3.418999938964843750e+02 2.729949247524719524e+01
3.420000000000000000e+02 2.703333023574284866e+01
3.421000061035156250e+02 2.713201263079477243e+01
3.422000122070312500e+02 2.732436667493765370e+01
3.422999877929687500e+02 2.702782090173354135e+01
3.423999938964843750e+02 2.720063316629807559e+01
3.425000000000000000e+02 2.785246994006439536e+01
3.426000061035156250e+02 2.732252552484396801e+01
3.427000122070312500e+02 2.687300475203783279e+01
3.427999877929687500e+02 2.756551675614498365e+01
3.428999938964843750e+02 2.766633682915170311e+01
3.430000000000000000e+02 2.754350152558603781e+01
3.431000061035156250e+02 2.728570750398181488e+01
3.432000122070312500e+02 2.719848484266578836e+01
3.432999877929687500e+02 2.766538964073188112e+01
3.433999938964843750e+02 2.697790488263831321e+01
3.435000000000000000e+02 2.760859628879970629e+01
3.436000061035156250e+02 2.722723843875356309e+01
3.437000122070312500e+02 2.705596639631554012e+01
3.437999877929687500e+02 2.749164665105593741e+01
3.438999938964843750e+02 2.821241810797192429e+01
3.440000000000000000e+02 2.768822663584884936e+01
3.441000061035156250e+02 2.720791388727413462e+01
3.442000122070312500e+02 2.727919554347194264e+01
3.442999877929687500e+02 2.752456476823618559e+01
3.443999938964843750e+02 2.832627203985432374e+01
3.445000000000000000e+02 2.715111542904360675e+01
3.446000061035156250e+02 2.771634111748209506e+01
3.447000122070312500e+02 2.792712541793790848e+01
3.447999877929687500e+02 2.729307545761882636e+01
3.448999938964843750e+02 2.829474180131689920e+01
3.450000000000000000e+02 2.817802940903744968e+01
3.451000061035156250e+02 2.806578199915223237e+01
3.452000122070312500e+02 2.785346000600862126e+01
3.452999877929687500e+02 2.815477910944748530e+01
3.453999938964843750e+02 2.725125523152756557e+01
3.455000000000000000e+02 2.774884708724124494e+01
3.456000061035156250e+02 2.756632767349616486e+01
3.457000122070312500e+02 2.822925654128230377e+01
3.457999877929687500e+02 2.801209717267793309e+01
3.458999938964843750e+02 2.771872876461720026e+01
3.460000000000000000e+02 2.789322766537503639e+01
3.461000061035156250e+02 2.767084395268055985e+01
3.462000122070312500e+02 2.766751487361188921e+01
3.462999877929687500e+02 2.761616883004646894e+01
3.463999938964843750e+02 2.736332969869826570e+01
3.465000000000000000e+02 2.753133778947407251e+01
3.466000061035156250e+02 2.838935049694554280e+01
3.467000122070312500e+02 2.839581902667135083e+01
3.467999877929687500e+02 2.756892124973226643e+01
3.468999938964843750e+02 2.723426643665321834e+01
3.470000000000000000e+02 2.748392574516070042e+01
3.471000061035156250e+02 2.782599081901571125e+01
3.472000122070312500e+02 2.730380770753341935e+01
3.472999877929687500e+02 2.751314847016792697e+01
3.473999938964843750e+02 2.768484745642024691e+01
3.475000000000000000e+02 2.741863913463198088e+01
3.476000061035156250e+02 2.768346794820653756e+01
3.477000122070312500e+02 2.748478213613772780e+01
3.477999877929687500e+02 2.792487628666971133e+01
3.478999938964843750e+02 2.769136890956208319e+01
3.480000000000000000e+02 2.835041697132268368e+01
3.481000061035156250e+02 2.731499617745093644e+01
3.482000122070312500e+02 2.722575028040674283e+01
3.482999877929687500e+02 2.749929781491587022e+01
3.483999938964843750e+02 2.693464457845523441e+01
3.485000000000000000e+02 2.747209048421553135e+01
3.486000061035156250e+02 2.762487269564110193e+01
3.487000122070312500e+02 2.738604312713984257e+01
3.487999877929687500e+02 2.742802195228169282e+01
3.488999938964843750e+02 2.735141283288651692e+01
3.490000000000000000e+02 2.741578567956899803e+01
3.491000061035156250e+02 2.773337756529988951e+01
3.492000122070312500e+02 2.717394727146917432e+01
3.492999877929687500e+02 2.831907522026020985e+01
3.493999938964843750e+02 2.710922370617548438e+01
3.495000000000000000e+02 2.707704162174862361e+01
3.496000061035156250e+02 2.781603058262499317e+01
3.497000122070312500e+02 2.712987263113891601e+01
3.497999877929687500e+02 2.840588412016584741e+01
3.498999938964843750e+02 2.796415318134501149e+01
3.500000000000000000e+02 2.770011187826141352e+01
3.501000061035156250e+02 2.741888768077318517e+01
3.502000122070312500e+02 2.763764016398856427e+01
3.502999877929687500e+02 2.770922999827050859e+01
3.503999938964843750e+02 2.737686955350199369e+01
3.505000000000000000e+02 2.752973259308371823e+01
3.506000061035156250e+02 2.835590415011287746e+01
3.507000122070312500e+02 2.928017903694743751e+01
3.507999877929687500e+02 2.825272632331413192e+01
3.508999938964843750e+02 2.833640098324369205e+01
3.510000000000000000e+02 2.839521035937115556e+01
3.511000061035156250e+02 2.845510951372101616e+01
3.512000122070312500e+02 2.758569018790662497e+01
3.512999877929687500e+02 2.756769386639029307e+01
3.513999938964843750e+02 2.772328719393787821e+01
3.515000000000000000e+02 2.803099497120976125e+01
3.516000061035156250e+02 2.785616587579281500e+01
3.517000122070312500e+02 2.743899840788617439e+01
3.517999877929687500e+02 2.748688000857507419e+01
3.518999938964843750e+02 2.759044377910782586e+01
3.520000000000000000e+02 2.743317347038022547e+01
3.521000061035156250e+02 2.755982865584089225e+01
3.522000122070312500e+02 2.770332686412121603e+01
3.522999877929687500e+02 2.817279290399494229e+01
3.523999938964843750e+02 2.736815338842871626e+01
3.525000000000000000e+02 2.774149177719673531e+01
3.526000061035156250e+02 2.836495591243199854e+01
3.527000122070312500e+02 2.806097730445963734e+01
3.527999877929687500e+02 2.837693069576834759e+01
3.528999938964843750e+02 2.717047461060585434e+01
3.530000000000000000e+02 2.693344300879943276e+01
3.531000061035156250e+02 2.729042473524217272e+01
3.532000122070312500e+02 2.699652091894559547e+01
3.532999877929687500e+02 2.724688921678312070e+01
3.533999938964843750e+02 2.707120246749620662e+01
3.535000000000000000e+02 2.698662418133845620e+01
3.536000061035156250e+02 2.692901786891532012e+01
3.537000122070312500e+02 2.686518646329257365e+01
3.537999877929687500e+02 2.707925794624328475e+01
3.538999938964843750e+02 2.715790751033280870e+01
3.540000000000000000e+02 2.687371479355453374e+01
3.541000061035156250e+02 2.736266975400100421e+01
3.542000122070312500e+02 2.771220295852824123e+01
3.542999877929687500e+02 2.778857141981889001e+01
3.543999938964843750e+02 2.872328990290592543e+01
3.545000000000000000e+02 2.767477293576953201e+01
3.546000061035156250e+02 2.631679874047695833e+01
3.547000122070312500e+02 2.730607956531378377e+01
3.547999877929687500e+02 2.755425838495056468e+01
3.548999938964843750e+02 2.750320217161027259e+01
3.550000000000000000e+02 2.789671776850687479e+01
3.551000061035156250e+02 2.688370599783012693e+01
3.552000122070312500e+02 2.667749441287320167e+01
3.552999877929687500e+02 2.673167395032691473e+01
3.553999938964843750e+02 2.809205672062468295e+01
3.555000000000000000e+02 2.743779654557296155e+01
3.556000061035156250e+02 2.723573339009400129e+01
3.557000122070312500e+02 2.798188809018851586e+01
3.557999877929687500e+02 2.836075915813960435e+01
3.558999938964843750e+02 2.793548835933079033e+01
3.560000000000000000e+02 2.764023062540666231e+01
3.561000061035156250e+02 2.766640853785754217e+01
3.562000122070312500e+02 2.759403265289372342e+01
3.562999877929687500e+02 2.778832198622143324e+01
3.563999938964843750e+02 3.043035986961435313e+01
3.565000000000000000e+02 2.831548822880884231e+01
3.566000061035156250e+02 2.770514981239483987e+01
3.567000122070312500e+02 2.757305427839141387e+01
3.567999877929687500e+02 2.754715411892891197e+01
3.568999938964843750e+02 2.804219974062068843e+01
3.570000000000000000e+02 2.644861092551639459e+01
3.571000061035156250e+02 2.781491910686150959e+01
3.572000122070312500e+02 2.719159420358520407e+01
3.572999877929687500e+02 2.734532228639242746e+01
3.573999938964843750e+02 2.661434569353563973e+01
3.575000000000000000e+02 2.757201356276044990e+01
3.576000061035156250e+02 2.829349110810921530e+01
3.577000122070312500e+02 2.827050896379291345e+01
3.577999877929687500e+02 2.831747675563223510e+01
3.578999938964843750e+02 2.772308784096619050e+01
3.580000000000000000e+02 2.802586618791110240e+01
3.581000061035156250e+02 2.797934685309832048e+01
3.582000122070312500e+02 2.760612785429742644e+01
3.582999877929687500e+02 2.854792061765033395e+01
3.583999938964843750e+02 2.776052370072906683e+01
3.585000000000000000e+02 2.846219623738685200e+01
3.586000061035156250e+02 2.764416512511147417e+01
3.587000122070312500e+02 2.753585266603385406e+01
3.587999877929687500e+02 2.731907497910424354e+01
3.588999938964843750e+02 2.719387966510032939e+01
3.590000000000000000e+02 2.753511541753052683e+01
3.591000061035156250e+02 2.709546066696773892e+01
3.592000122070312500e+02 2.802610648329910958e+01
3.592999877929687500e+02 2.810900044670077236e+01
3.593999938964843750e+02 2.848472042120181769e+01
3.595000000000000000e+02 2.804632886142845649e+01
3.596000061035156250e+02 2.989387585578790407e+01
3.597000122070312500e+02 2.761163188407731539e+01
3.597999877929687500e+02 2.845340391660580437e+01
3.598999938964843750e+02 2.744499924045074835e+01
3.600000000000000000e+02 2.842334739897338025e+01
3.601000061035156250e+02 2.789238700385846315e+01
3.602000122070312500e+02 2.834652051936109984e+01
3.602999877929687500e+02 2.747808971912553488e+01
3.603999938964843750e+02 2.749167636225788058e+01
3.605000000000000000e+02 2.731947745461428667e+01
3.606000061035156250e+02 2.852434061397559262e+01
3.607000122070312500e+02 2.790382553713222435e+01
3.607999877929687500e+02 2.834130617292515808e+01
3.608999938964843750e+02 2.836425367027400668e+01
3.610000000000000000e+02 2.876691214753871151e+01
3.611000061035156250e+02 2.723616160305551048e+01
3.612000122070312500e+02 2.744655233963607799e+01
3.612999877929687500e+02 2.818806471069108355e+01
3.613999938964843750e+02 3.023107638172306721e+01
3.615000000000000000e+02 2.984349702688196260e+01
3.616000061035156250e+02 3.076894955322024217e+01
3.617000122070312500e+02 2.986665275994830182e+01
3.617999877929687500e+02 2.902327046485381246e+01
3.618999938964843750e+02 2.908389036589757382e+01
3.620000000000000000e+02 2.767932824194743802e+01
3.621000061035156250e+02 2.796035401997363223e+01
3.622000122070312500e+02 2.746840512615437646e+01
3.622999877929687500e+02 2.725185811582368700e+01
3.623999938964843750e+02 2.742511227627387171e+01
3.625000000000000000e+02 2.746357105097401785e+01
3.626000061035156250e+02 2.760482578863219416e+01
3.627000122070312500e+02 2.764467011686608799e+01
3.627999877929687500e+02 2.847082290997778742e+01
3.628999938964843750e+02 2.746973025351393360e+01
3.630000000000000000e+02 2.822270848554571998e+01
3.631000061035156250e+02 2.804114050083799370e+01
3.632000122070312500e+02 2.912833040614250635e+01
3.632999877929687500e+02 2.778307985238955524e+01
3.633999938964843750e+02 2.808906704385977093e+01
3.635000000000000000e+02 2.781581538059520753e+01
3.636000061035156250e+02 2.793149582409955300e+01
3.637000122070312500e+02 2.777497125046249593e+01
3.637999877929687500e+02 2.690447116409378125e+01
3.638999938964843750e+02 2.737240752417010015e+01
3.640000000000000000e+02 2.733783970527798246e+01
3.641000061035156250e+02 2.815995250775614878e+01
3.642000122070312500e+02 2.808057377983954339e+01
3.642999877929687500e+02 2.837164551891149600e+01
3.643999938964843750e+02 2.872640240208251683e+01
3.645000000000000000e+02 2.794828771519235389e+01
3.646000061035156250e+02 2.748771428220340951e+01
3.647000122070312500e+02 2.777680888434666073e+01
3.647999877929687500e+02 2.805891549291380471e+01
3.648999938964843750e+02 2.870129515899829187e+01
3.650000000000000000e+02 2.980948194569349852e+01
3.651000061035156250e+02 2.997513453245032622e+01
3.652000122070312500e+02 2.849796566705559897e+01
3.652999877929687500e+02 3.027985466687737670e+01
3.653999938964843750e+02 2.825397645751801079e+01
3.655000000000000000e+02 2.830300528516675129e+01
3.656000061035156250e+02 2.811819463468494362e+01
3.657000122070312500e+02 2.946054757829085702e+01
3.657999877929687500e+02 2.875321013932027725e+01
3.658999938964843750e+02 2.814505188922095158e+01
3.660000000000000000e+02 2.905062076774584767e+01
3.661000061035156250e+02 2.915828629881405831e+01
3.662000122070312500e+02 2.947502298127088238e+01
3.662999877929687500e+02 2.813759755549779129e+01
3.663999938964843750e+02 2.842279129566202300e+01
3.665000000000000000e+02 2.876979437548854435e+01
3.666000061035156250e+02 2.896585702233001314e+01
3.667000122070312500e+02 2.910782848854815441e+01
3.667999877929687500e+02 2.855337030905510431e+01
3.668999938964843750e+02 2.856995600562114035e+01
3.670000000000000000e+02 2.815512105633680306e+01
3.671000061035156250e+02 2.801111312259748942e+01
3.672000122070312500e+02 2.870943397777443096e+01
3.672999877929687500e+02 2.842254906503764289e+01
3.673999938964843750e+02 2.833524534205986356e+01
3.675000000000000000e+02 2.908721084463146767e+01
3.676000061035156250e+02 2.855062734817072112e+01
3.677000122070312500e+02 2.773023270733309431e+01
3.677999877929687500e+02 2.870696453185875896e+01
3.678999938964843750e+02 2.881673595200518889e+01
3.680000000000000000e+02 2.883401466189335238e+01
3.681000061035156250e+02 2.985045562812213049e+01
3.682000122070312500e+02 3.018422312802811192e+01
3.682999877929687500e+02 3.041316232244436790e+01
3.683999938964843750e+02 3.033880747430045588e+01
3.685000000000000000e+02 2.887372171473096216e+01
3.686000061035156250e+02 2.873554640456575271e+01
3.687000122070312500e+02 2.840188427836176999e+01
3.687999877929687500e+02 2.981923816807093175e+01
3.688999938964843750e+02 2.907029464999628487e+01
3.690000000000000000e+02 2.804866739694843503e+01
3.691000061035156250e+02 2.918080121146680028e+01
3.692000122070312500e+02 2.784056334195627258e+01
3.692999877929687500e+02 3.000475034845914024e+01
3.693999938964843750e+02 2.821199396332069043e+01
3.695000000000000000e+02 2.865158728614291661e+01
3.696000061035156250e+02 2.862878473798928880e+01
3.697000122070312500e+02 2.818317490612787068e+01
3.697999877929687500e+02 2.885481089291735657e+01
3.698999938964843750e+02 2.876265520036621481e+01
3.700000000000000000e+02 2.896110013903414071e+01
3.701000061035156250e+02 2.928586235525761694e+01
3.702000122070312500e+02 2.941554297333926371e+01
3.702999877929687500e+02 2.953136578139832125e+01
3.703999938964843750e+02 2.982219386228958768e+01
3.705000000000000000e+02 2.831792901378559435e+01
3.706000061035156250e+02 2.970161312249619101e+01
3.707000122070312500e+02 3.026468956526247212e+01
3.707999877929687500e+02 2.971877171983252097e+01
3.708999938964843750e+02 3.055846235222883323e+01
3.710000000000000000e+02 2.956813543789712639e+01
3.711000061035156250e+02 2.911101559135745376e+01
3.712000122070312500e+02 2.830888640837842019e+01
3.712999877929687500e+02 2.987858324672107457e+01
3.713999938964843750e+02 2.912328064026925034e+01
3.715000000000000000e+02 2.802041987842341797e+01
3.716000061035156250e+02 2.946477309909124642e+01
3.717000122070312500e+02 2.864040345791737607e+01
3.717999877929687500e+02 2.787471294718806902e+01
3.718999938964843750e+02 2.806402624441269467e+01
3.720000000000000000e+02 2.796849459426268680e+01
3.721000061035156250e+02 3.013693666961501449e+01
3.722000122070312500e+02 2.737676677516892809e+01
3.722999877929687500e+02 2.986465005168327735e+01
3.723999938964843750e+02 2.784797837292931888e+01
3.725000000000000000e+02 2.804662239952276437e+01
3.726000061035156250e+02 2.916630749759649177e+01
3.727000122070312500e+02 2.932036148137747134e+01
3.727999877929687500e+02 2.954430165111190476e+01
3.728999938964843750e+02 2.950371808463857803e+01
3.730000000000000000e+02 2.960476248938627108e+01
3.731000061035156250e+02 2.968522320012178284e+01
3.732000122070312500e+02 2.919222400499047865e+01
3.732999877929687500e+02 2.992184744300528010e+01
3.733999938964843750e+02 2.978964967497125116e+01
3.735000000000000000e+02 3.019277284324217092e+01
3.736000061035156250e+02 3.008465040414643710e+01
3.737000122070312500e+02 2.893612750606187234e+01
3.737999877929687500e+02 2.938978528679992408e+01
3.738999938964843750e+02 2.909277532407226730e+01
3.740000000000000000e+02 3.035946239029458837e+01
3.741000061035156250e+02 2.986295392000759819e+01
3.742000122070312500e+02 2.989506567042676011e+01
3.742999877929687500e+02 2.833913897201665932e+01
3.743999938964843750e+02 3.002380760287876882e+01
3.745000000000000000e+02 2.918524195087356432e+01
3.746000061035156250e+02 2.899858418286942552e+01
3.747000122070312500e+02 2.997006879344622021e+01
3.747999877929687500e+02 3.478262069624472730e+01
3.748999938964843750e+02 3.272925805892141682e+01
3.750000000000000000e+02 3.200214934673976330e+01
3.751000061035156250e+02 2.961337053826794730e+01
3.752000122070312500e+02 2.892895085373123720e+01
3.752999877929687500e+02 2.847073485127900838e+01
3.753999938964843750e+02 2.963274278279092755e+01
3.755000000000000000e+02 2.923084680331108132e+01
3.756000061035156250e+02 2.976971483722578427e+01
3.757000122070312500e+02 2.984182636376567288e+01
3.757999877929687500e+02 3.019518349649192857e+01
3.758999938964843750e+02 2.892413246259216564e+01
3.760000000000000000e+02 3.027492892326629104e+01
3.761000061035156250e+02 3.032888592013970452e+01
3.762000122070312500e+02 3.035815504671750276e+01
3.762999877929687500e+02 2.969336272283629441e+01
3.763999938964843750e+02 2.934926322016589140e+01
3.765000000000000000e+02 3.248396974765357470e+01
3.766000061035156250e+02 3.223856667638123952e+01
3.767000122070312500e+02 2.988696838117466115e+01
3.767999877929687500e+02 2.896748616630940276e+01
3.768999938964843750e+02 3.040391659986859452e+01
3.770000000000000000e+02 2.958870119241427332e+01
3.771000061035156250e+02 3.013335665963508347e+01
3.772000122070312500e+02 2.975763143612680039e+01
3.772999877929687500e+02 2.891835012520667192e+01
3.773999938964843750e+02 2.635844463703948648e+01
3.775000000000000000e+02 2.780243286206590270e+01
3.776000061035156250e+02 2.778781347365073273e+01
3.777000122070312500e+02 2.745368000039183443e+01
3.777999877929687500e+02 2.719757471721148434e+01
3.778999938964843750e+02 2.793649654854809583e+01
3.780000000000000000e+02 2.773545660347190989e+01
3.781000061035156250e+02 2.848833083732035476e+01
3.782000122070312500e+02 2.789291090867069656e+01
3.782999877929687500e+02 2.736178521043067491e+01
3.783999938964843750e+02 2.830197478940004885e+01
3.785000000000000000e+02 2.782559691078458286e+01
3.786000061035156250e+02 2.891094415906698600e+01
3.787000122070312500e+02 2.735737316694675059e+01
3.787999877929687500e+02 2.815093661915356904e+01
3.788999938964843750e+02 2.729978131732666213e+01
3.790000000000000000e+02 2.820690301011017809e+01
3.791000061035156250e+02 2.803683774595374345e+01
3.792000122070312500e+02 2.696467997282063322e+01
3.792999877929687500e+02 2.747680377886734249e+01
3.793999938964843750e+02 2.875381344294024544e+01
3.795000000000000000e+02 2.800944125863715684e+01
3.796000061035156250e+02 2.884676322167526408e+01
3.797000122070312500e+02 2.774457000498115988e+01
3.797999877929687500e+02 2.842435073490636910e+01
3.798999938964843750e+02 2.809764104851742061e+01
3.800000000000000000e+02 2.774600879405267762e+01
3.801000061035156250e+02 2.852596710462566776e+01
3.802000122070312500e+02 2.837991580869887187e+01
3.802999877929687500e+02 2.844521761060555676e+01
3.803999938964843750e+02 2.780636884978585144e+01
3.805000000000000000e+02 2.701010786434227029e+01
3.806000061035156250e+02 2.764302421355070294e+01
3.807000122070312500e+02 2.772158848750451909e+01
3.807999877929687500e+02 2.799312588744712116e+01
3.808999938964843750e+02 2.777973259098893521e+01
3.810000000000000000e+02 2.776074059022055707e+01
3.811000061035156250e+02 2.737972646282928579e+01
3.812000122070312500e+02 2.926169145098964464e+01
3.812999877929687500e+02 2.789170957566539855e+01
3.813999938964843750e+02 2.950706895445793876e+01
3.815000000000000000e+02 2.746578958278959348e+01
3.816000061035156250e+02 2.954428452555945483e+01
3.817000122070312500e+02 2.924371610890170459e+01
3.817999877929687500e+02 2.902857175741273821e+01
3.818999938964843750e+02 2.744616241952343216e+01
3.820000000000000000e+02 2.687563323046140340e+01
3.821000061035156250e+02 2.695495548699289756e+01
3.822000122070312500e+02 2.771790935823240432e+01
3.822999877929687500e+02 2.708442537706423181e+01
3.823999938964843750e+02 2.654320025114125770e+01
3.825000000000000000e+02 2.789773685780934187e+01
3.826000061035156250e+02 2.680048971417659942e+01
3.827000122070312500e+02 2.768352113948950688e+01
3.827999877929687500e+02 2.803568607383439115e+01
3.828999938964843750e+02 2.759203390100795872e+01
3.830000000000000000e+02 2.664687586803703923e+01
3.831000061035156250e+02 2.820561466059396594e+01
3.832000122070312500e+02 2.838596541849115340e+01
3.832999877929687500e+02 2.785422009541574440e+01
3.833999938964843750e+02 2.708633151582608889e+01
3.835000000000000000e+02 2.721685721667150659e+01
3.836000061035156250e+02 2.686520409943333831e+01
3.837000122070312500e+02 2.727622004463420424e+01
3.837999877929687500e+02 2.780033913221522823e+01
3.838999938964843750e+02 2.822659062661317364e+01
3.840000000000000000e+02 2.648858861152105959e+01
3.841000061035156250e+02 2.950076596663400252e+01
3.842000122070312500e+02 2.693024144475065995e+01
3.842999877929687500e+02 2.667013548963905478e+01
3.843999938964843750e+02 2.828783130013621161e+01
3.845000000000000000e+02 2.775829482924686786e+01
3.846000061035156250e+02 2.852130872420530494e+01
3.847000122070312500e+02 2.875256780190640171e+01
3.847999877929687500e+02 2.854653113884362270e+01
3.848999938964843750e+02 2.694698145263946998e+01
3.850000000000000000e+02 2.688327611163649777e+01
3.851000061035156250e+02 2.708374965144563973e+01
3.852000122070312500e+02 2.841401530653046947e+01
3.852999877929687500e+02 2.778187999206051373e+01
3.853999938964843750e+02 2.718030996673419608e+01
3.855000000000000000e+02 2.817422091428077735e+01
3.856000061035156250e+02 2.697056254266658115e+01
3.857000122070312500e+02 2.786658227367683693e+01
3.857999877929687500e+02 2.712344818841271632e+01
3.858999938964843750e+02 2.772852324791536915e+01
3.860000000000000000e+02 2.819804684077192292e+01
3.861000061035156250e+02 2.756444183816924820e+01
3.862000122070312500e+02 2.807303729166577355e+01
3.862999877929687500e+02 2.781034409049093981e+01
3.863999938964843750e+02 2.809054799490681731e+01
3.865000000000000000e+02 2.978687017967670059e+01
3.866000061035156250e+02 2.903216550218244407e+01
3.867000122070312500e+02 2.755679836689740370e+01
3.867999877929687500e+02 2.813608989355844514e+01
3.868999938964843750e+02 2.801634466132185253e+01
3.870000000000000000e+02 2.704837474691949595e+01
3.871000061035156250e+02 2.783937748619103303e+01
3.872000122070312500e+02 2.731555045118097169e+01
3.872999877929687500e+02 2.972290034869784137e+01
3.873999938964843750e+02 2.939168115749923871e+01
3.875000000000000000e+02 2.715853328075677098e+01
3.876000061035156250e+02 2.751598618175158606e+01
3.877000122070312500e+02 2.869321442530908328e+01
3.877999877929687500e+02 2.832792416792378276e+01
3.878999938964843750e+02 2.873002308220461032e+01
3.880000000000000000e+02 2.865760079904686464e+01
3.881000061035156250e+02 2.634522565566609842e+01
3.882000122070312500e+02 2.980101071607349539e+01
3.882999877929687500e+02 2.588182618548422198e+01
3.883999938964843750e+02 3.047588025070552220e+01
3.885000000000000000e+02 2.879425124510546041e+01
3.886000061035156250e+02 2.884198295171209026e+01
3.887000122070312500e+02 2.851293567249339844e+01
3.887999877929687500e+02 2.872810415907588677e+01
3.888999938964843750e+02 2.683288824863686273e+01
3.890000000000000000e+02 2.724089664781665121e+01
3.891000061035156250e+02 2.981184267224416118e+01
3.892000122070312500e+02 2.758217264542875213e+01
3.892999877929687500e+02 2.875388181298240298e+01
3.893999938964843750e+02 2.905787578147585748e+01
3.895000000000000000e+02 3.021998930021935337e+01
3.896000061035156250e+02 2.957784377756911098e+01
3.897000122070312500e+02 2.785532394384813770e+01
3.897999877929687500e+02 2.762399707468071242e+01
3.898999938964843750e+02 2.741268761839811319e+01
3.900000000000000000e+02 2.812447347415694665e+01
3.901000061035156250e+02 2.705814102062072379e+01
3.902000122070312500e+02 3.007075162671400648e+01
3.902999877929687500e+02 2.752618016609704554e+01
3.903999938964843750e+02 2.731055770784431758e+01
3.905000000000000000e+02 2.718616835995396031e+01
3.906000061035156250e+02 2.758785366919038040e+01
3.907000122070312500e+02 2.850541024383439748e+01
3.907999877929687500e+02 2.848701402681463080e+01
3.908999938964843750e+02 2.877953475198566125e+01
3.910000000000000000e+02 2.946643607473354010e+01
3.911000061035156250e+02 2.643452797854869019e+01
3.912000122070312500e+02 2.755298625903122911e+01
3.912999877929687500e+02 2.762415558082812694e+01
3.913999938964843750e+02 2.850182580815043920e+01
3.915000000000000000e+02 2.807827516602059248e+01
3.916000061035156250e+02 2.667561824026737938e+01
3.917000122070312500e+02 2.724508928139743702e+01
3.917999877929687500e+02 2.655089213408968618e+01
3.918999938964843750e+02 2.889929997525578997e+01
3.920000000000000000e+02 2.832189684122547746e+01
3.921000061035156250e+02 2.652126882001029529e+01
3.922000122070312500e+02 2.694200689451962916e+01
3.922999877929687500e+02 2.790647805304858409e+01
3.923999938964843750e+02 2.669003695886226524e+01
3.925000000000000000e+02 2.825152518365440812e+01
3.926000061035156250e+02 2.799555922460106316e+01
3.927000122070312500e+02 2.763351308523843031e+01
3.927999877929687500e+02 2.753378877734477470e+01
3.928999938964843750e+02 2.777944536988704627e+01
3.930000000000000000e+02 2.695106839251083741e+01
3.931000061035156250e+02 2.654405807339102807e+01
3.932000122070312500e+02 2.686548113803573301e+01
3.932999877929687500e+02 2.713335721538544476e+01
3.933999938964843750e+02 2.716147856048400655e+01
3.935000000000000000e+02 2.745798514232626175e+01
3.936000061035156250e+02 2.761306859748912146e+01
3.937000122070312500e+02 2.693002435786773319e+01
3.937999877929687500e+02 2.733188790338889973e+01
3.938999938964843750e+02 2.648479778615305591e+01
3.940000000000000000e+02 2.676069713225054514e+01
3.941000061035156250e+02 2.723746868773625707e+01
3.942000122070312500e+02 2.757924206554875823e+01
3.942999877929687500e+02 2.786372275053522785e+01
3.943999938964843750e+02 2.789618452828043615e+01
3.945000000000000000e+02 2.672817377837264274e+01
3.946000061035156250e+02 2.689367241958453292e+01
3.947000122070312500e+02 2.672408976907054523e+01
3.947999877929687500e+02 2.767641412120261890e+01
3.948999938964843750e+02 2.714310509340640110e+01
3.950000000000000000e+02 2.715581971091229718e+01
3.951000061035156250e+02 2.862568931327109922e+01
3.952000122070312500e+02 2.774149964277987479e+01
3.952999877929687500e+02 2.822336258211486992e+01
3.953999938964843750e+02 2.726265312208365543e+01
3.955000000000000000e+02 2.714487494966006054e+01
3.956000061035156250e+02 2.698562939595052157e+01
3.957000122070312500e+02 2.683716162754218715e+01
3.957999877929687500e+02 2.758684018981243469e+01
3.958999938964843750e+02 2.720408170287511851e+01
3.960000000000000000e+02 2.854864688159053898e+01
3.961000061035156250e+02 2.783608305684467865e+01
3.962000122070312500e+02 2.698644440739621686e+01
3.962999877929687500e+02 2.766012196904376808e+01
3.963999938964843750e+02 2.641700937366672619e+01
3.965000000000000000e+02 2.723049183425219866e+01
3.966000061035156250e+02 2.597844824220247872e+01
3.967000122070312500e+02 2.619028708364889724e+01
3.967999877929687500e+02 2.758649841434142758e+01
3.968999938964843750e+02 2.744957026422042290e+01
3.970000000000000000e+02 2.687787297435529510e+01
3.971000061035156250e+02 2.777920039460091672e+01
3.972000122070312500e+02 2.736787037573996528e+01
3.972999877929687500e+02 2.750093876846437624e+01
3.973999938964843750e+02 2.749432990829216905e+01
3.975000000000000000e+02 2.606933657857225484e+01
3.976000061035156250e+02 2.714917760399539404e+01
3.977000122070312500e+02 2.710308072974554250e+01
3.977999877929687500e+02 2.709734697065566067e+01
3.978999938964843750e+02 2.688434306215033232e+01
3.980000000000000000e+02 2.656708975512549387e+01
3.981000061035156250e+02 2.690680586356828741e+01
3.982000122070312500e+02 2.703741713411284309e+01
3.982999877929687500e+02 2.756652492087480510e+01
3.983999938964843750e+02 2.627965987146793125e+01
3.985000000000000000e+02 2.673663143597573466e+01
3.986000061035156250e+02 2.664567387907883855e+01
3.987000122070312500e+02 2.602256483996831449e+01
3.987999877929687500e+02 2.920028313466146841e+01
3.988999938964843750e+02 2.974450023390582842e+01
3.990000000000000000e+02 2.842555247450069089e+01
3.991000061035156250e+02 2.850513300615078549e+01
3.992000122070312500e+02 2.798766942108729694e+01
3.992999877929687500e+02 2.756562677452820864e+01
3.993999938964843750e+02 2.635118314778679149e+01
3.995000000000000000e+02 2.634676330365090990e+01
3.996000061035156250e+02 2.613441930320384898e+01
3.997000122070312500e+02 2.614148610985244048e+01
3.997999877929687500e+02 2.558065339180603104e+01
3.998999938964843750e+02 2.574452512132380377e+01
4.000000000000000000e+02 2.664491235500614508e+01
4.001000061035156250e+02 2.681537378287569950e+01
4.002000122070312500e+02 2.608986073930989491e+01
4.002999877929687500e+02 2.671799728847097555e+01
4.003999938964843750e+02 2.680605929901266649e+01
4.005000000000000000e+02 2.675516816303705170e+01
4.006000061035156250e+02 2.643186210179463913e+01
4.007000122070312500e+02 2.828115080768893463e+01
4.007999877929687500e+02 2.757829964162904091e+01
4.008999938964843750e+02 2.833206095099060562e+01
4.010000000000000000e+02 2.785196809590881628e+01
4.011000061035156250e+02 2.667960566810738143e+01
4.012000122070312500e+02 2.826064710145421088e+01
4.012999877929687500e+02 2.785438682834739765e+01
4.013999938964843750e+02 2.810180678188643810e+01
4.015000000000000000e+02 2.714718899109856665e+01
4.016000061035156250e+02 2.831147494846428359e+01
4.017000122070312500e+02 2.788843079439227779e+01
4.017999877929687500e+02 2.758768735777251280e+01
4.018999938964843750e+02 2.742982817804918483e+01
4.020000000000000000e+02 2.773718765072121073e+01
4.021000061035156250e+02 2.618455951529131553e+01
4.022000122070312500e+02 2.774153937213242926e+01
4.022999877929687500e+02 2.685361455621048066e+01
4.023999938964843750e+02 2.766140402279593147e+01
4.025000000000000000e+02 2.740751887982919044e+01
4.026000061035156250e+02 2.709272884942459214e+01
4.027000122070312500e+02 2.728124224407788390e+01
4.027999877929687500e+02 2.769454078567489574e+01
4.028999938964843750e+02 2.621380653530584937e+01
4.030000000000000000e+02 2.804517885017537182e+01
4.031000061035156250e+02 2.679642409365520095e+01
4.032000122070312500e+02 2.838182406660594381e+01
4.032999877929687500e+02 2.736028597006782448e+01
4.033999938964843750e+02 2.736479700056965214e+01
4.035000000000000000e+02 2.662774948006972053e+01
4.036000061035156250e+02 2.633598561502563129e+01
4.037000122070312500e+02 2.779861514400984746e+01
4.037999877929687500e+02 2.774556093830022263e+01
4.038999938964843750e+02 2.690613974086721782e+01
4.040000000000000000e+02 2.675591383851159222e+01
4.041000061035156250e+02 2.652109356147277097e+01
4.042000122070312500e+02 2.700450800103054050e+01
4.042999877929687500e+02 2.733303233187474746e+01
4.043999938964843750e+02 2.609355806639997510e+01
4.045000000000000000e+02 2.634015969406504709e+01
4.046000061035156250e+02 2.709754731182291110e+01
4.047000122070312500e+02 2.688034014006503014e+01
4.047999877929687500e+02 2.871269983387132640e+01
4.048999938964843750e+02 2.962118501642391522e+01
4.050000000000000000e+02 2.871767672902498703e+01
4.051000061035156250e+02 2.756708260072645444e+01
4.052000122070312500e+02 2.607250709047384873e+01
4.052999877929687500e+02 2.653267975986148031e+01
4.053999938964843750e+02 2.682026686755096279e+01
4.055000000000000000e+02 2.601982627627938527e+01
4.056000061035156250e+02 2.727788572041439608e+01
4.057000122070312500e+02 2.606757632123829893e+01
4.057999877929687500e+02 2.674455519911168722e+01
4.058999938964843750e+02 2.658774766734385508e+01
4.060000000000000000e+02 2.603790956303305393e+01
4.061000061035156250e+02 2.639449387524294721e+01
4.062000122070312500e+02 2.690514927031618342e+01
4.062999877929687500e+02 2.705135367489153708e+01
4.063999938964843750e+02 2.735415868866521549e+01
4.065000000000000000e+02 2.594669021152275334e+01
4.066000061035156250e+02 2.617308665087747954e+01
4.067000122070312500e+02 2.669487258543355068e+01
4.067999877929687500e+02 2.693388577064467526e+01
4.068999938964843750e+02 2.572884300256090384e+01
4.070000000000000000e+02 2.661383195026028758e+01
4.071000061035156250e+02 2.615469097965737433e+01
4.072000122070312500e+02 2.677108754678354074e+01
4.072999877929687500e+02 2.632560914432211874e+01
4.073999938964843750e+02 2.690356756644240832e+01
4.075000000000000000e+02 2.634817127204342668e+01
4.076000061035156250e+02 2.558700537295048605e+01
4.077000122070312500e+02 2.681995194452198206e+01
4.077999877929687500e+02 2.569646281089154272e+01
4.078999938964843750e+02 2.617241039291239701e+01
4.080000000000000000e+02 2.549848404709830874e+01
4.081000061035156250e+02 2.490497508787127501e+01
4.082000122070312500e+02 2.613590912627120844e+01
4.082999877929687500e+02 2.622565148688017089e+01
4.083999938964843750e+02 2.614543558432372450e+01
4.085000000000000000e+02 2.673455632245339686e+01
4.086000061035156250e+02 2.545916296814599988e+01
4.087000122070312500e+02 2.646228204967129471e+01
4.087999877929687500e+02 2.567498783809396912e+01
4.088999938964843750e+02 2.616529186073302071e+01
4.090000000000000000e+02 2.663244455216661422e+01
4.091000061035156250e+02 2.543509050837715080e+01
4.092000122070312500e+02 2.650820131335658303e+01
4.092999877929687500e+02 2.634587598414118759e+01
4.093999938964843750e+02 2.677235414688093229e+01
4.095000000000000000e+02 2.751581605768978278e+01
4.096000061035156250e+02 2.699619669257463528e+01
4.097000122070312500e+02 2.686027838892217545e+01
4.097999877929687500e+02 2.664991516647080871e+01
4.098999938964843750e+02 2.607064779652611008e+01
4.100000000000000000e+02 2.623972696263091819e+01
4.101000061035156250e+02 2.564176218630091242e+01
4.102000122070312500e+02 2.505651308169099423e+01
4.102999877929687500e+02 2.569190052449450334e+01
4.103999938964843750e+02 2.532372620300354527e+01
4.105000000000000000e+02 2.551331461132983591e+01
4.106000061035156250e+02 2.597141010140005335e+01
4.107000122070312500e+02 2.615756050014929812e+01
4.107999877929687500e+02 2.595103202106576390e+01
4.108999938964843750e+02 2.652951581554185623e+01
4.110000000000000000e+02 2.543926501486392766e+01
4.111000061035156250e+02 2.651977178522739464e+01
4.112000122070312500e+02 2.502678182259448647e+01
4.112999877929687500e+02 2.513028667850155884e+01
4.113999938964843750e+02 2.560434796788721812e+01
4.115000000000000000e+02 2.515571111688861805e+01
4.116000061035156250e+02 2.590398714030407845e+01
4.117000122070312500e+02 2.526821629383113077e+01
4.117999877929687500e+02 2.596661365657178067e+01
4.118999938964843750e+02 2.589829936617011441e+01
4.120000000000000000e+02 2.585609233626512093e+01
4.121000061035156250e+02 2.681088608567957365e+01
4.122000122070312500e+02 2.679984849136553038e+01
4.122999877929687500e+02 2.567213170006084511e+01
4.123999938964843750e+02 2.728250984727763040e+01
4.125000000000000000e+02 3.007969585088890341e+01
4.126000061035156250e+02 3.017858377184001384e+01
4.127000122070312500e+02 2.622896277742654547e+01
4.127999877929687500e+02 2.613536960190044667e+01
4.128999938964843750e+02 2.630094887329544662e+01
4.130000000000000000e+02 2.725245837303278407e+01
4.131000061035156250e+02 2.750982458215117887e+01
4.132000122070312500e+02 2.686223290127150776e+01
4.132999877929687500e+02 2.647484900799360474e+01
4.133999938964843750e+02 2.779316763451517858e+01
4.135000000000000000e+02 2.639436762480107035e+01
4.136000061035156250e+02 2.633745301612462342e+01
4.137000122070312500e+02 2.644807127284425263e+01
4.137999877929687500e+02 2.905466897147804062e+01
4.138999938964843750e+02 2.667119501469546350e+01
4.140000000000000000e+02 2.682791822329690845e+01
4.141000061035156250e+02 2.772405633820308068e+01
4.142000122070312500e+02 2.709009862694763626e+01
4.142999877929687500e+02 2.629107587908972121e+01
4.143999938964843750e+02 2.640134379499083650e+01
4.145000000000000000e+02 2.707484176848138091e+01
4.146000061035156250e+02 2.732538303630404641e+01
4.147000122070312500e+02 2.661989157281574947e+01
4.147999877929687500e+02 2.668817757482496944e+01
4.148999938964843750e+02 2.631960470132525032e+01
4.150000000000000000e+02 2.758842986783581708e+01
4.151000061035156250e+02 2.718204925350268653e+01
4.152000122070312500e+02 2.778700479462973050e+01
4.152999877929687500e+02 2.897378578814483419e+01
4.153999938964843750e+02 2.836460876048846913e+01
4.155000000000000000e+02 2.965429102816020901e+01
4.156000061035156250e+02 2.839260908012038342e+01
4.157000122070312500e+02 2.767973306139356637e+01
4.157999877929687500e+02 2.735774272301708976e+01
4.158999938964843750e+02 2.742874491228408473e+01
4.160000000000000000e+02 2.709986881000019210e+01
4.161000061035156250e+02 2.641570941826548591e+01
4.162000122070312500e+02 2.827615682411852660e+01
4.162999877929687500e+02 2.772999242114018514e+01
4.163999938964843750e+02 2.875481595461269180e+01
4.165000000000000000e+02 2.692823389677831614e+01
4.166000061035156250e+02 2.736228927242550313e+01
4.167000122070312500e+02 2.776853893297326437e+01
4.167999877929687500e+02 2.639171001474476341e+01
4.168999938964843750e+02 2.752140886460903246e+01
4.170000000000000000e+02 2.563502406246487553e+01
4.171000061035156250e+02 2.772034346510852387e+01
4.172000122070312500e+02 2.920037959762309043e+01
4.172999877929687500e+02 2.748652296532718964e+01
4.173999938964843750e+02 2.805025357432425182e+01
4.175000000000000000e+02 2.879838044201105873e+01
4.176000061035156250e+02 3.037732419859582933e+01
4.177000122070312500e+02 3.008296108050039663e+01
4.177999877929687500e+02 2.876336890749004382e+01
4.178999938964843750e+02 2.878399930192512457e+01
4.180000000000000000e+02 2.821249822707885357e+01
4.181000061035156250e+02 2.662299795444819495e+01
4.182000122070312500e+02 2.827659916357119485e+01
4.182999877929687500e+02 2.845246089366628084e+01
4.183999938964843750e+02 2.785501711088669907e+01
4.185000000000000000e+02 2.914452703553742197e+01
4.186000061035156250e+02 2.711841328953158836e+01
4.187000122070312500e+02 2.848490996903338512e+01
4.187999877929687500e+02 2.747759871481506622e+01
4.188999938964843750e+02 2.655180147118882417e+01
4.190000000000000000e+02 2.773745102723488642e+01
4.191000061035156250e+02 2.803363512050445649e+01
4.192000122070312500e+02 2.742320758461838537e+01
4.192999877929687500e+02 2.795399762197907378e+01
4.193999938964843750e+02 2.764806668760705577e+01
4.195000000000000000e+02 2.768492146105333518e+01
4.196000061035156250e+02 2.762725005387139632e+01
4.197000122070312500e+02 2.806195125616232033e+01
4.197999877929687500e+02 2.891524407591947821e+01
4.198999938964843750e+02 2.842063251033590277e+01
4.200000000000000000e+02 2.739222049580935447e+01
4.201000061035156250e+02 2.886597434822122921e+01
4.202000122070312500e+02 2.756146872153246719e+01
4.202999877929687500e+02 2.899681323955633161e+01
4.203999938964843750e+02 2.828791695471187140e+01
4.205000000000000000e+02 2.868826123363747271e+01
4.206000061035156250e+02 2.745165658160265210e+01
4.207000122070312500e+02 2.787271674595795901e+01
4.207999877929687500e+02 2.820741775210375835e+01
4.208999938964843750e+02 2.785869704750453124e+01
4.210000000000000000e+02 2.842813057826240453e+01
4.211000061035156250e+02 2.902650513447806802e+01
4.212000122070312500e+02 2.891458589114865418e+01
4.212999877929687500e+02 2.710912359399123872e+01
4.213999938964843750e+02 2.807766745118731322e+01
4.215000000000000000e+02 2.821137562105139907e+01
4.216000061035156250e+02 2.847095924878513884e+01
4.217000122070312500e+02 2.843264302556122658e+01
4.217999877929687500e+02 2.816551215385992890e+01
4.218999938964843750e+02 2.753756901689621372e+01
4.220000000000000000e+02 2.858665478767466794e+01
4.221000061035156250e+02 2.769262577720225238e+01
4.222000122070312500e+02 2.741879742561042121e+01
4.222999877929687500e+02 2.872814476002042383e+01
4.223999938964843750e+02 2.794508924257349136e+01
4.225000000000000000e+02 2.766337069105095381e+01
4.226000061035156250e+02 2.838655203243602898e+01
4.227000122070312500e+02 2.855056151400537345e+01
4.227999877929687500e+02 2.917413159906192632e+01
4.228999938964843750e+02 2.770353697883797395e+01
4.230000000000000000e+02 2.796468865917022839e+01
4.231000061035156250e+02 2.827027862870301789e+01
4.232000122070312500e+02 2.742242112593225656e+01
4.232999877929687500e+02 2.797053124330468421e+01
4.233999938964843750e+02 2.829514259583924840e+01
4.235000000000000000e+02 2.801729395680211354e+01
4.236000061035156250e+02 2.842494897426818312e+01
4.237000122070312500e+02 2.793712091084052318e+01
4.237999877929687500e+02 2.825345899580948483e+01
4.238999938964843750e+02 2.843772758259691003e+01
4.240000000000000000e+02 2.937746777666255937e+01
4.241000061035156250e+02 2.719505614920311842e+01
4.242000122070312500e+02 2.772062207219657282e+01
4.242999877929687500e+02 2.836628590940415151e+01
4.243999938964843750e+02 2.799056336778837917e+01
4.245000000000000000e+02 3.005154396907495595e+01
4.246000061035156250e+02 2.921621695006703234e+01
4.247000122070312500e+02 2.922141250078087182e+01
4.247999877929687500e+02 2.762695342667431220e+01
4.248999938964843750e+02 2.915050168990255841e+01
4.250000000000000000e+02 2.691899761353863241e+01
4.251000061035156250e+02 2.950877545716566885e+01
4.252000122070312500e+02 2.796186265137782456e+01
4.252999877929687500e+02 2.808328242991748525e+01
4.253999938964843750e+02 2.791117836361244287e+01
4.255000000000000000e+02 2.837181843876513199e+01
4.256000061035156250e+02 2.846143046988586889e+01
4.257000122070312500e+02 2.841314991335291751e+01
4.257999877929687500e+02 2.999884090038980844e+01
4.258999938964843750e+02 2.868178074494140617e+01
4.260000000000000000e+02 2.789905126020438431e+01
4.261000061035156250e+02 2.942682519047188094e+01
4.262000122070312500e+02 2.764488688283152840e+01
4.262999877929687500e+02 2.844575245456382362e+01
4.263999938964843750e+02 2.725853312411555507e+01
4.265000000000000000e+02 2.768568347514645467e+01
4.266000061035156250e+02 2.740225286891580581e+01
4.267000122070312500e+02 2.697234422229004025e+01
4.267999877929687500e+02 2.726148769699905827e+01
4.268999938964843750e+02 2.759177019835862410e+01
4.270000000000000000e+02 2.767485325692518217e+01
4.271000061035156250e+02 2.758108268970575239e+01
4.272000122070312500e+02 2.753527093658501457e+01
4.272999877929687500e+02 2.749879824509985227e+01
4.273999938964843750e+02 2.739281320887705462e+01
4.275000000000000000e+02 2.833977758143671011e+01
4.276000061035156250e+02 2.731562120563718210e+01
4.277000122070312500e+02 2.810272192280903525e+01
4.277999877929687500e+02 2.813960061817352454e+01
4.278999938964843750e+02 2.843066405456702483e+01
4.280000000000000000e+02 2.859049094064692653e+01
4.281000061035156250e+02 2.788456951275279394e+01
4.282000122070312500e+02 2.900364946699880520e+01
4.282999877929687500e+02 2.917864694481286847e+01
4.283999938964843750e+02 2.860514071563924787e+01
4.285000000000000000e+02 2.926228494135530056e+01
4.286000061035156250e+02 2.926628864353552117e+01
4.287000122070312500e+02 2.870702064858903313e+01
4.287999877929687500e+02 2.900937865501245483e+01
4.288999938964843750e+02 2.838369900214809860e+01
4.290000000000000000e+02 2.779373712203329561e+01
4.291000061035156250e+02 2.852569521903918215e+01
4.292000122070312500e+02 2.890370104825003850e+01
4.292999877929687500e+02 2.935443546061799935e+01
4.293999938964843750e+02 2.875143207656658362e+01
4.295000000000000000e+02 2.885181469534886389e+01
4.296000061035156250e+02 2.861249369673938148e+01
4.297000122070312500e+02 2.878986623638107645e+01
4.297999877929687500e+02 2.854638108141984176e+01
4.298999938964843750e+02 2.886553705612468690e+01
4.300000000000000000e+02 2.898667804372646373e+01
4.301000061035156250e+02 2.866549595462726785e+01
4.302000122070312500e+02 2.853869954143013743e+01
4.302999877929687500e+02 2.933457896088222228e+01
4.303999938964843750e+02 2.841057083136124106e+01
4.305000000000000000e+02 2.865878326436847701e+01
4.306000061035156250e+02 2.843033246893813271e+01
4.307000122070312500e+02 2.923284181614958044e+01
4.307999877929687500e+02 2.851830139932830122e+01
4.308999938964843750e+02 2.895540008860060865e+01
4.310000000000000000e+02 2.870364590938613603e+01
4.311000061035156250e+02 2.863308375282089457e+01
4.312000122070312500e+02 2.832594838004803961e+01
4.312999877929687500e+02 2.881523127185482025e+01
4.313999938964843750e+02 2.900705930083647388e+01
4.315000000000000000e+02 2.894825998774525289e+01
4.316000061035156250e+02 2.814201058795829269e+01
4.317000122070312500e+02 2.889779831696252543e+01
4.317999877929687500e+02 2.885847391773737769e+01
4.318999938964843750e+02 2.778028058335378248e+01
4.320000000000000000e+02 2.943539272541006468e+01
4.321000061035156250e+02 2.840578390074377779e+01
4.322000122070312500e+02 2.892545966811294988e+01
4.322999877929687500e+02 2.849177296093622047e+01
4.323999938964843750e+02 2.929291721720980135e+01
4.325000000000000000e+02 2.908295410273320059e+01
4.326000061035156250e+02 2.901295559498707988e+01
4.327000122070312500e+02 2.887267523826222515e+01
4.327999877929687500e+02 2.928956395981217042e+01
4.328999938964843750e+02 2.852554829589109886e+01
4.330000000000000000e+02 2.888828450859301711e+01
4.331000061035156250e+02 3.035740100333118008e+01
4.332000122070312500e+02 2.985279937995635535e+01
4.332999877929687500e+02 2.885843609675790233e+01
4.333999938964843750e+02 2.911853624314230871e+01
4.335000000000000000e+02 2.815048559395948757e+01
4.336000061035156250e+02 3.085568994377659280e+01
4.337000122070312500e+02 2.973088705628526185e+01
4.337999877929687500e+02 2.792667596939649854e+01
4.338999938964843750e+02 2.851157040481199445e+01
4.340000000000000000e+02 3.016480585603367359e+01
4.341000061035156250e+02 3.027823881728333077e+01
4.342000122070312500e+02 2.987736768883276994e+01
4.342999877929687500e+02 2.956762155951200910e+01
4.343999938964843750e+02 3.092203652922906087e+01
4.345000000000000000e+02 3.116838728156055183e+01
4.346000061035156250e+02 3.028791202078040001e+01
4.347000122070312500e+02 3.048422286073783738e+01
4.347999877929687500e+02 3.139147802530154507e+01
4.348999938964843750e+02 2.986816259545002339e+01
4.350000000000000000e+02 2.877631364766103061e+01
4.351000061035156250e+02 2.818029472810886560e+01
4.352000122070312500e+02 2.862499326541547973e+01
4.352999877929687500e+02 2.896994847936402806e+01
4.353999938964843750e+02 2.884721995839947439e+01
4.355000000000000000e+02 3.010291631272834323e+01
4.356000061035156250e+02 2.885517735504577530e+01
4.357000122070312500e+02 2.878405470104206643e+01
4.357999877929687500e+02 2.902457541655349260e+01
4.358999938964843750e+02 2.850394575100903083e+01
4.360000000000000000e+02 2.926241238691002877e+01
4.361000061035156250e+02 2.835092449795518732e+01
4.362000122070312500e+02 2.826909245664678139e+01
4.362999877929687500e+02 2.900642883178751674e+01
4.363999938964843750e+02 2.903219256545413529e+01
4.365000000000000000e+02 2.919401744571533897e+01
4.366000061035156250e+02 2.975860328397466503e+01
4.367000122070312500e+02 2.899540973854116288e+01
4.367999877929687500e+02 2.841603512107661444e+01
4.368999938964843750e+02 2.855215217907397118e+01
4.370000000000000000e+02 3.004273899838306505e+01
4.371000061035156250e+02 2.910277898291255738e+01
4.372000122070312500e+02 2.884677025768448999e+01
4.372999877929687500e+02 2.880225936119322228e+01
4.373999938964843750e+02 2.783589980959697385e+01
4.375000000000000000e+02 2.857961042713343147e+01
4.376000061035156250e+02 2.938269906872984905e+01
4.377000122070312500e+02 2.870715569845454951e+01
4.377999877929687500e+02 2.878415375871766457e+01
4.378999938964843750e+02 2.818397611550869897e+01
4.380000000000000000e+02 2.846376925185500539e+01
4.381000061035156250e+02 2.731908025753844527e+01
4.382000122070312500e+02 2.854821275858066443e+01
4.382999877929687500e+02 2.785902999650057055e+01
4.383999938964843750e+02 2.843059249888209195e+01
4.385000000000000000e+02 2.871838445276053164e+01
4.386000061035156250e+02 2.874852220452924811e+01
4.387000122070312500e+02 2.821762014377483396e+01
4.387999877929687500e+02 2.861825485843138495e+01
4.388999938964843750e+02 3.014184123289545880e+01
4.390000000000000000e+02 2.852119367888578338e+01
4.391000061035156250e+02 2.875094756016622455e+01
4.392000122070312500e+02 2.768586988938319138e+01
4.392999877929687500e+02 2.793202006681651284e+01
4.393999938964843750e+02 2.961216617606924473e+01
4.395000000000000000e+02 2.854599988885035700e+01
4.396000061035156250e+02 2.928025790645965643e+01
4.397000122070312500e+02 2.847835165436988092e+01
4.397999877929687500e+02 2.817275202896651365e+01
4.398999938964843750e+02 2.851664958931377925e+01
4.400000000000000000e+02 2.943179475724288707e+01
4.401000061035156250e+02 2.913407518873012947e+01
4.402000122070312500e+02 3.032038385844032291e+01
4.402999877929687500e+02 2.928659983377347586e+01
4.403999938964843750e+02 2.866768160717549208e+01
4.405000000000000000e+02 2.952802839951479541e+01
4.406000061035156250e+02 2.924671064475228022e+01
4.407000122070312500e+02 2.858756645016196174e+01
4.407999877929687500e+02 2.826779074459598817e+01
4.408999938964843750e+02 2.880008087850049137e+01
4.410000000000000000e+02 2.805162350967225748e+01
4.411000061035156250e+02 2.813931697593027081e+01
4.412000122070312500e+02 2.908919394447143247e+01
4.412999877929687500e+02 2.821818598391412891e+01
4.413999938964843750e+02 2.959286460169808208e+01
4.415000000000000000e+02 2.798518666510985398e+01
4.416000061035156250e+02 2.937115382661533758e+01
4.417000122070312500e+02 2.861786346214470811e+01
4.417999877929687500e+02 2.789139733085461970e+01
4.418999938964843750e+02 2.884055203729903027e+01
4.420000000000000000e+02 2.991195176729204519e+01
4.421000061035156250e+02 2.911088820744678785e+01
4.422000122070312500e+02 3.071904708335834044e+01
4.422999877929687500e+02 2.836700705403124800e+01
4.423999938964843750e+02 2.847178718751897009e+01
4.425000000000000000e+02 2.884357023626571248e+01
4.426000061035156250e+02 2.904624236804911419e+01
4.427000122070312500e+02 2.923352523726542529e+01
4.427999877929687500e+02 2.864386370931520176e+01
4.428999938964843750e+02 2.860373268591690277e+01
4.430000000000000000e+02 2.843125869222835789e+01
4.431000061035156250e+02 2.887910666030922258e+01
4.432000122070312500e+02 2.822440542368608618e+01
4.432999877929687500e+02 2.975851359596110157e+01
4.433999938964843750e+02 2.859633008754806482e+01
4.435000000000000000e+02 2.989147005907198107e+01
4.436000061035156250e+02 2.898152247414116545e+01
4.437000122070312500e+02 2.951611413411022866e+01
4.437999877929687500e+02 2.883834575682358903e+01
4.438999938964843750e+02 2.925340606214262351e+01
4.440000000000000000e+02 2.946583571108009281e+01
4.441000061035156250e+02 2.958455966404578419e+01
4.442000122070312500e+02 2.775396748915635570e+01
4.442999877929687500e+02 2.778607423486767658e+01
4.443999938964843750e+02 2.731534892769539624e+01
4.445000000000000000e+02 2.868668835315319043e+01
4.446000061035156250e+02 2.780861668832744016e+01
4.447000122070312500e+02 2.893299725189477556e+01
4.447999877929687500e+02 2.777200888141756607e+01
4.448999938964843750e+02 2.828722573534187390e+01
4.450000000000000000e+02 2.815635598315645893e+01
4.451000061035156250e+02 2.941792753455545295e+01
4.452000122070312500e+02 2.863315489010447479e+01
4.452999877929687500e+02 2.741798042752544262e+01
4.453999938964843750e+02 2.754130966759113264e+01
4.455000000000000000e+02 2.859406221966427708e+01
4.456000061035156250e+02 2.864524138041947054e+01
4.457000122070312500e+02 2.795775896372287761e+01
4.457999877929687500e+02 2.736486459753264455e+01
4.458999938964843750e+02 2.735203618889828192e+01
4.460000000000000000e+02 2.752519669709949213e+01
4.461000061035156250e+02 2.718678886500511993e+01
4.462000122070312500e+02 2.801495827058959875e+01
4.462999877929687500e+02 2.837153482428272255e+01
4.463999938964843750e+02 2.697712531760095800e+01
4.465000000000000000e+02 2.843909135955626866e+01
4.466000061035156250e+02 2.894476953610846692e+01
4.467000122070312500e+02 2.752764275509655789e+01
4.467999877929687500e+02 2.838190483399810660e+01
4.468999938964843750e+02 2.768034937428295095e+01
4.470000000000000000e+02 2.806581334666337924e+01
4.471000061035156250e+02 2.835088855416360332e+01
4.472000122070312500e+02 2.855090809147646524e+01
4.472999877929687500e+02 2.804725307013638513e+01
4.473999938964843750e+02 2.868247398015004279e+01
4.475000000000000000e+02 2.809912069901662690e+01
4.476000061035156250e+02 2.935551954949503539e+01
4.477000122070312500e+02 2.785652089583671298e+01
4.477999877929687500e+02 2.723119336110998034e+01
4.478999938964843750e+02 2.684106408674306010e+01
4.480000000000000000e+02 2.831089965422684074e+01
4.481000061035156250e+02 2.803373324000995837e+01
4.482000122070312500e+02 2.751231346524635413e+01
4.482999877929687500e+02 2.842279326863386046e+01
4.483999938964843750e+02 2.690313386333084011e+01
4.485000000000000000e+02 2.722715517446011546e+01
4.486000061035156250e+02 2.631709074766230216e+01
4.487000122070312500e+02 2.668415101854709448e+01
4.487999877929687500e+02 2.593185224484057727e+01
4.488999938964843750e+02 2.709959389453449319e+01
4.490000000000000000e+02 2.607920086253504977e+01
4.491000061035156250e+02 2.687056381952534068e+01
4.492000122070312500e+02 2.706377194160407029e+01
4.492999877929687500e+02 2.625948913818427499e+01
4.493999938964843750e+02 2.702651808345492412e+01
4.495000000000000000e+02 2.597814632766644394e+01
4.496000061035156250e+02 2.749346747896438359e+01
4.497000122070312500e+02 2.669253449900856623e+01
4.497999877929687500e+02 2.602793288473142397e+01
4.498999938964843750e+02 2.840170180109463516e+01
4.500000000000000000e+02 2.689777226622699757e+01
4.501000061035156250e+02 2.657239181666976791e+01
4.502000122070312500e+02 2.737694823631522922e+01
4.502999877929687500e+02 2.917668181678168793e+01
4.503999938964843750e+02 2.643992849445784898e+01
4.505000000000000000e+02 2.593746876101774745e+01
4.506000061035156250e+02 2.667769900972894348e+01
4.507000122070312500e+02 2.633895449864074578e+01
4.507999877929687500e+02 2.637394766565569171e+01
4.508999938964843750e+02 2.651452778071550398e+01
4.510000000000000000e+02 2.590986039799721041e+01
4.511000061035156250e+02 2.623419994654418375e+01
4.512000122070312500e+02 2.716554818064293286e+01
4.512999877929687500e+02 2.645021178678846141e+01
4.513999938964843750e+02 2.657979782084249720e+01
4.515000000000000000e+02 2.629110258182755544e+01
4.516000061035156250e+02 2.683014479056773283e+01
4.517000122070312500e+02 2.601053508062489783e+01
4.517999877929687500e+02 2.828914808428151773e+01
4.518999938964843750e+02 2.803473155935442662e+01
4.520000000000000000e+02 2.901004023561169731e+01
4.521000061035156250e+02 2.785488489282419877e+01
4.522000122070312500e+02 2.735043963745825479e+01
4.522999877929687500e+02 2.803087916476702546e+01
4.523999938964843750e+02 2.784137362893116219e+01
4.525000000000000000e+02 2.766251000500572488e+01
4.526000061035156250e+02 2.773224645086586904e+01
4.527000122070312500e+02 2.765837419720252655e+01
4.527999877929687500e+02 2.782690023486710729e+01
4.528999938964843750e+02 2.766186489446432262e+01
4.530000000000000000e+02 2.713413793554823172e+01
4.531000061035156250e+02 3.186749399144910910e+01
4.532000122070312500e+02 2.891383120849207344e+01
4.532999877929687500e+02 2.773267477085463284e+01
4.533999938964843750e+02 2.742668303207633684e+01
4.535000000000000000e+02 2.767257825402712967e+01
4.536000061035156250e+02 2.854951993859984327e+01
4.537000122070312500e+02 2.790037593786469117e+01
4.537999877929687500e+02 2.771728217531806848e+01
4.538999938964843750e+02 2.784718500770429017e+01
4.540000000000000000e+02 2.719682254626559370e+01
4.541000061035156250e+02 2.778613241040690340e+01
4.542000122070312500e+02 2.907282688268842463e+01
4.542999877929687500e+02 2.828062718163506162e+01
4.543999938964843750e+02 2.954742494248411688e+01
4.545000000000000000e+02 2.813325475255715347e+01
4.546000061035156250e+02 2.881050249296458432e+01
4.547000122070312500e+02 2.905577084219198269e+01
4.547999877929687500e+02 2.954375300561975592e+01
4.548999938964843750e+02 2.871492728568399855e+01
4.550000000000000000e+02 2.866201050850895982e+01
4.551000061035156250e+02 2.936812932118723296e+01
4.552000122070312500e+02 2.868858683685829902e+01
4.552999877929687500e+02 2.807486044401652947e+01
4.553999938964843750e+02 2.989415697378584369e+01
4.555000000000000000e+02 2.969970731193857105e+01
4.556000061035156250e+02 3.034088861837946993e+01
4.557000122070312500e+02 2.908154948468980194e+01
4.557999877929687500e+02 2.973055620756626283e+01
4.558999938964843750e+02 2.914593914051477341e+01
4.560000000000000000e+02 2.978783819965529389e+01
4.561000061035156250e+02 2.874831009130362247e+01
4.562000122070312500e+02 2.836642909362948828e+01
4.562999877929687500e+02 2.887623320156387763e+01
4.563999938964843750e+02 3.142311688223067634e+01
4.565000000000000000e+02 2.950879150919195482e+01
4.566000061035156250e+02 3.180447759294828458e+01
4.567000122070312500e+02 3.182335804703406623e+01
4.567999877929687500e+02 2.971925414218394934e+01
4.568999938964843750e+02 2.993037058523060878e+01
4.570000000000000000e+02 2.991425352927382875e+01
4.571000061035156250e+02 3.034965865660949902e+01
4.572000122070312500e+02 2.946449313671368486e+01
4.572999877929687500e+02 2.916493310072399581e+01
4.573999938964843750e+02 3.007709999233720666e+01
4.575000000000000000e+02 2.860864063666943835e+01
4.576000061035156250e+02 2.908113649363266973e+01
4.577000122070312500e+02 3.054361205642497978e+01
4.577999877929687500e+02 3.012773032238550996e+01
4.578999938964843750e+02 3.133737486551260432e+01
4.580000000000000000e+02 3.162005613601845511e+01
4.581000061035156250e+02 3.076497588490527946e+01
4.582000122070312500e+02 3.209976227001205018e+01
4.582999877929687500e+02 3.144950407027956985e+01
4.583999938964843750e+02 2.987335326166738270e+01
4.585000000000000000e+02 3.092395227724185247e+01
4.586000061035156250e+02 3.059569832062218353e+01
4.587000122070312500e+02 3.115209767412584441e+01
4.587999877929687500e+02 3.150827334794890788e+01
4.588999938964843750e+02 3.093133400078531992e+01
4.590000000000000000e+02 3.448020117051945732e+01
4.591000061035156250e+02 3.213275475252090985e+01
4.592000122070312500e+02 3.168887965446594279e+01
4.592999877929687500e+02 3.111630110853810294e+01
4.593999938964843750e+02 3.089664687506577323e+01
4.595000000000000000e+02 3.198848155451278430e+01
4.596000061035156250e+02 3.093489285681629042e+01
4.597000122070312500e+02 3.216099456827786440e+01
4.597999877929687500e+02 3.111735251467437280e+01
4.598999938964843750e+02 3.088458431079165933e+01
4.600000000000000000e+02 3.050506742941570693e+01
4.601000061035156250e+02 2.887651729505474663e+01
4.602000122070312500e+02 3.020346030976106988e+01
4.602999877929687500e+02 2.933043931856943232e+01
4.603999938964843750e+02 2.965574923380946615e+01
4.605000000000000000e+02 2.984329727139900257e+01
4.606000061035156250e+02 2.873602996463552017e+01
4.607000122070312500e+02 2.939811238616115929e+01
4.607999877929687500e+02 3.022333336198278886e+01
4.608999938964843750e+02 3.016652220192187883e+01
4.610000000000000000e+02 3.144202793010893515e+01
4.611000061035156250e+02 3.061422135900939878e+01
4.612000122070312500e+02 2.972189282069959404e+01
4.612999877929687500e+02 2.963174042143741360e+01
4.613999938964843750e+02 2.955680281396242393e+01
4.615000000000000000e+02 2.989822678302631687e+01
4.616000061035156250e+02 3.072532508351985925e+01
4.617000122070312500e+02 3.012456321242251889e+01
4.617999877929687500e+02 2.934626275205077306e+01
4.618999938964843750e+02 3.097525015061222220e+01
4.620000000000000000e+02 2.971321973410458739e+01
4.621000061035156250e+02 2.893277043446514440e+01
4.622000122070312500e+02 2.918716249991116740e+01
4.622999877929687500e+02 2.918615300418692726e+01
4.623999938964843750e+02 3.062929869090726953e+01
4.625000000000000000e+02 2.888434811253518220e+01
4.626000061035156250e+02 2.831590663715314804e+01
4.627000122070312500e+02 2.908348241090209640e+01
4.627999877929687500e+02 2.896871890401723704e+01
4.628999938964843750e+02 2.906424415843959252e+01
4.630000000000000000e+02 2.932744935359072613e+01
4.631000061035156250e+02 2.901279025688121394e+01
4.632000122070312500e+02 3.026408383610285213e+01
4.632999877929687500e+02 3.121042910305638074e+01
4.633999938964843750e+02 3.016345295265759319e+01
4.635000000000000000e+02 2.900183388581845279e+01
4.636000061035156250e+02 2.870240987126736343e+01
4.637000122070312500e+02 3.000242211207144294e+01
4.637999877929687500e+02 3.051251187608767168e+01
4.638999938964843750e+02 2.986251088788627328e+01
4.640000000000000000e+02 3.047378673657701142e+01
4.641000061035156250e+02 3.013246406728445592e+01
4.642000122070312500e+02 2.991082101093320489e+01
4.642999877929687500e+02 2.864898595426535621e+01
4.643999938964843750e+02 2.908966174686407058e+01
4.645000000000000000e+02 2.980242144183331021e+01
4.646000061035156250e+02 2.905039933485784687e+01
4.647000122070312500e+02 2.979228970089265971e+01
4.647999877929687500e+02 3.072299638863368187e+01
4.648999938964843750e+02 2.957090972344994739e+01
4.650000000000000000e+02 3.033856009959069411e+01
4.651000061035156250e+02 2.955322933272806907e+01
4.652000122070312500e+02 2.926563676283070947e+01
4.652999877929687500e+02 2.912829738132013446e+01
4.653999938964843750e+02 3.093046215376732988e+01
4.655000000000000000e+02 3.059089930838910121e+01
4.656000061035156250e+02 2.954614043743647400e+01
4.657000122070312500e+02 3.006315045977123646e+01
4.657999877929687500e+02 2.905045589193535349e+01
4.658999938964843750e+02 2.971702494823863816e+01
4.660000000000000000e+02 3.032793146483099989e+01
4.661000061035156250e+02 3.038459269521077388e+01
4.662000122070312500e+02 2.773120881465921173e+01
4.662999877929687500e+02 2.922294638224008878e+01
4.663999938964843750e+02 2.875228971658055954e+01
4.665000000000000000e+02 2.919745079576010482e+01
4.666000061035156250e+02 2.909110189349398112e+01
4.667000122070312500e+02 2.934865383463032629e+01
4.667999877929687500e+02 2.910933957613330492e+01
4.668999938964843750e+02 2.954336512456092834e+01
4.670000000000000000e+02 2.816760358807969666e+01
4.671000061035156250e+02 2.914736775095427745e+01
4.672000122070312500e+02 2.943492158127737923e+01
4.672999877929687500e+02 2.932795549465518903e+01
4.673999938964843750e+02 2.947802366175022115e+01
4.675000000000000000e+02 2.944065707492890738e+01
4.676000061035156250e+02 2.873565975714431886e+01
4.677000122070312500e+02 2.849704503578193382e+01
4.677999877929687500e+02 2.836725659727375870e+01
4.678999938964843750e+02 2.953748214511010417e+01
4.680000000000000000e+02 2.866792703452321689e+01
4.681000061035156250e+02 2.940312955181101628e+01
4.682000122070312500e+02 2.949541737812514697e+01
4.682999877929687500e+02 2.905523093551773783e+01
4.683999938964843750e+02 3.122214071456741280e+01
4.685000000000000000e+02 3.019452426661129252e+01
4.686000061035156250e+02 3.143439858856995883e+01
4.687000122070312500e+02 2.971204786919910035e+01
4.687999877929687500e+02 3.005430084920395473e+01
4.688999938964843750e+02 2.943437842018389716e+01
4.690000000000000000e+02 2.876458589363835827e+01
4.691000061035156250e+02 2.863968029914338942e+01
4.692000122070312500e+02 2.848199492869244764e+01
4.692999877929687500e+02 2.887532359423073203e+01
4.693999938964843750e+02 2.990329452689560341e+01
4.695000000000000000e+02 2.814372958526413981e+01
4.696000061035156250e+02 2.877139019674066134e+01
4.697000122070312500e+02 3.015251227088334574e+01
4.697999877929687500e+02 2.873779274431042197e+01
4.698999938964843750e+02 2.952681741550510353e+01
4.700000000000000000e+02 2.882980068919038885e+01
4.701000061035156250e+02 2.921533618482905226e+01
4.702000122070312500e+02 2.962071289102159355e+01
4.702999877929687500e+02 2.892062073482253481e+01
4.703999938964843750e+02 2.922418852631086850e+01
4.705000000000000000e+02 2.785199899236911847e+01
4.706000061035156250e+02 2.807161598332013241e+01
4.707000122070312500e+02 2.789654668538380378e+01
4.707999877929687500e+02 2.777769440184282956e+01
4.708999938964843750e+02 2.711504352305266963e+01
4.710000000000000000e+02 2.801324769705673745e+01
4.711000061035156250e+02 2.770541699350798126e+01
4.712000122070312500e+02 2.750209622894499617e+01
4.712999877929687500e+02 2.885358326200278611e+01
4.713999938964843750e+02 2.801772325513384132e+01
4.715000000000000000e+02 2.763471177368782250e+01
4.716000061035156250e+02 2.737242561081958314e+01
4.717000122070312500e+02 2.598306530005919157e+01
4.717999877929687500e+02 2.652666602367724025e+01
4.718999938964843750e+02 2.625749724409538288e+01
4.720000000000000000e+02 2.697026158885853420e+01
4.721000061035156250e+02 2.634742808693111371e+01
4.722000122070312500e+02 2.630857402047140070e+01
4.722999877929687500e+02 2.676310156549856245e+01
4.723999938964843750e+02 2.797413352499084382e+01
4.725000000000000000e+02 2.702165621802954476e+01
4.726000061035156250e+02 2.714120537833531799e+01
4.727000122070312500e+02 2.758401742991649286e+01
4.727999877929687500e+02 2.742047222834327158e+01
4.728999938964843750e+02 2.740696921498297201e+01
4.730000000000000000e+02 2.727024805355811310e+01
4.731000061035156250e+02 2.757666335367368049e+01
4.732000122070312500e+02 2.622819901693911149e+01
4.732999877929687500e+02 2.712914245634968680e+01
4.733999938964843750e+02 2.677217160512225647e+01
4.735000000000000000e+02 2.822314655135192751e+01
4.736000061035156250e+02 2.793651916016814951e+01
4.737000122070312500e+02 2.683641351755333915e+01
4.737999877929687500e+02 2.647208834683278056e+01
4.738999938964843750e+02 2.711483315874214384e+01
4.740000000000000000e+02 2.703716857503488313e+01
4.741000061035156250e+02 2.696115421747410323e+01
4.742000122070312500e+02 2.765408459315871781e+01
4.742999877929687500e+02 2.755535063533009321e+01
4.743999938964843750e+02 2.761221830227448493e+01
4.745000000000000000e+02 2.685513016731593794e+01
4.746000061035156250e+02 2.639718108083638626e+01
4.747000122070312500e+02 2.663889310820025003e+01
4.747999877929687500e+02 2.715742746800103546e+01
4.748999938964843750e+02 2.697017455021108390e+01
4.750000000000000000e+02 2.700510011091369122e+01
4.751000061035156250e+02 2.746193215001394350e+01
4.752000122070312500e+02 2.727187828999158725e+01
4.752999877929687500e+02 2.755414518421638803e+01
4.753999938964843750e+02 2.686880619599677189e+01
4.755000000000000000e+02 2.769641354110015286e+01
4.756000061035156250e+02 2.756717232477516077e+01
4.757000122070312500e+02 2.715405801553877652e+01
4.757999877929687500e+02 2.656150706758179680e+01
4.758999938964843750e+02 2.852194930569476128e+01
4.760000000000000000e+02 2.890722443844042999e+01
4.761000061035156250e+02 2.982888076000901378e+01
4.762000122070312500e+02 2.709060604445377507e+01
4.762999877929687500e+02 2.574793009296184110e+01
4.763999938964843750e+02 2.668199140641882394e+01
4.765000000000000000e+02 2.582316269344895332e+01
4.766000061035156250e+02 2.704949513802083061e+01
4.767000122070312500e+02 2.676379580711233430e+01
4.767999877929687500e+02 2.871516403261708561e+01
4.768999938964843750e+02 2.843728534418126586e+01
4.770000000000000000e+02 2.752009567905033194e+01
4.771000061035156250e+02 2.755315044817245962e+01
4.772000122070312500e+02 2.776805063820473407e+01
4.772999877929687500e+02 2.767735944852481822e+01
4.773999938964843750e+02 3.039619149175367951e+01
4.775000000000000000e+02 2.747430610879030866e+01
4.776000061035156250e+02 2.758193349236263003e+01
4.777000122070312500e+02 2.765506684808977766e+01
4.777999877929687500e+02 2.785563615107463775e+01
4.778999938964843750e+02 2.862760607953702419e+01
4.780000000000000000e+02 2.903431856398214350e+01
4.781000061035156250e+02 2.796721219717385765e+01
4.782000122070312500e+02 2.887289959340901646e+01
4.782999877929687500e+02 3.058171815490776879e+01
4.783999938964843750e+02 3.052880708472165949e+01
4.785000000000000000e+02 2.544309820181307913e+01
4.786000061035156250e+02 2.439902827944643704e+01
4.787000122070312500e+02 2.810225529101629149e+01
4.787999877929687500e+02 2.983905346528319669e+01
4.788999938964843750e+02 2.849445833460623234e+01
4.790000000000000000e+02 2.926822771914936538e+01
4.791000061035156250e+02 2.960944253332523957e+01
4.792000122070312500e+02 2.857758793525756502e+01
4.792999877929687500e+02 2.821995928337299375e+01
4.793999938964843750e+02 2.815022765076259859e+01
4.795000000000000000e+02 2.805266543929390721e+01
4.796000061035156250e+02 2.894350716704952475e+01
4.797000122070312500e+02 2.860920522800016386e+01
4.797999877929687500e+02 3.047367128803425729e+01
4.798999938964843750e+02 3.031576787633738235e+01
4.800000000000000000e+02 2.739367702710900687e+01
4.801000061035156250e+02 2.922647462592897227e+01
4.802000122070312500e+02 3.057852232511023871e+01
4.802999877929687500e+02 2.877862696110073415e+01
4.803999938964843750e+02 2.898064232730339640e+01
4.805000000000000000e+02 2.899646860978382534e+01
4.806000061035156250e+02 3.052055878451946569e+01
4.807000122070312500e+02 3.004646277158377288e+01
4.807999877929687500e+02 2.945990583203500535e+01
4.808999938964843750e+02 3.061872097761000688e+01
4.810000000000000000e+02 2.890891933885598775e+01
4.811000061035156250e+02 2.941256660098540010e+01
4.812000122070312500e+02 3.048140023748794647e+01
4.812999877929687500e+02 3.070542629765827414e+01
4.813999938964843750e+02 2.788808835779543926e+01
4.815000000000000000e+02 3.180838426110572570e+01
4.816000061035156250e+02 3.083117786340259414e+01
4.817000122070312500e+02 2.923504217009957884e+01
4.817999877929687500e+02 2.820862259700249197e+01
4.818999938964843750e+02 2.865578949170999223e+01
4.820000000000000000e+02 3.244932173235241635e+01
4.821000061035156250e+02 2.989551330787213956e+01
4.822000122070312500e+02 2.864675147658762810e+01
4.822999877929687500e+02 2.669896387760151057e+01
4.823999938964843750e+02 2.717006319015718674e+01
4.825000000000000000e+02 2.621012553358322350e+01
4.826000061035156250e+02 2.770645209027934186e+01
4.827000122070312500e+02 2.589651165175995118e+01
4.827999877929687500e+02 2.721844136105401546e+01
4.828999938964843750e+02 2.642473329387203762e+01
4.830000000000000000e+02 2.533931089939844838e+01
4.831000061035156250e+02 2.560170941489536034e+01
4.832000122070312500e+02 2.640652946617688457e+01
4.832999877929687500e+02 2.745891334608763401e+01
4.833999938964843750e+02 2.657830381648227558e+01
4.835000000000000000e+02 2.572251962858232588e+01
4.836000061035156250e+02 2.652377508464403633e+01
4.837000122070312500e+02 2.647916900154413966e+01
4.837999877929687500e+02 2.539905018699476713e+01
4.838999938964843750e+02 2.473143684058835845e+01
4.840000000000000000e+02 2.620358458352507469e+01
4.841000061035156250e+02 2.599742689842089050e+01
4.842000122070312500e+02 2.647336561700415558e+01
4.842999877929687500e+02 2.560194535857687725e+01
4.843999938964843750e+02 2.599323163558063499e+01
4.845000000000000000e+02 2.681721918411692940e+01
4.846000061035156250e+02 2.813051755839753199e+01
4.847000122070312500e+02 2.768378980139098999e+01
4.847999877929687500e+02 2.646084162891283142e+01
4.848999938964843750e+02 2.612705826679369636e+01
4.850000000000000000e+02 2.569393452076783646e+01
4.851000061035156250e+02 2.609283021697349625e+01
4.852000122070312500e+02 2.657074011522172086e+01
4.852999877929687500e+02 2.583905478716002335e+01
4.853999938964843750e+02 2.637290273064711599e+01
4.855000000000000000e+02 2.535412750142006999e+01
4.856000061035156250e+02 2.535540719294512968e+01
4.857000122070312500e+02 2.725967237970752421e+01
4.857999877929687500e+02 2.486366589569058760e+01
4.858999938964843750e+02 2.615352365815931535e+01
4.860000000000000000e+02 2.592621875107353446e+01
4.861000061035156250e+02 2.557536469944022173e+01
4.862000122070312500e+02 2.548638383915941219e+01
4.862999877929687500e+02 2.637195008763604775e+01
4.863999938964843750e+02 2.504310422296213190e+01
4.865000000000000000e+02 2.535610304417609129e+01
4.866000061035156250e+02 2.602337957402714608e+01
4.867000122070312500e+02 2.675301530057489430e+01
4.867999877929687500e+02 2.610671897921728046e+01
4.868999938964843750e+02 2.602626999319778989e+01
4.870000000000000000e+02 2.577451337817051424e+01
4.871000061035156250e+02 2.573825986726654236e+01
4.872000122070312500e+02 2.566092689802136562e+01
4.872999877929687500e+02 2.554574110418271715e+01
4.873999938964843750e+02 2.582340961291317072e+01
4.875000000000000000e+02 2.523478416333576391e+01
4.876000061035156250e+02 2.563298986039027128e+01
4.877000122070312500e+02 2.543860828205145808e+01
4.877999877929687500e+02 2.580755229140766716e+01
4.878999938964843750e+02 2.612956101382102858e+01
4.880000000000000000e+02 2.705680507994264161e+01
4.881000061035156250e+02 2.577846917268900739e+01
4.882000122070312500e+02 2.857908816233930338e+01
4.882999877929687500e+02 2.679957751884836625e+01
4.883999938964843750e+02 2.527936189943296341e+01
4.885000000000000000e+02 2.844003442760951827e+01
4.886000061035156250e+02 2.570584547204543568e+01
4.887000122070312500e+02 2.601846827139468843e+01
4.887999877929687500e+02 2.575660439166776428e+01
4.888999938964843750e+02 2.473686158147832614e+01
4.890000000000000000e+02 2.633738698262017408e+01
4.891000061035156250e+02 2.539529760496581900e+01
4.892000122070312500e+02 2.619638428658575791e+01
4.892999877929687500e+02 2.582205076595858273e+01
4.893999938964843750e+02 2.505195087656460373e+01
4.895000000000000000e+02 2.519453270987258264e+01
4.896000061035156250e+02 2.493545786179316437e+01
4.897000122070312500e+02 2.492490627131547498e+01
4.897999877929687500e+02 2.491673449622864922e+01
4.898999938964843750e+02 2.570921373457447601e+01
4.900000000000000000e+02 2.780718751483015794e+01
4.901000061035156250e+02 2.560004532768637731e+01
4.902000122070312500e+02 2.563741617190306599e+01
4.902999877929687500e+02 2.435738785682098850e+01
4.903999938964843750e+02 2.372619133615205200e+01
4.905000000000000000e+02 2.425398220999424126e+01
4.906000061035156250e+02 2.533396381791697038e+01
4.907000122070312500e+02 2.513253042237406376e+01
4.907999877929687500e+02 2.454504555230196416e+01
4.908999938964843750e+02 2.353327391499172450e+01
4.910000000000000000e+02 2.364691427538502921e+01
4.911000061035156250e+02 2.358395252091767347e+01
4.912000122070312500e+02 2.488958169022115641e+01
4.912999877929687500e+02 2.426142911545016645e+01
4.913999938964843750e+02 2.449395129198779841e+01
4.915000000000000000e+02 2.469923625661083477e+01
4.916000061035156250e+02 2.464504395719243490e+01
4.917000122070312500e+02 2.493223169713392551e+01
4.917999877929687500e+02 2.452143340436634844e+01
4.918999938964843750e+02 2.609661516802864512e+01
4.920000000000000000e+02 2.520899950724005478e+01
4.921000061035156250e+02 2.566946920344372529e+01
4.922000122070312500e+02 2.578093764590444792e+01
4.922999877929687500e+02 2.576470390553959433e+01
4.923999938964843750e+02 2.599239764830279853e+01
4.925000000000000000e+02 2.550876678013355559e+01
4.926000061035156250e+02 2.510322629813995121e+01
4.927000122070312500e+02 2.557014846151023235e+01
4.927999877929687500e+02 2.542151670179966416e+01
4.928999938964843750e+02 2.546287639049473839e+01
4.930000000000000000e+02 2.575753471027989150e+01
4.931000061035156250e+02 2.472454263304030775e+01
4.932000122070312500e+02 2.594995886556423059e+01
4.932999877929687500e+02 2.489430455065382830e+01
4.933999938964843750e+02 2.639792522935916708e+01
4.935000000000000000e+02 2.589955249533198156e+01
4.936000061035156250e+02 2.553088118853540323e+01
4.937000122070312500e+02 2.533072635866901479e+01
4.937999877929687500e+02 2.572599774801727079e+01
4.938999938964843750e+02 2.514700547320698831e+01
4.940000000000000000e+02 2.564269240494390800e+01
4.941000061035156250e+02 2.522130190647554215e+01
4.942000122070312500e+02 2.503275203936965454e+01
4.942999877929687500e+02 2.495433102918241275e+01
4.943999938964843750e+02 2.602079781183179819e+01
4.945000000000000000e+02 2.604477112874200273e+01
4.946000061035156250e+02 2.586521514099952057e+01
4.947000122070312500e+02 2.522725551796302668e+01
4.947999877929687500e+02 2.546518946165224406e+01
4.948999938964843750e+02 2.520851946032633961e+01
4.950000000000000000e+02 2.585670464010191338e+01
4.951000061035156250e+02 2.453808716383331046e+01
4.952000122070312500e+02 2.476942547294810737e+01
4.952999877929687500e+02 2.483714311882935988e+01
4.953999938964843750e+02 2.613020681695757119e+01
4.955000000000000000e+02 2.500367051594940548e+01
4.956000061035156250e+02 2.476843583556048500e+01
4.957000122070312500e+02 2.675050047213030524e+01
4.957999877929687500e+02 2.571452613205716276e+01
4.958999938964843750e+02 2.545170264012623917e+01
4.960000000000000000e+02 2.730302633097308629e+01
4.961000061035156250e+02 2.572373338472592152e+01
4.962000122070312500e+02 2.648793778777858066e+01
4.962999877929687500e+02 2.768412036999840353e+01
4.963999938964843750e+02 2.468247010295238297e+01
4.965000000000000000e+02 2.604941483770211264e+01
4.966000061035156250e+02 2.593614743689165536e+01
4.967000122070312500e+02 2.718709588430102997e+01
4.967999877929687500e+02 2.733754025797454190e+01
4.968999938964843750e+02 2.731523913433834494e+01
4.970000000000000000e+02 2.628223587627440949e+01
4.971000061035156250e+02 2.658594106254993150e+01
4.972000122070312500e+02 2.751502592513470447e+01
4.972999877929687500e+02 2.435985513889105647e+01
4.973999938964843750e+02 2.508355738302049787e+01
4.975000000000000000e+02 2.556332639966523246e+01
4.976000061035156250e+02 2.621366949651980605e+01
4.977000122070312500e+02 2.517161580370448348e+01
4.977999877929687500e+02 2.487882079865917007e+01
4.978999938964843750e+02 2.702090609366100793e+01
4.980000000000000000e+02 2.504921551775248290e+01
4.981000061035156250e+02 2.525906506258377604e+01
4.982000122070312500e+02 2.525793034504835077e+01
4.982999877929687500e+02 2.561410617012005986e+01
4.983999938964843750e+02 2.680315205938907397e+01
4.985000000000000000e+02 2.825290673358274063e+01
4.986000061035156250e+02 2.803266906417689341e+01
4.987000122070312500e+02 2.710857400278474927e+01
4.987999877929687500e+02 2.645849130141341021e+01
4.988999938964843750e+02 2.666804477421158026e+01
4.990000000000000000e+02 2.621874494566004898e+01
4.991000061035156250e+02 2.684132846173567444e+01
4.992000122070312500e+02 2.678111471897602414e+01
4.992999877929687500e+02 2.652216955368323781e+01
4.993999938964843750e+02 2.678189475210624693e+01
4.995000000000000000e+02 2.591007396378242689e+01
4.996000061035156250e+02 2.591117308995712065e+01
4.997000122070312500e+02 2.543201300853144176e+01
4.997999877929687500e+02 2.577404601169997278e+01
4.998999938964843750e+02 2.573526497429167037e+01
5.000000000000000000e+02 2.753262386494225566e+01
5.001000061035156250e+02 2.670262861196444604e+01
5.002000122070312500e+02 2.607985358409307608e+01
5.002999877929687500e+02 2.746567318283834425e+01
5.003999938964843750e+02 2.675061510465887693e+01
5.005000000000000000e+02 2.880035087595415888e+01
5.006000061035156250e+02 2.752338246065323801e+01
5.007000122070312500e+02 2.624520210563019518e+01
5.007999877929687500e+02 2.905152441817253006e+01
5.008999938964843750e+02 2.955188650301082376e+01
5.010000000000000000e+02 2.750984081681838589e+01
5.011000061035156250e+02 2.768598081289088597e+01
5.012000122070312500e+02 2.590747238788126339e+01
5.012999877929687500e+02 2.649737942386872547e+01
5.013999938964843750e+02 2.717558413952664864e+01
5.015000000000000000e+02 2.772454170587130307e+01
5.016000061035156250e+02 2.608203404973633610e+01
5.017000122070312500e+02 2.679714593031291514e+01
5.017999877929687500e+02 2.695974772042561085e+01
5.018999938964843750e+02 2.639486687571528734e+01
5.020000000000000000e+02 2.653823245083239613e+01
5.021000061035156250e+02 2.705888255452781621e+01
5.022000122070312500e+02 2.611107678552284028e+01
5.022999877929687500e+02 2.740494954142610595e+01
5.023999938964843750e+02 2.765954659203404375e+01
5.025000000000000000e+02 2.942603665702281646e+01
5.026000061035156250e+02 2.583698181529477722e+01
5.027000122070312500e+02 2.673529412901847024e+01
5.027999877929687500e+02 2.638406322272400217e+01
5.028999938964843750e+02 2.760472860427546848e+01
5.030000000000000000e+02 2.863421510399255965e+01
5.031000061035156250e+02 2.713776682328439094e+01
5.032000122070312500e+02 2.602479655961119676e+01
5.032999877929687500e+02 2.564291597598938921e+01
5.033999938964843750e+02 2.792205722564056813e+01
5.035000000000000000e+02 2.797931320345184147e+01
5.036000061035156250e+02 2.616282350938388035e+01
5.037000122070312500e+02 2.751756015328362537e+01
5.037999877929687500e+02 2.695719174676153429e+01
5.038999938964843750e+02 2.702802831405204032e+01
5.040000000000000000e+02 2.767816070115526728e+01
5.041000061035156250e+02 2.583539570007667052e+01
5.042000122070312500e+02 2.721004071103566702e+01
5.042999877929687500e+02 2.747073001237133028e+01
5.043999938964843750e+02 2.710852261248766126e+01
5.045000000000000000e+02 2.675676137758510720e+01
5.046000061035156250e+02 2.735428826025659532e+01
5.047000122070312500e+02 2.783964803100096574e+01
5.047999877929687500e+02 2.741912186640549010e+01
5.048999938964843750e+02 2.697046333903758963e+01
5.050000000000000000e+02 2.783374879357680243e+01
5.051000061035156250e+02 2.753473328814488497e+01
5.052000122070312500e+02 2.626355602193751437e+01
5.052999877929687500e+02 2.587998465369890155e+01
5.053999938964843750e+02 2.787150901130952363e+01
5.055000000000000000e+02 2.596319716778275932e+01
5.056000061035156250e+02 2.724880884878415799e+01
5.057000122070312500e+02 2.702571840628309729e+01
5.057999877929687500e+02 2.660326950821534453e+01
5.058999938964843750e+02 2.579995641748624990e+01
5.060000000000000000e+02 2.705539164471187163e+01
5.061000061035156250e+02 2.537170114553670075e+01
5.062000122070312500e+02 2.574102250561718819e+01
5.062999877929687500e+02 2.674456866578939085e+01
5.063999938964843750e+02 2.579384301270633628e+01
5.065000000000000000e+02 2.598916818643607485e+01
5.066000061035156250e+02 2.614185219918412173e+01
5.067000122070312500e+02 2.698477257824781361e+01
5.067999877929687500e+02 2.637184626565045775e+01
5.068999938964843750e+02 2.627158827515708950e+01
5.070000000000000000e+02 2.678245822351815519e+01
5.071000061035156250e+02 2.693440761354875690e+01
5.072000122070312500e+02 2.753233764923402305e+01
5.072999877929687500e+02 2.698553725322958741e+01
5.073999938964843750e+02 2.650871818192022289e+01
5.075000000000000000e+02 2.681741999480126282e+01
5.076000061035156250e+02 2.679935447485220479e+01
5.077000122070312500e+02 2.618789651160643928e+01
5.077999877929687500e+02 2.711806387444603317e+01
5.078999938964843750e+02 2.717881703248180258e+01
5.080000000000000000e+02 2.641320964322387255e+01
5.081000061035156250e+02 2.706778920041473313e+01
5.082000122070312500e+02 2.711261233257035741e+01
5.082999877929687500e+02 2.643558636205507284e+01
5.083999938964843750e+02 2.781153400595595571e+01
5.085000000000000000e+02 2.573036297963198038e+01
5.086000061035156250e+02 2.566245835484949822e+01
5.087000122070312500e+02 2.531734475485378866e+01
5.087999877929687500e+02 2.692314186106768759e+01
5.088999938964843750e+02 2.670578680744466027e+01
5.090000000000000000e+02 2.602006887898025767e+01
5.091000061035156250e+02 2.717013142775698142e+01
5.092000122070312500e+02 2.650586582477111364e+01
5.092999877929687500e+02 2.556614257326074480e+01
5.093999938964843750e+02 2.671696762937693848e+01
5.095000000000000000e+02 2.627103250982098359e+01
5.096000061035156250e+02 2.653307329547909887e+01
5.097000122070312500e+02 2.568419254802850560e+01
5.097999877929687500e+02 2.619570612603864035e+01
5.098999938964843750e+02 2.689601641982575586e+01
5.100000000000000000e+02 2.776358636991766815e+01
5.101000061035156250e+02 2.620358605126830653e+01
5.102000122070312500e+02 2.623101258751672304e+01
5.102999877929687500e+02 2.465180738570913377e+01
5.103999938964843750e+02 2.600599812877272043e+01
5.105000000000000000e+02 2.483304299747974397e+01
5.106000061035156250e+02 2.471537382320991227e+01
5.107000122070312500e+02 2.498843645363933419e+01
5.107999877929687500e+02 2.434419599428916570e+01
5.108999938964843750e+02 2.485998162302735537e+01
5.110000000000000000e+02 2.559604430791447882e+01
5.111000061035156250e+02 2.468253856376549393e+01
5.112000122070312500e+02 2.532989750319681832e+01
5.112999877929687500e+02 2.615917119423840020e+01
5.113999938964843750e+02 2.642587384137225825e+01
5.115000000000000000e+02 2.594213483781111762e+01
5.116000061035156250e+02 2.644395878299517477e+01
5.117000122070312500e+02 2.933192107587889552e+01
5.117999877929687500e+02 2.757908309730476049e+01
5.118999938964843750e+02 2.578381714525479396e+01
5.120000000000000000e+02 2.850715202426766837e+01
5.120999755859375000e+02 2.915282900695680723e+01
5.122000122070312500e+02 2.734751394997945440e+01
5.122999877929687500e+02 2.578797454005400169e+01
5.124000244140625000e+02 2.485891201372013626e+01
5.125000000000000000e+02 2.631511146222447906e+01
5.125999755859375000e+02 2.584490001973127349e+01
5.127000122070312500e+02 2.640170223291211826e+01
5.127999877929687500e+02 2.526947460939075896e+01
5.129000244140625000e+02 2.597539878916739298e+01
5.130000000000000000e+02 2.524025704428584760e+01
5.130999755859375000e+02 2.621680662180849808e+01
5.132000122070312500e+02 2.603745635059992125e+01
5.132999877929687500e+02 2.564344658601568128e+01
5.134000244140625000e+02 2.629631375930093284e+01
5.135000000000000000e+02 2.528060956118558167e+01
5.135999755859375000e+02 2.520860502596635655e+01
5.137000122070312500e+02 2.468296362806412958e+01
5.137999877929687500e+02 2.543021989720701015e+01
5.139000244140625000e+02 2.523567989409248824e+01
5.140000000000000000e+02 2.563686006226657454e+01
5.140999755859375000e+02 2.623457377210954888e+01
5.142000122070312500e+02 2.568247994738952400e+01
5.142999877929687500e+02 2.598096408220419917e+01
5.144000244140625000e+02 2.437900981318656690e+01
5.145000000000000000e+02 2.498811813016472883e+01
5.145999755859375000e+02 2.686204718922325441e+01
5.147000122070312500e+02 2.519349145295138470e+01
5.147999877929687500e+02 2.589772594792626492e+01
5.149000244140625000e+02 2.477206151176064353e+01
5.150000000000000000e+02 2.588412799566982159e+01
5.150999755859375000e+02 2.461270766955501799e+01
5.152000122070312500e+02 2.455299097786383555e+01
5.152999877929687500e+02 2.524475638815148670e+01
5.154000244140625000e+02 2.552779352198237106e+01
5.155000000000000000e+02 2.557974716679132143e+01
5.155999755859375000e+02 2.495405011290424824e+01
5.157000122070312500e+02 2.532344846744102895e+01
5.157999877929687500e+02 2.540577827551155821e+01
5.159000244140625000e+02 2.539239470114693376e+01
5.160000000000000000e+02 2.554155680475350465e+01
5.160999755859375000e+02 2.515327325055041285e+01
5.162000122070312500e+02 2.536322020103183661e+01
5.162999877929687500e+02 2.476838100948169696e+01
5.164000244140625000e+02 2.517498677248736172e+01
5.165000000000000000e+02 2.474452897839546495e+01
5.165999755859375000e+02 2.427619864995379473e+01
5.167000122070312500e+02 2.488731715975341530e+01
5.167999877929687500e+02 2.544423738669037505e+01
5.169000244140625000e+02 2.514989905028106065e+01
5.170000000000000000e+02 2.638311487065967498e+01
5.170999755859375000e+02 2.561250664233076790e+01
5.172000122070312500e+02 2.671956883915739667e+01
5.172999877929687500e+02 2.460442142162596468e+01
5.174000244140625000e+02 2.475510511498059785e+01
5.175000000000000000e+02 2.527641433685383987e+01
5.175999755859375000e+02 2.658207848435205989e+01
5.177000122070312500e+02 2.585124513113354539e+01
5.177999877929687500e+02 2.621590028056562716e+01
5.179000244140625000e+02 2.573260368633169648e+01
5.180000000000000000e+02 2.650785410152299448e+01
5.180999755859375000e+02 2.793184010431454212e+01
5.182000122070312500e+02 2.804815225093192765e+01
5.182999877929687500e+02 2.733314348882496603e+01
5.184000244140625000e+02 2.592062324645279148e+01
5.185000000000000000e+02 2.610162622744145366e+01
5.185999755859375000e+02 2.617036064994091049e+01
5.187000122070312500e+02 2.436818407976131695e+01
5.187999877929687500e+02 2.705112595207005199e+01
5.189000244140625000e+02 2.530253182813794766e+01
5.190000000000000000e+02 2.599434686639143521e+01
5.190999755859375000e+02 2.561081138739218588e+01
5.192000122070312500e+02 2.569842148300761409e+01
5.192999877929687500e+02 2.553762468699765620e+01
5.194000244140625000e+02 2.547424892609390668e+01
5.195000000000000000e+02 2.508410160395381894e+01
5.195999755859375000e+02 2.530560758801955856e+01
5.197000122070312500e+02 2.553016583460809130e+01
5.197999877929687500e+02 2.545643002502151120e+01
5.199000244140625000e+02 2.639160996363400358e+01
5.200000000000000000e+02 2.682614178557967577e+01
5.200999755859375000e+02 2.694707653551159510e+01
5.202000122070312500e+02 2.588747333577290988e+01
5.202999877929687500e+02 2.519135374386983628e+01
5.204000244140625000e+02 2.611378945583631506e+01
5.205000000000000000e+02 2.741345594556300469e+01
5.205999755859375000e+02 2.634621088810565581e+01
5.207000122070312500e+02 2.533869485781046293e+01
5.207999877929687500e+02 2.612895901878889759e+01
5.209000244140625000e+02 2.585009653465447954e+01
5.210000000000000000e+02 2.471056616376167625e+01
5.210999755859375000e+02 2.595783986396142495e+01
5.212000122070312500e+02 2.593429350758313134e+01
5.212999877929687500e+02 2.551376053788122178e+01
5.214000244140625000e+02 2.445119715934900384e+01
5.215000000000000000e+02 2.464011150181895360e+01
5.215999755859375000e+02 2.619536567530667170e+01
5.217000122070312500e+02 2.492604555380530584e+01
5.217999877929687500e+02 2.556875453080549221e+01
5.219000244140625000e+02 2.474759333997750588e+01
5.220000000000000000e+02 2.526160209381801636e+01
5.220999755859375000e+02 2.547436516962025266e+01
5.222000122070312500e+02 2.502097743661814278e+01
5.222999877929687500e+02 2.512121867340063730e+01
5.224000244140625000e+02 2.526605187115511697e+01
5.225000000000000000e+02 2.628543986026830126e+01
5.225999755859375000e+02 2.769757379537178110e+01
5.227000122070312500e+02 2.467916103982071974e+01
5.227999877929687500e+02 2.522639489543218261e+01
5.229000244140625000e+02 2.712522772826223161e+01
5.230000000000000000e+02 2.465039014794795236e+01
5.230999755859375000e+02 2.481056647992049591e+01
5.232000122070312500e+02 2.635970917678409364e+01
5.232999877929687500e+02 2.533009347052393423e+01
5.234000244140625000e+02 2.599455308046460544e+01
5.235000000000000000e+02 2.645862715337821314e+01
5.235999755859375000e+02 2.543301733323673730e+01
5.237000122070312500e+02 2.531461856885838557e+01
5.237999877929687500e+02 2.541397370731820615e+01
5.239000244140625000e+02 2.493647161804463863e+01
5.240000000000000000e+02 2.672712258962164711e+01
5.240999755859375000e+02 2.541868281962385012e+01
5.242000122070312500e+02 2.615576066645388664e+01
5.242999877929687500e+02 2.537582263990933384e+01
5.244000244140625000e+02 2.585592156715846812e+01
5.245000000000000000e+02 2.652105831663878277e+01
5.245999755859375000e+02 2.611831254800090463e+01
5.247000122070312500e+02 2.789840586716215043e+01
5.247999877929687500e+02 2.681733463833563036e+01
5.249000244140625000e+02 2.660715019464355180e+01
5.250000000000000000e+02 2.799063455831663916e+01
5.250999755859375000e+02 2.636533899437778672e+01
5.252000122070312500e+02 2.687662008205037978e+01
5.252999877929687500e+02 2.590391119317993329e+01
5.254000244140625000e+02 2.682590709712419397e+01
5.255000000000000000e+02 2.600495110738687998e+01
5.255999755859375000e+02 2.717704057981842070e+01
5.257000122070312500e+02 2.650750604565509505e+01
5.257999877929687500e+02 2.636430015021614537e+01
5.259000244140625000e+02 2.628455515338234605e+01
5.260000000000000000e+02 2.589045995327776595e+01
5.260999755859375000e+02 2.618190141406270399e+01
5.262000122070312500e+02 2.666070085309586801e+01
5.262999877929687500e+02 2.527010658165777102e+01
5.264000244140625000e+02 2.572082407283421546e+01
5.265000000000000000e+02 2.547642039392307112e+01
5.265999755859375000e+02 2.631430311933646848e+01
5.267000122070312500e+02 2.528889809475123585e+01
5.267999877929687500e+02 2.575791669772334913e+01
5.269000244140625000e+02 2.626202515146030336e+01
5.270000000000000000e+02 2.668796463185563894e+01
5.270999755859375000e+02 2.549365218500403074e+01
5.272000122070312500e+02 2.589729827519617444e+01
5.272999877929687500e+02 2.602453135993167521e+01
5.274000244140625000e+02 2.564983506704423277e+01
5.275000000000000000e+02 2.555172659709420913e+01
5.275999755859375000e+02 2.485248917363937338e+01
5.277000122070312500e+02 2.505205016524477912e+01
5.277999877929687500e+02 2.504821784274702168e+01
5.279000244140625000e+02 2.502234659500018310e+01
5.280000000000000000e+02 2.591890240969562598e+01
5.280999755859375000e+02 2.514463300136975477e+01
5.282000122070312500e+02 2.441068790156854718e+01
5.282999877929687500e+02 2.431316590950176604e+01
5.284000244140625000e+02 2.469346223761530368e+01
5.285000000000000000e+02 2.535787158117964779e+01
5.285999755859375000e+02 2.556981540982182111e+01
5.287000122070312500e+02 2.562427849562029181e+01
5.287999877929687500e+02 2.566246797209696595e+01
5.289000244140625000e+02 2.596358807394705437e+01
5.290000000000000000e+02 2.492360487658073254e+01
5.290999755859375000e+02 2.508657561201339448e+01
5.292000122070312500e+02 2.493557597311273710e+01
5.292999877929687500e+02 2.607708092815012080e+01
5.294000244140625000e+02 2.735824674894198694e+01
5.295000000000000000e+02 2.611981800600799986e+01
5.295999755859375000e+02 2.623081106082024760e+01
5.297000122070312500e+02 2.694272352567470463e+01
5.297999877929687500e+02 2.639193167786186223e+01
5.299000244140625000e+02 2.627349541496214513e+01
5.300000000000000000e+02 2.542644451870868494e+01
5.300999755859375000e+02 2.584598450659391133e+01
5.302000122070312500e+02 2.543548982154040417e+01
5.302999877929687500e+02 2.587125158147573956e+01
5.304000244140625000e+02 2.613802245109412326e+01
5.305000000000000000e+02 2.602726302873459119e+01
5.305999755859375000e+02 2.593671877017410665e+01
5.307000122070312500e+02 2.865614892639916889e+01
5.307999877929687500e+02 2.630351117538691597e+01
5.309000244140625000e+02 2.717724479179551267e+01
5.310000000000000000e+02 2.677072090897101120e+01
5.310999755859375000e+02 2.676630859987104571e+01
5.312000122070312500e+02 2.762258336947526161e+01
5.312999877929687500e+02 2.663029528462708484e+01
5.314000244140625000e+02 2.575454606884617803e+01
5.315000000000000000e+02 2.589684920237512955e+01
5.315999755859375000e+02 2.628609321434425539e+01
5.317000122070312500e+02 2.595581463227494368e+01
5.317999877929687500e+02 2.735172704364223151e+01
5.319000244140625000e+02 2.635691427445769719e+01
5.320000000000000000e+02 2.651533365086937266e+01
5.320999755859375000e+02 2.589048265408673544e+01
5.322000122070312500e+02 2.521189495680113524e+01
5.322999877929687500e+02 2.653610602904708315e+01
5.324000244140625000e+02 2.633543863477667557e+01
5.325000000000000000e+02 2.597283319727382889e+01
5.325999755859375000e+02 2.490409400816126251e+01
5.327000122070312500e+02 2.527707055762635591e+01
5.327999877929687500e+02 2.695905605003730798e+01
5.329000244140625000e+02 2.798202750616022882e+01
5.330000000000000000e+02 2.782855141767178964e+01
5.330999755859375000e+02 2.805832376253246707e+01
5.332000122070312500e+02 2.621332868632974922e+01
5.332999877929687500e+02 2.651205796592159558e+01
5.334000244140625000e+02 2.706318796429185625e+01
5.335000000000000000e+02 2.713841986005735407e+01
5.335999755859375000e+02 2.717186246046161457e+01
5.337000122070312500e+02 2.717646276173003272e+01
5.337999877929687500e+02 2.702600690100204517e+01
5.339000244140625000e+02 2.712004764642954058e+01
5.340000000000000000e+02 2.691799557653971320e+01
5.340999755859375000e+02 2.722909642734252245e+01
5.342000122070312500e+02 2.751314231527550902e+01
5.342999877929687500e+02 2.718170445079996256e+01
5.344000244140625000e+02 2.672933982593881197e+01
5.345000000000000000e+02 2.650506341984474901e+01
5.345999755859375000e+02 2.549499909019681709e+01
5.347000122070312500e+02 2.567305944159124920e+01
5.347999877929687500e+02 2.581933569425615005e+01
5.349000244140625000e+02 2.614777600486732112e+01
5.350000000000000000e+02 2.680417724561845105e+01
5.350999755859375000e+02 2.583342047354195259e+01
5.352000122070312500e+02 2.677059634032500668e+01
5.352999877929687500e+02 2.653158886908672542e+01
5.354000244140625000e+02 2.623198787720845715e+01
5.355000000000000000e+02 2.485104179966543825e+01
5.355999755859375000e+02 2.640148437907519252e+01
5.357000122070312500e+02 2.629423828964015897e+01
5.357999877929687500e+02 2.643239395686713067e+01
5.359000244140625000e+02 2.709405263087904103e+01
5.360000000000000000e+02 2.669936023296282457e+01
5.360999755859375000e+02 2.675003927563143691e+01
5.362000122070312500e+02 2.679676029227338674e+01
5.362999877929687500e+02 2.651506275778561417e+01
5.364000244140625000e+02 2.560059308263393518e+01
5.365000000000000000e+02 2.517869925561676681e+01
5.365999755859375000e+02 2.658199486924388566e+01
5.367000122070312500e+02 2.487972197494583426e+01
5.367999877929687500e+02 2.483889345782838021e+01
5.369000244140625000e+02 2.492661403617036342e+01
5.370000000000000000e+02 2.603680336070567236e+01
5.370999755859375000e+02 2.683416775630728424e+01
5.372000122070312500e+02 2.696836841364627446e+01
5.372999877929687500e+02 2.708674626062737900e+01
5.374000244140625000e+02 2.726653043240407825e+01
5.375000000000000000e+02 2.715664451916649469e+01
5.375999755859375000e+02 2.679393601421879723e+01
5.377000122070312500e+02 2.707719578180364906e+01
5.377999877929687500e+02 2.620293751031594809e+01
5.379000244140625000e+02 2.765414202793598974e+01
5.380000000000000000e+02 2.659767691851765292e+01
5.380999755859375000e+02 2.625394775974041650e+01
5.382000122070312500e+02 2.588768464136396474e+01
5.382999877929687500e+02 2.720299799903294513e+01
5.384000244140625000e+02 2.715849721992471544e+01
5.385000000000000000e+02 2.665228608491606366e+01
5.385999755859375000e+02 2.755248201172277334e+01
5.387000122070312500e+02 2.601278052902738480e+01
5.387999877929687500e+02 2.668552937356518129e+01
5.389000244140625000e+02 2.659965413938428469e+01
5.390000000000000000e+02 2.662840051980714406e+01
5.390999755859375000e+02 2.842380271413195558e+01
5.392000122070312500e+02 2.856186871486554324e+01
5.392999877929687500e+02 2.747447274898039637e+01
5.394000244140625000e+02 2.910370055247020105e+01
5.395000000000000000e+02 2.866226222606652740e+01
5.395999755859375000e+02 2.828176241729065055e+01
5.397000122070312500e+02 2.851266962320032761e+01
5.397999877929687500e+02 2.578246753700686611e+01
5.399000244140625000e+02 2.622089154644169540e+01
5.400000000000000000e+02 2.809366117591756407e+01
5.400999755859375000e+02 2.845687116812400319e+01
5.402000122070312500e+02 2.917709573244161092e+01
5.402999877929687500e+02 2.944916432421409169e+01
5.404000244140625000e+02 2.831505242591409655e+01
5.405000000000000000e+02 2.892911138471529853e+01
5.405999755859375000e+02 2.948402631930418849e+01
5.407000122070312500e+02 2.951586904572150871e+01
5.407999877929687500e+02 3.011279239091080129e+01
5.409000244140625000e+02 2.888146476715346367e+01
5.410000000000000000e+02 2.918593134245347542e+01
5.410999755859375000e+02 2.960530609556357362e+01
5.412000122070312500e+02 2.725231106213479748e+01
5.412999877929687500e+02 2.610131732751459310e+01
5.414000244140625000e+02 2.671697527777604364e+01
5.415000000000000000e+02 2.740685918046797553e+01
5.415999755859375000e+02 2.703993303941912529e+01
5.417000122070312500e+02 2.878014532675553383e+01
5.417999877929687500e+02 2.626519747342671707e+01
5.419000244140625000e+02 2.712943140699250932e+01
5.420000000000000000e+02 2.695335933250439098e+01
5.420999755859375000e+02 2.670248844251381826e+01
5.422000122070312500e+02 2.678055113871625892e+01
5.422999877929687500e+02 2.615714588249688077e+01
5.424000244140625000e+02 2.833440237342999879e+01
5.425000000000000000e+02 2.657545185960992740e+01
5.425999755859375000e+02 2.639265219014739827e+01
5.427000122070312500e+02 2.767246980469697704e+01
5.427999877929687500e+02 2.688610643787053078e+01
5.429000244140625000e+02 2.665352844283496481e+01
5.430000000000000000e+02 2.713583574923657693e+01
5.430999755859375000e+02 2.551739450877624904e+01
5.432000122070312500e+02 2.674841281325121756e+01
5.432999877929687500e+02 2.627265356445102285e+01
5.434000244140625000e+02 2.626083989615878878e+01
5.435000000000000000e+02 2.543023972556094847e+01
5.435999755859375000e+02 2.603702470249554679e+01
5.437000122070312500e+02 2.642498896543976272e+01
5.437999877929687500e+02 2.576734305107817846e+01
5.439000244140625000e+02 2.606553237994462435e+01
5.440000000000000000e+02 2.589999173427900203e+01
5.440999755859375000e+02 2.694520474905968399e+01
5.442000122070312500e+02 2.692295239405789431e+01
5.442999877929687500e+02 2.671164812294880164e+01
5.444000244140625000e+02 2.669561701447149815e+01
5.445000000000000000e+02 2.702087708285979417e+01
5.445999755859375000e+02 2.632194971752336343e+01
5.447000122070312500e+02 2.657080820652796049e+01
5.447999877929687500e+02 2.566385141605959319e+01
5.449000244140625000e+02 2.658317338662575580e+01
5.450000000000000000e+02 2.586442821352875754e+01
5.450999755859375000e+02 2.683542386847945949e+01
5.452000122070312500e+02 2.728626613865566597e+01
5.452999877929687500e+02 2.669410235309190327e+01
5.454000244140625000e+02 2.754430904029961624e+01
5.455000000000000000e+02 2.795573553973047964e+01
5.455999755859375000e+02 2.627891515304998649e+01
5.457000122070312500e+02 2.651566430068928426e+01
5.457999877929687500e+02 2.663289796378644425e+01
5.459000244140625000e+02 2.642997318333235768e+01
5.460000000000000000e+02 2.636576973222361531e+01
5.460999755859375000e+02 2.667508376156779804e+01
5.462000122070312500e+02 2.631225828572424419e+01
5.462999877929687500e+02 2.651170516612097927e+01
5.464000244140625000e+02 2.656820968462016452e+01
5.465000000000000000e+02 2.520487114667436046e+01
5.465999755859375000e+02 2.618821763961900828e+01
5.467000122070312500e+02 2.614928829618094852e+01
5.467999877929687500e+02 2.669880592065351976e+01
5.469000244140625000e+02 2.642352599780289069e+01
5.470000000000000000e+02 2.739472046871456712e+01
5.470999755859375000e+02 2.654288963461801387e+01
5.472000122070312500e+02 2.665652032071649913e+01
5.472999877929687500e+02 2.633759696815132401e+01
5.474000244140625000e+02 2.763422387170074401e+01
5.475000000000000000e+02 2.595403551530506547e+01
5.475999755859375000e+02 2.631523298553693735e+01
5.477000122070312500e+02 2.572342622115346344e+01
5.477999877929687500e+02 2.750349248459477280e+01
5.479000244140625000e+02 2.626754091665620194e+01
5.480000000000000000e+02 2.672527587977623043e+01
5.480999755859375000e+02 2.631951005121581844e+01
5.482000122070312500e+02 2.664110544118282320e+01
5.482999877929687500e+02 2.606617529392638843e+01
5.484000244140625000e+02 2.655713630809956882e+01
5.485000000000000000e+02 2.609632463203062613e+01
5.485999755859375000e+02 2.607317710791310361e+01
5.487000122070312500e+02 2.648907625480928374e+01
5.487999877929687500e+02 2.533582626339787325e+01
5.489000244140625000e+02 2.654664493700688510e+01
5.490000000000000000e+02 2.615693539055742889e+01
5.490999755859375000e+02 2.496602990334471173e+01
5.492000122070312500e+02 2.577141686330630677e+01
5.492999877929687500e+02 2.636309872033288570e+01
5.494000244140625000e+02 2.529740981864715010e+01
5.495000000000000000e+02 2.616168891891862813e+01
5.495999755859375000e+02 2.604233063187646380e+01
5.497000122070312500e+02 2.629984794840260776e+01
5.497999877929687500e+02 2.643506440331376695e+01
5.499000244140625000e+02 2.507179541614264906e+01
5.500000000000000000e+02 2.607334637634818364e+01
5.500999755859375000e+02 2.644157484208888675e+01
5.502000122070312500e+02 2.506844210959240371e+01
5.502999877929687500e+02 2.509572938418092747e+01
5.504000244140625000e+02 2.695054491069244662e+01
5.505000000000000000e+02 2.627233951046212468e+01
5.505999755859375000e+02 2.625023854351247010e+01
5.507000122070312500e+02 2.622712439152731534e+01
5.507999877929687500e+02 2.671138525740219194e+01
5.509000244140625000e+02 2.532811722451431180e+01
5.510000000000000000e+02 2.517490445074170680e+01
5.510999755859375000e+02 2.546605472919484114e+01
5.512000122070312500e+02 2.724685296905190413e+01
5.512999877929687500e+02 2.632948392185143049e+01
5.514000244140625000e+02 2.677103036396083269e+01
5.515000000000000000e+02 2.615638467635792708e+01
5.515999755859375000e+02 2.650632896381357995e+01
5.517000122070312500e+02 2.657331160859309804e+01
5.517999877929687500e+02 2.583719563461337643e+01
5.519000244140625000e+02 2.504871505244168617e+01
5.520000000000000000e+02 2.632272288301476948e+01
5.520999755859375000e+02 2.570272298767593000e+01
5.522000122070312500e+02 2.622758539957796842e+01
5.522999877929687500e+02 2.487869275158548277e+01
5.524000244140625000e+02 2.578249467900018743e+01
5.525000000000000000e+02 2.726953881335797192e+01
5.525999755859375000e+02 2.787707625023699265e+01
5.527000122070312500e+02 2.622438924629751611e+01
5.527999877929687500e+02 2.699102112873776704e+01
5.529000244140625000e+02 2.595764939448987008e+01
5.530000000000000000e+02 2.640197088843672901e+01
5.530999755859375000e+02 2.600435430226717770e+01
5.532000122070312500e+02 2.589210476200350186e+01
5.532999877929687500e+02 2.568565287957585852e+01
5.534000244140625000e+02 2.574579923654714264e+01
5.535000000000000000e+02 2.623705847085149045e+01
5.535999755859375000e+02 2.582356253261139756e+01
5.537000122070312500e+02 2.623368503370504712e+01
5.537999877929687500e+02 2.675861676461523686e+01
5.539000244140625000e+02 2.907167202025318176e+01
5.540000000000000000e+02 2.661014009760359045e+01
5.540999755859375000e+02 2.580561339543740118e+01
5.542000122070312500e+02 2.800517143793103259e+01
5.542999877929687500e+02 2.597591143587786533e+01
5.544000244140625000e+02 2.565792001364316377e+01
5.545000000000000000e+02 2.644623747069785225e+01
5.545999755859375000e+02 2.676640221425269672e+01
5.547000122070312500e+02 2.590686604864584552e+01
5.547999877929687500e+02 2.617680410894973875e+01
5.549000244140625000e+02 2.597918995426551803e+01
5.550000000000000000e+02 2.607579597508972213e+01
5.550999755859375000e+02 2.612028502720481882e+01
5.552000122070312500e+02 2.591421043067660079e+01
5.552999877929687500e+02 2.663610506684647916e+01
5.554000244140625000e+02 2.607119896933114234e+01
5.555000000000000000e+02 2.557457559766609023e+01
5.555999755859375000e+02 2.571333517569320293e+01
5.557000122070312500e+02 2.627776525523443851e+01
5.557999877929687500e+02 2.575385238257493370e+01
5.559000244140625000e+02 2.608898369094237424e+01
5.560000000000000000e+02 2.580641784343907119e+01
5.560999755859375000e+02 2.574953594889486652e+01
5.562000122070312500e+02 2.623775133004985705e+01
5.562999877929687500e+02 2.629103117541402312e+01
5.564000244140625000e+02 2.707208616229044651e+01
5.565000000000000000e+02 2.600899449383230788e+01
5.565999755859375000e+02 2.598550870665019019e+01
5.567000122070312500e+02 2.672058374345181164e+01
5.567999877929687500e+02 2.566505831615326372e+01
5.569000244140625000e+02 2.607410662391538736e+01
5.570000000000000000e+02 2.719284396457425501e+01
5.570999755859375000e+02 2.620491065890126592e+01
5.572000122070312500e+02 2.690410650512040647e+01
5.572999877929687500e+02 2.500236097378484246e+01
5.574000244140625000e+02 2.588081082638639074e+01
5.575000000000000000e+02 2.736160683647385738e+01
5.575999755859375000e+02 2.633976053441200449e+01
5.577000122070312500e+02 2.691051663795101589e+01
5.577999877929687500e+02 2.625038777377169197e+01
5.579000244140625000e+02 2.683916190637904009e+01
5.580000000000000000e+02 2.705632346413793599e+01
5.580999755859375000e+02 2.696243202102725789e+01
5.582000122070312500e+02 2.732753409138662093e+01
5.582999877929687500e+02 2.726724435707522787e+01
5.584000244140625000e+02 2.666885830116724421e+01
5.585000000000000000e+02 2.789320731369613426e+01
5.585999755859375000e+02 2.670572834871341783e+01
5.587000122070312500e+02 2.634800925381627579e+01
5.587999877929687500e+02 2.670220177394277172e+01
5.589000244140625000e+02 2.622886298351131273e+01
5.590000000000000000e+02 2.600613215248129606e+01
5.590999755859375000e+02 2.714042182448188356e+01
5.592000122070312500e+02 2.672309373760823803e+01
5.592999877929687500e+02 2.693720739446282408e+01
5.594000244140625000e+02 2.776705011634339115e+01
5.595000000000000000e+02 2.730532214644724931e+01
5.595999755859375000e+02 2.691930225401919685e+01
5.597000122070312500e+02 2.659852949462973015e+01
5.597999877929687500e+02 2.740667363205648854e+01
5.599000244140625000e+02 2.629482509311523941e+01
5.600000000000000000e+02 2.601957462639112606e+01
5.600999755859375000e+02 2.653290586576273569e+01
5.602000122070312500e+02 2.666142068948639476e+01
5.602999877929687500e+02 2.671613300566719928e+01
5.604000244140625000e+02 2.612887632567618823e+01
5.605000000000000000e+02 2.738135457165315145e+01
5.605999755859375000e+02 2.725472289115178981e+01
5.607000122070312500e+02 2.738654770750510892e+01
5.607999877929687500e+02 2.659602559066167160e+01
5.609000244140625000e+02 2.742610840497048486e+01
5.610000000000000000e+02 2.786328220296435632e+01
5.610999755859375000e+02 2.677639787027957041e+01
5.612000122070312500e+02 2.660337558450915552e+01
5.612999877929687500e+02 2.745078590196023072e+01
5.614000244140625000e+02 2.665265756712392076e+01
5.615000000000000000e+02 2.617031829286182187e+01
5.615999755859375000e+02 2.660518695306592107e+01
5.617000122070312500e+02 2.666640424808848309e+01
5.617999877929687500e+02 2.710116061881918981e+01
5.619000244140625000e+02 2.672686046091597234e+01
5.620000000000000000e+02 2.743101071057069262e+01
5.620999755859375000e+02 2.670272363716602015e+01
5.622000122070312500e+02 2.616675641188414403e+01
5.622999877929687500e+02 2.619497852464129295e+01
5.624000244140625000e+02 2.650052121570929486e+01
5.625000000000000000e+02 2.618898765564390985e+01
5.625999755859375000e+02 2.629992175121142850e+01
5.627000122070312500e+02 2.676364265934853037e+01
5.627999877929687500e+02 2.648107778036100157e+01
5.629000244140625000e+02 2.651080379283414601e+01
5.630000000000000000e+02 2.688603549737804244e+01
5.630999755859375000e+02 2.604818368086153413e+01
5.632000122070312500e+02 2.686592677869157342e+01
5.632999877929687500e+02 2.617468293513629263e+01
5.634000244140625000e+02 2.682613537321715214e+01
5.635000000000000000e+02 2.658501431822622507e+01
5.635999755859375000e+02 2.685222452460631004e+01
5.637000122070312500e+02 2.564363306301493139e+01
5.637999877929687500e+02 2.723711542599200186e+01
5.639000244140625000e+02 2.566731865079339059e+01
5.640000000000000000e+02 2.596248021123402339e+01
5.640999755859375000e+02 2.515919493410041952e+01
5.642000122070312500e+02 2.580888513742170431e+01
5.642999877929687500e+02 2.490151010894665973e+01
5.644000244140625000e+02 2.457783412460070593e+01
5.645000000000000000e+02 2.506188417963649684e+01
5.645999755859375000e+02 2.463867889917714038e+01
5.647000122070312500e+02 2.538235682838708840e+01
5.647999877929687500e+02 2.597627848822144614e+01
5.649000244140625000e+02 2.499960189226766616e+01
5.650000000000000000e+02 2.450719762198928464e+01
5.650999755859375000e+02 2.458730976270151913e+01
5.652000122070312500e+02 2.530494771057999159e+01
5.652999877929687500e+02 2.466463503956057934e+01
5.654000244140625000e+02 2.462203061574495777e+01
5.655000000000000000e+02 2.612794820527360784e+01
5.655999755859375000e+02 2.544390411886768177e+01
5.657000122070312500e+02 2.602058771148470484e+01
5.657999877929687500e+02 2.653815658857211091e+01
5.659000244140625000e+02 2.641273246552861664e+01
5.660000000000000000e+02 2.665553082794063400e+01
5.660999755859375000e+02 2.653059582970121255e+01
5.662000122070312500e+02 2.687191476705024584e+01
5.662999877929687500e+02 2.712689653031659631e+01
5.664000244140625000e+02 2.484661911170281101e+01
5.665000000000000000e+02 2.650124406531214305e+01
5.665999755859375000e+02 2.679771094418811117e+01
5.667000122070312500e+02 2.808980946309172566e+01
5.667999877929687500e+02 2.645500179013420450e+01
5.669000244140625000e+02 2.688918974277153140e+01
5.670000000000000000e+02 2.648216556299990643e+01
5.670999755859375000e+02 2.674619897460743090e+01
5.672000122070312500e+02 2.639798719327189858e+01
5.672999877929687500e+02 2.787468921352002127e+01
5.674000244140625000e+02 2.652353142207244829e+01
5.675000000000000000e+02 2.664533891661750076e+01
5.675999755859375000e+02 2.511545839932666269e+01
5.677000122070312500e+02 2.569482608203768947e+01
5.677999877929687500e+02 2.792414136388352475e+01
5.679000244140625000e+02 2.693933215192088326e+01
5.680000000000000000e+02 2.609131928145974655e+01
5.680999755859375000e+02 2.738430066794886386e+01
5.682000122070312500e+02 2.658166488698491037e+01
5.682999877929687500e+02 2.611152748253863365e+01
5.684000244140625000e+02 2.629618036304527706e+01
5.685000000000000000e+02 2.565875389157151432e+01
5.685999755859375000e+02 2.548679993783546394e+01
5.687000122070312500e+02 2.537732862588937621e+01
5.687999877929687500e+02 2.733050729121691447e+01
5.689000244140625000e+02 2.672503999196285207e+01
5.690000000000000000e+02 2.580432012138015097e+01
5.690999755859375000e+02 2.540009813138372152e+01
5.692000122070312500e+02 2.567572324183340982e+01
5.692999877929687500e+02 2.587380102018914840e+01
5.694000244140625000e+02 2.557921460153026771e+01
5.695000000000000000e+02 2.544844391895372482e+01
5.695999755859375000e+02 2.473084813263428217e+01
5.697000122070312500e+02 2.497543161815506707e+01
5.697999877929687500e+02 2.528790259982424971e+01
5.699000244140625000e+02 2.534166405793986598e+01
5.700000000000000000e+02 2.484215940224771657e+01
5.700999755859375000e+02 2.501696437404530471e+01
5.702000122070312500e+02 2.582378161655872972e+01
5.702999877929687500e+02 2.664864322491903792e+01
5.704000244140625000e+02 2.855152188152507620e+01
5.705000000000000000e+02 2.684118751525708291e+01
5.705999755859375000e+02 2.585664831205600933e+01
5.707000122070312500e+02 2.542004993244937339e+01
5.707999877929687500e+02 2.614236266359679206e+01
5.709000244140625000e+02 2.629654321085624957e+01
5.710000000000000000e+02 2.659452808885855291e+01
5.710999755859375000e+02 2.671401539298554439e+01
5.712000122070312500e+02 2.664253134040054150e+01
5.712999877929687500e+02 2.587251668164988416e+01
5.714000244140625000e+02 2.533982413503514408e+01
5.715000000000000000e+02 2.699039712114561951e+01
5.715999755859375000e+02 2.695452878767400762e+01
5.717000122070312500e+02 2.583965532515306052e+01
5.717999877929687500e+02 2.676568128175443206e+01
5.719000244140625000e+02 2.582603800999999422e+01
5.720000000000000000e+02 2.643657382132568401e+01
5.720999755859375000e+02 2.611411179924904502e+01
5.722000122070312500e+02 2.622808282093332721e+01
5.722999877929687500e+02 2.652636536602761197e+01
5.724000244140625000e+02 2.693475542101002063e+01
5.725000000000000000e+02 2.649191358736980106e+01
5.725999755859375000e+02 2.596382266313760567e+01
5.727000122070312500e+02 2.575100529499187729e+01
5.727999877929687500e+02 2.668788039657564681e+01
5.729000244140625000e+02 2.650261349021852553e+01
5.730000000000000000e+02 2.680727155273656948e+01
5.730999755859375000e+02 2.614018156790703884e+01
5.732000122070312500e+02 2.676118489299556558e+01
5.732999877929687500e+02 2.509040084235589063e+01
5.734000244140625000e+02 2.696868424259809416e+01
5.735000000000000000e+02 2.565304313726244700e+01
5.735999755859375000e+02 2.581523651744004511e+01
5.737000122070312500e+02 2.604653964045109049e+01
5.737999877929687500e+02 2.561264144129871667e+01
5.739000244140625000e+02 2.658024087415592973e+01
5.740000000000000000e+02 2.655408552977028691e+01
5.740999755859375000e+02 2.647217664700141881e+01
5.742000122070312500e+02 2.626556193307841269e+01
5.742999877929687500e+02 2.601092545157117542e+01
5.744000244140625000e+02 2.691331260728004793e+01
5.745000000000000000e+02 2.556303367572276386e+01
5.745999755859375000e+02 2.590588802692883874e+01
5.747000122070312500e+02 2.641411046741147572e+01
5.747999877929687500e+02 2.639964789046410587e+01
5.749000244140625000e+02 2.564345135768007822e+01
5.750000000000000000e+02 2.717994359749986799e+01
5.750999755859375000e+02 2.462046270842591156e+01
5.752000122070312500e+02 2.587575511020463281e+01
5.752999877929687500e+02 2.629662684703311726e+01
5.754000244140625000e+02 2.686453771178848626e+01
5.755000000000000000e+02 2.622408223747100919e+01
5.755999755859375000e+02 2.664910312853580976e+01
5.757000122070312500e+02 2.700223150438267794e+01
5.757999877929687500e+02 2.648872396907899329e+01
5.759000244140625000e+02 2.752045322360073598e+01
5.760000000000000000e+02 2.688176918761609002e+01
5.760999755859375000e+02 2.596486583959498162e+01
5.762000122070312500e+02 2.643535701442778674e+01
5.762999877929687500e+02 2.531114229809380234e+01
5.764000244140625000e+02 2.625167726917160849e+01
5.765000000000000000e+02 2.680646052264773971e+01
5.765999755859375000e+02 2.598688858780132449e+01
5.767000122070312500e+02 2.709907225030824307e+01
5.767999877929687500e+02 2.542986932024464863e+01
5.769000244140625000e+02 2.667003656450548021e+01
5.770000000000000000e+02 2.653027523298276336e+01
5.770999755859375000e+02 2.606290784709806019e+01
5.772000122070312500e+02 2.673420215443646697e+01
5.772999877929687500e+02 2.696398914662971436e+01
5.774000244140625000e+02 2.636857649584047536e+01
5.775000000000000000e+02 2.605648868326558443e+01
5.775999755859375000e+02 2.607356626867748517e+01
5.777000122070312500e+02 2.576684846363590253e+01
5.777999877929687500e+02 2.641004652033695521e+01
5.779000244140625000e+02 2.596823650724426358e+01
5.780000000000000000e+02 2.647200904209072192e+01
5.780999755859375000e+02 2.679256823626231565e+01
5.782000122070312500e+02 2.628866713806276323e+01
5.782999877929687500e+02 2.549378341367284762e+01
5.784000244140625000e+02 2.500354375580043964e+01
5.785000000000000000e+02 2.490322753396737099e+01
5.785999755859375000e+02 2.425994459763744615e+01
5.787000122070312500e+02 2.462692432765825856e+01
5.787999877929687500e+02 2.480282754213807905e+01
5.789000244140625000e+02 2.451577357991279271e+01
5.790000000000000000e+02 2.637714538463199432e+01
5.790999755859375000e+02 2.623741941315583759e+01
5.792000122070312500e+02 2.718620540064530999e+01
5.792999877929687500e+02 2.725211447308235790e+01
5.794000244140625000e+02 2.664206394972932657e+01
5.795000000000000000e+02 2.730894068395155116e+01
5.795999755859375000e+02 2.657858465227668532e+01
5.797000122070312500e+02 2.630744491636258076e+01
5.797999877929687500e+02 2.638917100623787704e+01
5.799000244140625000e+02 2.688025919641748374e+01
5.800000000000000000e+02 2.693482071284529056e+01
5.800999755859375000e+02 2.662842698475289893e+01
5.802000122070312500e+02 2.687488636637953476e+01
5.802999877929687500e+02 2.670153828035966725e+01
5.804000244140625000e+02 2.488447778225263107e+01
5.805000000000000000e+02 2.562914640831870372e+01
5.805999755859375000e+02 2.584027639700732593e+01
5.807000122070312500e+02 2.592379239768643018e+01
5.807999877929687500e+02 2.704909760520058981e+01
5.809000244140625000e+02 2.701934723875269029e+01
5.810000000000000000e+02 2.676425440256431543e+01
5.810999755859375000e+02 2.694308818904686120e+01
5.812000122070312500e+02 2.701030013027260068e+01
5.812999877929687500e+02 2.622563046373496221e+01
5.814000244140625000e+02 2.640052973230262623e+01
5.815000000000000000e+02 2.617841680602231591e+01
5.815999755859375000e+02 2.605797198759837840e+01
5.817000122070312500e+02 2.712138102584945898e+01
5.817999877929687500e+02 2.670401371233197452e+01
5.819000244140625000e+02 2.607890099406391116e+01
5.820000000000000000e+02 2.691740814528133541e+01
5.820999755859375000e+02 2.697714911790783177e+01
5.822000122070312500e+02 2.637166965968492249e+01
5.822999877929687500e+02 2.637280859739989936e+01
5.824000244140625000e+02 2.721986151839055168e+01
5.825000000000000000e+02 2.645754852807131741e+01
5.825999755859375000e+02 2.608912368398666715e+01
5.827000122070312500e+02 2.619250752302810170e+01
5.827999877929687500e+02 2.663569320423421516e+01
5.829000244140625000e+02 2.669209404325917490e+01
5.830000000000000000e+02 2.907220346315049753e+01
5.830999755859375000e+02 2.654098142565792173e+01
5.832000122070312500e+02 2.685192348855433764e+01
5.832999877929687500e+02 2.594697088961922660e+01
5.834000244140625000e+02 2.571190067099071541e+01
5.835000000000000000e+02 2.646340972281972981e+01
5.835999755859375000e+02 2.686566971861066833e+01
5.837000122070312500e+02 2.673828253509168462e+01
5.837999877929687500e+02 2.905333540629267830e+01
5.839000244140625000e+02 2.667649683531176663e+01
5.840000000000000000e+02 2.629688707405019343e+01
5.840999755859375000e+02 2.653710313538137200e+01
5.842000122070312500e+02 2.687252930194580003e+01
5.842999877929687500e+02 2.595389243910243948e+01
5.844000244140625000e+02 2.711461680570415922e+01
5.845000000000000000e+02 2.789483567277229881e+01
5.845999755859375000e+02 2.704513793638512098e+01
5.847000122070312500e+02 2.736085824323208726e+01
5.847999877929687500e+02 2.783895204948273872e+01
5.849000244140625000e+02 2.700128653363846354e+01
5.850000000000000000e+02 2.740220936053840006e+01
5.850999755859375000e+02 2.590237238447143397e+01
5.852000122070312500e+02 2.667227308847377643e+01
5.852999877929687500e+02 2.858566578497732280e+01
5.854000244140625000e+02 2.935974107430935476e+01
5.855000000000000000e+02 2.664514536252978871e+01
5.855999755859375000e+02 2.708182934393643748e+01
5.857000122070312500e+02 2.609553912310548540e+01
5.857999877929687500e+02 2.710857413463644860e+01
5.859000244140625000e+02 2.656843890622155513e+01
5.860000000000000000e+02 2.639564440165262482e+01
5.860999755859375000e+02 2.675792095400148796e+01
5.862000122070312500e+02 2.614300224043838483e+01
5.862999877929687500e+02 2.704362278123010910e+01
5.864000244140625000e+02 2.662270331003287183e+01
5.865000000000000000e+02 2.675156512658701757e+01
5.865999755859375000e+02 2.781495738334066203e+01
5.867000122070312500e+02 2.645686548073319244e+01
5.867999877929687500e+02 2.679705386089763408e+01
5.869000244140625000e+02 2.691698421094600491e+01
5.870000000000000000e+02 2.681857942865244837e+01
5.870999755859375000e+02 2.652797250753134861e+01
5.872000122070312500e+02 2.726084340313957810e+01
5.872999877929687500e+02 2.667774294465212392e+01
5.874000244140625000e+02 2.672375040676944735e+01
5.875000000000000000e+02 2.669302524729761217e+01
5.875999755859375000e+02 2.709720586660463937e+01
5.877000122070312500e+02 2.746554008604128327e+01
5.877999877929687500e+02 3.036235959555197894e+01
5.879000244140625000e+02 2.974745921234736556e+01
5.880000000000000000e+02 2.966702056935857357e+01
5.880999755859375000e+02 2.920353117296183143e+01
5.882000122070312500e+02 2.916829607749329512e+01
5.882999877929687500e+02 2.591849916308497370e+01
5.884000244140625000e+02 2.553422843858293945e+01
5.885000000000000000e+02 2.611349378242947950e+01
5.885999755859375000e+02 2.612322377890084013e+01
5.887000122070312500e+02 2.706929948459257673e+01
5.887999877929687500e+02 2.662892277574020383e+01
5.889000244140625000e+02 2.564575576278645741e+01
5.890000000000000000e+02 2.629296416673261660e+01
5.890999755859375000e+02 2.517906572331970949e+01
5.892000122070312500e+02 2.488579046239074088e+01
5.892999877929687500e+02 2.553518716831375102e+01
5.894000244140625000e+02 2.600822867798077453e+01
5.895000000000000000e+02 2.630805229117129329e+01
5.895999755859375000e+02 2.594733574858362601e+01
5.897000122070312500e+02 2.613756418044108187e+01
5.897999877929687500e+02 2.866513538735378219e+01
5.899000244140625000e+02 2.818012473181364186e+01
5.900000000000000000e+02 2.934374079150173742e+01
5.900999755859375000e+02 2.944668494605896214e+01
5.902000122070312500e+02 2.783404124431498161e+01
5.902999877929687500e+02 2.816088130394028255e+01
5.904000244140625000e+02 2.802446908734944486e+01
5.905000000000000000e+02 2.939218048554329599e+01
5.905999755859375000e+02 2.888196074788832846e+01
5.907000122070312500e+02 2.919591955878985345e+01
5.907999877929687500e+02 2.873010730147111502e+01
5.909000244140625000e+02 2.867463499752617651e+01
5.910000000000000000e+02 2.891028728005300152e+01
5.910999755859375000e+02 2.591176075981808324e+01
5.912000122070312500e+02 2.588057128876297242e+01
5.912999877929687500e+02 2.605254405253143446e+01
5.914000244140625000e+02 2.697838383269271745e+01
5.915000000000000000e+02 2.724796430605493924e+01
5.915999755859375000e+02 2.657342735359633679e+01
5.917000122070312500e+02 2.571524450910571247e+01
5.917999877929687500e+02 2.624151813074015749e+01
5.919000244140625000e+02 2.629420932097672292e+01
5.920000000000000000e+02 2.740462904088204255e+01
5.920999755859375000e+02 2.593568987635486067e+01
5.922000122070312500e+02 2.620373375978133978e+01
5.922999877929687500e+02 2.615564445109999880e+01
5.924000244140625000e+02 2.667372574186295608e+01
5.925000000000000000e+02 2.517166703930984895e+01
5.925999755859375000e+02 2.647203544110989881e+01
5.927000122070312500e+02 2.573611321074493219e+01
5.927999877929687500e+02 2.781268142367940754e+01
5.929000244140625000e+02 2.737985041950421916e+01
5.930000000000000000e+02 2.868005585013829872e+01
5.930999755859375000e+02 2.491828089251946565e+01
5.932000122070312500e+02 2.476095585605438743e+01
5.932999877929687500e+02 2.478307608838354170e+01
5.934000244140625000e+02 2.459661284066720910e+01
5.935000000000000000e+02 2.506106329462270210e+01
5.935999755859375000e+02 2.539253732560845833e+01
5.937000122070312500e+02 2.575383491108172151e+01
5.937999877929687500e+02 2.540891087976316598e+01
5.939000244140625000e+02 2.574279684487267161e+01
5.940000000000000000e+02 2.479673398472455759e+01
5.940999755859375000e+02 2.564068132196723937e+01
5.942000122070312500e+02 2.537124343456212117e+01
5.942999877929687500e+02 2.471840781624342043e+01
5.944000244140625000e+02 2.497822909717932305e+01
5.945000000000000000e+02 2.569402557608695048e+01
5.945999755859375000e+02 2.511117582510188839e+01
5.947000122070312500e+02 2.496779086329028985e+01
5.947999877929687500e+02 2.500577253171028502e+01
5.949000244140625000e+02 2.509974451303982335e+01
5.950000000000000000e+02 2.454629467661456843e+01
5.950999755859375000e+02 2.439484446512210170e+01
5.952000122070312500e+02 2.474742649199641065e+01
5.952999877929687500e+02 2.548285579864843342e+01
