0.000000000000000000e+00 7.317286008930945052e+00
1.000000014901161194e-01 7.253163341283915599e+00
2.000000029802322388e-01 8.653437011458821715e+00
3.000000119209289551e-01 8.223052838931740993e+00
4.000000059604644775e-01 7.723124570155898816e+00
5.000000000000000000e-01 7.657393326711638970e+00
6.000000238418579102e-01 8.648603558897072219e+00
6.999999880790710449e-01 8.476622680395575316e+00
8.000000119209289551e-01 1.043556950748150314e+01
8.999999761581420898e-01 9.455193711688078650e+00
1.000000000000000000e+00 7.426111343641968787e+00
1.100000023841857910e+00 1.043906994414553147e+01
1.200000047683715820e+00 1.012993464034421187e+01
1.299999952316284180e+00 9.602757211905887047e+00
1.399999976158142090e+00 9.727019534689084423e+00
1.500000000000000000e+00 9.622259278011522809e+00
1.600000023841857910e+00 9.979587562016126512e+00
1.700000047683715820e+00 1.007779520763510561e+01
1.799999952316284180e+00 1.010626285625379239e+01
1.899999976158142090e+00 9.946744546387826347e+00
2.000000000000000000e+00 1.025694815791497483e+01
2.099999904632568359e+00 8.899611540739243765e+00
2.200000047683715820e+00 8.406252431095097677e+00
2.299999952316284180e+00 1.004916538509351120e+01
2.400000095367431641e+00 1.041700631349234563e+01
2.500000000000000000e+00 1.120951806465718548e+01
2.599999904632568359e+00 1.058216218491837601e+01
2.700000047683715820e+00 1.121931835072061290e+01
2.799999952316284180e+00 8.929739677262304554e+00
2.900000095367431641e+00 1.002158922146561615e+01
3.000000000000000000e+00 1.160744998696871377e+01
3.099999904632568359e+00 9.412271634939555653e+00
3.200000047683715820e+00 9.688181206831769643e+00
3.299999952316284180e+00 1.009334020998041836e+01
3.400000095367431641e+00 1.055393677512847361e+01
3.500000000000000000e+00 8.682072934270406606e+00
3.599999904632568359e+00 8.074880134370060247e+00
3.700000047683715820e+00 7.896936259132267821e+00
3.799999952316284180e+00 8.091774014897143985e+00
3.900000095367431641e+00 1.091223724341737622e+01
4.000000000000000000e+00 9.286134135638610232e+00
4.099999904632568359e+00 9.836009990590593333e+00
4.199999809265136719e+00 9.008889085234081051e+00
4.300000190734863281e+00 9.334446139340681015e+00
4.400000095367431641e+00 9.525768074255999807e+00
4.500000000000000000e+00 9.255293187709254354e+00
4.599999904632568359e+00 7.987932230060695638e+00
4.699999809265136719e+00 1.035236814657177540e+01
4.800000190734863281e+00 9.446872852085407501e+00
4.900000095367431641e+00 1.013873134730804715e+01
5.000000000000000000e+00 9.661414201332979346e+00
5.099999904632568359e+00 8.806043676127012887e+00
5.199999809265136719e+00 1.043696070547585641e+01
5.300000190734863281e+00 9.848496338363140978e+00
5.400000095367431641e+00 1.132129595421738877e+01
5.500000000000000000e+00 9.755016677486684884e+00
5.599999904632568359e+00 7.735358928349243435e+00
5.699999809265136719e+00 7.664575574350613429e+00
5.800000190734863281e+00 8.551804198398729184e+00
5.900000095367431641e+00 8.024523174648924950e+00
6.000000000000000000e+00 8.332055642333449086e+00
6.099999904632568359e+00 7.512588696524764131e+00
6.199999809265136719e+00 7.015942580558507835e+00
6.300000190734863281e+00 9.016501551857055929e+00
6.400000095367431641e+00 1.024248132441965708e+01
6.500000000000000000e+00 1.154147174274049092e+01
6.599999904632568359e+00 1.063285576648534381e+01
6.699999809265136719e+00 1.077389992967596122e+01
6.800000190734863281e+00 8.834473392229837074e+00
6.900000095367431641e+00 9.761123446873128273e+00
7.000000000000000000e+00 9.308833011902308385e+00
7.099999904632568359e+00 1.151220352961691162e+01
7.199999809265136719e+00 9.838612336595073060e+00
7.300000190734863281e+00 9.865361676884720765e+00
7.400000095367431641e+00 9.364074095350426674e+00
7.500000000000000000e+00 9.698799878839652777e+00
7.599999904632568359e+00 1.201929122493444879e+01
7.699999809265136719e+00 1.130892005531602429e+01
7.800000190734863281e+00 1.272093279110318242e+01
7.900000095367431641e+00 1.297651621765975349e+01
8.000000000000000000e+00 1.530764267443670690e+01
8.100000381469726562e+00 1.226796577438377511e+01
8.199999809265136719e+00 1.278614875107246895e+01
8.300000190734863281e+00 1.241946279805643272e+01
8.399999618530273438e+00 1.136017395128696172e+01
8.500000000000000000e+00 9.922115848849964337e+00
8.600000381469726562e+00 1.301356289692983559e+01
8.699999809265136719e+00 1.013657752189434724e+01
8.800000190734863281e+00 1.114042440659978084e+01
8.899999618530273438e+00 9.886703310075565909e+00
9.000000000000000000e+00 1.036920991766200295e+01
9.100000381469726562e+00 1.021462650974483388e+01
9.199999809265136719e+00 9.640951441943020228e+00
9.300000190734863281e+00 1.238444316785129828e+01
9.399999618530273438e+00 1.111298149104159982e+01
9.500000000000000000e+00 1.202358217518173866e+01
9.600000381469726562e+00 1.088293709189457914e+01
9.699999809265136719e+00 1.075591271433864371e+01
9.800000190734863281e+00 8.606496310240961733e+00
9.899999618530273438e+00 9.922418696256222859e+00
1.000000000000000000e+01 1.086954573273821012e+01
1.010000038146972656e+01 9.366765927404683723e+00
1.019999980926513672e+01 1.006602212168321131e+01
1.030000019073486328e+01 1.055644981720953979e+01
1.039999961853027344e+01 9.792583591098637186e+00
1.050000000000000000e+01 9.813826021572195302e+00
1.060000038146972656e+01 9.317562226576855622e+00
1.069999980926513672e+01 7.757221847567264739e+00
1.080000019073486328e+01 7.444412330478783701e+00
1.089999961853027344e+01 6.647760590636799805e+00
1.100000000000000000e+01 6.293496792214707369e+00
1.110000038146972656e+01 7.433080241284535816e+00
1.119999980926513672e+01 6.358896377166485259e+00
1.130000019073486328e+01 6.112229592110829834e+00
1.139999961853027344e+01 6.680075571906028742e+00
1.150000000000000000e+01 5.340056423708021249e+00
1.160000038146972656e+01 5.358076103648184763e+00
1.169999980926513672e+01 5.688338975732410319e+00
1.180000019073486328e+01 6.262070015894576791e+00
1.189999961853027344e+01 5.829438397753611945e+00
1.200000000000000000e+01 5.560301240673649836e+00
1.210000038146972656e+01 6.421654666465621553e+00
1.219999980926513672e+01 5.828191860497561549e+00
1.230000019073486328e+01 7.924737823543824611e+00
1.239999961853027344e+01 7.475079863100821953e+00
1.250000000000000000e+01 7.895731113123476419e+00
1.260000038146972656e+01 7.971549950673818330e+00
1.269999980926513672e+01 7.087537933052323602e+00
1.280000019073486328e+01 5.289305501661786479e+00
1.289999961853027344e+01 6.670941385540455570e+00
1.300000000000000000e+01 5.410216294922542524e+00
1.310000038146972656e+01 6.775255118463172188e+00
1.319999980926513672e+01 6.817569028686264687e+00
1.330000019073486328e+01 5.787837162651960909e+00
1.339999961853027344e+01 5.921515414116649723e+00
1.350000000000000000e+01 7.823211297604226289e+00
1.360000038146972656e+01 6.968264825025327625e+00
1.369999980926513672e+01 5.087988579341896411e+00
1.380000019073486328e+01 6.546161824408214258e+00
1.389999961853027344e+01 7.320157842152697825e+00
1.400000000000000000e+01 7.033466956770777934e+00
1.410000038146972656e+01 7.791463859060926644e+00
1.419999980926513672e+01 7.008635646869959324e+00
1.430000019073486328e+01 4.459378097666723662e+00
1.439999961853027344e+01 6.710528651033551562e+00
1.450000000000000000e+01 6.530438506034602852e+00
1.460000038146972656e+01 5.184123203036208771e+00
1.469999980926513672e+01 5.299641467374275550e+00
1.480000019073486328e+01 5.206614490252587046e+00
1.489999961853027344e+01 7.522560474575938017e+00
1.500000000000000000e+01 6.129425884361335619e+00
1.510000038146972656e+01 6.848154092941479476e+00
1.519999980926513672e+01 8.805479663812652902e+00
1.530000019073486328e+01 6.546467998427638157e+00
1.539999961853027344e+01 5.249237703423117907e+00
1.550000000000000000e+01 5.139390906627403943e+00
1.560000038146972656e+01 5.031703233313022494e+00
1.569999980926513672e+01 5.980521752061245699e+00
1.580000019073486328e+01 5.596454869501736873e+00
1.589999961853027344e+01 4.822629642318042364e+00
1.600000000000000000e+01 5.365756902768570313e+00
1.610000038146972656e+01 6.186219101851955671e+00
1.620000076293945312e+01 5.555451398275040198e+00
1.629999923706054688e+01 4.958243024696644241e+00
1.639999961853027344e+01 8.627256216126172106e+00
1.650000000000000000e+01 5.802047207274070750e+00
1.660000038146972656e+01 7.689748685821413687e+00
1.670000076293945312e+01 5.259131972699687907e+00
1.679999923706054688e+01 5.380549394664108753e+00
1.689999961853027344e+01 4.543784384814335553e+00
1.700000000000000000e+01 6.216673772446123181e+00
1.710000038146972656e+01 4.889697804290811689e+00
1.720000076293945312e+01 6.425210401790838688e+00
1.729999923706054688e+01 6.780786825617500568e+00
1.739999961853027344e+01 6.167460409343528127e+00
1.750000000000000000e+01 6.794466414029845858e+00
1.760000038146972656e+01 6.461700904978245674e+00
1.770000076293945312e+01 6.402396202401327230e+00
1.779999923706054688e+01 6.214346267264235557e+00
1.789999961853027344e+01 5.403824504531663742e+00
1.800000000000000000e+01 7.230347702858865411e+00
1.810000038146972656e+01 6.106524421377996781e+00
1.820000076293945312e+01 6.922930720808452065e+00
1.829999923706054688e+01 7.906465376182080007e+00
1.839999961853027344e+01 5.844254191508758467e+00
1.850000000000000000e+01 5.405595611194826233e+00
1.860000038146972656e+01 6.932166578371272259e+00
1.870000076293945312e+01 7.278104639831279421e+00
1.879999923706054688e+01 8.030248812685963244e+00
1.889999961853027344e+01 5.737450178273532764e+00
1.900000000000000000e+01 6.911042643525323825e+00
1.910000038146972656e+01 6.815266403622935343e+00
1.920000076293945312e+01 4.621457403319609192e+00
1.929999923706054688e+01 5.169143946606131301e+00
1.939999961853027344e+01 4.578022995750327340e+00
1.950000000000000000e+01 6.315619688480139438e+00
1.960000038146972656e+01 6.007087908784507491e+00
1.970000076293945312e+01 6.366782962445989291e+00
1.979999923706054688e+01 6.162644052400932715e+00
1.989999961853027344e+01 5.275202703316390185e+00
2.000000000000000000e+01 6.206636301552846291e+00
2.010000038146972656e+01 4.967858362141258866e+00
2.020000076293945312e+01 6.855282806072446000e+00
2.029999923706054688e+01 6.531154233653075458e+00
2.039999961853027344e+01 4.996232067842732327e+00
2.050000000000000000e+01 5.861706790188012661e+00
2.060000038146972656e+01 5.664826226000477583e+00
2.070000076293945312e+01 5.915519673030674497e+00
2.079999923706054688e+01 6.322015735081129684e+00
2.089999961853027344e+01 5.169725277332732460e+00
2.100000000000000000e+01 5.191216998840217478e+00
2.110000038146972656e+01 4.756365043780018453e+00
2.120000076293945312e+01 5.072247532589591046e+00
2.129999923706054688e+01 6.577676140318913234e+00
2.139999961853027344e+01 5.983201394133494944e+00
2.150000000000000000e+01 6.122559469246625419e+00
2.160000038146972656e+01 5.377307431616284106e+00
2.170000076293945312e+01 5.443018413382555210e+00
2.179999923706054688e+01 4.711748465018882115e+00
2.189999961853027344e+01 4.278047201830601054e+00
2.200000000000000000e+01 5.496499613277598506e+00
2.210000038146972656e+01 5.200266795625772431e+00
2.220000076293945312e+01 5.346799454405635643e+00
2.229999923706054688e+01 5.608738652877726771e+00
2.239999961853027344e+01 5.899827256398309849e+00
2.250000000000000000e+01 5.793629723810068910e+00
2.260000038146972656e+01 4.711799636178871431e+00
2.270000076293945312e+01 6.775872402258000804e+00
2.279999923706054688e+01 5.582260191284643902e+00
2.289999961853027344e+01 6.195319239390046917e+00
2.300000000000000000e+01 7.344381376329952360e+00
2.310000038146972656e+01 6.435280485350785895e+00
2.320000076293945312e+01 5.548260069991470367e+00
2.329999923706054688e+01 5.755044339681821164e+00
2.339999961853027344e+01 6.857202840918183995e+00
2.350000000000000000e+01 7.113945928316262268e+00
2.360000038146972656e+01 7.541240715981442300e+00
2.370000076293945312e+01 6.099224052175042488e+00
2.379999923706054688e+01 6.159290303894363383e+00
2.389999961853027344e+01 6.777752415528223828e+00
2.400000000000000000e+01 4.795983922399397414e+00
2.410000038146972656e+01 6.135871666920520440e+00
2.420000076293945312e+01 5.632315331818777082e+00
2.429999923706054688e+01 5.802631508453250042e+00
2.439999961853027344e+01 5.243523404315142855e+00
2.450000000000000000e+01 5.329686656630273411e+00
2.460000038146972656e+01 5.815596272117222298e+00
2.470000076293945312e+01 7.149732198413834006e+00
2.479999923706054688e+01 6.261144225404930985e+00
2.489999961853027344e+01 6.168885417187544462e+00
2.500000000000000000e+01 6.702683451567942541e+00
2.510000038146972656e+01 6.195413378018329809e+00
2.520000076293945312e+01 7.310017158657776015e+00
2.529999923706054688e+01 7.663976250978965510e+00
2.539999961853027344e+01 5.672235460996061462e+00
2.550000000000000000e+01 7.017565882153236956e+00
2.560000038146972656e+01 7.004304113811563148e+00
2.570000076293945312e+01 5.531914726483833533e+00
2.579999923706054688e+01 6.646025131720609380e+00
2.589999961853027344e+01 7.121400970367572469e+00
2.600000000000000000e+01 7.382702125581837471e+00
2.610000038146972656e+01 7.305900655866464533e+00
2.620000076293945312e+01 7.213285933898646363e+00
2.629999923706054688e+01 9.127613585338213653e+00
2.639999961853027344e+01 8.281662768750170045e+00
2.650000000000000000e+01 6.924597347720535367e+00
2.660000038146972656e+01 8.161862723016241716e+00
2.670000076293945312e+01 7.914035638353909441e+00
2.679999923706054688e+01 6.465520589224005299e+00
2.689999961853027344e+01 6.561615876659860014e+00
2.700000000000000000e+01 6.365143867827502078e+00
2.710000038146972656e+01 6.476316972593344268e+00
2.720000076293945312e+01 7.547359058139727850e+00
2.729999923706054688e+01 9.340372690469383343e+00
2.739999961853027344e+01 8.239303388747000412e+00
2.750000000000000000e+01 7.248022811645475016e+00
2.760000038146972656e+01 7.642776241375657698e+00
2.770000076293945312e+01 6.459321650486056221e+00
2.779999923706054688e+01 5.379280348751459329e+00
2.789999961853027344e+01 4.608567797681772937e+00
2.800000000000000000e+01 5.452449243390155686e+00
2.810000038146972656e+01 5.039980528461512677e+00
2.820000076293945312e+01 5.496827270093697315e+00
2.829999923706054688e+01 6.748107245667942067e+00
2.839999961853027344e+01 8.363646229758613160e+00
2.850000000000000000e+01 7.066349222595474266e+00
2.860000038146972656e+01 6.462887703662993033e+00
2.870000076293945312e+01 5.092530718255759759e+00
2.879999923706054688e+01 7.215552293792840466e+00
2.889999961853027344e+01 5.736324311845307555e+00
2.900000000000000000e+01 5.885486586210769033e+00
2.910000038146972656e+01 6.338583308579480935e+00
2.920000076293945312e+01 5.790575385855118995e+00
2.929999923706054688e+01 8.305367257998105046e+00
2.939999961853027344e+01 6.566155918779511325e+00
2.950000000000000000e+01 9.090740926102037989e+00
2.960000038146972656e+01 6.688062286877286766e+00
2.970000076293945312e+01 8.200388707729821647e+00
2.979999923706054688e+01 6.323523685699850461e+00
2.989999961853027344e+01 7.408137050724089789e+00
3.000000000000000000e+01 7.210468924783969946e+00
3.010000038146972656e+01 8.782974343745422630e+00
3.020000076293945312e+01 8.885998704797357206e+00
3.029999923706054688e+01 8.681732010401184141e+00
3.039999961853027344e+01 7.441648771809771468e+00
3.050000000000000000e+01 6.366592605564116880e+00
3.060000038146972656e+01 6.131264470132649080e+00
3.070000076293945312e+01 6.452573932098883525e+00
3.079999923706054688e+01 5.756240115382034617e+00
3.089999961853027344e+01 5.773790710241832436e+00
3.100000000000000000e+01 6.385446275699496077e+00
3.110000038146972656e+01 6.765606599135733035e+00
3.120000076293945312e+01 6.251590482482984434e+00
3.129999923706054688e+01 6.527114845295923118e+00
3.139999961853027344e+01 5.902862785625491604e+00
3.150000000000000000e+01 8.705655289766982108e+00
3.160000038146972656e+01 6.819354451683515173e+00
3.170000076293945312e+01 6.842403540402333562e+00
3.179999923706054688e+01 7.678786656924012632e+00
3.189999961853027344e+01 9.973025185187928798e+00
3.200000000000000000e+01 9.915792666016368884e+00
3.209999847412109375e+01 1.031472016684006121e+01
3.220000076293945312e+01 9.592998225861499861e+00
3.229999923706054688e+01 8.050008863496575628e+00
3.240000152587890625e+01 8.265481109718146868e+00
3.250000000000000000e+01 7.562458264742232927e+00
3.259999847412109375e+01 5.913866901307706314e+00
3.270000076293945312e+01 7.374005329971196510e+00
3.279999923706054688e+01 8.884984662731900684e+00
3.290000152587890625e+01 8.811304580602101311e+00
3.300000000000000000e+01 6.631014908807613573e+00
3.309999847412109375e+01 6.030112624157415446e+00
3.320000076293945312e+01 9.274358680154310974e+00
3.329999923706054688e+01 7.841900306300634504e+00
3.340000152587890625e+01 8.346407370816535831e+00
3.350000000000000000e+01 7.804329738823454043e+00
3.359999847412109375e+01 7.526938476235208064e+00
3.370000076293945312e+01 7.129335484608974483e+00
3.379999923706054688e+01 6.021645119925957523e+00
3.390000152587890625e+01 7.536610046582460143e+00
3.400000000000000000e+01 6.495277415943474075e+00
3.409999847412109375e+01 6.263602820043228547e+00
3.420000076293945312e+01 6.808915299105555263e+00
3.429999923706054688e+01 5.917244552099516497e+00
3.440000152587890625e+01 6.718581375047429027e+00
3.450000000000000000e+01 6.331994359631804237e+00
3.459999847412109375e+01 7.631828262071979729e+00
3.470000076293945312e+01 7.027709168321512045e+00
3.479999923706054688e+01 6.768346386248000002e+00
3.490000152587890625e+01 7.465031700625097244e+00
3.500000000000000000e+01 5.521995539869576142e+00
3.509999847412109375e+01 6.877172204206032369e+00
3.520000076293945312e+01 6.454843665497081773e+00
3.529999923706054688e+01 6.498545791807274874e+00
3.540000152587890625e+01 9.475286036402474465e+00
3.550000000000000000e+01 8.236867015567804984e+00
3.559999847412109375e+01 6.015168754506997395e+00
3.570000076293945312e+01 6.265463062065143696e+00
3.579999923706054688e+01 7.019963468612399282e+00
3.590000152587890625e+01 5.913312083027128629e+00
3.600000000000000000e+01 8.287269268044729742e+00
3.609999847412109375e+01 5.609088288644567655e+00
3.620000076293945312e+01 1.047368753258204954e+01
3.629999923706054688e+01 7.572441408514200667e+00
3.640000152587890625e+01 9.476654785839070172e+00
3.650000000000000000e+01 9.571146993916849866e+00
3.659999847412109375e+01 8.939725663219457275e+00
3.670000076293945312e+01 8.043671884650249737e+00
3.679999923706054688e+01 6.962779007504170004e+00
3.690000152587890625e+01 8.770593183301759410e+00
3.700000000000000000e+01 7.075720332171358429e+00
3.709999847412109375e+01 5.924361880642593725e+00
3.720000076293945312e+01 6.555241724357726341e+00
3.729999923706054688e+01 5.867095699884480098e+00
3.740000152587890625e+01 5.470253872489377223e+00
3.750000000000000000e+01 5.487285316781779443e+00
3.759999847412109375e+01 6.680489138346373146e+00
3.770000076293945312e+01 6.572713031396250294e+00
3.779999923706054688e+01 6.543723910711106484e+00
3.790000152587890625e+01 6.002536121663575308e+00
3.800000000000000000e+01 6.107526311567589516e+00
3.809999847412109375e+01 6.343511778087104425e+00
3.820000076293945312e+01 6.638507895358897848e+00
3.829999923706054688e+01 5.954770435276986795e+00
3.840000152587890625e+01 6.439685175239905135e+00
3.850000000000000000e+01 1.100985374865209288e+01
3.859999847412109375e+01 7.710494210851659425e+00
3.870000076293945312e+01 7.123188485126393132e+00
3.879999923706054688e+01 6.387901252519453621e+00
3.890000152587890625e+01 6.164230747513641084e+00
3.900000000000000000e+01 5.988089782132416161e+00
3.909999847412109375e+01 7.515399650777335516e+00
3.920000076293945312e+01 6.013225775772233384e+00
3.929999923706054688e+01 6.699706626022345013e+00
3.940000152587890625e+01 6.499380273113152917e+00
3.950000000000000000e+01 4.761723744088702581e+00
3.959999847412109375e+01 6.811463734278095039e+00
3.970000076293945312e+01 6.435001162724953261e+00
3.979999923706054688e+01 8.485257872090528508e+00
3.990000152587890625e+01 6.814068187599882087e+00
4.000000000000000000e+01 6.327494214785021498e+00
4.009999847412109375e+01 7.247497794591964748e+00
4.020000076293945312e+01 7.987455730463781656e+00
4.029999923706054688e+01 8.077196649192616817e+00
4.040000152587890625e+01 7.253063826346057397e+00
4.050000000000000000e+01 5.236470816019084928e+00
4.059999847412109375e+01 6.235655975909057958e+00
4.070000076293945312e+01 6.002334281833422658e+00
4.079999923706054688e+01 7.050385087282256436e+00
4.090000152587890625e+01 7.999300979900129782e+00
4.100000000000000000e+01 6.629416037849490628e+00
4.109999847412109375e+01 8.301636294742271716e+00
4.120000076293945312e+01 5.532411034470037237e+00
4.129999923706054688e+01 6.115207138265974507e+00
4.140000152587890625e+01 6.445048319175292306e+00
4.150000000000000000e+01 6.382695566443523205e+00
4.159999847412109375e+01 6.083791955669265228e+00
4.170000076293945312e+01 5.654599875806407105e+00
4.179999923706054688e+01 7.112123417732389541e+00
4.190000152587890625e+01 6.546758819441217625e+00
4.200000000000000000e+01 6.865121315590624995e+00
4.209999847412109375e+01 5.627518468828994536e+00
4.220000076293945312e+01 6.095116989157242315e+00
4.229999923706054688e+01 5.964338442711770050e+00
4.240000152587890625e+01 5.448211673091138074e+00
4.250000000000000000e+01 6.443754904840694131e+00
4.259999847412109375e+01 6.308954976729116204e+00
4.270000076293945312e+01 6.560053797058704284e+00
4.279999923706054688e+01 6.632529757882243082e+00
4.290000152587890625e+01 5.535381235538703315e+00
4.300000000000000000e+01 5.714161684056443313e+00
4.309999847412109375e+01 5.343254908845153750e+00
4.320000076293945312e+01 5.547667630095274305e+00
4.329999923706054688e+01 6.402011677207164020e+00
4.340000152587890625e+01 6.516400737220062744e+00
4.350000000000000000e+01 6.215188754187342290e+00
4.359999847412109375e+01 6.098651112065278213e+00
4.370000076293945312e+01 5.693410015687319081e+00
4.379999923706054688e+01 6.183997513943858770e+00
4.390000152587890625e+01 6.069805748411374324e+00
4.400000000000000000e+01 5.175296743650861231e+00
4.409999847412109375e+01 6.370226831351867069e+00
4.420000076293945312e+01 6.185301586133475915e+00
4.429999923706054688e+01 6.414591938273001226e+00
4.440000152587890625e+01 4.808017195081876416e+00
4.450000000000000000e+01 5.946428264566050892e+00
4.459999847412109375e+01 5.850355707938496685e+00
4.470000076293945312e+01 6.114346923708612103e+00
4.479999923706054688e+01 6.737003299925726552e+00
4.490000152587890625e+01 6.559196589403074817e+00
4.500000000000000000e+01 6.568834399697837334e+00
4.509999847412109375e+01 6.839989648458050908e+00
4.520000076293945312e+01 8.206934682267750247e+00
4.529999923706054688e+01 7.130029940334217109e+00
4.540000152587890625e+01 7.087776977000516787e+00
4.550000000000000000e+01 8.452546463024072310e+00
4.559999847412109375e+01 6.866784179962566625e+00
4.570000076293945312e+01 6.205849575392032413e+00
4.579999923706054688e+01 5.543252913092485024e+00
4.590000152587890625e+01 7.079753095689786946e+00
4.600000000000000000e+01 7.960375290375797164e+00
4.609999847412109375e+01 1.066779819922025929e+01
4.620000076293945312e+01 9.135813277048832504e+00
4.629999923706054688e+01 9.784968731426076261e+00
4.640000152587890625e+01 8.745127688603062666e+00
4.650000000000000000e+01 8.873614778604279607e+00
4.659999847412109375e+01 1.059131910164210133e+01
4.670000076293945312e+01 8.463107021818707665e+00
4.679999923706054688e+01 9.366822350757900040e+00
4.690000152587890625e+01 9.721439389089262306e+00
4.700000000000000000e+01 8.529827243023639483e+00
4.709999847412109375e+01 1.015859409005563307e+01
4.720000076293945312e+01 9.225554424144354115e+00
4.729999923706054688e+01 7.849664876162378846e+00
4.740000152587890625e+01 7.874895122321530216e+00
4.750000000000000000e+01 9.362909855570189066e+00
4.759999847412109375e+01 9.534193520565871438e+00
4.770000076293945312e+01 8.118070619233254348e+00
4.779999923706054688e+01 9.798880078663600557e+00
4.790000152587890625e+01 6.815916280946270334e+00
4.800000000000000000e+01 6.346491150384954594e+00
4.809999847412109375e+01 7.477630036269032665e+00
4.820000076293945312e+01 7.047483795117841510e+00
4.829999923706054688e+01 8.116301062318195036e+00
4.840000152587890625e+01 7.536727120193583929e+00
4.850000000000000000e+01 8.565215532128208409e+00
4.859999847412109375e+01 6.289533318182557231e+00
4.870000076293945312e+01 7.354605084215801725e+00
4.879999923706054688e+01 8.514617761473218138e+00
4.890000152587890625e+01 8.721886933512337237e+00
4.900000000000000000e+01 8.590239184787574089e+00
4.909999847412109375e+01 1.021659783639602104e+01
4.920000076293945312e+01 1.037299897853460351e+01
4.929999923706054688e+01 9.152275355551498848e+00
4.940000152587890625e+01 6.410227528150339360e+00
4.950000000000000000e+01 6.382152726011278254e+00
4.959999847412109375e+01 8.150206830706503425e+00
4.970000076293945312e+01 9.859134738798255526e+00
4.979999923706054688e+01 1.189835607847293808e+01
4.990000152587890625e+01 9.124066019046402687e+00
5.000000000000000000e+01 8.353608558090829916e+00
5.009999847412109375e+01 8.042405871417514618e+00
5.020000076293945312e+01 9.113323025644087139e+00
5.029999923706054688e+01 9.447161411354644045e+00
5.040000152587890625e+01 9.893952058827405693e+00
5.050000000000000000e+01 7.629980828724188591e+00
5.059999847412109375e+01 8.740601132949480601e+00
5.070000076293945312e+01 9.448065624976056398e+00
5.079999923706054688e+01 9.712751595688557060e+00
5.090000152587890625e+01 8.301656085985099409e+00
5.100000000000000000e+01 9.021385193176056916e+00
5.109999847412109375e+01 8.654978824194749620e+00
5.120000076293945312e+01 9.900080366386381669e+00
5.129999923706054688e+01 1.016139319993222401e+01
5.140000152587890625e+01 1.073896122637790995e+01
5.150000000000000000e+01 1.015910517813122205e+01
5.159999847412109375e+01 9.813733965650516922e+00
5.170000076293945312e+01 9.686710975292200487e+00
5.179999923706054688e+01 9.357821062974727155e+00
5.190000152587890625e+01 9.554863799836310179e+00
5.200000000000000000e+01 1.003307081442126680e+01
5.209999847412109375e+01 1.020631849009855152e+01
5.220000076293945312e+01 1.074912029871212304e+01
5.229999923706054688e+01 1.068762249904260031e+01
5.240000152587890625e+01 1.059494976957137524e+01
5.250000000000000000e+01 1.034939650370528952e+01
5.259999847412109375e+01 1.010760313074805161e+01
5.270000076293945312e+01 9.887184655811610767e+00
5.279999923706054688e+01 9.810255444945996217e+00
5.290000152587890625e+01 9.967301050783568428e+00
5.300000000000000000e+01 9.198327882139851752e+00
5.309999847412109375e+01 1.045274050370588981e+01
5.320000076293945312e+01 8.959443000100984378e+00
5.329999923706054688e+01 9.539030611753764433e+00
5.340000152587890625e+01 9.195557283232400181e+00
5.350000000000000000e+01 1.028616150407263419e+01
5.359999847412109375e+01 8.086854547717717168e+00
5.370000076293945312e+01 9.653754793912424859e+00
5.379999923706054688e+01 1.005013738062749873e+01
5.390000152587890625e+01 8.410044670529591926e+00
5.400000000000000000e+01 8.053366429123952841e+00
5.409999847412109375e+01 7.703453686585501003e+00
5.420000076293945312e+01 7.106800047804473941e+00
5.429999923706054688e+01 1.009873246009927072e+01
5.440000152587890625e+01 8.637018767594147661e+00
5.450000000000000000e+01 9.898275067968178575e+00
5.459999847412109375e+01 9.146777513524371628e+00
5.470000076293945312e+01 1.052759627262774522e+01
5.479999923706054688e+01 9.876489370972155513e+00
5.490000152587890625e+01 1.031546673358288047e+01
5.500000000000000000e+01 1.058148335195402545e+01
5.509999847412109375e+01 1.071011059329500092e+01
5.520000076293945312e+01 8.161940863691707904e+00
5.529999923706054688e+01 9.108892872394900309e+00
5.540000152587890625e+01 9.984389366772978391e+00
5.550000000000000000e+01 1.113178207097468864e+01
5.559999847412109375e+01 9.071606543984374937e+00
5.570000076293945312e+01 1.027667398101135809e+01
5.579999923706054688e+01 9.371668874209351685e+00
5.590000152587890625e+01 8.593559920818995224e+00
5.600000000000000000e+01 1.056025031931849334e+01
5.609999847412109375e+01 1.140063354449363331e+01
5.620000076293945312e+01 1.062854017224152336e+01
5.629999923706054688e+01 1.015600139557278503e+01
5.640000152587890625e+01 9.950963412205902969e+00
5.650000000000000000e+01 1.192226208678241406e+01
5.659999847412109375e+01 1.215689947155837380e+01
5.670000076293945312e+01 1.133918361402911579e+01
5.679999923706054688e+01 9.816326352224473695e+00
5.690000152587890625e+01 9.384102265647049634e+00
5.700000000000000000e+01 1.099701192748510437e+01
5.709999847412109375e+01 9.623147547711610628e+00
5.720000076293945312e+01 1.115022181093678810e+01
5.729999923706054688e+01 1.004634525748533846e+01
5.740000152587890625e+01 9.649361255820998906e+00
5.750000000000000000e+01 9.985431561581505022e+00
5.759999847412109375e+01 1.068953014084136655e+01
5.770000076293945312e+01 9.143083732752666393e+00
5.779999923706054688e+01 8.612935154826766748e+00
5.790000152587890625e+01 9.145365167793089611e+00
5.800000000000000000e+01 9.675062024387566240e+00
5.809999847412109375e+01 7.807790824683855213e+00
5.820000076293945312e+01 8.513004663224272406e+00
5.829999923706054688e+01 8.858837811308880816e+00
5.840000152587890625e+01 9.029693116390353325e+00
5.850000000000000000e+01 8.957523451138715842e+00
5.859999847412109375e+01 9.451615212018177559e+00
5.870000076293945312e+01 7.055432202851144474e+00
5.879999923706054688e+01 7.069162902952738747e+00
5.890000152587890625e+01 8.671209142656277180e+00
5.900000000000000000e+01 7.221189333325924942e+00
5.909999847412109375e+01 8.690119474476302841e+00
5.920000076293945312e+01 8.632094212430615698e+00
5.929999923706054688e+01 8.537317714473118713e+00
5.940000152587890625e+01 8.190705304419203969e+00
5.950000000000000000e+01 8.250655199740142720e+00
5.959999847412109375e+01 8.113007630924613522e+00
5.970000076293945312e+01 8.264077464927540362e+00
5.979999923706054688e+01 9.269246524444225699e+00
5.990000152587890625e+01 8.508592068341615189e+00
6.000000000000000000e+01 7.605400263912536651e+00
6.009999847412109375e+01 7.727975826491984002e+00
6.020000076293945312e+01 7.782013775434851510e+00
6.029999923706054688e+01 9.248624597298197969e+00
6.040000152587890625e+01 9.092943718010044307e+00
6.050000000000000000e+01 9.432091992750111231e+00
6.059999847412109375e+01 8.878026684303119254e+00
6.070000076293945312e+01 9.296295207426984675e+00
6.079999923706054688e+01 8.398963644586611821e+00
6.090000152587890625e+01 8.749086491569567414e+00
6.100000000000000000e+01 8.161299948787915426e+00
6.109999847412109375e+01 8.399984634619951152e+00
6.120000076293945312e+01 8.484317389330371384e+00
6.129999923706054688e+01 8.162303481942581485e+00
6.140000152587890625e+01 8.610001375693856929e+00
6.150000000000000000e+01 7.101050088744663924e+00
6.159999847412109375e+01 9.062300267189435488e+00
6.170000076293945312e+01 8.866348154072385412e+00
6.179999923706054688e+01 7.415158909958867284e+00
6.190000152587890625e+01 8.570508977586484889e+00
6.200000000000000000e+01 8.779553030429443794e+00
6.209999847412109375e+01 8.520699346661215756e+00
6.220000076293945312e+01 8.183026488570634527e+00
6.229999923706054688e+01 8.032727075573175668e+00
6.240000152587890625e+01 7.346628234228847809e+00
6.250000000000000000e+01 7.798553041448997192e+00
6.259999847412109375e+01 8.000476990842361857e+00
6.270000076293945312e+01 8.442221669378273674e+00
6.279999923706054688e+01 8.113262453801619145e+00
6.290000152587890625e+01 7.894877071809414559e+00
6.300000000000000000e+01 7.015168646308839406e+00
6.309999847412109375e+01 7.172734556608120648e+00
6.320000076293945312e+01 8.181307161110053627e+00
6.329999923706054688e+01 8.588280078389402661e+00
6.340000152587890625e+01 8.475404377151065205e+00
6.350000000000000000e+01 1.049530649593750198e+01
6.359999847412109375e+01 7.065337507210188939e+00
6.370000076293945312e+01 8.584239978258437986e+00
6.379999923706054688e+01 9.212584431894798698e+00
6.390000152587890625e+01 7.022262195570652565e+00
6.400000000000000000e+01 1.028158571606530991e+01
6.409999847412109375e+01 8.933672627771038321e+00
6.419999694824218750e+01 7.957039412498529529e+00
6.430000305175781250e+01 9.162248811272286630e+00
6.440000152587890625e+01 8.593869765244152248e+00
6.450000000000000000e+01 9.530187705219720584e+00
6.459999847412109375e+01 7.177886865154592400e+00
6.469999694824218750e+01 7.311445827167112554e+00
6.480000305175781250e+01 8.603222854228064875e+00
6.490000152587890625e+01 9.154276776120566339e+00
6.500000000000000000e+01 1.004380629354568732e+01
6.509999847412109375e+01 9.653929028960975600e+00
6.519999694824218750e+01 9.487219945503278851e+00
6.530000305175781250e+01 9.719992331091111382e+00
6.540000152587890625e+01 8.974516217011982988e+00
6.550000000000000000e+01 7.919064331664532830e+00
6.559999847412109375e+01 6.929817457924571933e+00
6.569999694824218750e+01 8.642760953268536994e+00
6.580000305175781250e+01 6.685318349812280125e+00
6.590000152587890625e+01 9.315695772549736020e+00
6.600000000000000000e+01 7.294965703789720202e+00
6.609999847412109375e+01 9.203518113973252923e+00
6.619999694824218750e+01 9.685030702823686610e+00
6.630000305175781250e+01 8.884803692942670139e+00
6.640000152587890625e+01 8.144723257862896304e+00
6.650000000000000000e+01 9.438896103751842404e+00
6.659999847412109375e+01 9.205076936700724133e+00
6.669999694824218750e+01 9.596976740577757070e+00
6.680000305175781250e+01 8.808596972762691379e+00
6.690000152587890625e+01 1.201659457380266716e+01
6.700000000000000000e+01 9.251739078946114248e+00
6.709999847412109375e+01 8.461897246787946969e+00
6.719999694824218750e+01 9.147222092187577758e+00
6.730000305175781250e+01 9.608331734590144890e+00
6.740000152587890625e+01 7.753582713297698881e+00
6.750000000000000000e+01 9.415780871002302987e+00
6.759999847412109375e+01 1.083547651814187951e+01
6.769999694824218750e+01 1.064055818274063725e+01
6.780000305175781250e+01 8.425571052045336629e+00
6.790000152587890625e+01 9.434148566303418804e+00
6.800000000000000000e+01 8.849940123370544143e+00
6.809999847412109375e+01 8.210068715670320927e+00
6.819999694824218750e+01 8.028779218005883678e+00
6.830000305175781250e+01 1.203925212914706400e+01
6.840000152587890625e+01 8.985457370813941580e+00
6.850000000000000000e+01 8.375892471062350353e+00
6.859999847412109375e+01 7.727359062716532279e+00
6.869999694824218750e+01 1.163851058286937246e+01
6.880000305175781250e+01 8.500335746532471148e+00
6.890000152587890625e+01 8.863559103898429825e+00
6.900000000000000000e+01 1.078316997540288291e+01
6.909999847412109375e+01 1.056524677108351895e+01
6.919999694824218750e+01 1.099071509211212039e+01
6.930000305175781250e+01 9.325684453495641790e+00
6.940000152587890625e+01 9.380670495438007350e+00
6.950000000000000000e+01 1.050033954730380792e+01
6.959999847412109375e+01 1.085449902401093070e+01
6.969999694824218750e+01 8.964437857119548880e+00
6.980000305175781250e+01 1.132433172760980256e+01
6.990000152587890625e+01 9.354852635207032918e+00
7.000000000000000000e+01 1.017560903039574605e+01
7.009999847412109375e+01 8.554184354520783629e+00
7.019999694824218750e+01 9.128502096762101559e+00
7.030000305175781250e+01 8.809294964380352866e+00
7.040000152587890625e+01 8.706178925661445689e+00
7.050000000000000000e+01 8.034331359548607665e+00
7.059999847412109375e+01 1.116380794929841436e+01
7.069999694824218750e+01 1.091722892896991759e+01
7.080000305175781250e+01 8.706937339401795484e+00
7.090000152587890625e+01 8.672963809585670703e+00
7.100000000000000000e+01 8.655295351218708078e+00
7.109999847412109375e+01 9.542730029303479355e+00
7.119999694824218750e+01 8.057615319342144033e+00
7.130000305175781250e+01 8.836819305962523075e+00
7.140000152587890625e+01 7.878325214874169369e+00
7.150000000000000000e+01 8.550830317633778321e+00
7.159999847412109375e+01 1.021070542904737799e+01
7.169999694824218750e+01 1.102422020481815679e+01
7.180000305175781250e+01 1.096455511922988713e+01
7.190000152587890625e+01 1.121016476553527674e+01
7.200000000000000000e+01 1.175716756269316399e+01
7.209999847412109375e+01 8.432278514103893841e+00
7.219999694824218750e+01 7.737989389174560806e+00
7.230000305175781250e+01 9.750984130633916891e+00
7.240000152587890625e+01 7.370209010522320803e+00
7.250000000000000000e+01 6.915394453977844691e+00
7.259999847412109375e+01 9.623777848381713795e+00
7.269999694824218750e+01 9.213454976798114870e+00
7.280000305175781250e+01 8.804973694323896538e+00
7.290000152587890625e+01 8.284646471578771099e+00
7.300000000000000000e+01 6.544937697306257185e+00
7.309999847412109375e+01 7.456801115933735069e+00
7.319999694824218750e+01 6.265232594270804256e+00
7.330000305175781250e+01 7.935258717829174913e+00
7.340000152587890625e+01 7.116218273587854526e+00
7.350000000000000000e+01 8.225230112624503320e+00
7.359999847412109375e+01 8.378981173246579317e+00
7.369999694824218750e+01 7.584236146480778373e+00
7.380000305175781250e+01 7.753745490514295291e+00
7.390000152587890625e+01 7.751679367873088644e+00
7.400000000000000000e+01 6.971861881748594669e+00
7.409999847412109375e+01 6.997063831847983195e+00
7.419999694824218750e+01 7.267726499269605789e+00
7.430000305175781250e+01 7.266072012890753662e+00
7.440000152587890625e+01 8.027905244138773710e+00
7.450000000000000000e+01 5.284892214100899821e+00
7.459999847412109375e+01 8.425346722715268299e+00
7.469999694824218750e+01 8.125782145590772387e+00
7.480000305175781250e+01 6.537669555893633522e+00
7.490000152587890625e+01 7.799660063495563733e+00
7.500000000000000000e+01 7.808956723809528988e+00
7.509999847412109375e+01 8.399448461750973038e+00
7.519999694824218750e+01 9.041391407233920319e+00
7.530000305175781250e+01 9.046253802347223427e+00
7.540000152587890625e+01 9.381625291562118107e+00
7.550000000000000000e+01 8.053129137736448229e+00
7.559999847412109375e+01 6.626136286155077215e+00
7.569999694824218750e+01 7.027272865068271201e+00
7.580000305175781250e+01 7.250483779807071372e+00
7.590000152587890625e+01 7.410643080817661321e+00
7.600000000000000000e+01 7.131068943794535819e+00
7.609999847412109375e+01 6.907257227926125509e+00
7.619999694824218750e+01 7.401463668345124702e+00
7.630000305175781250e+01 7.266933242743344401e+00
7.640000152587890625e+01 6.632674725041152186e+00
7.650000000000000000e+01 6.661374102126042196e+00
7.659999847412109375e+01 5.993631144456684545e+00
7.669999694824218750e+01 6.964532992882639384e+00
7.680000305175781250e+01 7.523791428683627380e+00
7.690000152587890625e+01 7.581610928032317176e+00
7.700000000000000000e+01 6.790224715951862500e+00
7.709999847412109375e+01 8.123506038394141981e+00
7.719999694824218750e+01 8.692981267365512466e+00
7.730000305175781250e+01 8.380103834655873385e+00
7.740000152587890625e+01 7.155932419379110954e+00
7.750000000000000000e+01 7.909505986445602765e+00
7.759999847412109375e+01 7.035833864474096089e+00
7.769999694824218750e+01 7.483904941698016344e+00
7.780000305175781250e+01 7.675639549875668877e+00
7.790000152587890625e+01 8.267066163131321588e+00
7.800000000000000000e+01 8.447650074211326299e+00
7.809999847412109375e+01 7.986554241017953082e+00
7.819999694824218750e+01 8.255301160287279671e+00
7.830000305175781250e+01 7.733456857347219326e+00
7.840000152587890625e+01 8.700756145346831616e+00
7.850000000000000000e+01 9.529662438682480641e+00
7.859999847412109375e+01 7.748951242174405785e+00
7.869999694824218750e+01 7.674336034176245214e+00
7.880000305175781250e+01 7.265557137760668915e+00
7.890000152587890625e+01 6.375089942165746315e+00
7.900000000000000000e+01 7.160269216874810994e+00
7.909999847412109375e+01 8.540684052464390774e+00
7.919999694824218750e+01 6.879655864134971210e+00
7.930000305175781250e+01 7.631150677913350222e+00
7.940000152587890625e+01 6.907994363203736832e+00
7.950000000000000000e+01 8.169558953719807448e+00
7.959999847412109375e+01 8.861112154259309648e+00
7.969999694824218750e+01 7.188413116959135429e+00
7.980000305175781250e+01 9.381135677558679831e+00
7.990000152587890625e+01 6.310117882321190308e+00
8.000000000000000000e+01 6.265362953959926706e+00
8.009999847412109375e+01 6.484644847144162227e+00
8.019999694824218750e+01 6.690406018919815345e+00
8.030000305175781250e+01 7.661696119266962590e+00
8.040000152587890625e+01 8.407668454884607456e+00
8.050000000000000000e+01 6.162329913647688784e+00
8.059999847412109375e+01 6.617855793307814594e+00
8.069999694824218750e+01 6.365407514190611238e+00
8.080000305175781250e+01 7.516326612828236442e+00
8.090000152587890625e+01 6.962096272221200088e+00
8.100000000000000000e+01 8.555725782310522831e+00
8.109999847412109375e+01 7.412140382800111560e+00
8.119999694824218750e+01 8.512291968154146460e+00
8.130000305175781250e+01 7.795342222748108618e+00
8.140000152587890625e+01 7.740262970809736132e+00
8.150000000000000000e+01 7.820503533706610888e+00
8.159999847412109375e+01 8.052285394417525666e+00
8.169999694824218750e+01 8.989105148721154848e+00
8.180000305175781250e+01 7.379419665244967952e+00
8.190000152587890625e+01 8.519874182802574580e+00
8.200000000000000000e+01 6.925294390009414158e+00
8.209999847412109375e+01 6.923811018152985497e+00
8.219999694824218750e+01 7.869799631586830380e+00
8.230000305175781250e+01 7.087797086614468611e+00
8.240000152587890625e+01 8.169290778211175663e+00
8.250000000000000000e+01 6.847081549730615002e+00
8.259999847412109375e+01 7.909966657750818975e+00
8.269999694824218750e+01 6.628551484920121695e+00
8.280000305175781250e+01 7.612584798521053742e+00
8.290000152587890625e+01 8.899507114057159995e+00
8.300000000000000000e+01 7.842547597548640503e+00
8.309999847412109375e+01 8.166388434241600436e+00
8.319999694824218750e+01 7.341651213567581991e+00
8.330000305175781250e+01 7.000113823025193582e+00
8.340000152587890625e+01 7.030285652241267336e+00
8.350000000000000000e+01 7.719463571793282242e+00
8.359999847412109375e+01 7.785708003504146824e+00
8.369999694824218750e+01 8.173198690329989802e+00
8.380000305175781250e+01 6.636668965824682687e+00
8.390000152587890625e+01 8.160229523906890492e+00
8.400000000000000000e+01 8.956828869505457646e+00
8.409999847412109375e+01 9.274365300177800364e+00
8.419999694824218750e+01 8.490008962300837680e+00
8.430000305175781250e+01 7.473163888761376938e+00
8.440000152587890625e+01 7.200441540751940650e+00
8.450000000000000000e+01 7.918875935434586566e+00
8.459999847412109375e+01 7.777035717186833175e+00
8.469999694824218750e+01 7.543869741912682336e+00
8.480000305175781250e+01 7.385428674126170989e+00
8.490000152587890625e+01 6.726755609605146624e+00
8.500000000000000000e+01 7.184140395173225890e+00
8.509999847412109375e+01 8.022410383702657910e+00
8.519999694824218750e+01 8.173346302856488776e+00
8.530000305175781250e+01 8.719591628797857652e+00
8.540000152587890625e+01 7.888537054261730574e+00
8.550000000000000000e+01 8.052160156261734869e+00
8.559999847412109375e+01 9.000080870945422973e+00
8.569999694824218750e+01 6.990329865912137564e+00
8.580000305175781250e+01 9.369209693497094094e+00
8.590000152587890625e+01 8.633015419435912108e+00
8.600000000000000000e+01 1.017821839053665300e+01
8.609999847412109375e+01 8.587433558361494690e+00
8.619999694824218750e+01 9.451484971831540349e+00
8.630000305175781250e+01 7.088451426417316625e+00
8.640000152587890625e+01 7.973857767256856910e+00
8.650000000000000000e+01 6.232173387559947209e+00
8.659999847412109375e+01 8.328329993063137593e+00
8.669999694824218750e+01 8.630939927063829842e+00
8.680000305175781250e+01 8.630969138172021715e+00
8.690000152587890625e+01 9.081649768798303768e+00
8.700000000000000000e+01 7.591241929906558106e+00
8.709999847412109375e+01 8.867534902576048594e+00
8.719999694824218750e+01 7.625873615743694600e+00
8.730000305175781250e+01 6.591210595360344371e+00
8.740000152587890625e+01 7.988292381663639752e+00
8.750000000000000000e+01 7.408841293465821209e+00
8.759999847412109375e+01 6.461062578640633269e+00
8.769999694824218750e+01 7.048893561631412119e+00
8.780000305175781250e+01 7.440127411636956900e+00
8.790000152587890625e+01 7.048313116778881060e+00
8.800000000000000000e+01 8.954836263860713075e+00
8.809999847412109375e+01 8.575767185672098947e+00
8.819999694824218750e+01 7.728418325648300780e+00
8.830000305175781250e+01 7.706608797010640721e+00
8.840000152587890625e+01 8.461577154103915532e+00
8.850000000000000000e+01 7.239046031815723481e+00
8.859999847412109375e+01 7.943984018334805164e+00
8.869999694824218750e+01 8.585047977147175047e+00
8.880000305175781250e+01 7.106492503901484348e+00
8.890000152587890625e+01 8.018685094933132973e+00
8.900000000000000000e+01 7.880339484180514553e+00
8.909999847412109375e+01 7.216488975372700843e+00
8.919999694824218750e+01 8.365825748174145815e+00
8.930000305175781250e+01 7.487747397197602517e+00
8.940000152587890625e+01 7.801197023258159113e+00
8.950000000000000000e+01 8.430349034811657205e+00
8.959999847412109375e+01 7.949344924900494824e+00
8.969999694824218750e+01 7.620431735284414643e+00
8.980000305175781250e+01 8.556849008408184076e+00
8.990000152587890625e+01 7.896996737378806586e+00
9.000000000000000000e+01 8.418015522929596983e+00
9.009999847412109375e+01 7.689955208790821395e+00
9.019999694824218750e+01 7.594573938337028984e+00
9.030000305175781250e+01 7.935604563465657790e+00
9.040000152587890625e+01 8.145256001116754518e+00
9.050000000000000000e+01 7.603173958801018095e+00
9.059999847412109375e+01 8.052642093407717638e+00
9.069999694824218750e+01 7.835937410201532671e+00
9.080000305175781250e+01 7.618916971602961219e+00
9.090000152587890625e+01 8.586428301622513359e+00
9.100000000000000000e+01 7.869283554843916839e+00
9.109999847412109375e+01 7.273347270466815395e+00
9.119999694824218750e+01 1.133510065506438913e+01
9.130000305175781250e+01 9.107966508036188458e+00
9.140000152587890625e+01 7.808034088758544655e+00
9.150000000000000000e+01 8.011376195097492214e+00
9.159999847412109375e+01 8.873293981626357407e+00
9.169999694824218750e+01 6.657168154689112605e+00
9.180000305175781250e+01 7.494759612102001256e+00
9.190000152587890625e+01 6.727140761334795549e+00
9.200000000000000000e+01 6.719738463269502304e+00
9.209999847412109375e+01 6.742192004773867708e+00
9.219999694824218750e+01 6.846421188985999606e+00
9.230000305175781250e+01 8.365740909899709976e+00
9.240000152587890625e+01 9.890299174705790008e+00
9.250000000000000000e+01 8.431573339772056030e+00
9.259999847412109375e+01 7.829529739580964431e+00
9.269999694824218750e+01 7.912417361512770420e+00
9.280000305175781250e+01 8.438136379736732806e+00
9.290000152587890625e+01 7.235163086139047905e+00
9.300000000000000000e+01 8.299199721464249890e+00
9.309999847412109375e+01 8.361086270067117354e+00
9.319999694824218750e+01 7.323357928008625173e+00
9.330000305175781250e+01 7.919968928170722400e+00
9.340000152587890625e+01 9.498614147255377560e+00
9.350000000000000000e+01 7.985834314511263798e+00
9.359999847412109375e+01 7.737765438195592260e+00
9.369999694824218750e+01 9.568732107784072127e+00
9.380000305175781250e+01 7.929233317883985777e+00
9.390000152587890625e+01 8.004193812308104228e+00
9.400000000000000000e+01 8.802442083588314148e+00
9.409999847412109375e+01 7.997753789578776029e+00
9.419999694824218750e+01 6.848980044473297113e+00
9.430000305175781250e+01 7.806449752506866346e+00
9.440000152587890625e+01 8.108510403137598743e+00
9.450000000000000000e+01 7.444980638792656258e+00
9.459999847412109375e+01 8.468045138309298281e+00
9.469999694824218750e+01 8.763982779524260636e+00
9.480000305175781250e+01 8.006391060387873182e+00
9.490000152587890625e+01 6.838486627020613717e+00
9.500000000000000000e+01 7.680046031529580652e+00
9.509999847412109375e+01 7.327390845016058307e+00
9.519999694824218750e+01 6.908222688089163732e+00
9.530000305175781250e+01 8.618667014373738056e+00
9.540000152587890625e+01 8.068337968067218924e+00
9.550000000000000000e+01 7.688780626223306491e+00
9.559999847412109375e+01 6.449639438824275040e+00
9.569999694824218750e+01 7.935347834152973512e+00
9.580000305175781250e+01 7.285949315594177911e+00
9.590000152587890625e+01 8.160676172209695878e+00
9.600000000000000000e+01 7.838963549254859053e+00
9.609999847412109375e+01 7.747801399193922300e+00
9.619999694824218750e+01 9.045799628138121662e+00
9.630000305175781250e+01 7.477517760203387986e+00
9.640000152587890625e+01 7.401537463020866348e+00
9.650000000000000000e+01 8.735092685328053719e+00
9.659999847412109375e+01 7.575219183966319214e+00
9.669999694824218750e+01 7.944240830301096956e+00
9.680000305175781250e+01 6.596933447151758223e+00
9.690000152587890625e+01 7.237391441825229421e+00
9.700000000000000000e+01 7.558646018863500515e+00
9.709999847412109375e+01 6.405499863590399912e+00
9.719999694824218750e+01 7.124408073298154065e+00
9.730000305175781250e+01 6.730396054400121564e+00
9.740000152587890625e+01 9.420310261474853064e+00
9.750000000000000000e+01 8.839707637286263520e+00
9.759999847412109375e+01 7.923761925919039051e+00
9.769999694824218750e+01 8.263255349815707973e+00
9.780000305175781250e+01 8.732357669494525965e+00
9.790000152587890625e+01 7.697075634074664663e+00
9.800000000000000000e+01 6.910269630224469495e+00
9.809999847412109375e+01 5.961722814348877186e+00
9.819999694824218750e+01 7.774159629414237216e+00
9.830000305175781250e+01 8.723543668161038767e+00
9.840000152587890625e+01 7.726130984188634976e+00
9.850000000000000000e+01 8.693828616481303229e+00
9.859999847412109375e+01 8.114968292538021544e+00
9.869999694824218750e+01 6.940836866934167126e+00
9.880000305175781250e+01 8.517706389941890777e+00
9.890000152587890625e+01 7.849497356123533720e+00
9.900000000000000000e+01 7.902203077740417747e+00
9.909999847412109375e+01 9.437757461688711658e+00
9.919999694824218750e+01 9.051066964544611793e+00
9.930000305175781250e+01 9.104218518580205810e+00
9.940000152587890625e+01 7.980221424304030364e+00
9.950000000000000000e+01 1.100135729291760356e+01
9.959999847412109375e+01 7.434455579342353460e+00
9.969999694824218750e+01 8.087532021452428665e+00
9.980000305175781250e+01 8.601703459908591753e+00
9.990000152587890625e+01 8.925616377908358601e+00
1.000000000000000000e+02 6.979654729673359093e+00
1.000999984741210938e+02 7.904702415697207663e+00
1.001999969482421875e+02 7.435944578325962340e+00
1.003000030517578125e+02 7.586210801927892433e+00
1.004000015258789062e+02 8.296256438689344037e+00
1.005000000000000000e+02 9.095036949471712262e+00
1.005999984741210938e+02 6.762957603693759978e+00
1.006999969482421875e+02 6.894350092432106614e+00
1.008000030517578125e+02 8.649256303668945378e+00
1.009000015258789062e+02 8.968379680041397961e+00
1.010000000000000000e+02 7.885832245660175488e+00
1.010999984741210938e+02 8.185993477410551833e+00
1.011999969482421875e+02 8.374741169858429757e+00
1.013000030517578125e+02 9.196728527610252613e+00
1.014000015258789062e+02 8.069690506282626075e+00
1.015000000000000000e+02 7.131218766998098424e+00
1.015999984741210938e+02 6.664578926093385647e+00
1.016999969482421875e+02 7.935327363519975918e+00
1.018000030517578125e+02 8.923813783144497691e+00
1.019000015258789062e+02 8.271926249114613938e+00
1.020000000000000000e+02 6.966740629898496628e+00
1.020999984741210938e+02 6.541393579224200394e+00
1.021999969482421875e+02 7.045165379274235029e+00
1.023000030517578125e+02 7.660183559722387514e+00
1.024000015258789062e+02 8.250844955780793910e+00
1.025000000000000000e+02 8.193371883799690281e+00
1.025999984741210938e+02 9.403428417378854931e+00
1.026999969482421875e+02 8.291018903941155926e+00
1.028000030517578125e+02 9.566170595830930878e+00
1.029000015258789062e+02 9.474717421006639384e+00
1.030000000000000000e+02 8.606827745978273825e+00
1.030999984741210938e+02 8.789471806287144418e+00
1.031999969482421875e+02 8.708599445649200632e+00
1.033000030517578125e+02 9.115576166250265899e+00
1.034000015258789062e+02 8.150863260532695165e+00
1.035000000000000000e+02 7.644336609283629791e+00
1.035999984741210938e+02 8.249387322835225689e+00
1.036999969482421875e+02 8.876355169740321571e+00
1.038000030517578125e+02 8.248667739825137346e+00
1.039000015258789062e+02 8.333363688941458847e+00
1.040000000000000000e+02 9.007034316237657379e+00
1.040999984741210938e+02 8.899745520813562294e+00
1.041999969482421875e+02 9.103159287484208662e+00
1.043000030517578125e+02 8.200663491585318710e+00
1.044000015258789062e+02 8.465270423607371697e+00
1.045000000000000000e+02 1.081181361285203124e+01
1.045999984741210938e+02 8.993270137585422930e+00
1.046999969482421875e+02 7.212444195834947003e+00
1.048000030517578125e+02 8.363030419898064949e+00
1.049000015258789062e+02 8.199415171297859573e+00
1.050000000000000000e+02 7.232907768087574851e+00
1.050999984741210938e+02 7.484318635118403229e+00
1.051999969482421875e+02 7.852857108456862356e+00
1.053000030517578125e+02 8.748631121458632975e+00
1.054000015258789062e+02 1.074531520955736852e+01
1.055000000000000000e+02 1.096028403351800762e+01
1.055999984741210938e+02 8.857996981315821472e+00
1.056999969482421875e+02 8.882421172115460450e+00
1.058000030517578125e+02 8.617701602546780748e+00
1.059000015258789062e+02 8.568397171392918565e+00
1.060000000000000000e+02 1.068782136481424416e+01
1.060999984741210938e+02 8.959736072757305436e+00
1.061999969482421875e+02 7.729097306468083239e+00
1.063000030517578125e+02 9.542412725309864285e+00
1.064000015258789062e+02 1.015411879003258910e+01
1.065000000000000000e+02 9.048841663009881131e+00
1.065999984741210938e+02 9.661598385387279109e+00
1.066999969482421875e+02 8.575681481735887957e+00
1.068000030517578125e+02 7.534994443304254830e+00
1.069000015258789062e+02 7.761960708676016729e+00
1.070000000000000000e+02 8.393097481902428214e+00
1.070999984741210938e+02 9.316984366920527449e+00
1.071999969482421875e+02 8.869695955963592837e+00
1.073000030517578125e+02 8.773926475790254642e+00
1.074000015258789062e+02 9.265430985148938703e+00
1.075000000000000000e+02 9.363251557808709435e+00
1.075999984741210938e+02 1.023993845694379523e+01
1.076999969482421875e+02 9.839351355387414344e+00
1.078000030517578125e+02 8.128647170050843584e+00
1.079000015258789062e+02 9.908994555412256489e+00
1.080000000000000000e+02 9.518736155240066665e+00
1.080999984741210938e+02 8.607663778859850012e+00
1.081999969482421875e+02 9.851783746905496741e+00
1.083000030517578125e+02 1.054766348027092349e+01
1.084000015258789062e+02 9.345399482691219006e+00
1.085000000000000000e+02 9.997782175900233881e+00
1.085999984741210938e+02 8.094140418356042588e+00
1.086999969482421875e+02 1.008035251679167921e+01
1.088000030517578125e+02 9.305453787629794249e+00
1.089000015258789062e+02 9.337131915207013577e+00
1.090000000000000000e+02 8.440692470378500900e+00
1.090999984741210938e+02 8.502936756590385059e+00
1.091999969482421875e+02 7.512615413310113510e+00
1.093000030517578125e+02 8.988305489682604232e+00
1.094000015258789062e+02 1.010372238620520768e+01
1.095000000000000000e+02 9.846397880460523666e+00
1.095999984741210938e+02 8.044832561160266238e+00
1.096999969482421875e+02 1.130368738864239475e+01
1.098000030517578125e+02 9.406127864425295471e+00
1.099000015258789062e+02 1.048614506830913129e+01
1.100000000000000000e+02 1.176068650797679283e+01
1.100999984741210938e+02 9.574724162455007459e+00
1.101999969482421875e+02 9.379040013186191516e+00
1.103000030517578125e+02 1.048657450325758766e+01
1.104000015258789062e+02 8.261064780381081718e+00
1.105000000000000000e+02 9.727455600396199387e+00
1.105999984741210938e+02 7.325325563754451430e+00
1.106999969482421875e+02 7.851815694259835610e+00
1.108000030517578125e+02 8.739903557256337052e+00
1.109000015258789062e+02 8.719561664530738554e+00
1.110000000000000000e+02 9.675095084725573003e+00
1.110999984741210938e+02 8.431547644944393127e+00
1.111999969482421875e+02 8.857029376174692104e+00
1.113000030517578125e+02 6.587483958079708657e+00
1.114000015258789062e+02 7.025268009198922137e+00
1.115000000000000000e+02 9.361165723646603709e+00
1.115999984741210938e+02 9.668919576653886239e+00
1.116999969482421875e+02 7.486197042619766151e+00
1.118000030517578125e+02 7.874706760702957276e+00
1.119000015258789062e+02 7.874601094507974075e+00
1.120000000000000000e+02 8.177555687088418068e+00
1.120999984741210938e+02 8.597560029607615562e+00
1.121999969482421875e+02 1.051109372957246535e+01
1.123000030517578125e+02 7.888820800183280468e+00
1.124000015258789062e+02 9.606035427304849605e+00
1.125000000000000000e+02 1.036765436446339805e+01
1.125999984741210938e+02 9.482429722455110621e+00
1.126999969482421875e+02 6.831903776152810970e+00
1.128000030517578125e+02 9.053014851476792302e+00
1.129000015258789062e+02 8.780290393240882452e+00
1.130000000000000000e+02 8.560987022521384660e+00
1.130999984741210938e+02 9.697587049377840884e+00
1.131999969482421875e+02 9.188439081181790868e+00
1.133000030517578125e+02 9.533867349161313953e+00
1.134000015258789062e+02 8.216275039811211656e+00
1.135000000000000000e+02 8.226205462859622841e+00
1.135999984741210938e+02 8.461019587518299190e+00
1.136999969482421875e+02 8.361589867290270206e+00
1.138000030517578125e+02 7.741511381097435418e+00
1.139000015258789062e+02 9.933449694843845990e+00
1.140000000000000000e+02 8.643461965736497277e+00
1.140999984741210938e+02 9.530904330920499490e+00
1.141999969482421875e+02 9.779247942684246908e+00
1.143000030517578125e+02 1.056319887146918646e+01
1.144000015258789062e+02 7.863074181384567041e+00
1.145000000000000000e+02 9.109014768099246595e+00
1.145999984741210938e+02 7.379925257543970218e+00
1.146999969482421875e+02 8.315745876233512135e+00
1.148000030517578125e+02 8.696064964879999692e+00
1.149000015258789062e+02 8.644906149773996518e+00
1.150000000000000000e+02 8.303334416987262045e+00
1.150999984741210938e+02 1.164648597563993881e+01
1.151999969482421875e+02 9.062254658852589628e+00
1.153000030517578125e+02 9.049420775828915353e+00
1.154000015258789062e+02 8.175284648547265220e+00
1.155000000000000000e+02 6.912098838748429230e+00
1.155999984741210938e+02 8.172279585393091850e+00
1.156999969482421875e+02 9.316586976800998343e+00
1.158000030517578125e+02 9.378942121950254673e+00
1.159000015258789062e+02 8.360165285945582170e+00
1.160000000000000000e+02 9.403690827412511055e+00
1.160999984741210938e+02 7.911787231281952160e+00
1.161999969482421875e+02 7.174474845600062878e+00
1.163000030517578125e+02 7.018782748306907848e+00
1.164000015258789062e+02 1.043990810801597746e+01
1.165000000000000000e+02 9.603963282482229857e+00
1.165999984741210938e+02 8.834312823822832783e+00
1.166999969482421875e+02 8.334486635568570279e+00
1.168000030517578125e+02 8.792480133287865485e+00
1.169000015258789062e+02 8.364563888510772927e+00
1.170000000000000000e+02 8.696006675919392137e+00
1.170999984741210938e+02 9.080594234207985949e+00
1.171999969482421875e+02 8.407271263203680789e+00
1.173000030517578125e+02 7.853779661542422907e+00
1.174000015258789062e+02 8.576731127876946914e+00
1.175000000000000000e+02 7.755303740723912043e+00
1.175999984741210938e+02 8.067225517804521573e+00
1.176999969482421875e+02 8.422645357664910293e+00
1.178000030517578125e+02 7.475146869427088170e+00
1.179000015258789062e+02 8.479563574074948207e+00
1.180000000000000000e+02 8.560087304601520231e+00
1.180999984741210938e+02 8.782185663954814814e+00
1.181999969482421875e+02 8.731125702694559010e+00
1.183000030517578125e+02 9.676081756138513512e+00
1.184000015258789062e+02 9.668683421790728261e+00
1.185000000000000000e+02 7.770167758621586707e+00
1.185999984741210938e+02 8.267411076034129280e+00
1.186999969482421875e+02 8.968083552673601133e+00
1.188000030517578125e+02 7.824120273798193637e+00
1.189000015258789062e+02 8.895193006535691893e+00
1.190000000000000000e+02 8.160470949810886054e+00
1.190999984741210938e+02 8.317073172950662396e+00
1.191999969482421875e+02 9.160194648158659803e+00
1.193000030517578125e+02 8.238301575552487321e+00
1.194000015258789062e+02 9.110774128521040183e+00
1.195000000000000000e+02 9.118034473728474865e+00
1.195999984741210938e+02 8.226140854303540806e+00
1.196999969482421875e+02 8.085448653212674586e+00
1.198000030517578125e+02 7.896850342423874736e+00
1.199000015258789062e+02 9.339240137401992214e+00
1.200000000000000000e+02 9.791678453776945901e+00
1.200999984741210938e+02 8.993634047662830255e+00
1.201999969482421875e+02 8.215813494363919389e+00
1.203000030517578125e+02 8.782253749943158994e+00
1.204000015258789062e+02 9.525378146877855556e+00
1.205000000000000000e+02 9.486850268853604717e+00
1.205999984741210938e+02 9.729683775031933379e+00
1.206999969482421875e+02 7.662362850077916399e+00
1.208000030517578125e+02 7.867744018850275189e+00
1.209000015258789062e+02 8.117132501828185909e+00
1.210000000000000000e+02 8.552738381085580599e+00
1.210999984741210938e+02 9.432925215912760564e+00
1.211999969482421875e+02 8.588741821387566588e+00
1.213000030517578125e+02 9.403981544167359985e+00
1.214000015258789062e+02 1.113119563426040415e+01
1.215000000000000000e+02 9.835242818513854957e+00
1.215999984741210938e+02 9.618755487587334230e+00
1.216999969482421875e+02 9.732393613145406519e+00
1.218000030517578125e+02 8.440359013183744707e+00
1.219000015258789062e+02 8.101700796599992316e+00
1.220000000000000000e+02 7.868002759339608687e+00
1.220999984741210938e+02 7.803074945079762514e+00
1.221999969482421875e+02 8.887073287153270940e+00
1.223000030517578125e+02 9.241946257772793771e+00
1.224000015258789062e+02 9.739621940851245441e+00
1.225000000000000000e+02 9.122430467534931253e+00
1.225999984741210938e+02 9.517352405452095709e+00
1.226999969482421875e+02 8.047800082545377265e+00
1.228000030517578125e+02 9.862145836445968428e+00
1.229000015258789062e+02 9.102722721673723427e+00
1.230000000000000000e+02 9.511741423428617281e+00
1.230999984741210938e+02 7.209978665046521407e+00
1.231999969482421875e+02 9.462387363585358813e+00
1.233000030517578125e+02 9.533208846439377382e+00
1.234000015258789062e+02 9.645670735263822237e+00
1.235000000000000000e+02 9.390607806206132224e+00
1.235999984741210938e+02 8.431366772274731858e+00
1.236999969482421875e+02 8.759230402923012804e+00
1.238000030517578125e+02 9.275769763209360974e+00
1.239000015258789062e+02 8.360254258966644869e+00
1.240000000000000000e+02 8.953277295962996263e+00
1.240999984741210938e+02 7.764926364176763407e+00
1.241999969482421875e+02 8.200603385743997720e+00
1.243000030517578125e+02 9.200697395348846896e+00
1.244000015258789062e+02 9.953191272960124181e+00
1.245000000000000000e+02 9.104019223040744180e+00
1.245999984741210938e+02 8.527305909803374107e+00
1.246999969482421875e+02 9.466687955176174896e+00
1.248000030517578125e+02 8.673235625918524150e+00
1.249000015258789062e+02 8.877799579291901111e+00
1.250000000000000000e+02 8.498714916911232820e+00
1.250999984741210938e+02 7.060005458447291993e+00
1.251999969482421875e+02 8.202786049221503006e+00
1.253000030517578125e+02 8.543270158209907095e+00
1.254000015258789062e+02 9.044710100152588694e+00
1.255000000000000000e+02 9.600431657104357086e+00
1.255999984741210938e+02 8.580261722555045267e+00
1.256999969482421875e+02 9.367673654260469718e+00
1.258000030517578125e+02 1.102580744477816310e+01
1.259000015258789062e+02 9.489868982982484269e+00
1.260000000000000000e+02 9.205367046694291844e+00
1.260999984741210938e+02 8.563981131421000370e+00
1.261999969482421875e+02 8.280163869404059795e+00
1.263000030517578125e+02 8.848171841899903356e+00
1.264000015258789062e+02 9.573219227006438459e+00
1.265000000000000000e+02 8.668122574422774562e+00
1.265999984741210938e+02 1.005985802177903921e+01
1.266999969482421875e+02 8.885679256868911580e+00
1.268000030517578125e+02 1.153275699570647639e+01
1.269000015258789062e+02 8.555508952948891022e+00
1.270000000000000000e+02 8.469318020517214052e+00
1.270999984741210938e+02 7.790458380609892153e+00
1.271999969482421875e+02 9.448852952320715204e+00
1.273000030517578125e+02 8.676739914242746821e+00
1.274000015258789062e+02 8.909499300124698706e+00
1.275000000000000000e+02 8.402565942088552120e+00
1.275999984741210938e+02 8.306184082198241114e+00
1.276999969482421875e+02 8.325102333558371370e+00
1.278000030517578125e+02 9.897292744048201030e+00
1.279000015258789062e+02 9.155098856488004699e+00
1.280000000000000000e+02 9.496496408425677771e+00
1.281000061035156250e+02 1.006205382434611373e+01
1.281999969482421875e+02 8.186741618870458481e+00
1.283000030517578125e+02 9.473366806730034284e+00
1.283999938964843750e+02 8.212700587921549555e+00
1.285000000000000000e+02 8.832562787442773455e+00
1.286000061035156250e+02 8.722156059012936780e+00
1.286999969482421875e+02 9.461042997963025059e+00
1.288000030517578125e+02 7.469387320158961785e+00
1.288999938964843750e+02 9.919997975371579457e+00
1.290000000000000000e+02 8.595843705136212876e+00
1.291000061035156250e+02 8.018459868362414866e+00
1.291999969482421875e+02 9.828998642623151483e+00
1.293000030517578125e+02 9.440549878572399578e+00
1.293999938964843750e+02 9.407447996104897570e+00
1.295000000000000000e+02 1.139215873968323223e+01
1.296000061035156250e+02 1.109389750923396711e+01
1.296999969482421875e+02 9.875057676949580809e+00
1.298000030517578125e+02 9.015113364857109346e+00
1.298999938964843750e+02 8.709056579585134017e+00
1.300000000000000000e+02 9.285770715417877241e+00
1.301000061035156250e+02 8.373976776316059301e+00
1.301999969482421875e+02 8.232221211932765570e+00
1.303000030517578125e+02 8.670617363510890740e+00
1.303999938964843750e+02 8.562607374652694503e+00
1.305000000000000000e+02 1.079351177079322177e+01
1.306000061035156250e+02 9.305739877298359275e+00
1.306999969482421875e+02 7.856720162750695735e+00
1.308000030517578125e+02 9.974171516730383047e+00
1.308999938964843750e+02 9.546030120997269108e+00
1.310000000000000000e+02 8.480996640430456424e+00
1.311000061035156250e+02 8.464229803926420104e+00
1.311999969482421875e+02 9.163162483939487402e+00
1.313000030517578125e+02 8.224523858809174470e+00
1.313999938964843750e+02 8.064737595956810168e+00
1.315000000000000000e+02 1.025279740639826898e+01
1.316000061035156250e+02 8.937815392032131712e+00
1.316999969482421875e+02 9.903508917825041280e+00
1.318000030517578125e+02 8.329393736615005039e+00
1.318999938964843750e+02 9.391677055100853266e+00
1.320000000000000000e+02 7.324050820450353605e+00
1.321000061035156250e+02 7.724057609632396293e+00
1.321999969482421875e+02 8.442517094350534990e+00
1.323000030517578125e+02 1.013966323492711119e+01
1.323999938964843750e+02 8.419820656129699543e+00
1.325000000000000000e+02 9.822403529230477659e+00
1.326000061035156250e+02 8.940439325066137144e+00
1.326999969482421875e+02 9.590073776203855260e+00
1.328000030517578125e+02 9.234017853249655516e+00
1.328999938964843750e+02 8.483129869010305413e+00
1.330000000000000000e+02 9.063592212863774478e+00
1.331000061035156250e+02 9.409853294243019306e+00
1.331999969482421875e+02 1.050404098328307789e+01
1.333000030517578125e+02 9.747342019412476688e+00
1.333999938964843750e+02 1.062321248527572237e+01
1.335000000000000000e+02 1.027710979450245432e+01
1.336000061035156250e+02 9.650256727603489182e+00
1.336999969482421875e+02 8.912428113602340218e+00
1.338000030517578125e+02 8.126420259381847089e+00
1.338999938964843750e+02 9.304893727016107619e+00
1.340000000000000000e+02 9.947014829524118085e+00
1.341000061035156250e+02 9.065951172203462249e+00
1.341999969482421875e+02 9.179283790620679895e+00
1.343000030517578125e+02 7.976984734104355823e+00
1.343999938964843750e+02 7.987419196119501130e+00
1.345000000000000000e+02 8.337094939009256578e+00
1.346000061035156250e+02 7.599937392552724269e+00
1.346999969482421875e+02 9.280153281965164425e+00
1.348000030517578125e+02 8.670131468866214774e+00
1.348999938964843750e+02 9.057182273949980100e+00
1.350000000000000000e+02 7.924218811608939816e+00
1.351000061035156250e+02 8.620406119105549436e+00
1.351999969482421875e+02 9.099515925694923624e+00
1.353000030517578125e+02 9.228153375918560997e+00
1.353999938964843750e+02 1.037623644240549403e+01
1.355000000000000000e+02 1.199880350637876880e+01
1.356000061035156250e+02 9.194438571459388143e+00
1.356999969482421875e+02 8.820058343633103703e+00
1.358000030517578125e+02 9.942691514399459862e+00
1.358999938964843750e+02 7.809306172750295261e+00
1.360000000000000000e+02 7.064165830064601082e+00
1.361000061035156250e+02 7.292933337865336263e+00
1.361999969482421875e+02 6.170290612723127843e+00
1.363000030517578125e+02 7.945216206069382281e+00
1.363999938964843750e+02 8.741140572403459430e+00
1.365000000000000000e+02 8.507892103932420014e+00
1.366000061035156250e+02 9.271767756730879384e+00
1.366999969482421875e+02 8.140290720449160133e+00
1.368000030517578125e+02 9.502611612709367606e+00
1.368999938964843750e+02 9.623418979507366799e+00
1.370000000000000000e+02 8.520558799907636427e+00
1.371000061035156250e+02 8.842005984584082157e+00
1.371999969482421875e+02 7.900924916888805605e+00
1.373000030517578125e+02 8.946473418653816623e+00
1.373999938964843750e+02 9.088050286716812920e+00
1.375000000000000000e+02 1.101567193873525774e+01
1.376000061035156250e+02 9.836612425100726753e+00
1.376999969482421875e+02 9.326097278336320073e+00
1.378000030517578125e+02 8.740572478297092829e+00
1.378999938964843750e+02 8.461954909505196909e+00
1.380000000000000000e+02 8.269010129843232804e+00
1.381000061035156250e+02 7.211033726599158200e+00
1.381999969482421875e+02 9.183889224680067187e+00
1.383000030517578125e+02 9.555379976271863640e+00
1.383999938964843750e+02 8.683346600641771218e+00
1.385000000000000000e+02 8.712788444863221571e+00
1.386000061035156250e+02 9.023352853469214452e+00
1.386999969482421875e+02 7.596876713370657619e+00
1.388000030517578125e+02 9.322628998130509714e+00
1.388999938964843750e+02 8.600623601823800257e+00
1.390000000000000000e+02 1.042991209990732671e+01
1.391000061035156250e+02 9.067539155970777642e+00
1.391999969482421875e+02 9.239979637074595686e+00
1.393000030517578125e+02 8.635513849213927173e+00
1.393999938964843750e+02 8.793151739020631297e+00
1.395000000000000000e+02 9.647817451625924079e+00
1.396000061035156250e+02 1.037008105418061277e+01
1.396999969482421875e+02 9.312314991991698321e+00
1.398000030517578125e+02 9.840593396261011705e+00
1.398999938964843750e+02 9.003070643233193948e+00
1.400000000000000000e+02 8.871415407032746003e+00
1.401000061035156250e+02 8.974946666503530679e+00
1.401999969482421875e+02 9.606930644139923814e+00
1.403000030517578125e+02 8.716130455159204260e+00
1.403999938964843750e+02 9.447787708522518813e+00
1.405000000000000000e+02 8.469751054045875804e+00
1.406000061035156250e+02 8.696548277725186793e+00
1.406999969482421875e+02 8.176648398339668944e+00
1.408000030517578125e+02 8.382837071861091616e+00
1.408999938964843750e+02 8.745241158723178643e+00
1.410000000000000000e+02 9.205383658375396294e+00
1.411000061035156250e+02 9.288972145615092657e+00
1.411999969482421875e+02 9.503402068273565817e+00
1.413000030517578125e+02 9.324309914491564655e+00
1.413999938964843750e+02 9.236905637342566422e+00
1.415000000000000000e+02 8.735960567013794531e+00
1.416000061035156250e+02 9.401447660972726439e+00
1.416999969482421875e+02 1.019104590308238123e+01
1.418000030517578125e+02 8.586151046118464691e+00
1.418999938964843750e+02 9.139962947887365630e+00
1.420000000000000000e+02 9.139774921245617634e+00
1.421000061035156250e+02 9.815354074382126370e+00
1.421999969482421875e+02 7.635841237208564003e+00
1.423000030517578125e+02 8.984343029844406914e+00
1.423999938964843750e+02 8.185936858776114988e+00
1.425000000000000000e+02 1.009678304671772864e+01
1.426000061035156250e+02 8.424325526277396392e+00
1.426999969482421875e+02 7.262444985045395818e+00
1.428000030517578125e+02 8.611137714621500905e+00
1.428999938964843750e+02 7.769476919050452679e+00
1.430000000000000000e+02 8.224169722601093468e+00
1.431000061035156250e+02 9.053630317777370706e+00
1.431999969482421875e+02 8.350074049859598446e+00
1.433000030517578125e+02 9.203297924951970188e+00
1.433999938964843750e+02 8.958359853491840497e+00
1.435000000000000000e+02 1.088297420320942166e+01
1.436000061035156250e+02 1.048028122920992189e+01
1.436999969482421875e+02 9.879937413957811998e+00
1.438000030517578125e+02 8.269955770762672742e+00
1.438999938964843750e+02 9.551615430333699308e+00
1.440000000000000000e+02 7.953863550199179677e+00
1.441000061035156250e+02 9.895277944944714577e+00
1.441999969482421875e+02 8.974772620887122798e+00
1.443000030517578125e+02 8.510367793011115012e+00
1.443999938964843750e+02 8.182383343471483883e+00
1.445000000000000000e+02 1.000733902122362728e+01
1.446000061035156250e+02 9.225155603547987582e+00
1.446999969482421875e+02 8.649541059857503100e+00
1.448000030517578125e+02 9.552025889004747583e+00
1.448999938964843750e+02 8.459045229335735883e+00
1.450000000000000000e+02 9.227045660462261267e+00
1.451000061035156250e+02 8.537845217149470756e+00
1.451999969482421875e+02 9.467077960432519035e+00
1.453000030517578125e+02 9.127219136047310499e+00
1.453999938964843750e+02 1.033545938246585649e+01
1.455000000000000000e+02 9.812561603788774178e+00
1.456000061035156250e+02 8.550433954116742896e+00
1.456999969482421875e+02 9.871391292937946815e+00
1.458000030517578125e+02 7.881705268333347725e+00
1.458999938964843750e+02 9.856137904680785766e+00
1.460000000000000000e+02 9.227506796598735406e+00
1.461000061035156250e+02 8.496780144069992602e+00
1.461999969482421875e+02 9.241336802201633560e+00
1.463000030517578125e+02 8.810900389307313674e+00
1.463999938964843750e+02 8.605347756262137437e+00
1.465000000000000000e+02 9.445484611377244377e+00
1.466000061035156250e+02 8.917246220180691907e+00
1.466999969482421875e+02 8.460455171294951171e+00
1.468000030517578125e+02 8.873109607046291814e+00
1.468999938964843750e+02 9.235856502307683513e+00
1.470000000000000000e+02 9.519776192445698726e+00
1.471000061035156250e+02 8.867334478148825028e+00
1.471999969482421875e+02 7.236216068427155257e+00
1.473000030517578125e+02 8.641357464772159602e+00
1.473999938964843750e+02 8.008967462463669307e+00
1.475000000000000000e+02 8.062062751832867136e+00
1.476000061035156250e+02 9.300150932495235168e+00
1.476999969482421875e+02 8.933725493492389091e+00
1.478000030517578125e+02 8.947503802765389480e+00
1.478999938964843750e+02 8.733393427636544359e+00
1.480000000000000000e+02 8.631240171525787375e+00
1.481000061035156250e+02 9.282245708028250775e+00
1.481999969482421875e+02 9.660625076069303319e+00
1.483000030517578125e+02 8.020109875486621576e+00
1.483999938964843750e+02 8.151376465871440047e+00
1.485000000000000000e+02 7.454005201187431595e+00
1.486000061035156250e+02 9.612001043897505426e+00
1.486999969482421875e+02 8.199064594408207896e+00
1.488000030517578125e+02 9.561456161288663935e+00
1.488999938964843750e+02 8.690510326219881065e+00
1.490000000000000000e+02 8.223519116083449987e+00
1.491000061035156250e+02 8.680594042627197027e+00
1.491999969482421875e+02 9.741791760942188461e+00
1.493000030517578125e+02 9.141376639984327923e+00
1.493999938964843750e+02 9.514528032383299916e+00
1.495000000000000000e+02 8.596697499995721969e+00
1.496000061035156250e+02 1.014894057180987375e+01
1.496999969482421875e+02 8.990770037782915836e+00
1.498000030517578125e+02 8.357299156837340703e+00
1.498999938964843750e+02 9.192246244841959069e+00
1.500000000000000000e+02 8.880516605659666496e+00
1.501000061035156250e+02 9.272518200623965257e+00
1.501999969482421875e+02 8.896404387213991072e+00
1.503000030517578125e+02 8.812099077618988474e+00
1.503999938964843750e+02 8.572714825344363021e+00
1.505000000000000000e+02 8.039872764176655195e+00
1.506000061035156250e+02 9.539712463777163975e+00
1.506999969482421875e+02 8.754492409673209963e+00
1.508000030517578125e+02 7.574051260158799259e+00
1.508999938964843750e+02 9.315130589120732552e+00
1.510000000000000000e+02 9.125030659229988572e+00
1.511000061035156250e+02 8.967948230172863688e+00
1.511999969482421875e+02 9.307521971870912125e+00
1.513000030517578125e+02 8.224926328690870037e+00
1.513999938964843750e+02 9.615463810848098092e+00
1.515000000000000000e+02 9.663424863734354275e+00
1.516000061035156250e+02 9.258410889371793573e+00
1.516999969482421875e+02 9.406876724492152064e+00
1.518000030517578125e+02 8.072947650141090392e+00
1.518999938964843750e+02 9.538067404849895681e+00
1.520000000000000000e+02 1.077100953938011862e+01
1.521000061035156250e+02 9.903752391642870023e+00
1.521999969482421875e+02 9.505790650779896822e+00
1.523000030517578125e+02 8.884265852039321842e+00
1.523999938964843750e+02 9.199934625596471349e+00
1.525000000000000000e+02 1.057887613617157108e+01
1.526000061035156250e+02 9.474736386545812294e+00
1.526999969482421875e+02 9.799450868824031602e+00
1.528000030517578125e+02 9.369717591840464266e+00
1.528999938964843750e+02 8.579949851605702449e+00
1.530000000000000000e+02 7.567675033821229746e+00
1.531000061035156250e+02 8.452005514389162144e+00
1.531999969482421875e+02 8.006160323932187239e+00
1.533000030517578125e+02 9.538346043727282009e+00
1.533999938964843750e+02 1.039058958024852153e+01
1.535000000000000000e+02 9.495058959943156296e+00
1.536000061035156250e+02 8.513982066776694779e+00
1.536999969482421875e+02 8.641615873367681999e+00
1.538000030517578125e+02 8.023897305594282159e+00
1.538999938964843750e+02 7.334791169018185286e+00
1.540000000000000000e+02 8.932849496052822857e+00
1.541000061035156250e+02 8.481765833228289253e+00
1.541999969482421875e+02 8.247351289968305466e+00
1.543000030517578125e+02 8.456377845788818348e+00
1.543999938964843750e+02 7.759491224084309025e+00
1.545000000000000000e+02 9.245787045138307292e+00
1.546000061035156250e+02 9.596832939105025773e+00
1.546999969482421875e+02 1.091719611318385930e+01
1.548000030517578125e+02 1.140889105955004368e+01
1.548999938964843750e+02 8.683795205422466523e+00
1.550000000000000000e+02 9.144630361865370816e+00
1.551000061035156250e+02 8.193770472525601534e+00
1.551999969482421875e+02 1.096557465739229009e+01
1.553000030517578125e+02 9.307614512736858359e+00
1.553999938964843750e+02 1.043982296807512533e+01
1.555000000000000000e+02 8.824187832326895631e+00
1.556000061035156250e+02 7.313978120774836889e+00
1.556999969482421875e+02 8.183263669706896337e+00
1.558000030517578125e+02 8.632261632756558001e+00
1.558999938964843750e+02 9.861109847692999253e+00
1.560000000000000000e+02 8.916012522077712887e+00
1.561000061035156250e+02 9.292092419390463931e+00
1.561999969482421875e+02 9.023586952519812243e+00
1.563000030517578125e+02 9.326167269801416637e+00
1.563999938964843750e+02 8.934042702431424843e+00
1.565000000000000000e+02 7.930803521305097803e+00
1.566000061035156250e+02 7.438334516015911113e+00
1.566999969482421875e+02 8.705755317466554288e+00
1.568000030517578125e+02 7.685052198197774409e+00
1.568999938964843750e+02 7.119348484308921421e+00
1.570000000000000000e+02 7.201541020474018673e+00
1.571000061035156250e+02 8.039555286136501167e+00
1.571999969482421875e+02 6.387947305740194537e+00
1.573000030517578125e+02 7.554769838672288351e+00
1.573999938964843750e+02 1.106607960064738982e+01
1.575000000000000000e+02 9.697613584299318745e+00
1.576000061035156250e+02 8.189833665970661869e+00
1.576999969482421875e+02 1.007770621214234907e+01
1.578000030517578125e+02 9.020292748979361619e+00
1.578999938964843750e+02 9.151036537166488571e+00
1.580000000000000000e+02 8.676892617178301848e+00
1.581000061035156250e+02 1.008879929018443811e+01
1.581999969482421875e+02 1.126898769809374912e+01
1.583000030517578125e+02 8.952480373522703871e+00
1.583999938964843750e+02 9.307612596769176960e+00
1.585000000000000000e+02 8.048960832347905381e+00
1.586000061035156250e+02 9.890742501142860021e+00
1.586999969482421875e+02 7.728327533810815275e+00
1.588000030517578125e+02 8.099273072775170945e+00
1.588999938964843750e+02 7.791869933218285027e+00
1.590000000000000000e+02 9.119685065799963297e+00
1.591000061035156250e+02 7.490916663525095665e+00
1.591999969482421875e+02 9.463395313451236746e+00
1.593000030517578125e+02 9.329664129691821017e+00
1.593999938964843750e+02 9.415351527478271976e+00
1.595000000000000000e+02 1.011498088068955248e+01
1.596000061035156250e+02 9.198521533057666844e+00
1.596999969482421875e+02 6.779462803805820670e+00
1.598000030517578125e+02 7.780512081164619786e+00
1.598999938964843750e+02 8.547986809229954019e+00
1.600000000000000000e+02 9.000269401291095761e+00
1.601000061035156250e+02 9.852339550231569376e+00
1.601999969482421875e+02 7.941807272219855385e+00
1.603000030517578125e+02 8.977698870659455821e+00
1.603999938964843750e+02 8.087270915791110681e+00
1.605000000000000000e+02 9.422812308603303322e+00
1.606000061035156250e+02 8.018725707183300244e+00
1.606999969482421875e+02 1.013485166889252120e+01
1.608000030517578125e+02 9.423551477612832628e+00
1.608999938964843750e+02 9.057755482267699776e+00
1.610000000000000000e+02 8.528885853943405593e+00
1.611000061035156250e+02 7.749026401044615042e+00
1.611999969482421875e+02 8.825952675979097606e+00
1.613000030517578125e+02 9.296643429952689885e+00
1.613999938964843750e+02 8.495955539178156712e+00
1.615000000000000000e+02 9.304309831865840152e+00
1.616000061035156250e+02 9.061399615360880233e+00
1.616999969482421875e+02 9.084350619043540576e+00
1.618000030517578125e+02 8.265759767408193071e+00
1.618999938964843750e+02 1.186409907089824856e+01
1.620000000000000000e+02 9.856552641126196335e+00
1.621000061035156250e+02 1.153425973458968379e+01
1.621999969482421875e+02 9.783818755692664126e+00
1.623000030517578125e+02 8.552512097200049013e+00
1.623999938964843750e+02 9.181416692343324470e+00
1.625000000000000000e+02 9.742189587591511213e+00
1.626000061035156250e+02 8.455781753712953375e+00
1.626999969482421875e+02 7.951801206153881196e+00
1.628000030517578125e+02 8.761981645417195708e+00
1.628999938964843750e+02 1.059333346967318512e+01
1.630000000000000000e+02 9.551531831339980627e+00
1.631000061035156250e+02 8.940165217635646755e+00
1.631999969482421875e+02 9.711021152698480208e+00
1.633000030517578125e+02 1.099970285663511405e+01
1.633999938964843750e+02 6.977059890771176498e+00
1.635000000000000000e+02 8.373491596861795117e+00
1.636000061035156250e+02 9.183422647226095137e+00
1.636999969482421875e+02 9.412095769536561463e+00
1.638000030517578125e+02 9.468800564074896897e+00
1.638999938964843750e+02 9.241937566981125229e+00
1.640000000000000000e+02 7.494214623903369343e+00
1.641000061035156250e+02 8.662700944426120486e+00
1.641999969482421875e+02 1.033186138550053990e+01
1.643000030517578125e+02 1.028497257109524377e+01
1.643999938964843750e+02 9.473460680025709735e+00
1.645000000000000000e+02 8.782539023316873639e+00
1.646000061035156250e+02 8.143169546124584102e+00
1.646999969482421875e+02 9.047442299083337858e+00
1.648000030517578125e+02 8.401820116195301225e+00
1.648999938964843750e+02 7.282035106059321805e+00
1.650000000000000000e+02 6.846474907417723799e+00
1.651000061035156250e+02 7.885187544796528059e+00
1.651999969482421875e+02 9.154931743711330228e+00
1.653000030517578125e+02 8.276248955546057218e+00
1.653999938964843750e+02 1.137928448565389772e+01
1.655000000000000000e+02 8.411525670962646473e+00
1.656000061035156250e+02 9.465546246150902121e+00
1.656999969482421875e+02 9.159512708703633876e+00
1.658000030517578125e+02 9.748441820481966502e+00
1.658999938964843750e+02 1.120437695602601913e+01
1.660000000000000000e+02 9.769192204637413113e+00
1.661000061035156250e+02 9.075862776291861778e+00
1.661999969482421875e+02 6.784008059023613590e+00
1.663000030517578125e+02 9.242659094210150528e+00
1.663999938964843750e+02 9.039136284913254826e+00
1.665000000000000000e+02 8.326437954054549451e+00
1.666000061035156250e+02 7.061132402130449570e+00
1.666999969482421875e+02 8.875062427442223623e+00
1.668000030517578125e+02 7.543710600818025469e+00
1.668999938964843750e+02 7.876375217566596199e+00
1.670000000000000000e+02 7.103048158190051531e+00
1.671000061035156250e+02 7.948180498658693693e+00
1.671999969482421875e+02 6.244222645046197506e+00
1.673000030517578125e+02 8.239945411099895978e+00
1.673999938964843750e+02 8.360643441278503118e+00
1.675000000000000000e+02 8.913159096527010661e+00
1.676000061035156250e+02 8.139499714356018600e+00
1.676999969482421875e+02 7.085723750818231359e+00
1.678000030517578125e+02 7.774515950296340350e+00
1.678999938964843750e+02 8.573835864049510036e+00
1.680000000000000000e+02 8.065505033697229820e+00
1.681000061035156250e+02 9.999092544126320092e+00
1.681999969482421875e+02 9.891869667837005053e+00
1.683000030517578125e+02 7.231362450296694888e+00
1.683999938964843750e+02 8.271590330626052534e+00
1.685000000000000000e+02 8.579374483113527461e+00
1.686000061035156250e+02 9.527747317413465922e+00
1.686999969482421875e+02 1.098868558042642363e+01
1.688000030517578125e+02 9.945510656509577885e+00
1.688999938964843750e+02 8.722423907991075254e+00
1.690000000000000000e+02 7.861577047079476799e+00
1.691000061035156250e+02 8.475605401336187228e+00
1.691999969482421875e+02 1.003066788449652158e+01
1.693000030517578125e+02 9.463106041312203232e+00
1.693999938964843750e+02 8.604717409684377927e+00
1.695000000000000000e+02 1.110640417915867673e+01
1.696000061035156250e+02 8.712399365411537033e+00
1.696999969482421875e+02 1.019914568761805818e+01
1.698000030517578125e+02 1.265032287059398897e+01
1.698999938964843750e+02 1.002314725412678875e+01
1.700000000000000000e+02 1.100408061442545993e+01
1.701000061035156250e+02 1.077048432703399961e+01
1.701999969482421875e+02 1.052470086085494927e+01
1.703000030517578125e+02 9.931562629410898069e+00
1.703999938964843750e+02 1.062289627641005119e+01
1.705000000000000000e+02 9.476494360147201590e+00
1.706000061035156250e+02 1.029888037602272277e+01
1.706999969482421875e+02 9.429093419434547485e+00
1.708000030517578125e+02 1.009319458173956718e+01
1.708999938964843750e+02 1.018235536292963417e+01
1.710000000000000000e+02 8.526686407786856492e+00
1.711000061035156250e+02 8.982837153940167241e+00
1.711999969482421875e+02 9.149957096527606026e+00
1.713000030517578125e+02 1.009184551370414518e+01
1.713999938964843750e+02 9.748563871886357646e+00
1.715000000000000000e+02 8.695573691701765640e+00
1.716000061035156250e+02 7.657584018397705528e+00
1.716999969482421875e+02 8.477893351031339009e+00
1.718000030517578125e+02 9.273778098337663423e+00
1.718999938964843750e+02 9.418615777837723968e+00
1.720000000000000000e+02 1.032849064844377196e+01
1.721000061035156250e+02 9.486210170096120109e+00
1.721999969482421875e+02 9.560157372378668583e+00
1.723000030517578125e+02 8.662516792108485575e+00
1.723999938964843750e+02 9.133472679937915117e+00
1.725000000000000000e+02 9.237567250691032683e+00
1.726000061035156250e+02 9.249225268557243140e+00
1.726999969482421875e+02 8.908678199783430784e+00
1.728000030517578125e+02 9.187006440275748531e+00
1.728999938964843750e+02 6.996202024906764017e+00
1.730000000000000000e+02 7.178564850000602959e+00
1.731000061035156250e+02 8.537397790484881455e+00
1.731999969482421875e+02 9.549477743661915596e+00
1.733000030517578125e+02 9.832951602177265826e+00
1.733999938964843750e+02 7.911285937512861466e+00
1.735000000000000000e+02 9.111784635542893085e+00
1.736000061035156250e+02 9.675325946966340851e+00
1.736999969482421875e+02 7.950806762034329900e+00
1.738000030517578125e+02 7.869357665523391887e+00
1.738999938964843750e+02 7.375232684688732832e+00
1.740000000000000000e+02 5.576034303569048944e+00
1.741000061035156250e+02 7.730049027764761327e+00
1.741999969482421875e+02 8.553325988098956500e+00
1.743000030517578125e+02 8.053834259813550389e+00
1.743999938964843750e+02 9.081842386964263270e+00
1.745000000000000000e+02 8.698054536649868496e+00
1.746000061035156250e+02 8.987782088045497275e+00
1.746999969482421875e+02 8.487824282834731449e+00
1.748000030517578125e+02 8.453915748365231408e+00
1.748999938964843750e+02 8.785481424888152091e+00
1.750000000000000000e+02 8.075289402967166907e+00
1.751000061035156250e+02 1.051464774081101972e+01
1.751999969482421875e+02 8.979968737367046927e+00
1.753000030517578125e+02 8.873767783925126551e+00
1.753999938964843750e+02 8.688774991234479828e+00
1.755000000000000000e+02 8.084240227959590186e+00
1.756000061035156250e+02 7.809691912105292566e+00
1.756999969482421875e+02 8.623690285162012970e+00
1.758000030517578125e+02 8.471948196285236321e+00
1.758999938964843750e+02 7.838801079796485105e+00
1.760000000000000000e+02 1.088954905988077293e+01
1.761000061035156250e+02 1.180491578922572060e+01
1.761999969482421875e+02 1.101768435713246852e+01
1.763000030517578125e+02 8.738528484119612472e+00
1.763999938964843750e+02 1.096449305043555000e+01
1.765000000000000000e+02 8.572368295265770044e+00
1.766000061035156250e+02 1.070143528280828349e+01
1.766999969482421875e+02 1.069148056953379999e+01
1.768000030517578125e+02 8.535384993028225509e+00
1.768999938964843750e+02 8.860210030787225577e+00
1.770000000000000000e+02 8.834978042722282154e+00
1.771000061035156250e+02 7.873733170353499844e+00
1.771999969482421875e+02 8.482591658696742698e+00
1.773000030517578125e+02 8.443537087304886057e+00
1.773999938964843750e+02 1.017544403640398265e+01
1.775000000000000000e+02 7.603943532047527043e+00
1.776000061035156250e+02 9.474347246572358827e+00
1.776999969482421875e+02 9.279105901463676531e+00
1.778000030517578125e+02 9.409677628235808555e+00
1.778999938964843750e+02 1.098352476660242161e+01
1.780000000000000000e+02 1.007223809651765478e+01
1.781000061035156250e+02 8.712317118117503867e+00
1.781999969482421875e+02 7.560548895880170761e+00
1.783000030517578125e+02 9.755032918032545908e+00
1.783999938964843750e+02 8.642266879604598273e+00
1.785000000000000000e+02 8.915751306101864060e+00
1.786000061035156250e+02 8.670226925538420559e+00
1.786999969482421875e+02 1.071300085972121785e+01
1.788000030517578125e+02 9.614775035600963804e+00
1.788999938964843750e+02 9.099533596081855080e+00
1.790000000000000000e+02 8.789994861557962835e+00
1.791000061035156250e+02 1.047702021368921699e+01
1.791999969482421875e+02 1.099290400598703776e+01
1.793000030517578125e+02 1.035967147977285840e+01
1.793999938964843750e+02 1.019965206237908895e+01
1.795000000000000000e+02 1.260759190576015953e+01
1.796000061035156250e+02 1.167932903059537253e+01
1.796999969482421875e+02 8.991548104035407718e+00
1.798000030517578125e+02 9.396571763622645790e+00
1.798999938964843750e+02 1.015444493527933112e+01
1.800000000000000000e+02 1.137802842697580985e+01
1.801000061035156250e+02 1.099766511247033662e+01
1.801999969482421875e+02 1.011630846725465283e+01
1.803000030517578125e+02 1.145859875255762717e+01
1.803999938964843750e+02 1.174542183668362583e+01
1.805000000000000000e+02 1.124306771092698476e+01
1.806000061035156250e+02 1.186536367583659057e+01
1.806999969482421875e+02 8.531727454246842868e+00
1.808000030517578125e+02 8.724518078583750835e+00
1.808999938964843750e+02 8.766704234475481528e+00
1.810000000000000000e+02 8.749812378732388041e+00
1.811000061035156250e+02 8.426114700035485683e+00
1.811999969482421875e+02 1.037188370059027420e+01
1.813000030517578125e+02 8.503321210990105072e+00
1.813999938964843750e+02 7.709740317991587766e+00
1.815000000000000000e+02 8.782164257112757610e+00
1.816000061035156250e+02 8.443887000909683138e+00
1.816999969482421875e+02 9.583360083373387184e+00
1.818000030517578125e+02 7.765278046586666427e+00
1.818999938964843750e+02 1.241591026480890214e+01
1.820000000000000000e+02 1.043212705281971964e+01
1.821000061035156250e+02 8.706962873257621638e+00
1.821999969482421875e+02 9.379972765774986954e+00
1.823000030517578125e+02 7.058176216603516906e+00
1.823999938964843750e+02 9.694155727140035594e+00
1.825000000000000000e+02 8.777077228336471748e+00
1.826000061035156250e+02 1.069323664712901767e+01
1.826999969482421875e+02 8.697137326810580049e+00
1.828000030517578125e+02 9.473127089184226080e+00
1.828999938964843750e+02 7.107166755264736402e+00
1.830000000000000000e+02 8.169727785416833754e+00
1.831000061035156250e+02 8.991826107156819958e+00
1.831999969482421875e+02 9.160608630845286982e+00
1.833000030517578125e+02 8.036704766895267582e+00
1.833999938964843750e+02 7.762138288348412907e+00
1.835000000000000000e+02 7.938417817852754688e+00
1.836000061035156250e+02 8.684600412086753707e+00
1.836999969482421875e+02 8.427822833194829499e+00
1.838000030517578125e+02 9.313391020975826606e+00
1.838999938964843750e+02 1.040261659207359557e+01
1.840000000000000000e+02 1.057165837318145130e+01
1.841000061035156250e+02 8.404552573605709398e+00
1.841999969482421875e+02 8.487707472790395613e+00
1.843000030517578125e+02 1.084429242319829534e+01
1.843999938964843750e+02 8.738527015491508010e+00
1.845000000000000000e+02 9.378278209562882495e+00
1.846000061035156250e+02 9.339015139928019238e+00
1.846999969482421875e+02 8.235778228024491554e+00
1.848000030517578125e+02 9.185038760400999536e+00
1.848999938964843750e+02 9.693476621155088679e+00
1.850000000000000000e+02 9.487618101736543963e+00
1.851000061035156250e+02 7.931637402140288451e+00
1.851999969482421875e+02 8.400154114831186902e+00
1.853000030517578125e+02 1.063331912630252241e+01
1.853999938964843750e+02 8.647930867085211304e+00
1.855000000000000000e+02 8.321106574699395964e+00
1.856000061035156250e+02 9.729443570161873112e+00
1.856999969482421875e+02 9.400043732444164135e+00
1.858000030517578125e+02 9.450359488384769691e+00
1.858999938964843750e+02 9.269008123790991149e+00
1.860000000000000000e+02 8.399528763653362873e+00
1.861000061035156250e+02 7.022070092463930990e+00
1.861999969482421875e+02 9.762620947364693436e+00
1.863000030517578125e+02 8.459281951696722146e+00
1.863999938964843750e+02 8.293774322638876484e+00
1.865000000000000000e+02 7.754668201664578930e+00
1.866000061035156250e+02 9.855583309505234979e+00
1.866999969482421875e+02 9.483024489553127268e+00
1.868000030517578125e+02 7.845052872505015706e+00
1.868999938964843750e+02 9.631446185154906914e+00
1.870000000000000000e+02 9.908938204074940970e+00
1.871000061035156250e+02 9.340131492185394180e+00
1.871999969482421875e+02 8.833018601853776630e+00
1.873000030517578125e+02 7.798110722963897956e+00
1.873999938964843750e+02 8.232218138761485449e+00
1.875000000000000000e+02 7.769515459878324926e+00
1.876000061035156250e+02 7.188472197278562348e+00
1.876999969482421875e+02 7.461564785406461731e+00
1.878000030517578125e+02 7.608864986383212070e+00
1.878999938964843750e+02 9.107116604481470645e+00
1.880000000000000000e+02 7.976294146054714318e+00
1.881000061035156250e+02 7.656264689259017153e+00
1.881999969482421875e+02 9.150718901685028328e+00
1.883000030517578125e+02 1.009223096860170799e+01
1.883999938964843750e+02 8.247347980791348121e+00
1.885000000000000000e+02 8.809294308595777778e+00
1.886000061035156250e+02 8.326444074997654710e+00
1.886999969482421875e+02 1.046975851565631643e+01
1.888000030517578125e+02 1.054305562258722695e+01
1.888999938964843750e+02 1.001455715220240172e+01
1.890000000000000000e+02 1.092373757648496735e+01
1.891000061035156250e+02 8.008422677484817953e+00
1.891999969482421875e+02 8.271024686567065132e+00
1.893000030517578125e+02 7.826507146367258194e+00
1.893999938964843750e+02 8.233898616484705002e+00
1.895000000000000000e+02 9.963667252836950539e+00
1.896000061035156250e+02 8.508868898729030406e+00
1.896999969482421875e+02 1.086321974091297449e+01
1.898000030517578125e+02 9.891590523238837918e+00
1.898999938964843750e+02 8.002309784910179857e+00
1.900000000000000000e+02 9.506345390107599158e+00
1.901000061035156250e+02 8.800630531516612010e+00
1.901999969482421875e+02 9.641212128598606768e+00
1.903000030517578125e+02 9.191850096561077876e+00
1.903999938964843750e+02 9.239344940190342470e+00
1.905000000000000000e+02 8.889372241108880246e+00
1.906000061035156250e+02 8.207029182507627141e+00
1.906999969482421875e+02 9.321730195861153589e+00
1.908000030517578125e+02 1.016485972389942560e+01
1.908999938964843750e+02 8.879794790325611586e+00
1.910000000000000000e+02 8.023791076204208395e+00
1.911000061035156250e+02 9.378636266221814566e+00
1.911999969482421875e+02 9.560162330968363875e+00
1.913000030517578125e+02 9.450354998329979495e+00
1.913999938964843750e+02 8.786397044026305281e+00
1.915000000000000000e+02 8.222662543661000356e+00
1.916000061035156250e+02 9.974913238483530620e+00
1.916999969482421875e+02 9.501143894820417657e+00
1.918000030517578125e+02 8.514235355887718626e+00
1.918999938964843750e+02 8.017754526163530571e+00
1.920000000000000000e+02 9.701850200320356166e+00
1.921000061035156250e+02 8.314097814527878327e+00
1.921999969482421875e+02 8.369226423819288385e+00
1.923000030517578125e+02 7.631771227147121195e+00
1.923999938964843750e+02 8.416726645205827140e+00
1.925000000000000000e+02 7.279646648623026017e+00
1.926000061035156250e+02 8.525528792352282892e+00
1.926999969482421875e+02 9.022455375939880895e+00
1.928000030517578125e+02 9.468690466469208644e+00
1.928999938964843750e+02 8.901386437193455237e+00
1.930000000000000000e+02 9.756728373895647621e+00
1.931000061035156250e+02 9.154555126654107866e+00
1.931999969482421875e+02 8.547950028908108067e+00
1.933000030517578125e+02 1.260265693900429973e+01
1.933999938964843750e+02 1.243925221123987868e+01
1.935000000000000000e+02 1.234574222117501563e+01
1.936000061035156250e+02 1.306625865785773755e+01
1.936999969482421875e+02 1.236285131485195521e+01
1.938000030517578125e+02 1.197024922775714906e+01
1.938999938964843750e+02 1.032893732312131974e+01
1.940000000000000000e+02 1.019006870936212472e+01
1.941000061035156250e+02 1.113963837141223934e+01
1.941999969482421875e+02 9.842620331626148911e+00
1.943000030517578125e+02 1.402500879210096052e+01
1.943999938964843750e+02 1.327139760008491898e+01
1.945000000000000000e+02 1.347303740967861074e+01
1.946000061035156250e+02 1.358462645308773098e+01
1.946999969482421875e+02 1.303111310106015708e+01
1.948000030517578125e+02 1.316933514572387054e+01
1.948999938964843750e+02 1.137146238246385188e+01
1.950000000000000000e+02 1.111078673407338435e+01
1.951000061035156250e+02 1.179981387498355794e+01
1.951999969482421875e+02 1.151565555695068710e+01
1.953000030517578125e+02 1.197224957432369408e+01
1.953999938964843750e+02 1.229751702379684808e+01
1.955000000000000000e+02 1.189837124043772398e+01
1.956000061035156250e+02 1.594466931604848092e+01
1.956999969482421875e+02 1.298423426625524790e+01
1.958000030517578125e+02 1.187400389483245888e+01
1.958999938964843750e+02 1.469729697594202733e+01
1.960000000000000000e+02 1.118948699847161166e+01
1.961000061035156250e+02 1.239513189672810078e+01
1.961999969482421875e+02 1.525670252849685227e+01
1.963000030517578125e+02 1.554649672185052189e+01
1.963999938964843750e+02 1.581985259966441859e+01
1.965000000000000000e+02 1.488091592818842379e+01
1.966000061035156250e+02 1.344745060184355800e+01
1.966999969482421875e+02 1.513227885002912743e+01
1.968000030517578125e+02 1.482275724269085337e+01
1.968999938964843750e+02 1.821075485848206554e+01
1.970000000000000000e+02 1.255681291820572909e+01
1.971000061035156250e+02 1.461214402874815121e+01
1.971999969482421875e+02 1.271389412460252544e+01
1.973000030517578125e+02 1.706772591017333696e+01
1.973999938964843750e+02 1.341698372388758109e+01
1.975000000000000000e+02 1.366750506969792234e+01
1.976000061035156250e+02 1.537141475624745013e+01
1.976999969482421875e+02 1.381157386290527178e+01
1.978000030517578125e+02 1.238207791075846309e+01
1.978999938964843750e+02 1.347900096745000020e+01
1.980000000000000000e+02 1.285845152489202015e+01
1.981000061035156250e+02 1.406741364260319571e+01
1.981999969482421875e+02 1.274994081620593001e+01
1.983000030517578125e+02 1.281729658503327940e+01
1.983999938964843750e+02 1.155612443249187571e+01
1.985000000000000000e+02 1.393501284928636430e+01
1.986000061035156250e+02 1.437721596384787581e+01
1.986999969482421875e+02 1.257853096635293433e+01
1.988000030517578125e+02 1.350374999767533701e+01
1.988999938964843750e+02 1.429992440344085836e+01
1.990000000000000000e+02 1.464802276970222650e+01
1.991000061035156250e+02 1.389283215186443599e+01
1.991999969482421875e+02 1.486739540819207406e+01
1.993000030517578125e+02 1.451473989343348947e+01
1.993999938964843750e+02 1.300699149912851205e+01
1.995000000000000000e+02 1.654912946210874836e+01
1.996000061035156250e+02 1.648978274901907426e+01
1.996999969482421875e+02 1.433973163475188706e+01
1.998000030517578125e+02 1.173129484657262900e+01
1.998999938964843750e+02 1.341881562623836466e+01
2.000000000000000000e+02 1.116510446737854245e+01
2.001000061035156250e+02 1.303988157474473830e+01
2.001999969482421875e+02 1.268193235972351651e+01
2.003000030517578125e+02 1.301314055283067184e+01
2.003999938964843750e+02 1.105875226122042143e+01
2.005000000000000000e+02 1.080411839404862562e+01
2.006000061035156250e+02 1.148862031872957168e+01
2.006999969482421875e+02 1.073496872934354762e+01
2.008000030517578125e+02 1.282422390675984758e+01
2.008999938964843750e+02 1.060355774350999525e+01
2.010000000000000000e+02 1.234544027186459658e+01
2.011000061035156250e+02 1.454584847303197748e+01
2.011999969482421875e+02 1.256878361185257553e+01
2.013000030517578125e+02 1.090950710155284220e+01
2.013999938964843750e+02 1.050892022902963063e+01
2.015000000000000000e+02 1.318161046852388729e+01
2.016000061035156250e+02 1.055684536458201173e+01
2.016999969482421875e+02 1.226605860542118265e+01
2.018000030517578125e+02 1.140177449781014474e+01
2.018999938964843750e+02 1.141012948871540900e+01
2.020000000000000000e+02 1.301863532025285863e+01
2.021000061035156250e+02 1.119829331171268549e+01
2.021999969482421875e+02 1.217601027197391872e+01
2.023000030517578125e+02 1.020659076578852265e+01
2.023999938964843750e+02 1.260879021553498447e+01
2.025000000000000000e+02 1.282403612986535890e+01
2.026000061035156250e+02 1.252271120541513127e+01
2.026999969482421875e+02 1.085579055186447306e+01
2.028000030517578125e+02 9.269390896238352440e+00
2.028999938964843750e+02 1.002127195347387811e+01
2.030000000000000000e+02 1.287749647647176410e+01
2.031000061035156250e+02 1.164701841278896488e+01
2.031999969482421875e+02 1.272943187207564364e+01
2.033000030517578125e+02 1.268186269322659321e+01
2.033999938964843750e+02 1.288761908757861185e+01
2.035000000000000000e+02 1.119551094199103325e+01
2.036000061035156250e+02 1.298743056382943450e+01
2.036999969482421875e+02 1.136859068658488958e+01
2.038000030517578125e+02 1.132810411821340146e+01
2.038999938964843750e+02 1.237169335184622199e+01
2.040000000000000000e+02 1.182792801601014254e+01
2.041000061035156250e+02 1.154618995097082035e+01
2.041999969482421875e+02 1.127323930772837635e+01
2.043000030517578125e+02 1.356206606729155340e+01
2.043999938964843750e+02 1.370437063625051266e+01
2.045000000000000000e+02 1.528650741243578715e+01
2.046000061035156250e+02 1.532660748781789906e+01
2.046999969482421875e+02 1.362965005063700374e+01
2.048000030517578125e+02 1.392207829860242363e+01
2.048999938964843750e+02 1.259392932667471499e+01
2.050000000000000000e+02 1.319973215989510962e+01
2.051000061035156250e+02 1.480265952445193278e+01
2.051999969482421875e+02 1.305204852728591547e+01
2.053000030517578125e+02 1.352612970005227133e+01
2.053999938964843750e+02 1.480544980381950460e+01
2.055000000000000000e+02 1.261275708168795617e+01
2.056000061035156250e+02 1.334947825575384606e+01
2.056999969482421875e+02 1.186145281975002064e+01
2.058000030517578125e+02 1.703144124637380585e+01
2.058999938964843750e+02 1.375917196466886772e+01
2.060000000000000000e+02 1.564722766886695204e+01
2.061000061035156250e+02 1.603594032383162116e+01
2.061999969482421875e+02 1.850099926218544510e+01
2.063000030517578125e+02 1.849984803919140575e+01
2.063999938964843750e+02 1.676613107433315975e+01
2.065000000000000000e+02 1.727173814671016672e+01
2.066000061035156250e+02 2.026683312520421154e+01
2.066999969482421875e+02 1.515952411359683794e+01
2.068000030517578125e+02 1.474954164124591394e+01
2.068999938964843750e+02 1.404139437830208514e+01
2.070000000000000000e+02 1.341023078196533547e+01
2.071000061035156250e+02 1.481067856384032311e+01
2.071999969482421875e+02 1.465899516417658255e+01
2.073000030517578125e+02 1.674257787898031680e+01
2.073999938964843750e+02 1.462580171594724732e+01
2.075000000000000000e+02 1.556417236128450021e+01
2.076000061035156250e+02 1.448794418968341979e+01
2.076999969482421875e+02 1.559734435167712263e+01
2.078000030517578125e+02 1.466221960048744499e+01
2.078999938964843750e+02 1.615430675559348828e+01
2.080000000000000000e+02 1.524038872679826362e+01
2.081000061035156250e+02 1.656107469787131947e+01
2.081999969482421875e+02 1.489497955182773126e+01
2.083000030517578125e+02 1.493914921127299067e+01
2.083999938964843750e+02 1.420345253525096041e+01
2.085000000000000000e+02 1.413191747367118190e+01
2.086000061035156250e+02 1.565078780708645745e+01
2.086999969482421875e+02 1.560338933667352279e+01
2.088000030517578125e+02 1.581066648778226202e+01
2.088999938964843750e+02 1.313564805411602165e+01
2.090000000000000000e+02 1.511899007216165458e+01
2.091000061035156250e+02 1.307686955275469920e+01
2.091999969482421875e+02 1.327158358304513719e+01
2.093000030517578125e+02 1.193303924553456596e+01
2.093999938964843750e+02 1.441944907000621789e+01
2.095000000000000000e+02 1.224824420098696542e+01
2.096000061035156250e+02 1.068850275380279413e+01
2.096999969482421875e+02 1.453548061602641006e+01
2.098000030517578125e+02 1.315560770124561074e+01
2.098999938964843750e+02 1.408231414290985306e+01
2.100000000000000000e+02 1.321962327184904851e+01
2.101000061035156250e+02 1.600152214315098576e+01
2.101999969482421875e+02 1.349055472878243478e+01
2.103000030517578125e+02 1.350467535176709433e+01
2.103999938964843750e+02 1.525828602470611095e+01
2.105000000000000000e+02 1.382802972580193668e+01
2.106000061035156250e+02 1.374826799553721912e+01
2.106999969482421875e+02 1.448476796774552788e+01
2.108000030517578125e+02 1.635230005708625356e+01
2.108999938964843750e+02 1.476692760342472077e+01
2.110000000000000000e+02 1.551517227104221064e+01
2.111000061035156250e+02 1.442104380066825264e+01
2.111999969482421875e+02 1.224624304308737699e+01
2.113000030517578125e+02 1.479503209965830379e+01
2.113999938964843750e+02 1.403015122240183921e+01
2.115000000000000000e+02 1.662681012858284646e+01
2.116000061035156250e+02 1.447682975132699568e+01
2.116999969482421875e+02 1.300225861593743915e+01
2.118000030517578125e+02 1.484589523129607258e+01
2.118999938964843750e+02 1.351004524052367728e+01
2.120000000000000000e+02 1.318008907996055257e+01
2.121000061035156250e+02 1.439830477435036116e+01
2.121999969482421875e+02 1.316135110724745161e+01
2.123000030517578125e+02 1.197194465427749144e+01
2.123999938964843750e+02 1.570452039160081803e+01
2.125000000000000000e+02 1.486108658659211201e+01
2.126000061035156250e+02 1.399602725520904478e+01
2.126999969482421875e+02 1.691785419771954579e+01
2.128000030517578125e+02 1.570132728238338160e+01
2.128999938964843750e+02 1.450597825022030030e+01
2.130000000000000000e+02 1.677951304613452166e+01
2.131000061035156250e+02 1.468488533836443111e+01
2.131999969482421875e+02 1.377274452985657227e+01
2.133000030517578125e+02 1.354867324303632969e+01
2.133999938964843750e+02 1.499080768389223550e+01
2.135000000000000000e+02 1.426040807034605606e+01
2.136000061035156250e+02 1.347830413760282831e+01
2.136999969482421875e+02 1.756460074255839032e+01
2.138000030517578125e+02 1.865423397375903036e+01
2.138999938964843750e+02 1.969423086982779125e+01
2.140000000000000000e+02 2.262787383701954980e+01
2.141000061035156250e+02 2.364648755042533779e+01
2.141999969482421875e+02 2.080573174875133446e+01
2.143000030517578125e+02 2.287463336106061362e+01
2.143999938964843750e+02 1.584523388860396764e+01
2.145000000000000000e+02 1.632314030831807372e+01
2.146000061035156250e+02 1.577877919434893705e+01
2.146999969482421875e+02 1.688470797337002693e+01
2.148000030517578125e+02 1.377779726771329472e+01
2.148999938964843750e+02 1.489855218050490926e+01
2.150000000000000000e+02 1.599864742876808599e+01
2.151000061035156250e+02 1.263608962736325303e+01
2.151999969482421875e+02 1.360178540801948799e+01
2.153000030517578125e+02 1.391635339373724101e+01
2.153999938964843750e+02 1.703344798292179618e+01
2.155000000000000000e+02 1.511506948653117810e+01
2.156000061035156250e+02 1.437806037688087457e+01
2.156999969482421875e+02 1.643346331124458715e+01
2.158000030517578125e+02 1.486040020684563956e+01
2.158999938964843750e+02 1.386362576875312946e+01
2.160000000000000000e+02 1.344490698951698526e+01
2.161000061035156250e+02 1.554993206595116284e+01
2.161999969482421875e+02 1.558305834690126623e+01
2.163000030517578125e+02 1.480411866715282088e+01
2.163999938964843750e+02 1.373557812196669303e+01
2.165000000000000000e+02 1.330360636365338323e+01
2.166000061035156250e+02 1.268196546147925297e+01
2.166999969482421875e+02 1.490014025272024156e+01
2.168000030517578125e+02 1.543180355912774004e+01
2.168999938964843750e+02 1.531482166829885294e+01
2.170000000000000000e+02 1.767172242977908780e+01
2.171000061035156250e+02 1.364306377097057421e+01
2.171999969482421875e+02 1.457501180263214557e+01
2.173000030517578125e+02 1.202684259488797736e+01
2.173999938964843750e+02 1.178951395527155199e+01
2.175000000000000000e+02 1.273912091423119541e+01
2.176000061035156250e+02 1.520417378018345467e+01
2.176999969482421875e+02 1.608667047580044951e+01
2.178000030517578125e+02 1.375060182019144150e+01
2.178999938964843750e+02 1.659189462275600491e+01
2.180000000000000000e+02 1.674560380637858259e+01
2.181000061035156250e+02 1.533975127219277290e+01
2.181999969482421875e+02 1.534369056833824096e+01
2.183000030517578125e+02 1.584943432725265744e+01
2.183999938964843750e+02 1.279289618802851436e+01
2.185000000000000000e+02 1.524562068834261730e+01
2.186000061035156250e+02 1.813813077743549584e+01
2.186999969482421875e+02 1.295991896482344430e+01
2.188000030517578125e+02 1.442191886150250291e+01
2.188999938964843750e+02 1.531538972081954419e+01
2.190000000000000000e+02 1.569032621747627587e+01
2.191000061035156250e+02 1.288722885928093120e+01
2.191999969482421875e+02 1.486271194843367027e+01
2.193000030517578125e+02 1.588719092572047309e+01
2.193999938964843750e+02 1.467194416587018679e+01
2.195000000000000000e+02 1.357056864024705156e+01
2.196000061035156250e+02 1.602001251496956868e+01
2.196999969482421875e+02 1.306195615672659116e+01
2.198000030517578125e+02 1.396794716573777606e+01
2.198999938964843750e+02 1.598894940724662028e+01
2.200000000000000000e+02 1.563000626941292914e+01
2.201000061035156250e+02 1.766983066127533064e+01
2.201999969482421875e+02 1.576252603692473109e+01
2.203000030517578125e+02 1.383378662960686611e+01
2.203999938964843750e+02 1.333716998089041361e+01
2.205000000000000000e+02 1.377188646892239632e+01
2.206000061035156250e+02 1.393275577612087623e+01
2.206999969482421875e+02 1.519812921013204843e+01
2.208000030517578125e+02 1.569168062411384490e+01
2.208999938964843750e+02 1.553270890306418295e+01
2.210000000000000000e+02 1.690750441125013381e+01
2.211000061035156250e+02 1.457775151883625853e+01
2.211999969482421875e+02 1.752860479047490116e+01
2.213000030517578125e+02 1.413544269582189372e+01
2.213999938964843750e+02 1.519466325030250609e+01
2.215000000000000000e+02 1.560830728766431008e+01
2.216000061035156250e+02 1.806569061309615876e+01
2.216999969482421875e+02 1.237812148840700921e+01
2.218000030517578125e+02 1.285511071923582094e+01
2.218999938964843750e+02 1.305934967161057081e+01
2.220000000000000000e+02 1.314843291623735411e+01
2.221000061035156250e+02 1.290055296569399346e+01
2.221999969482421875e+02 1.371944060864943893e+01
2.223000030517578125e+02 1.353217084689348404e+01
2.223999938964843750e+02 1.283466967054631880e+01
2.225000000000000000e+02 1.648164369913844496e+01
2.226000061035156250e+02 1.401247226234008281e+01
2.226999969482421875e+02 1.745340708144012964e+01
2.228000030517578125e+02 1.437804479608222508e+01
2.228999938964843750e+02 1.228342294172150773e+01
2.230000000000000000e+02 1.519314448456752942e+01
2.231000061035156250e+02 1.655190891635922057e+01
2.231999969482421875e+02 1.719308952796191292e+01
2.233000030517578125e+02 1.381242344693180790e+01
2.233999938964843750e+02 1.420391527133879706e+01
2.235000000000000000e+02 1.651880748386319553e+01
2.236000061035156250e+02 1.437114810478873927e+01
2.236999969482421875e+02 1.325721123624342823e+01
2.238000030517578125e+02 1.591909822692529097e+01
2.238999938964843750e+02 1.330644584372254613e+01
2.240000000000000000e+02 1.246316920395042338e+01
2.241000061035156250e+02 9.953006230466000304e+00
2.241999969482421875e+02 1.138871407664978896e+01
2.243000030517578125e+02 1.298635248375448370e+01
2.243999938964843750e+02 1.475771859485621107e+01
2.245000000000000000e+02 1.614101222012286030e+01
2.246000061035156250e+02 1.303594392572883542e+01
2.246999969482421875e+02 1.392646135297247945e+01
2.248000030517578125e+02 1.242392266388054622e+01
2.248999938964843750e+02 1.352942806304493573e+01
2.250000000000000000e+02 1.139147260958824148e+01
2.251000061035156250e+02 1.223686809720900470e+01
2.251999969482421875e+02 1.444148226413223313e+01
2.253000030517578125e+02 1.243805429227339054e+01
2.253999938964843750e+02 1.259007981027026091e+01
2.255000000000000000e+02 1.236884412346731210e+01
2.256000061035156250e+02 1.187494436991923585e+01
2.256999969482421875e+02 1.405261534126392853e+01
2.258000030517578125e+02 1.491546529507979812e+01
2.258999938964843750e+02 1.332141963481039681e+01
2.260000000000000000e+02 1.525425191399469682e+01
2.261000061035156250e+02 1.448469396689058009e+01
2.261999969482421875e+02 1.336074047184894020e+01
2.263000030517578125e+02 1.464758433726608544e+01
2.263999938964843750e+02 1.157542318182896857e+01
2.265000000000000000e+02 1.591983577753713952e+01
2.266000061035156250e+02 1.491013778911442067e+01
2.266999969482421875e+02 1.840718733876454039e+01
2.268000030517578125e+02 1.470325604934447483e+01
2.268999938964843750e+02 1.527982585390183523e+01
2.270000000000000000e+02 1.445883477191692812e+01
2.271000061035156250e+02 1.544248696752203109e+01
2.271999969482421875e+02 1.324260324740984629e+01
2.273000030517578125e+02 1.337997235698224152e+01
2.273999938964843750e+02 9.818163254540829499e+00
2.275000000000000000e+02 1.224283773785240825e+01
2.276000061035156250e+02 1.341545036999145957e+01
2.276999969482421875e+02 1.285985200678667262e+01
2.278000030517578125e+02 1.442125504228391186e+01
2.278999938964843750e+02 1.438790209942134624e+01
2.280000000000000000e+02 1.569809046539510788e+01
2.281000061035156250e+02 1.532234637869388116e+01
2.281999969482421875e+02 1.382415854800749955e+01
2.283000030517578125e+02 1.422809668814214135e+01
2.283999938964843750e+02 1.575910683995155459e+01
2.285000000000000000e+02 1.709047954994452567e+01
2.286000061035156250e+02 1.341143596861359377e+01
2.286999969482421875e+02 1.186175030493383709e+01
2.288000030517578125e+02 1.367722776629550197e+01
2.288999938964843750e+02 1.242415748422417288e+01
2.290000000000000000e+02 1.480154776017820240e+01
2.291000061035156250e+02 1.450679672097771622e+01
2.291999969482421875e+02 1.320731898320905806e+01
2.293000030517578125e+02 1.365561988472830102e+01
2.293999938964843750e+02 1.454320481306490542e+01
2.295000000000000000e+02 1.626689340816505691e+01
2.296000061035156250e+02 1.465558403660069509e+01
2.296999969482421875e+02 1.204124414880872074e+01
2.298000030517578125e+02 1.128360388780154544e+01
2.298999938964843750e+02 1.031391079858652304e+01
2.300000000000000000e+02 1.217906455774512331e+01
2.301000061035156250e+02 1.243997540254035705e+01
2.301999969482421875e+02 1.280248290641604569e+01
2.303000030517578125e+02 1.437404424850510587e+01
2.303999938964843750e+02 1.486414291977842872e+01
2.305000000000000000e+02 1.438673260804091925e+01
2.306000061035156250e+02 1.429140908840694024e+01
2.306999969482421875e+02 1.662491268179909554e+01
2.308000030517578125e+02 1.501891045500307875e+01
2.308999938964843750e+02 1.396509969829700104e+01
2.310000000000000000e+02 1.405780637086008333e+01
2.311000061035156250e+02 1.467026494651479318e+01
2.311999969482421875e+02 1.528380125824190650e+01
2.313000030517578125e+02 1.347992341487440981e+01
2.313999938964843750e+02 1.566308927957956598e+01
2.315000000000000000e+02 1.506722290661801544e+01
2.316000061035156250e+02 1.444628984388430659e+01
2.316999969482421875e+02 1.502101877191232226e+01
2.318000030517578125e+02 1.267952006959363942e+01
2.318999938964843750e+02 1.483554356569007915e+01
2.320000000000000000e+02 1.363805227060769099e+01
2.321000061035156250e+02 1.678095380072227982e+01
2.321999969482421875e+02 1.655526852645931157e+01
2.323000030517578125e+02 1.492705701572445243e+01
2.323999938964843750e+02 1.425632361037894746e+01
2.325000000000000000e+02 1.536942488529504836e+01
2.326000061035156250e+02 1.346863810146246188e+01
2.326999969482421875e+02 1.389876717775175230e+01
2.328000030517578125e+02 1.421147649141678393e+01
2.328999938964843750e+02 1.395905766660668945e+01
2.330000000000000000e+02 1.494878666698307690e+01
2.331000061035156250e+02 1.417028516737001631e+01
2.331999969482421875e+02 1.466523264408503024e+01
2.333000030517578125e+02 1.586471271922730786e+01
2.333999938964843750e+02 1.682380292482621797e+01
2.335000000000000000e+02 1.419634219695444344e+01
2.336000061035156250e+02 1.508119742880267111e+01
2.336999969482421875e+02 1.366096292690911618e+01
2.338000030517578125e+02 1.400852910980750110e+01
2.338999938964843750e+02 1.595578864582064149e+01
2.340000000000000000e+02 1.533912427708311377e+01
2.341000061035156250e+02 1.481958668373728827e+01
2.341999969482421875e+02 1.596414697997790988e+01
2.343000030517578125e+02 1.621625993841544755e+01
2.343999938964843750e+02 1.570045795102133823e+01
2.345000000000000000e+02 1.596715365398717879e+01
2.346000061035156250e+02 1.315024220869590721e+01
2.346999969482421875e+02 1.570796487211535997e+01
2.348000030517578125e+02 1.556392325075644578e+01
2.348999938964843750e+02 1.595835417835884584e+01
2.350000000000000000e+02 1.538065420560281993e+01
2.351000061035156250e+02 1.522508587832165006e+01
2.351999969482421875e+02 1.775146603448998306e+01
2.353000030517578125e+02 1.472164911205890192e+01
2.353999938964843750e+02 1.552163204970713650e+01
2.355000000000000000e+02 1.585743777545196309e+01
2.356000061035156250e+02 1.552814905740623708e+01
2.356999969482421875e+02 1.346331506110266751e+01
2.358000030517578125e+02 1.403873706172905145e+01
2.358999938964843750e+02 1.606080953101721320e+01
2.360000000000000000e+02 1.616037786638491625e+01
2.361000061035156250e+02 1.775061455157976908e+01
2.361999969482421875e+02 1.409974391322242937e+01
2.363000030517578125e+02 1.621824673090812752e+01
2.363999938964843750e+02 1.393385569638058286e+01
2.365000000000000000e+02 1.345676888082896738e+01
2.366000061035156250e+02 1.451044905364936355e+01
2.366999969482421875e+02 1.529795128923930569e+01
2.368000030517578125e+02 1.451556120542572259e+01
2.368999938964843750e+02 1.496525419674284230e+01
2.370000000000000000e+02 1.616285471705552368e+01
2.371000061035156250e+02 1.591816889462210405e+01
2.371999969482421875e+02 1.170091819106018782e+01
2.373000030517578125e+02 1.360761323976937653e+01
2.373999938964843750e+02 1.581222409531493511e+01
2.375000000000000000e+02 1.504780076562585656e+01
2.376000061035156250e+02 1.384807508959159605e+01
2.376999969482421875e+02 1.593824629451732378e+01
2.378000030517578125e+02 1.429644888975176364e+01
2.378999938964843750e+02 1.720237982699764956e+01
2.380000000000000000e+02 1.516365050764431111e+01
2.381000061035156250e+02 1.671318077461599927e+01
2.381999969482421875e+02 1.706203546353670220e+01
2.383000030517578125e+02 1.351169396935861933e+01
2.383999938964843750e+02 1.494827675041359250e+01
2.385000000000000000e+02 1.286743755187948857e+01
2.386000061035156250e+02 1.488545307516875482e+01
2.386999969482421875e+02 1.522468699028916639e+01
2.388000030517578125e+02 1.363551988073722399e+01
2.388999938964843750e+02 1.455274956780217188e+01
2.390000000000000000e+02 1.734805888246464889e+01
2.391000061035156250e+02 1.529891902037778451e+01
2.391999969482421875e+02 1.225704666693158096e+01
2.393000030517578125e+02 1.560202284341570866e+01
2.393999938964843750e+02 1.342926522005202727e+01
2.395000000000000000e+02 1.484237958667092094e+01
2.396000061035156250e+02 1.717680536209207176e+01
2.396999969482421875e+02 1.449516665970161178e+01
2.398000030517578125e+02 1.546571323271246001e+01
2.398999938964843750e+02 1.489161798114492541e+01
2.400000000000000000e+02 1.508920479359233369e+01
2.401000061035156250e+02 1.489960166030887123e+01
2.401999969482421875e+02 1.475697717898907513e+01
2.403000030517578125e+02 1.581268657694850432e+01
2.403999938964843750e+02 1.268659891410287344e+01
2.405000000000000000e+02 1.448771128643065076e+01
2.406000061035156250e+02 1.702778223124198931e+01
2.406999969482421875e+02 1.508693886579719212e+01
2.408000030517578125e+02 1.510587106513829170e+01
2.408999938964843750e+02 1.203753811833393250e+01
2.410000000000000000e+02 1.574366737067262711e+01
2.411000061035156250e+02 1.581982011199343674e+01
2.411999969482421875e+02 1.565773704758928275e+01
2.413000030517578125e+02 1.620842626752459026e+01
2.413999938964843750e+02 1.521859768290519099e+01
2.415000000000000000e+02 1.454694937200654614e+01
2.416000061035156250e+02 1.672333435933009937e+01
2.416999969482421875e+02 1.457654467771807560e+01
2.418000030517578125e+02 1.267684801439280662e+01
2.418999938964843750e+02 1.223310032914111822e+01
2.420000000000000000e+02 1.315104167642975064e+01
2.421000061035156250e+02 1.260393071022649103e+01
2.421999969482421875e+02 1.240852470183173217e+01
2.423000030517578125e+02 1.428461704354413264e+01
2.423999938964843750e+02 1.552135862257724774e+01
2.425000000000000000e+02 1.280722274656214310e+01
2.426000061035156250e+02 1.456545102497029909e+01
2.426999969482421875e+02 1.452774836125034952e+01
2.428000030517578125e+02 1.524006344296105908e+01
2.428999938964843750e+02 1.772142073198125800e+01
2.430000000000000000e+02 1.680429766173316608e+01
2.431000061035156250e+02 1.538928380608924940e+01
2.431999969482421875e+02 1.269703916825676693e+01
2.433000030517578125e+02 1.804065047486015061e+01
2.433999938964843750e+02 1.387580489606401279e+01
2.435000000000000000e+02 1.414420182358003686e+01
2.436000061035156250e+02 1.665550302130472460e+01
2.436999969482421875e+02 1.665538512185393571e+01
2.438000030517578125e+02 1.542843154643823844e+01
2.438999938964843750e+02 1.662552510387030225e+01
2.440000000000000000e+02 1.625739075466724870e+01
2.441000061035156250e+02 1.423335232784893201e+01
2.441999969482421875e+02 1.410659842794656527e+01
2.443000030517578125e+02 1.480186278438078418e+01
2.443999938964843750e+02 1.456263109807732548e+01
2.445000000000000000e+02 1.475067719119977738e+01
2.446000061035156250e+02 1.551614672644054060e+01
2.446999969482421875e+02 1.398630101366502743e+01
2.448000030517578125e+02 1.368755918176874076e+01
2.448999938964843750e+02 1.603757684161813657e+01
2.450000000000000000e+02 1.327952967130182493e+01
2.451000061035156250e+02 1.330805098500474415e+01
2.451999969482421875e+02 1.292368536881877183e+01
2.453000030517578125e+02 1.532571559412930462e+01
2.453999938964843750e+02 1.371315783722955217e+01
2.455000000000000000e+02 1.499432625612486270e+01
2.456000061035156250e+02 1.386510676097660522e+01
2.456999969482421875e+02 1.419539316158655495e+01
2.458000030517578125e+02 1.630796286729676581e+01
2.458999938964843750e+02 1.465905085871425939e+01
2.460000000000000000e+02 1.341342112521426166e+01
2.461000061035156250e+02 1.359789146293166873e+01
2.461999969482421875e+02 1.411236127735136137e+01
2.463000030517578125e+02 1.541041667339641386e+01
2.463999938964843750e+02 1.587088659203940999e+01
2.465000000000000000e+02 1.661230791269109019e+01
2.466000061035156250e+02 1.409119071229996045e+01
2.466999969482421875e+02 1.390026773524500925e+01
2.468000030517578125e+02 1.519565067276871062e+01
2.468999938964843750e+02 1.585650274911927227e+01
2.470000000000000000e+02 1.663824515997748676e+01
2.471000061035156250e+02 1.544370245654680751e+01
2.471999969482421875e+02 1.455622053090192836e+01
2.473000030517578125e+02 1.273736049848313989e+01
2.473999938964843750e+02 1.445439719959504110e+01
2.475000000000000000e+02 1.489158555760149127e+01
2.476000061035156250e+02 1.365386042162501568e+01
2.476999969482421875e+02 1.518487128920226148e+01
2.478000030517578125e+02 1.189518350649128564e+01
2.478999938964843750e+02 1.267129933990282531e+01
2.480000000000000000e+02 1.231933920060626697e+01
2.481000061035156250e+02 1.396611880857532384e+01
2.481999969482421875e+02 1.362083462728485550e+01
2.483000030517578125e+02 1.385623196080621078e+01
2.483999938964843750e+02 1.296858310657272106e+01
2.485000000000000000e+02 1.217541397291166305e+01
2.486000061035156250e+02 1.396424181766636607e+01
2.486999969482421875e+02 1.199621493279031448e+01
2.488000030517578125e+02 1.225514716873190402e+01
2.488999938964843750e+02 1.542375552500869595e+01
2.490000000000000000e+02 1.206828476606210643e+01
2.491000061035156250e+02 1.275403947981358321e+01
2.491999969482421875e+02 1.287144622630676594e+01
2.493000030517578125e+02 1.240710091666939263e+01
2.493999938964843750e+02 1.733813313744426665e+01
2.495000000000000000e+02 1.557477367561484982e+01
2.496000061035156250e+02 1.441569386580522405e+01
2.496999969482421875e+02 1.425593447207052833e+01
2.498000030517578125e+02 1.120757730577549438e+01
2.498999938964843750e+02 1.370245758087202503e+01
2.500000000000000000e+02 1.376013629322242515e+01
2.501000061035156250e+02 1.147388082756685890e+01
2.501999969482421875e+02 1.276585638418569602e+01
2.503000030517578125e+02 1.212399911249228879e+01
2.503999938964843750e+02 1.423789972964728712e+01
2.505000000000000000e+02 1.446053743217076892e+01
2.506000061035156250e+02 1.663524761026802778e+01
2.506999969482421875e+02 1.479391371128875043e+01
2.508000030517578125e+02 1.716461915433005103e+01
2.508999938964843750e+02 1.559794132013934664e+01
2.510000000000000000e+02 1.466486197778781708e+01
2.511000061035156250e+02 1.292503739668156015e+01
2.511999969482421875e+02 1.436039386754957903e+01
2.513000030517578125e+02 1.672143080021751871e+01
2.513999938964843750e+02 1.528600820414856720e+01
2.515000000000000000e+02 1.362317681167251848e+01
2.516000061035156250e+02 1.052250749835589261e+01
2.516999969482421875e+02 1.251716925098209288e+01
2.518000030517578125e+02 1.160965918952359033e+01
2.518999938964843750e+02 1.486690769934561196e+01
2.520000000000000000e+02 1.229640190637490704e+01
2.521000061035156250e+02 1.832816214315346315e+01
2.521999969482421875e+02 1.693275506938381980e+01
2.523000030517578125e+02 1.356894496410131801e+01
2.523999938964843750e+02 1.352713472703620212e+01
2.525000000000000000e+02 1.354154638466035010e+01
2.526000061035156250e+02 1.250673077938779088e+01
2.526999969482421875e+02 1.168327405303248057e+01
2.528000030517578125e+02 1.383478524339728111e+01
2.528999938964843750e+02 1.549434141016971722e+01
2.530000000000000000e+02 1.513425233226513278e+01
2.531000061035156250e+02 1.758749717322228534e+01
2.531999969482421875e+02 1.660405182859272699e+01
2.533000030517578125e+02 1.595086426849221084e+01
2.533999938964843750e+02 1.434360210380198630e+01
2.535000000000000000e+02 1.543759069782692528e+01
2.536000061035156250e+02 1.591570238485482136e+01
2.536999969482421875e+02 1.756812885000922719e+01
2.538000030517578125e+02 1.822113721566569211e+01
2.538999938964843750e+02 1.603481808667959641e+01
2.540000000000000000e+02 1.785378124739420613e+01
2.541000061035156250e+02 1.573115970775814887e+01
2.541999969482421875e+02 1.648371736142708954e+01
2.543000030517578125e+02 1.720274389782611024e+01
2.543999938964843750e+02 1.358008523891096964e+01
2.545000000000000000e+02 1.559404298622004958e+01
2.546000061035156250e+02 1.668193056927053775e+01
2.546999969482421875e+02 1.701302312064119704e+01
2.548000030517578125e+02 1.652016949727956074e+01
2.548999938964843750e+02 1.637872774538707787e+01
2.550000000000000000e+02 1.720305297559240998e+01
2.551000061035156250e+02 1.645502996936057016e+01
2.551999969482421875e+02 1.535360687311399630e+01
2.553000030517578125e+02 1.472517847400853874e+01
2.553999938964843750e+02 1.453068061391360288e+01
2.555000000000000000e+02 1.528511639417080126e+01
2.556000061035156250e+02 1.446588601146772035e+01
2.556999969482421875e+02 1.669780614677159392e+01
2.558000030517578125e+02 1.479697782196773659e+01
2.558999938964843750e+02 1.610306221465235055e+01
2.560000000000000000e+02 1.453364617956531113e+01
2.561000061035156250e+02 1.432187946129000267e+01
2.562000122070312500e+02 1.461002201661457178e+01
2.562999877929687500e+02 1.291583926956229966e+01
2.563999938964843750e+02 1.423536816668198668e+01
2.565000000000000000e+02 1.359925174745249166e+01
2.566000061035156250e+02 1.566096497630866580e+01
2.567000122070312500e+02 1.562007076230971769e+01
2.567999877929687500e+02 1.553950579752178562e+01
2.568999938964843750e+02 1.590251983687289794e+01
2.570000000000000000e+02 1.391434680623218156e+01
2.571000061035156250e+02 1.499387122982764353e+01
2.572000122070312500e+02 1.375959074059365683e+01
2.572999877929687500e+02 1.363463784400828871e+01
2.573999938964843750e+02 1.239491617467065510e+01
2.575000000000000000e+02 1.648262346048501925e+01
2.576000061035156250e+02 1.632630893133896066e+01
2.577000122070312500e+02 1.354300665464569065e+01
2.577999877929687500e+02 1.666537681687449179e+01
2.578999938964843750e+02 1.415608533907078304e+01
2.580000000000000000e+02 1.581164272301671758e+01
2.581000061035156250e+02 1.636546185955095822e+01
2.582000122070312500e+02 1.827647387129932355e+01
2.582999877929687500e+02 1.554134003094639915e+01
2.583999938964843750e+02 1.323837737464014985e+01
2.585000000000000000e+02 1.385145016877846835e+01
2.586000061035156250e+02 1.147516835919438982e+01
2.587000122070312500e+02 1.458663131294029647e+01
2.587999877929687500e+02 1.475193580820662653e+01
2.588999938964843750e+02 1.316528372451538154e+01
2.590000000000000000e+02 1.292292671002719651e+01
2.591000061035156250e+02 1.406817379674303048e+01
2.592000122070312500e+02 1.268758653838631290e+01
2.592999877929687500e+02 1.310191198005385971e+01
2.593999938964843750e+02 1.594522513690066745e+01
2.595000000000000000e+02 1.523976815687470143e+01
2.596000061035156250e+02 1.559021300627481033e+01
2.597000122070312500e+02 1.472716125840703327e+01
2.597999877929687500e+02 1.463838539239706016e+01
2.598999938964843750e+02 1.387024753669839860e+01
2.600000000000000000e+02 1.421199400772083088e+01
2.601000061035156250e+02 1.679129138890936446e+01
2.602000122070312500e+02 1.578710741020756636e+01
2.602999877929687500e+02 1.462570108597466678e+01
2.603999938964843750e+02 1.566687425486497176e+01
2.605000000000000000e+02 1.590791935872008089e+01
2.606000061035156250e+02 1.475720737434936503e+01
2.607000122070312500e+02 1.438256289477987870e+01
2.607999877929687500e+02 1.376643396158554467e+01
2.608999938964843750e+02 1.154086533517532054e+01
2.610000000000000000e+02 1.262169217756586548e+01
2.611000061035156250e+02 1.332516819630699523e+01
2.612000122070312500e+02 1.474593320546382813e+01
2.612999877929687500e+02 1.530571275661207764e+01
2.613999938964843750e+02 1.804027510796330702e+01
2.615000000000000000e+02 1.511592217253089210e+01
2.616000061035156250e+02 1.447537583931376304e+01
2.617000122070312500e+02 1.497555670319157528e+01
2.617999877929687500e+02 1.531857237501753133e+01
2.618999938964843750e+02 1.413159380579492286e+01
2.620000000000000000e+02 1.546643778701550254e+01
2.621000061035156250e+02 1.501651967887567807e+01
2.622000122070312500e+02 1.265668288839240851e+01
2.622999877929687500e+02 1.615444935726343090e+01
2.623999938964843750e+02 1.455768069760369521e+01
2.625000000000000000e+02 1.443686791655266966e+01
2.626000061035156250e+02 1.435883690930111634e+01
2.627000122070312500e+02 1.462834002938047107e+01
2.627999877929687500e+02 1.285327623199917468e+01
2.628999938964843750e+02 1.541833590908177776e+01
2.630000000000000000e+02 1.521865036665236914e+01
2.631000061035156250e+02 1.541221395743506228e+01
2.632000122070312500e+02 1.380500251379018017e+01
2.632999877929687500e+02 1.560750119531292057e+01
2.633999938964843750e+02 1.471853347781299881e+01
2.635000000000000000e+02 1.531283928245191461e+01
2.636000061035156250e+02 1.529313315572350795e+01
2.637000122070312500e+02 1.344118945174427537e+01
2.637999877929687500e+02 1.319928480534857052e+01
2.638999938964843750e+02 1.278258780754589274e+01
2.640000000000000000e+02 1.285611789640128677e+01
2.641000061035156250e+02 1.522902250258769463e+01
2.642000122070312500e+02 1.455143739781965451e+01
2.642999877929687500e+02 1.589349798579388384e+01
2.643999938964843750e+02 1.589563108277078385e+01
2.645000000000000000e+02 1.686860067849065459e+01
2.646000061035156250e+02 1.582947981642872293e+01
2.647000122070312500e+02 1.550485392125805717e+01
2.647999877929687500e+02 1.558278667295900100e+01
2.648999938964843750e+02 1.250522734101982536e+01
2.650000000000000000e+02 1.314864217434430138e+01
2.651000061035156250e+02 1.443434157944100171e+01
2.652000122070312500e+02 1.470912864685237054e+01
2.652999877929687500e+02 1.480854760997641861e+01
2.653999938964843750e+02 1.442182646384361178e+01
2.655000000000000000e+02 1.445514160856134644e+01
2.656000061035156250e+02 1.377641245987989649e+01
2.657000122070312500e+02 1.432577308657248949e+01
2.657999877929687500e+02 1.285801001654337306e+01
2.658999938964843750e+02 1.407316490132849296e+01
2.660000000000000000e+02 1.269641098929545819e+01
2.661000061035156250e+02 1.267849910006653325e+01
2.662000122070312500e+02 1.301181039023199482e+01
2.662999877929687500e+02 1.338808598241358894e+01
2.663999938964843750e+02 1.389345647005116646e+01
2.665000000000000000e+02 1.368371815567874705e+01
2.666000061035156250e+02 1.271628341451755162e+01
2.667000122070312500e+02 1.313405510988796721e+01
2.667999877929687500e+02 1.173241352795133530e+01
2.668999938964843750e+02 1.318274313670973896e+01
2.670000000000000000e+02 1.299665268701341603e+01
2.671000061035156250e+02 1.323083585990108801e+01
2.672000122070312500e+02 1.487045453985436794e+01
2.672999877929687500e+02 1.381596462117896529e+01
2.673999938964843750e+02 1.368701985285466627e+01
2.675000000000000000e+02 1.619320713998614281e+01
2.676000061035156250e+02 1.352057121345174018e+01
2.677000122070312500e+02 1.432599078506476964e+01
2.677999877929687500e+02 1.551343526560096642e+01
2.678999938964843750e+02 1.502197488502636880e+01
2.680000000000000000e+02 1.417172242420779504e+01
2.681000061035156250e+02 1.383220944626306270e+01
2.682000122070312500e+02 1.228428037337801015e+01
2.682999877929687500e+02 1.333449441791793255e+01
2.683999938964843750e+02 1.255543418752385598e+01
2.685000000000000000e+02 1.364050835229843983e+01
2.686000061035156250e+02 1.379996564724662989e+01
2.687000122070312500e+02 1.385129114257777339e+01
2.687999877929687500e+02 1.505615690599170087e+01
2.688999938964843750e+02 1.359178803685001569e+01
2.690000000000000000e+02 1.281072131065144681e+01
2.691000061035156250e+02 1.452655246685714197e+01
2.692000122070312500e+02 1.546091540010939092e+01
2.692999877929687500e+02 1.609574256208728116e+01
2.693999938964843750e+02 1.571598546317945555e+01
2.695000000000000000e+02 1.371957868486054544e+01
2.696000061035156250e+02 1.773846572183026638e+01
2.697000122070312500e+02 1.439327137901637066e+01
2.697999877929687500e+02 1.563857944736224148e+01
2.698999938964843750e+02 1.572994248099529102e+01
2.700000000000000000e+02 1.591579538793360804e+01
2.701000061035156250e+02 1.434174443130533128e+01
2.702000122070312500e+02 1.381261355260940604e+01
2.702999877929687500e+02 1.362130465611111418e+01
2.703999938964843750e+02 1.365274273016736117e+01
2.705000000000000000e+02 1.284782556633490280e+01
2.706000061035156250e+02 1.482134916658633017e+01
2.707000122070312500e+02 1.382253806339923763e+01
2.707999877929687500e+02 1.369394186573183703e+01
2.708999938964843750e+02 1.200587964458234502e+01
2.710000000000000000e+02 1.298492749718659311e+01
2.711000061035156250e+02 1.407209495508143604e+01
2.712000122070312500e+02 1.375414673041211344e+01
2.712999877929687500e+02 1.318890231800850188e+01
2.713999938964843750e+02 1.473689244188247116e+01
2.715000000000000000e+02 1.358287350833320239e+01
2.716000061035156250e+02 1.350318931475889173e+01
2.717000122070312500e+02 1.692464485513912464e+01
2.717999877929687500e+02 1.488487756678512675e+01
2.718999938964843750e+02 1.300895478442491715e+01
2.720000000000000000e+02 1.561788458697147242e+01
2.721000061035156250e+02 1.330895952974531227e+01
2.722000122070312500e+02 1.269372095124513145e+01
2.722999877929687500e+02 1.273520485776703914e+01
2.723999938964843750e+02 1.249588929188184849e+01
2.725000000000000000e+02 1.171070709309221591e+01
2.726000061035156250e+02 1.300756728911382964e+01
2.727000122070312500e+02 1.270531031518194531e+01
2.727999877929687500e+02 1.251771054399269545e+01
2.728999938964843750e+02 1.160471282631725920e+01
2.730000000000000000e+02 1.225663473707384377e+01
2.731000061035156250e+02 1.280365617337483641e+01
2.732000122070312500e+02 1.223281251385439106e+01
2.732999877929687500e+02 1.535627406973106091e+01
2.733999938964843750e+02 1.319715274774944902e+01
2.735000000000000000e+02 1.407891035441873129e+01
2.736000061035156250e+02 1.202074217685118285e+01
2.737000122070312500e+02 1.210554032859716500e+01
2.737999877929687500e+02 1.334243997225020095e+01
2.738999938964843750e+02 1.271034513608517535e+01
2.740000000000000000e+02 1.318707398293199873e+01
2.741000061035156250e+02 1.322516782098982802e+01
2.742000122070312500e+02 1.521952469607700564e+01
2.742999877929687500e+02 1.483110500801372389e+01
2.743999938964843750e+02 1.536763794193491961e+01
2.745000000000000000e+02 1.543073659525393460e+01
2.746000061035156250e+02 1.435510534212147604e+01
2.747000122070312500e+02 1.389463511008231222e+01
2.747999877929687500e+02 1.395848132248489293e+01
2.748999938964843750e+02 1.355294997171640325e+01
2.750000000000000000e+02 1.637390013302314529e+01
2.751000061035156250e+02 1.556296812951683961e+01
2.752000122070312500e+02 1.445692993445176810e+01
2.752999877929687500e+02 1.468103552688824465e+01
2.753999938964843750e+02 1.550819439780775966e+01
2.755000000000000000e+02 1.369635477023565961e+01
2.756000061035156250e+02 1.509177125418856136e+01
2.757000122070312500e+02 1.467740920236519919e+01
2.757999877929687500e+02 1.436383183399238916e+01
2.758999938964843750e+02 1.424629974792053311e+01
2.760000000000000000e+02 1.372465222889171521e+01
2.761000061035156250e+02 1.478109154395039226e+01
2.762000122070312500e+02 1.320454495153696506e+01
2.762999877929687500e+02 1.479317460776923099e+01
2.763999938964843750e+02 1.461117223948348531e+01
2.765000000000000000e+02 1.518590352701511748e+01
2.766000061035156250e+02 1.346639616127335515e+01
2.767000122070312500e+02 1.591925229172170475e+01
2.767999877929687500e+02 1.393749535068699252e+01
2.768999938964843750e+02 1.392550042339706629e+01
2.770000000000000000e+02 1.554794032357462363e+01
2.771000061035156250e+02 1.455735952121229282e+01
2.772000122070312500e+02 1.479222697775858641e+01
2.772999877929687500e+02 1.553634423691370614e+01
2.773999938964843750e+02 1.588865683867839707e+01
2.775000000000000000e+02 1.419220046235529331e+01
2.776000061035156250e+02 1.389445433887486558e+01
2.777000122070312500e+02 1.456301029010768033e+01
2.777999877929687500e+02 1.448374895832179021e+01
2.778999938964843750e+02 1.690748397131257263e+01
2.780000000000000000e+02 1.556820370415999655e+01
2.781000061035156250e+02 1.473137008089736710e+01
2.782000122070312500e+02 1.532453959223397177e+01
2.782999877929687500e+02 1.493367240634882975e+01
2.783999938964843750e+02 1.593418875023674275e+01
2.785000000000000000e+02 1.664456221592682894e+01
2.786000061035156250e+02 1.437580522427569640e+01
2.787000122070312500e+02 1.425120353392119732e+01
2.787999877929687500e+02 1.536643397311944703e+01
2.788999938964843750e+02 1.743509833982785651e+01
2.790000000000000000e+02 2.016107442183256282e+01
2.791000061035156250e+02 1.596395047316534388e+01
2.792000122070312500e+02 1.501271681969862115e+01
2.792999877929687500e+02 1.563833207122867819e+01
2.793999938964843750e+02 1.495600272133437336e+01
2.795000000000000000e+02 1.482582591094227453e+01
2.796000061035156250e+02 1.511044024962119181e+01
2.797000122070312500e+02 1.511148479329798811e+01
2.797999877929687500e+02 1.466905086807073388e+01
2.798999938964843750e+02 1.470790492256578474e+01
2.800000000000000000e+02 1.516916243523418473e+01
2.801000061035156250e+02 1.435621638152633039e+01
2.802000122070312500e+02 1.545677153560933625e+01
2.802999877929687500e+02 1.381196543302748125e+01
2.803999938964843750e+02 1.584583003246170563e+01
2.805000000000000000e+02 1.339482700661592318e+01
2.806000061035156250e+02 1.537088577753691432e+01
2.807000122070312500e+02 1.400068225772833053e+01
2.807999877929687500e+02 1.391558524114617335e+01
2.808999938964843750e+02 1.517884774203844955e+01
2.810000000000000000e+02 1.514726547132142720e+01
2.811000061035156250e+02 1.742973845578449854e+01
2.812000122070312500e+02 1.616937738477320963e+01
2.812999877929687500e+02 1.318484030979755239e+01
2.813999938964843750e+02 1.631799240131350359e+01
2.815000000000000000e+02 1.089066524348037035e+01
2.816000061035156250e+02 1.495007257700070546e+01
2.817000122070312500e+02 1.439093346605053370e+01
2.817999877929687500e+02 1.708975733493829807e+01
2.818999938964843750e+02 1.501928923924842429e+01
2.820000000000000000e+02 1.538189675516790444e+01
2.821000061035156250e+02 1.527654008654446827e+01
2.822000122070312500e+02 1.399560806020987869e+01
2.822999877929687500e+02 1.478886608192325447e+01
2.823999938964843750e+02 1.391542174025355472e+01
2.825000000000000000e+02 1.357998080180915679e+01
2.826000061035156250e+02 1.154710870382468713e+01
2.827000122070312500e+02 1.428511154377986259e+01
2.827999877929687500e+02 1.461486687574917198e+01
2.828999938964843750e+02 1.327204085260141753e+01
2.830000000000000000e+02 1.345898861389233936e+01
2.831000061035156250e+02 1.129117006356086783e+01
2.832000122070312500e+02 1.301650764133709259e+01
2.832999877929687500e+02 1.515547075030998592e+01
2.833999938964843750e+02 1.586260025888886105e+01
2.835000000000000000e+02 1.392885365887834581e+01
2.836000061035156250e+02 1.152584025757611030e+01
2.837000122070312500e+02 1.234947772551706358e+01
2.837999877929687500e+02 1.289238586898338035e+01
2.838999938964843750e+02 1.288582969550611956e+01
2.840000000000000000e+02 1.280326058559764490e+01
2.841000061035156250e+02 1.273509443252856776e+01
2.842000122070312500e+02 1.363069141046246813e+01
2.842999877929687500e+02 9.995998821780396781e+00
2.843999938964843750e+02 1.263017906290491510e+01
2.845000000000000000e+02 1.039811407249805519e+01
2.846000061035156250e+02 1.087698513987515447e+01
2.847000122070312500e+02 1.217119450762344890e+01
2.847999877929687500e+02 1.489351595460576405e+01
2.848999938964843750e+02 1.497773746274628692e+01
2.850000000000000000e+02 1.521443779902602422e+01
2.851000061035156250e+02 1.236610369200879056e+01
2.852000122070312500e+02 1.460495262288865348e+01
2.852999877929687500e+02 1.451393085600165378e+01
2.853999938964843750e+02 1.595168864625778227e+01
2.855000000000000000e+02 1.435143660019585177e+01
2.856000061035156250e+02 1.583580610899205432e+01
2.857000122070312500e+02 1.542734846040763408e+01
2.857999877929687500e+02 1.559992318203699924e+01
2.858999938964843750e+02 1.431499561316074143e+01
2.860000000000000000e+02 1.524173005628818167e+01
2.861000061035156250e+02 1.571345947284700095e+01
2.862000122070312500e+02 1.491488668905915382e+01
2.862999877929687500e+02 1.533320992576215680e+01
2.863999938964843750e+02 1.527021611356979491e+01
2.865000000000000000e+02 1.304329082904176929e+01
2.866000061035156250e+02 1.182599313662361240e+01
2.867000122070312500e+02 1.414152468779130878e+01
2.867999877929687500e+02 1.441853756317395785e+01
2.868999938964843750e+02 1.565479072903909952e+01
2.870000000000000000e+02 1.378860652100904183e+01
2.871000061035156250e+02 1.195086315778341479e+01
2.872000122070312500e+02 1.540863339020780209e+01
2.872999877929687500e+02 1.234309881187227198e+01
2.873999938964843750e+02 1.344454474602103033e+01
2.875000000000000000e+02 1.389579662819177663e+01
2.876000061035156250e+02 1.430558166045698343e+01
2.877000122070312500e+02 1.641291233331138244e+01
2.877999877929687500e+02 1.507212273722110929e+01
2.878999938964843750e+02 1.590824202690623856e+01
2.880000000000000000e+02 1.461420167770884682e+01
2.881000061035156250e+02 1.334756849857591021e+01
2.882000122070312500e+02 1.405920625740106722e+01
2.882999877929687500e+02 1.469802846730906332e+01
2.883999938964843750e+02 1.690601598018717056e+01
2.885000000000000000e+02 1.590937496285076413e+01
2.886000061035156250e+02 1.594011520916194691e+01
2.887000122070312500e+02 1.541447240823630516e+01
2.887999877929687500e+02 1.448611739608699622e+01
2.888999938964843750e+02 1.482902637821676173e+01
2.890000000000000000e+02 1.668351985615617039e+01
2.891000061035156250e+02 1.429734739347374273e+01
2.892000122070312500e+02 1.331264365936089611e+01
2.892999877929687500e+02 1.360388906148999766e+01
2.893999938964843750e+02 1.454549243613911003e+01
2.895000000000000000e+02 1.586327433018727184e+01
2.896000061035156250e+02 1.348242176660512115e+01
2.897000122070312500e+02 1.471012149657483370e+01
2.897999877929687500e+02 1.303368178735234473e+01
2.898999938964843750e+02 1.290188515432372007e+01
2.900000000000000000e+02 1.400177124837838605e+01
2.901000061035156250e+02 1.584980970210276574e+01
2.902000122070312500e+02 1.427390571688017218e+01
2.902999877929687500e+02 1.375748324600026073e+01
2.903999938964843750e+02 1.493462727078618002e+01
2.905000000000000000e+02 1.452816480736446891e+01
2.906000061035156250e+02 1.436268148026936409e+01
2.907000122070312500e+02 1.519972978055323054e+01
2.907999877929687500e+02 1.553259719912619907e+01
2.908999938964843750e+02 1.420611640309673795e+01
2.910000000000000000e+02 1.618006948280461188e+01
2.911000061035156250e+02 1.306287268291963777e+01
2.912000122070312500e+02 1.516509584924572174e+01
2.912999877929687500e+02 1.458174030353837836e+01
2.913999938964843750e+02 1.356053430840582230e+01
2.915000000000000000e+02 1.415179451427854929e+01
2.916000061035156250e+02 1.518755369294504654e+01
2.917000122070312500e+02 1.454086438594802821e+01
2.917999877929687500e+02 1.396412433350855764e+01
2.918999938964843750e+02 1.733858083433058539e+01
2.920000000000000000e+02 1.617432260755342099e+01
2.921000061035156250e+02 1.521264517350056167e+01
2.922000122070312500e+02 1.434503124129625817e+01
2.922999877929687500e+02 1.674905475435169322e+01
2.923999938964843750e+02 1.380795026290763161e+01
2.925000000000000000e+02 1.583278630655302521e+01
2.926000061035156250e+02 1.526645682225990974e+01
2.927000122070312500e+02 1.422754732747266893e+01
2.927999877929687500e+02 1.818220633298385636e+01
2.928999938964843750e+02 1.541104011651491312e+01
2.930000000000000000e+02 1.592280677405997658e+01
2.931000061035156250e+02 1.611039185225805070e+01
2.932000122070312500e+02 1.545606522329014965e+01
2.932999877929687500e+02 1.498404215554454844e+01
2.933999938964843750e+02 1.492761123273272972e+01
2.935000000000000000e+02 1.631921923629898430e+01
2.936000061035156250e+02 1.442219157542361074e+01
2.937000122070312500e+02 1.540611348577358086e+01
2.937999877929687500e+02 1.548805349262552156e+01
2.938999938964843750e+02 1.592274783198062593e+01
2.940000000000000000e+02 1.220838530385330323e+01
2.941000061035156250e+02 1.255318881235744577e+01
2.942000122070312500e+02 1.347241234432195611e+01
2.942999877929687500e+02 1.157119318733170310e+01
2.943999938964843750e+02 1.494532868049747165e+01
2.945000000000000000e+02 1.401941231423592349e+01
2.946000061035156250e+02 1.624718776924832397e+01
2.947000122070312500e+02 1.631570344705638220e+01
2.947999877929687500e+02 1.494730173455953803e+01
2.948999938964843750e+02 1.265107376413602580e+01
2.950000000000000000e+02 1.313019557957730932e+01
2.951000061035156250e+02 1.584687167777125083e+01
2.952000122070312500e+02 1.392908052025040533e+01
2.952999877929687500e+02 1.382860306049564159e+01
2.953999938964843750e+02 1.461840683444962785e+01
2.955000000000000000e+02 1.484656638910824888e+01
2.956000061035156250e+02 1.506513775359396057e+01
2.957000122070312500e+02 1.446835962876841997e+01
2.957999877929687500e+02 1.618398682969672464e+01
2.958999938964843750e+02 1.425676429748646434e+01
2.960000000000000000e+02 1.589528153629153806e+01
2.961000061035156250e+02 1.490672549151206283e+01
2.962000122070312500e+02 1.485663796544557513e+01
2.962999877929687500e+02 1.637561527351373059e+01
2.963999938964843750e+02 1.447363931764868106e+01
2.965000000000000000e+02 1.454285725135052942e+01
2.966000061035156250e+02 1.536431658007099088e+01
2.967000122070312500e+02 1.254690035506251355e+01
2.967999877929687500e+02 1.269389239732488406e+01
2.968999938964843750e+02 1.327949483520688823e+01
2.970000000000000000e+02 1.357130775780617427e+01
2.971000061035156250e+02 1.640018417897253400e+01
2.972000122070312500e+02 1.373563275536053574e+01
2.972999877929687500e+02 1.504668645213018863e+01
2.973999938964843750e+02 1.605114360782055272e+01
2.975000000000000000e+02 1.436466340845259637e+01
2.976000061035156250e+02 1.438203234072831016e+01
2.977000122070312500e+02 1.596274013918446499e+01
2.977999877929687500e+02 1.536468652897063158e+01
2.978999938964843750e+02 1.498073431089370189e+01
2.980000000000000000e+02 1.456243754463259066e+01
2.981000061035156250e+02 1.441900592373589518e+01
2.982000122070312500e+02 1.672071584724261584e+01
2.982999877929687500e+02 1.446152645752546917e+01
2.983999938964843750e+02 1.542775489226480978e+01
2.985000000000000000e+02 1.513415731442434442e+01
2.986000061035156250e+02 1.167272516287183848e+01
2.987000122070312500e+02 1.435997652600175023e+01
2.987999877929687500e+02 1.357994164891788458e+01
2.988999938964843750e+02 1.551446138584817724e+01
2.990000000000000000e+02 1.511880504030055050e+01
2.991000061035156250e+02 1.524133902855088429e+01
2.992000122070312500e+02 1.368592938877320719e+01
2.992999877929687500e+02 1.548189191152704147e+01
2.993999938964843750e+02 1.355184439047965839e+01
2.995000000000000000e+02 1.452649698793846689e+01
2.996000061035156250e+02 1.445821202639164582e+01
2.997000122070312500e+02 1.462700223158613433e+01
2.997999877929687500e+02 1.579702713726889840e+01
2.998999938964843750e+02 1.354069307362535390e+01
3.000000000000000000e+02 1.349792365372236524e+01
3.001000061035156250e+02 1.470527650557479760e+01
3.002000122070312500e+02 1.477990665902641254e+01
3.002999877929687500e+02 1.395098126427699192e+01
3.003999938964843750e+02 1.460240259132872609e+01
3.005000000000000000e+02 1.335948056230402869e+01
3.006000061035156250e+02 1.675204647853444939e+01
3.007000122070312500e+02 1.367458668320396953e+01
3.007999877929687500e+02 1.545378620565809413e+01
3.008999938964843750e+02 1.481617058736194537e+01
3.010000000000000000e+02 1.402510729192034233e+01
3.011000061035156250e+02 1.267087921503771497e+01
3.012000122070312500e+02 1.217333904962691626e+01
3.012999877929687500e+02 1.485948617745993694e+01
3.013999938964843750e+02 1.163932322170219713e+01
3.015000000000000000e+02 1.108018053074933995e+01
3.016000061035156250e+02 1.016523077519274132e+01
3.017000122070312500e+02 1.107062592402601098e+01
3.017999877929687500e+02 1.094228829029807848e+01
3.018999938964843750e+02 1.005770312367974206e+01
3.020000000000000000e+02 1.185105350230609567e+01
3.021000061035156250e+02 1.576561426991209203e+01
3.022000122070312500e+02 1.518687894635052693e+01
3.022999877929687500e+02 1.494695966282008825e+01
3.023999938964843750e+02 1.503921081176837404e+01
3.025000000000000000e+02 1.428957619714151051e+01
3.026000061035156250e+02 1.594770450327778555e+01
3.027000122070312500e+02 1.280647234028973358e+01
3.027999877929687500e+02 1.228887325541967535e+01
3.028999938964843750e+02 1.371065152357786943e+01
3.030000000000000000e+02 1.260751420953852353e+01
3.031000061035156250e+02 1.265559040349783615e+01
3.032000122070312500e+02 1.212626415353133069e+01
3.032999877929687500e+02 1.240453348179632798e+01
3.033999938964843750e+02 1.118697693474380905e+01
3.035000000000000000e+02 1.244210771321920639e+01
3.036000061035156250e+02 1.502684599516010522e+01
3.037000122070312500e+02 1.625199248395022877e+01
3.037999877929687500e+02 1.198343229221085338e+01
3.038999938964843750e+02 1.513778449269358539e+01
3.040000000000000000e+02 1.546303227969688088e+01
3.041000061035156250e+02 1.566079120428707228e+01
3.042000122070312500e+02 1.622052040331942990e+01
3.042999877929687500e+02 1.474908599682369292e+01
3.043999938964843750e+02 1.490008396772381793e+01
3.045000000000000000e+02 1.473735505658692269e+01
3.046000061035156250e+02 1.418648549327705943e+01
3.047000122070312500e+02 1.497687941081043839e+01
3.047999877929687500e+02 1.484110999307401002e+01
3.048999938964843750e+02 1.462489270970887745e+01
3.050000000000000000e+02 1.384121059916623331e+01
3.051000061035156250e+02 1.496332469634195661e+01
3.052000122070312500e+02 1.449620211827844507e+01
3.052999877929687500e+02 1.534395723246877274e+01
3.053999938964843750e+02 1.459726396935023196e+01
3.055000000000000000e+02 1.413351859916442343e+01
3.056000061035156250e+02 1.463824197755112344e+01
3.057000122070312500e+02 1.488421702451770834e+01
3.057999877929687500e+02 1.416879790171658904e+01
3.058999938964843750e+02 1.348524130487747819e+01
3.060000000000000000e+02 1.683700177144037369e+01
3.061000061035156250e+02 1.560165077529655875e+01
3.062000122070312500e+02 1.488306529864854433e+01
3.062999877929687500e+02 1.169594675742026801e+01
3.063999938964843750e+02 1.488185824182787975e+01
3.065000000000000000e+02 1.271002742704407673e+01
3.066000061035156250e+02 1.200359864442863334e+01
3.067000122070312500e+02 1.134612908415495269e+01
3.067999877929687500e+02 1.135790784223350158e+01
3.068999938964843750e+02 1.206985171467382578e+01
3.070000000000000000e+02 1.271601303889740642e+01
3.071000061035156250e+02 1.213152993907334221e+01
3.072000122070312500e+02 1.309815536212221865e+01
3.072999877929687500e+02 1.473283540854522933e+01
3.073999938964843750e+02 1.293216055859910973e+01
3.075000000000000000e+02 1.557847291591165728e+01
3.076000061035156250e+02 1.438277834154990309e+01
3.077000122070312500e+02 1.449696333477653631e+01
3.077999877929687500e+02 1.392981938900768490e+01
3.078999938964843750e+02 1.442228109680865877e+01
3.080000000000000000e+02 1.571876910872470212e+01
3.081000061035156250e+02 1.343222389028633401e+01
3.082000122070312500e+02 1.679428755539759166e+01
3.082999877929687500e+02 1.541849495277192617e+01
3.083999938964843750e+02 1.656880512101714942e+01
3.085000000000000000e+02 1.806184464704220005e+01
3.086000061035156250e+02 1.504322468539107227e+01
3.087000122070312500e+02 1.507797239762287944e+01
3.087999877929687500e+02 1.311665243718363705e+01
3.088999938964843750e+02 1.523692593671146867e+01
3.090000000000000000e+02 1.347523470562096470e+01
3.091000061035156250e+02 1.480149446341740216e+01
3.092000122070312500e+02 1.399131096107980277e+01
3.092999877929687500e+02 1.356137450020081836e+01
3.093999938964843750e+02 1.106619645066523105e+01
3.095000000000000000e+02 1.118625254794381441e+01
3.096000061035156250e+02 1.340607645400749171e+01
3.097000122070312500e+02 1.434333477095730736e+01
3.097999877929687500e+02 1.494197319124868351e+01
3.098999938964843750e+02 1.378477260077864841e+01
3.100000000000000000e+02 1.313626965699847737e+01
3.101000061035156250e+02 1.542586301099972523e+01
3.102000122070312500e+02 1.473165025903914582e+01
3.102999877929687500e+02 1.368206582485674794e+01
3.103999938964843750e+02 1.347058444199885407e+01
3.105000000000000000e+02 1.386999747138172623e+01
3.106000061035156250e+02 1.317908586706678697e+01
3.107000122070312500e+02 1.217577630698532687e+01
3.107999877929687500e+02 1.272444599017240385e+01
3.108999938964843750e+02 1.095262794014682939e+01
3.110000000000000000e+02 1.382396746136388010e+01
3.111000061035156250e+02 1.508141697100808187e+01
3.112000122070312500e+02 1.339946040739413569e+01
3.112999877929687500e+02 1.712450448870797004e+01
3.113999938964843750e+02 1.307245435768315645e+01
3.115000000000000000e+02 1.280903162879868873e+01
3.116000061035156250e+02 1.446298042810580675e+01
3.117000122070312500e+02 1.218856865773832432e+01
3.117999877929687500e+02 1.374740073007643382e+01
3.118999938964843750e+02 1.361155078278807729e+01
3.120000000000000000e+02 1.257298888771657808e+01
3.121000061035156250e+02 1.299273740776273023e+01
3.122000122070312500e+02 1.356103532381042065e+01
3.122999877929687500e+02 1.399946797155747724e+01
3.123999938964843750e+02 1.479317471553660823e+01
3.125000000000000000e+02 1.460504873821753691e+01
3.126000061035156250e+02 1.428915345566588613e+01
3.127000122070312500e+02 1.268465928114419761e+01
3.127999877929687500e+02 1.184166775896459534e+01
3.128999938964843750e+02 1.292210142602279355e+01
3.130000000000000000e+02 1.238726251993901606e+01
3.131000061035156250e+02 1.406968864319773616e+01
3.132000122070312500e+02 1.098808942094543895e+01
3.132999877929687500e+02 1.082322820309193467e+01
3.133999938964843750e+02 1.444475745749026352e+01
3.135000000000000000e+02 1.526360918788809684e+01
3.136000061035156250e+02 1.355399276151833554e+01
3.137000122070312500e+02 1.377479917383613817e+01
3.137999877929687500e+02 1.483032400339500434e+01
3.138999938964843750e+02 1.209157508922982771e+01
3.140000000000000000e+02 1.226365290180201484e+01
3.141000061035156250e+02 1.198826440962587014e+01
3.142000122070312500e+02 1.194542392918226881e+01
3.142999877929687500e+02 1.532218276668242041e+01
3.143999938964843750e+02 1.309246146075492945e+01
3.145000000000000000e+02 1.055698511475334023e+01
3.146000061035156250e+02 1.103033149908972987e+01
3.147000122070312500e+02 1.278234658464594986e+01
3.147999877929687500e+02 1.191308534060450341e+01
3.148999938964843750e+02 1.266672884193685533e+01
3.150000000000000000e+02 1.429405922252930772e+01
3.151000061035156250e+02 1.386079655739683503e+01
3.152000122070312500e+02 1.502809498567904711e+01
3.152999877929687500e+02 1.506361360869534494e+01
3.153999938964843750e+02 1.520378530438242137e+01
3.155000000000000000e+02 1.333662823972263745e+01
3.156000061035156250e+02 1.448203388508743927e+01
3.157000122070312500e+02 1.256766860165927113e+01
3.157999877929687500e+02 1.312446566931422787e+01
3.158999938964843750e+02 1.486839142974945105e+01
3.160000000000000000e+02 1.412458043412874531e+01
3.161000061035156250e+02 1.445715268646161000e+01
3.162000122070312500e+02 1.466090599856978471e+01
3.162999877929687500e+02 1.530875801010184212e+01
3.163999938964843750e+02 1.311763279998058529e+01
3.165000000000000000e+02 1.486118669395935399e+01
3.166000061035156250e+02 1.334207519537031672e+01
3.167000122070312500e+02 1.198277844940260906e+01
3.167999877929687500e+02 1.342996261610849906e+01
3.168999938964843750e+02 1.254483647820061165e+01
3.170000000000000000e+02 1.370106907326226420e+01
3.171000061035156250e+02 1.501519664209307159e+01
3.172000122070312500e+02 1.496848182251748227e+01
3.172999877929687500e+02 1.493487025229737419e+01
3.173999938964843750e+02 1.409681749933455563e+01
3.175000000000000000e+02 1.256299796000852886e+01
3.176000061035156250e+02 1.338978495272783320e+01
3.177000122070312500e+02 1.230292703970288493e+01
3.177999877929687500e+02 1.376245557696059052e+01
3.178999938964843750e+02 1.175070141982931560e+01
3.180000000000000000e+02 1.259479938074444405e+01
3.181000061035156250e+02 1.572487514496910777e+01
3.182000122070312500e+02 1.414849851276693649e+01
3.182999877929687500e+02 1.431457476849316812e+01
3.183999938964843750e+02 1.507596908865128071e+01
3.185000000000000000e+02 1.631563591144233882e+01
3.186000061035156250e+02 1.459475617907464340e+01
3.187000122070312500e+02 1.461953991269709086e+01
3.187999877929687500e+02 1.223435754979169054e+01
3.188999938964843750e+02 1.342212347917164372e+01
3.190000000000000000e+02 1.466582854941292169e+01
3.191000061035156250e+02 1.379336005114970121e+01
3.192000122070312500e+02 1.616091726333394618e+01
3.192999877929687500e+02 1.575693959807749067e+01
3.193999938964843750e+02 1.413635393644582194e+01
3.195000000000000000e+02 1.428785822976865383e+01
3.196000061035156250e+02 1.412132792486107036e+01
3.197000122070312500e+02 1.416454185935086763e+01
3.197999877929687500e+02 1.612483863065891754e+01
3.198999938964843750e+02 1.223538550796171087e+01
3.200000000000000000e+02 1.418401818440684714e+01
3.201000061035156250e+02 1.579944332175003829e+01
3.202000122070312500e+02 1.371340847110907291e+01
3.202999877929687500e+02 1.428966143034100789e+01
3.203999938964843750e+02 1.554904123867397381e+01
3.205000000000000000e+02 1.400671083180741583e+01
3.206000061035156250e+02 1.275514689200000795e+01
3.207000122070312500e+02 1.588681651832157726e+01
3.207999877929687500e+02 1.489624407437658071e+01
3.208999938964843750e+02 1.427777552500563374e+01
3.210000000000000000e+02 1.561162136868471251e+01
3.211000061035156250e+02 1.370353336650719456e+01
3.212000122070312500e+02 1.623828616151945070e+01
3.212999877929687500e+02 1.487208341380616616e+01
3.213999938964843750e+02 1.114889931563028291e+01
3.215000000000000000e+02 1.418398727816583182e+01
3.216000061035156250e+02 1.188070715090739427e+01
3.217000122070312500e+02 1.309083437531002403e+01
3.217999877929687500e+02 1.158603665955980055e+01
3.218999938964843750e+02 1.265205637944591999e+01
3.220000000000000000e+02 1.398209095975573746e+01
3.221000061035156250e+02 1.366947283714047146e+01
3.222000122070312500e+02 1.196145814659249318e+01
3.222999877929687500e+02 1.403086603856986869e+01
3.223999938964843750e+02 1.420873506143089493e+01
3.225000000000000000e+02 1.158998400610168744e+01
3.226000061035156250e+02 1.478754783266686168e+01
3.227000122070312500e+02 1.397360713129457643e+01
3.227999877929687500e+02 1.281303456727314938e+01
3.228999938964843750e+02 1.422211694706415308e+01
3.230000000000000000e+02 1.574003104277519505e+01
3.231000061035156250e+02 1.464806763719270677e+01
3.232000122070312500e+02 1.367666236402835445e+01
3.232999877929687500e+02 1.250232100541430924e+01
3.233999938964843750e+02 1.250992213133905118e+01
3.235000000000000000e+02 1.359077760756058773e+01
3.236000061035156250e+02 1.097794881305904724e+01
3.237000122070312500e+02 1.446485122654633315e+01
3.237999877929687500e+02 1.342577811439089785e+01
3.238999938964843750e+02 1.280255342895509862e+01
3.240000000000000000e+02 1.209328694882883148e+01
3.241000061035156250e+02 1.286600976212286085e+01
3.242000122070312500e+02 1.306342614039900241e+01
3.242999877929687500e+02 1.513386431472343041e+01
3.243999938964843750e+02 1.420600494824678428e+01
3.245000000000000000e+02 1.271438562236333958e+01
3.246000061035156250e+02 1.270090883036365881e+01
3.247000122070312500e+02 1.446951961431928879e+01
3.247999877929687500e+02 1.468489016939163783e+01
3.248999938964843750e+02 1.276696755280748974e+01
3.250000000000000000e+02 1.444678910621004064e+01
3.251000061035156250e+02 1.440148455201005362e+01
3.252000122070312500e+02 1.426800740073094609e+01
3.252999877929687500e+02 1.641271936936397680e+01
3.253999938964843750e+02 1.485991215120325926e+01
3.255000000000000000e+02 1.561290141401739184e+01
3.256000061035156250e+02 1.290993907535494323e+01
3.257000122070312500e+02 1.474812682283605447e+01
3.257999877929687500e+02 1.287899590512020431e+01
3.258999938964843750e+02 1.374710115451824954e+01
3.260000000000000000e+02 1.289723589056317188e+01
3.261000061035156250e+02 1.434126860412761673e+01
3.262000122070312500e+02 1.449870290508525450e+01
3.262999877929687500e+02 1.407914538513689706e+01
3.263999938964843750e+02 1.352685702148083990e+01
3.265000000000000000e+02 1.479683853679004457e+01
3.266000061035156250e+02 1.289733024605877176e+01
3.267000122070312500e+02 1.508344960941777479e+01
3.267999877929687500e+02 1.378486271955621945e+01
3.268999938964843750e+02 1.402058809328928923e+01
3.270000000000000000e+02 1.477287020090284031e+01
3.271000061035156250e+02 1.408012631292973005e+01
3.272000122070312500e+02 1.447988024523883155e+01
3.272999877929687500e+02 1.480509119414951691e+01
3.273999938964843750e+02 1.516504621706178213e+01
3.275000000000000000e+02 1.440455337492057453e+01
3.276000061035156250e+02 1.336689434446758185e+01
3.277000122070312500e+02 1.474222907852024811e+01
3.277999877929687500e+02 1.383741716791131715e+01
3.278999938964843750e+02 1.279535161499672569e+01
3.280000000000000000e+02 1.385659467136441059e+01
3.281000061035156250e+02 1.428053039612693809e+01
3.282000122070312500e+02 1.357571124285594522e+01
3.282999877929687500e+02 1.388955759398131029e+01
3.283999938964843750e+02 1.234388089508590980e+01
3.285000000000000000e+02 1.512563878027975051e+01
3.286000061035156250e+02 1.415470969783634025e+01
3.287000122070312500e+02 1.482771854284327517e+01
3.287999877929687500e+02 1.398199054581654899e+01
3.288999938964843750e+02 1.483075471522010247e+01
3.290000000000000000e+02 1.352921787566568135e+01
3.291000061035156250e+02 1.403134365959916963e+01
3.292000122070312500e+02 1.497345683800257810e+01
3.292999877929687500e+02 1.413641868956873004e+01
3.293999938964843750e+02 1.407455609094372129e+01
3.295000000000000000e+02 1.241711791061723069e+01
3.296000061035156250e+02 1.470033863887312719e+01
3.297000122070312500e+02 1.436568135815351432e+01
3.297999877929687500e+02 1.350785820675486271e+01
3.298999938964843750e+02 1.477376919308219883e+01
3.300000000000000000e+02 1.448517355901666726e+01
3.301000061035156250e+02 1.582950216506363716e+01
3.302000122070312500e+02 1.485631491294311424e+01
3.302999877929687500e+02 1.509135632560586515e+01
3.303999938964843750e+02 1.280146356529575336e+01
3.305000000000000000e+02 1.266861714009676021e+01
3.306000061035156250e+02 1.258798145020008974e+01
3.307000122070312500e+02 1.256740365671312532e+01
3.307999877929687500e+02 1.267803155684332950e+01
3.308999938964843750e+02 1.292187272522313179e+01
3.310000000000000000e+02 1.289674611763832779e+01
3.311000061035156250e+02 1.380404167096544654e+01
3.312000122070312500e+02 1.208461172301478115e+01
3.312999877929687500e+02 1.305215053565320460e+01
3.313999938964843750e+02 1.346240461368608266e+01
3.315000000000000000e+02 1.473344203760018090e+01
3.316000061035156250e+02 1.384184819421149193e+01
3.317000122070312500e+02 1.214955028827877115e+01
3.317999877929687500e+02 1.302470541348580468e+01
3.318999938964843750e+02 1.341107464504011126e+01
3.320000000000000000e+02 1.316646879081154431e+01
3.321000061035156250e+02 1.295352294459246423e+01
3.322000122070312500e+02 1.410607482978765859e+01
3.322999877929687500e+02 1.587914765439630749e+01
3.323999938964843750e+02 1.486036990562797477e+01
3.325000000000000000e+02 1.448083154481549251e+01
3.326000061035156250e+02 1.448495715694772557e+01
3.327000122070312500e+02 1.454227005939334916e+01
3.327999877929687500e+02 1.534721433725628792e+01
3.328999938964843750e+02 1.385905280321267163e+01
3.330000000000000000e+02 1.422572053995374119e+01
3.331000061035156250e+02 1.409188279003951294e+01
3.332000122070312500e+02 1.340425112513212724e+01
3.332999877929687500e+02 1.429719353377461744e+01
3.333999938964843750e+02 1.397386597911132178e+01
3.335000000000000000e+02 1.518165417846456045e+01
3.336000061035156250e+02 1.489155896092832521e+01
3.337000122070312500e+02 1.506954879206678477e+01
3.337999877929687500e+02 1.560502456381934344e+01
3.338999938964843750e+02 1.422400801302024576e+01
3.340000000000000000e+02 1.253610059456126358e+01
3.341000061035156250e+02 1.298943125826007972e+01
3.342000122070312500e+02 1.409780771015693013e+01
3.342999877929687500e+02 1.467250906183065773e+01
3.343999938964843750e+02 1.347202543773179961e+01
3.345000000000000000e+02 1.276001014120130606e+01
3.346000061035156250e+02 1.251478472677057852e+01
3.347000122070312500e+02 1.261023294703423758e+01
3.347999877929687500e+02 1.343515460991376820e+01
3.348999938964843750e+02 1.289394502716629276e+01
3.350000000000000000e+02 1.538945317548941993e+01
3.351000061035156250e+02 1.650162764250811875e+01
3.352000122070312500e+02 1.544723011509361221e+01
3.352999877929687500e+02 1.240253528617610712e+01
3.353999938964843750e+02 1.339220904623765485e+01
3.355000000000000000e+02 1.233170719542674831e+01
3.356000061035156250e+02 1.359599131057629506e+01
3.357000122070312500e+02 1.285150221971213114e+01
3.357999877929687500e+02 1.267642623750686326e+01
3.358999938964843750e+02 1.293673941303183739e+01
3.360000000000000000e+02 1.475126292747580337e+01
3.361000061035156250e+02 1.406046011533383222e+01
3.362000122070312500e+02 1.378131113196312718e+01
3.362999877929687500e+02 1.366413164641361000e+01
3.363999938964843750e+02 1.462225523807502725e+01
3.365000000000000000e+02 1.572665010972870370e+01
3.366000061035156250e+02 1.327995371949356063e+01
3.367000122070312500e+02 1.496704573240943326e+01
3.367999877929687500e+02 1.452747938301351915e+01
3.368999938964843750e+02 1.409984222005744492e+01
3.370000000000000000e+02 1.283655892119356778e+01
3.371000061035156250e+02 1.347155655780935390e+01
3.372000122070312500e+02 1.473706919676797256e+01
3.372999877929687500e+02 1.339208522887150998e+01
3.373999938964843750e+02 1.388886556901925040e+01
3.375000000000000000e+02 1.342294458974705584e+01
3.376000061035156250e+02 1.597587928936816226e+01
3.377000122070312500e+02 1.244282036962764693e+01
3.377999877929687500e+02 1.338485132892169283e+01
3.378999938964843750e+02 1.372913148846709852e+01
3.380000000000000000e+02 1.306775665778933337e+01
3.381000061035156250e+02 1.430486121479694184e+01
3.382000122070312500e+02 1.194880739172291406e+01
3.382999877929687500e+02 1.174732445143633797e+01
3.383999938964843750e+02 1.199374988997772817e+01
3.385000000000000000e+02 1.181863044737465707e+01
3.386000061035156250e+02 1.321144878677198697e+01
3.387000122070312500e+02 1.314352930281602383e+01
3.387999877929687500e+02 1.264026408087284636e+01
3.388999938964843750e+02 1.334718175568365162e+01
3.390000000000000000e+02 1.263901978009456606e+01
3.391000061035156250e+02 1.243564358308972118e+01
3.392000122070312500e+02 1.465881391585285343e+01
3.392999877929687500e+02 1.200768505843418943e+01
3.393999938964843750e+02 1.208190683653040587e+01
3.395000000000000000e+02 1.211763502821106364e+01
3.396000061035156250e+02 1.238251984914558612e+01
3.397000122070312500e+02 1.226442214837454259e+01
3.397999877929687500e+02 1.254864770210359914e+01
3.398999938964843750e+02 1.301798274631917351e+01
3.400000000000000000e+02 1.284427726508426737e+01
3.401000061035156250e+02 1.205727379640326546e+01
3.402000122070312500e+02 1.054545539797583409e+01
3.402999877929687500e+02 1.073350785008832808e+01
3.403999938964843750e+02 1.139554680771150963e+01
3.405000000000000000e+02 1.220361480430114831e+01
3.406000061035156250e+02 1.199488721677495739e+01
3.407000122070312500e+02 1.290432513547572668e+01
3.407999877929687500e+02 1.165124583595325980e+01
3.408999938964843750e+02 1.249180073579798922e+01
3.410000000000000000e+02 1.166593051124657521e+01
3.411000061035156250e+02 1.312598420917369957e+01
3.412000122070312500e+02 1.250945877455967192e+01
3.412999877929687500e+02 1.274933184015777954e+01
3.413999938964843750e+02 1.281304983474456627e+01
3.415000000000000000e+02 1.185491506031092968e+01
3.416000061035156250e+02 1.397419913231924582e+01
3.417000122070312500e+02 1.178820294747765196e+01
3.417999877929687500e+02 1.109823302981131832e+01
3.418999938964843750e+02 1.269185903885651179e+01
3.420000000000000000e+02 1.180924007139272192e+01
3.421000061035156250e+02 1.271980861958547138e+01
3.422000122070312500e+02 1.459683064795626350e+01
3.422999877929687500e+02 1.364401614596240186e+01
3.423999938964843750e+02 1.140314097566743889e+01
3.425000000000000000e+02 1.489574823553715355e+01
3.426000061035156250e+02 1.336830869885324802e+01
3.427000122070312500e+02 1.339088556422905185e+01
3.427999877929687500e+02 1.217937821004047549e+01
3.428999938964843750e+02 1.262004538180643110e+01
3.430000000000000000e+02 1.298220258335143740e+01
3.431000061035156250e+02 1.139853992132210969e+01
3.432000122070312500e+02 1.080090703299836008e+01
3.432999877929687500e+02 1.211205533493412645e+01
3.433999938964843750e+02 1.219332507250603115e+01
3.435000000000000000e+02 1.198975404946781786e+01
3.436000061035156250e+02 1.420756781997481077e+01
3.437000122070312500e+02 1.273156492303019682e+01
3.437999877929687500e+02 1.246204158841775644e+01
3.438999938964843750e+02 1.199856394163446183e+01
3.440000000000000000e+02 1.122348500544326555e+01
3.441000061035156250e+02 1.268224222843062599e+01
3.442000122070312500e+02 1.222653684536214236e+01
3.442999877929687500e+02 1.150101808484948762e+01
3.443999938964843750e+02 1.248517570819203115e+01
3.445000000000000000e+02 1.073372751197535813e+01
3.446000061035156250e+02 1.401619491311253896e+01
3.447000122070312500e+02 1.267181279472563915e+01
3.447999877929687500e+02 1.227266997073555288e+01
3.448999938964843750e+02 1.032519846339638114e+01
3.450000000000000000e+02 1.239483301862071762e+01
3.451000061035156250e+02 1.201845830281376060e+01
3.452000122070312500e+02 1.181332883831902869e+01
3.452999877929687500e+02 1.098481055914056448e+01
3.453999938964843750e+02 1.287887310099839056e+01
3.455000000000000000e+02 1.405887284214966115e+01
3.456000061035156250e+02 1.208820547665710521e+01
3.457000122070312500e+02 1.198011560961275634e+01
3.457999877929687500e+02 1.100192986914153792e+01
3.458999938964843750e+02 1.083227342507412416e+01
3.460000000000000000e+02 1.067988586599863865e+01
3.461000061035156250e+02 1.062853255526490770e+01
3.462000122070312500e+02 1.076383324934600338e+01
3.462999877929687500e+02 1.239047963041155498e+01
3.463999938964843750e+02 1.127564175702541682e+01
3.465000000000000000e+02 1.377567685728724634e+01
3.466000061035156250e+02 1.339915834770650704e+01
3.467000122070312500e+02 1.339242902718444483e+01
3.467999877929687500e+02 1.052519515501216851e+01
3.468999938964843750e+02 1.063462676326733103e+01
3.470000000000000000e+02 1.111898582121262358e+01
3.471000061035156250e+02 1.252426175301495981e+01
3.472000122070312500e+02 1.259571057246018455e+01
3.472999877929687500e+02 1.303848412827890435e+01
3.473999938964843750e+02 1.281847896289849231e+01
3.475000000000000000e+02 1.070429877170704280e+01
3.476000061035156250e+02 1.331003684944892917e+01
3.477000122070312500e+02 1.251589568077482717e+01
3.477999877929687500e+02 1.532990205004963258e+01
3.478999938964843750e+02 1.436726461459832116e+01
3.480000000000000000e+02 1.390126097468347766e+01
3.481000061035156250e+02 1.338310086053418857e+01
3.482000122070312500e+02 1.410672503994051397e+01
3.482999877929687500e+02 1.414066162935567839e+01
3.483999938964843750e+02 1.320316814394704785e+01
3.485000000000000000e+02 1.262069466603133527e+01
3.486000061035156250e+02 1.180839778144212993e+01
3.487000122070312500e+02 1.206824994390740535e+01
3.487999877929687500e+02 1.122731566963457261e+01
3.488999938964843750e+02 1.134984660398166767e+01
3.490000000000000000e+02 1.470926448197731418e+01
3.491000061035156250e+02 1.489813097243000506e+01
3.492000122070312500e+02 1.490197076206752236e+01
3.492999877929687500e+02 1.898407436515133995e+01
3.493999938964843750e+02 1.556425987799645938e+01
3.495000000000000000e+02 1.379276265176561189e+01
3.496000061035156250e+02 1.080900701249098717e+01
3.497000122070312500e+02 1.164451566982578790e+01
3.497999877929687500e+02 1.022396943710079675e+01
3.498999938964843750e+02 1.150805573609564014e+01
3.500000000000000000e+02 1.357159977660066197e+01
3.501000061035156250e+02 1.326656038924510206e+01
3.502000122070312500e+02 1.377223377213372757e+01
3.502999877929687500e+02 1.321603027514670892e+01
3.503999938964843750e+02 1.340404585157513040e+01
3.505000000000000000e+02 1.215055127645446476e+01
3.506000061035156250e+02 1.300741113059046761e+01
3.507000122070312500e+02 1.209240538356021055e+01
3.507999877929687500e+02 1.217071075370179933e+01
3.508999938964843750e+02 1.284905105420607718e+01
3.510000000000000000e+02 1.372210411186557977e+01
3.511000061035156250e+02 1.246838264164437682e+01
3.512000122070312500e+02 1.007810345730440638e+01
3.512999877929687500e+02 1.232370124412095613e+01
3.513999938964843750e+02 1.087431746091911933e+01
3.515000000000000000e+02 1.138445297642865128e+01
3.516000061035156250e+02 1.143605057285033233e+01
3.517000122070312500e+02 1.049481274292496025e+01
3.517999877929687500e+02 1.344887074814366912e+01
3.518999938964843750e+02 1.290514176648926359e+01
3.520000000000000000e+02 1.183527578822548776e+01
3.521000061035156250e+02 1.330181007339362154e+01
3.522000122070312500e+02 1.298605717300366358e+01
3.522999877929687500e+02 1.271510724991357755e+01
3.523999938964843750e+02 1.264376048182451662e+01
3.525000000000000000e+02 1.137782817714544947e+01
3.526000061035156250e+02 1.164111378476308545e+01
3.527000122070312500e+02 1.413464714385682086e+01
3.527999877929687500e+02 1.168173947740688767e+01
3.528999938964843750e+02 1.308638000906715959e+01
3.530000000000000000e+02 1.042549495927899805e+01
3.531000061035156250e+02 1.001410696022710667e+01
3.532000122070312500e+02 9.976702461685698964e+00
3.532999877929687500e+02 1.102228104082594307e+01
3.533999938964843750e+02 1.276840075329490887e+01
3.535000000000000000e+02 1.107950448213201788e+01
3.536000061035156250e+02 1.111979444148527740e+01
3.537000122070312500e+02 1.166715293058050129e+01
3.537999877929687500e+02 1.317169907500895398e+01
3.538999938964843750e+02 1.428774215646074275e+01
3.540000000000000000e+02 1.312886335554161477e+01
3.541000061035156250e+02 1.261775406157430091e+01
3.542000122070312500e+02 1.337440271705431627e+01
3.542999877929687500e+02 1.369359034892928761e+01
3.543999938964843750e+02 1.211465490356549601e+01
3.545000000000000000e+02 1.229532015678575263e+01
3.546000061035156250e+02 1.049458084411014092e+01
3.547000122070312500e+02 1.175095778658060297e+01
3.547999877929687500e+02 1.386234166279847102e+01
3.548999938964843750e+02 1.649564210063941871e+01
3.550000000000000000e+02 1.393352318316708427e+01
3.551000061035156250e+02 1.359111302065574911e+01
3.552000122070312500e+02 1.408104331139464982e+01
3.552999877929687500e+02 1.464593250733577179e+01
3.553999938964843750e+02 1.336962616746718702e+01
3.555000000000000000e+02 1.204981729936703694e+01
3.556000061035156250e+02 1.220262169366314886e+01
3.557000122070312500e+02 1.224766970115663156e+01
3.557999877929687500e+02 1.155918694432882354e+01
3.558999938964843750e+02 1.099686238037604902e+01
3.560000000000000000e+02 1.334587188417680181e+01
3.561000061035156250e+02 1.109984176073763784e+01
3.562000122070312500e+02 1.238033188467364987e+01
3.562999877929687500e+02 1.486072575508803162e+01
3.563999938964843750e+02 1.373541277359750801e+01
3.565000000000000000e+02 1.399677524040984267e+01
3.566000061035156250e+02 1.550214925313481729e+01
3.567000122070312500e+02 1.336390620675703467e+01
3.567999877929687500e+02 1.425025831283432787e+01
3.568999938964843750e+02 1.313047950708169509e+01
3.570000000000000000e+02 1.272118091265484985e+01
3.571000061035156250e+02 1.365790868974986694e+01
3.572000122070312500e+02 1.391935406150182430e+01
3.572999877929687500e+02 1.425006430261671753e+01
3.573999938964843750e+02 1.307070650428972947e+01
3.575000000000000000e+02 1.256072144990159423e+01
3.576000061035156250e+02 1.264390355521358345e+01
3.577000122070312500e+02 1.362209862189032883e+01
3.577999877929687500e+02 1.272744100129057720e+01
3.578999938964843750e+02 1.338604110930154967e+01
3.580000000000000000e+02 9.278614505056737016e+00
3.581000061035156250e+02 9.917071037386881116e+00
3.582000122070312500e+02 1.220494260539629927e+01
3.582999877929687500e+02 1.268324865101685539e+01
3.583999938964843750e+02 1.273467184531519258e+01
3.585000000000000000e+02 1.273273325138269563e+01
3.586000061035156250e+02 1.160534052637059332e+01
3.587000122070312500e+02 1.141059823450048505e+01
3.587999877929687500e+02 1.483608825407935150e+01
3.588999938964843750e+02 1.349305693555721142e+01
3.590000000000000000e+02 1.184090208317416426e+01
3.591000061035156250e+02 1.169647497288787541e+01
3.592000122070312500e+02 1.161587807588410648e+01
3.592999877929687500e+02 1.081333977632201382e+01
3.593999938964843750e+02 1.162497289084595486e+01
3.595000000000000000e+02 1.111339386991968858e+01
3.596000061035156250e+02 1.162448359401053288e+01
3.597000122070312500e+02 1.403689983963990251e+01
3.597999877929687500e+02 1.435476652334989289e+01
3.598999938964843750e+02 1.354247016290690908e+01
3.600000000000000000e+02 1.068315244457909152e+01
3.601000061035156250e+02 1.292925965513526165e+01
3.602000122070312500e+02 1.322921858796449435e+01
3.602999877929687500e+02 1.275601679917999576e+01
3.603999938964843750e+02 1.473617728924054404e+01
3.605000000000000000e+02 1.156200895081470037e+01
3.606000061035156250e+02 1.333322974595915156e+01
3.607000122070312500e+02 1.408544704230500599e+01
3.607999877929687500e+02 1.273864747805844999e+01
3.608999938964843750e+02 1.296519273503555070e+01
3.610000000000000000e+02 1.324417804685563205e+01
3.611000061035156250e+02 1.349559822596520497e+01
3.612000122070312500e+02 1.512532418815681901e+01
3.612999877929687500e+02 1.452165053949205742e+01
3.613999938964843750e+02 1.379426314291707278e+01
3.615000000000000000e+02 1.357160514044391242e+01
3.616000061035156250e+02 1.355061334299400855e+01
3.617000122070312500e+02 1.400891983988797662e+01
3.617999877929687500e+02 1.248904533384978421e+01
3.618999938964843750e+02 1.402905248991180009e+01
3.620000000000000000e+02 1.219714995720474349e+01
3.621000061035156250e+02 1.059016156472985593e+01
3.622000122070312500e+02 1.267024306242578291e+01
3.622999877929687500e+02 9.760882672714439323e+00
3.623999938964843750e+02 1.004502519705785346e+01
3.625000000000000000e+02 8.037619836097420034e+00
3.626000061035156250e+02 8.956125765569506569e+00
3.627000122070312500e+02 8.632209564627121523e+00
3.627999877929687500e+02 7.869763925858006992e+00
3.628999938964843750e+02 7.937834742019579615e+00
3.630000000000000000e+02 8.441336026028610107e+00
3.631000061035156250e+02 9.443897547717066132e+00
3.632000122070312500e+02 8.470439652853096746e+00
3.632999877929687500e+02 9.573624313385508344e+00
3.633999938964843750e+02 9.988477724799938784e+00
3.635000000000000000e+02 1.124869529461707351e+01
3.636000061035156250e+02 1.213776177460128558e+01
3.637000122070312500e+02 1.163759293348438106e+01
3.637999877929687500e+02 1.147215598483611920e+01
3.638999938964843750e+02 1.096016605268068211e+01
3.640000000000000000e+02 9.932891588538785399e+00
3.641000061035156250e+02 7.672965648562255936e+00
3.642000122070312500e+02 7.825090332748084521e+00
3.642999877929687500e+02 8.084909528542832291e+00
3.643999938964843750e+02 8.131725805848764921e+00
3.645000000000000000e+02 9.572560428049071035e+00
3.646000061035156250e+02 8.182843678795595821e+00
3.647000122070312500e+02 8.201685461193997995e+00
3.647999877929687500e+02 7.621430249474029139e+00
3.648999938964843750e+02 8.252616653533827673e+00
3.650000000000000000e+02 8.109772584200550583e+00
3.651000061035156250e+02 8.002609456540948685e+00
3.652000122070312500e+02 8.087401202754364249e+00
3.652999877929687500e+02 8.790071921943440003e+00
3.653999938964843750e+02 9.078342190056968519e+00
3.655000000000000000e+02 8.140993010436103461e+00
3.656000061035156250e+02 8.754484003471496578e+00
3.657000122070312500e+02 9.159229231981232289e+00
3.657999877929687500e+02 7.909433611558036148e+00
3.658999938964843750e+02 7.940870608954308629e+00
3.660000000000000000e+02 9.808824825292667526e+00
3.661000061035156250e+02 8.550078531286747108e+00
3.662000122070312500e+02 8.016842342770091889e+00
3.662999877929687500e+02 9.415031886637784453e+00
3.663999938964843750e+02 8.769570815391194429e+00
3.665000000000000000e+02 8.811341421621486703e+00
3.666000061035156250e+02 9.392837307618899345e+00
3.667000122070312500e+02 8.067331268299279046e+00
3.667999877929687500e+02 9.611963812333611301e+00
3.668999938964843750e+02 9.147785059731701196e+00
3.670000000000000000e+02 9.453856152384771505e+00
3.671000061035156250e+02 8.434890271360742986e+00
3.672000122070312500e+02 7.481094081167363186e+00
3.672999877929687500e+02 8.818078539807817862e+00
3.673999938964843750e+02 9.056172520829754546e+00
3.675000000000000000e+02 9.204527404018827852e+00
3.676000061035156250e+02 7.884269902203731029e+00
3.677000122070312500e+02 8.042135692200755415e+00
3.677999877929687500e+02 8.072815153839430380e+00
3.678999938964843750e+02 8.862264967279578798e+00
3.680000000000000000e+02 7.213403022657209007e+00
3.681000061035156250e+02 9.281949283193254630e+00
3.682000122070312500e+02 8.724682339609259429e+00
3.682999877929687500e+02 8.080689123709928978e+00
3.683999938964843750e+02 8.016617030364708185e+00
3.685000000000000000e+02 8.415998327354133224e+00
3.686000061035156250e+02 7.445637599462290979e+00
3.687000122070312500e+02 8.307137866549727079e+00
3.687999877929687500e+02 9.545637215688588029e+00
3.688999938964843750e+02 8.603956570156482186e+00
3.690000000000000000e+02 8.150003147145625348e+00
3.691000061035156250e+02 1.010289512682459545e+01
3.692000122070312500e+02 8.316233448742009315e+00
3.692999877929687500e+02 8.836954724860976995e+00
3.693999938964843750e+02 8.099434355031194244e+00
3.695000000000000000e+02 8.252691757575483678e+00
3.696000061035156250e+02 8.786144396800862566e+00
3.697000122070312500e+02 7.749706496824242841e+00
3.697999877929687500e+02 9.182943753264250830e+00
3.698999938964843750e+02 7.814465877793590032e+00
3.700000000000000000e+02 8.456800866715898479e+00
3.701000061035156250e+02 8.640690184286405895e+00
3.702000122070312500e+02 8.936044175257785938e+00
3.702999877929687500e+02 7.913061993499002966e+00
3.703999938964843750e+02 7.715396468746682501e+00
3.705000000000000000e+02 8.900868413277576607e+00
3.706000061035156250e+02 8.551951282239771857e+00
3.707000122070312500e+02 7.875262794839579250e+00
3.707999877929687500e+02 8.617915753247288535e+00
3.708999938964843750e+02 7.704661104273173855e+00
3.710000000000000000e+02 8.280586533206891531e+00
3.711000061035156250e+02 9.551647746290791829e+00
3.712000122070312500e+02 8.110292292546128934e+00
3.712999877929687500e+02 7.854609626362501373e+00
3.713999938964843750e+02 8.620474633152101163e+00
3.715000000000000000e+02 8.753665384946028638e+00
3.716000061035156250e+02 8.770834881383862580e+00
3.717000122070312500e+02 8.300970327197738641e+00
3.717999877929687500e+02 8.482024033268160679e+00
3.718999938964843750e+02 8.769314474934613912e+00
3.720000000000000000e+02 8.118393364334510309e+00
3.721000061035156250e+02 8.459014198283080432e+00
3.722000122070312500e+02 8.156128262348572022e+00
3.722999877929687500e+02 7.543642185065489336e+00
3.723999938964843750e+02 7.246386816768136896e+00
3.725000000000000000e+02 6.998200147046117259e+00
3.726000061035156250e+02 7.826537373058885194e+00
3.727000122070312500e+02 8.932440657931966399e+00
3.727999877929687500e+02 7.999638671728341421e+00
3.728999938964843750e+02 8.343752493356264566e+00
3.730000000000000000e+02 8.539653443290017520e+00
3.731000061035156250e+02 8.864723964376304721e+00
3.732000122070312500e+02 8.957706893412925808e+00
3.732999877929687500e+02 7.898390720730462000e+00
3.733999938964843750e+02 9.257859073240203074e+00
3.735000000000000000e+02 7.534985259407081415e+00
3.736000061035156250e+02 8.221385495572240742e+00
3.737000122070312500e+02 7.556843508868718473e+00
3.737999877929687500e+02 7.847866936546336269e+00
3.738999938964843750e+02 8.278275668857785874e+00
3.740000000000000000e+02 8.466583405655352834e+00
3.741000061035156250e+02 8.067942569844127831e+00
3.742000122070312500e+02 7.798535525980919481e+00
3.742999877929687500e+02 8.025975519646985745e+00
3.743999938964843750e+02 7.760436280804288600e+00
3.745000000000000000e+02 7.556535028121835751e+00
3.746000061035156250e+02 8.546231525909764315e+00
3.747000122070312500e+02 8.530450612914666664e+00
3.747999877929687500e+02 9.209934122637456255e+00
3.748999938964843750e+02 8.638170257943219355e+00
3.750000000000000000e+02 8.362037785965656056e+00
3.751000061035156250e+02 8.642717640467830975e+00
3.752000122070312500e+02 8.762615752478433606e+00
3.752999877929687500e+02 7.658378107090334730e+00
3.753999938964843750e+02 9.047085656905359485e+00
3.755000000000000000e+02 7.865967757156861140e+00
3.756000061035156250e+02 7.987347276886882952e+00
3.757000122070312500e+02 9.089468424439399286e+00
3.757999877929687500e+02 7.452185061789237785e+00
3.758999938964843750e+02 8.067977129143216075e+00
3.760000000000000000e+02 8.580757892541040377e+00
3.761000061035156250e+02 8.500357417764183410e+00
3.762000122070312500e+02 7.669066937895194336e+00
3.762999877929687500e+02 7.833224208778833741e+00
3.763999938964843750e+02 8.409122640810826610e+00
3.765000000000000000e+02 8.216472032411648030e+00
3.766000061035156250e+02 8.614684059185638176e+00
3.767000122070312500e+02 7.702363485115385267e+00
3.767999877929687500e+02 8.843668250801773212e+00
3.768999938964843750e+02 8.053975432787797928e+00
3.770000000000000000e+02 8.898112811922498366e+00
3.771000061035156250e+02 9.394851611975035155e+00
3.772000122070312500e+02 8.380276694214332522e+00
3.772999877929687500e+02 8.193973852797762802e+00
3.773999938964843750e+02 8.989974307092523986e+00
3.775000000000000000e+02 9.187294357855837035e+00
3.776000061035156250e+02 7.735146592807491395e+00
3.777000122070312500e+02 7.856652736483979993e+00
3.777999877929687500e+02 9.089856931624892056e+00
3.778999938964843750e+02 9.131059170278678749e+00
3.780000000000000000e+02 8.891208845150101681e+00
3.781000061035156250e+02 8.739703008988639610e+00
3.782000122070312500e+02 7.692188355763513563e+00
3.782999877929687500e+02 7.164054759662842997e+00
3.783999938964843750e+02 7.816800279821227271e+00
3.785000000000000000e+02 7.988148174593757922e+00
3.786000061035156250e+02 7.695998813830434493e+00
3.787000122070312500e+02 7.832760788522479700e+00
3.787999877929687500e+02 7.552600158370837313e+00
3.788999938964843750e+02 7.075655839543023795e+00
3.790000000000000000e+02 7.433193973558736012e+00
3.791000061035156250e+02 7.795734944986244308e+00
3.792000122070312500e+02 7.185067262311255476e+00
3.792999877929687500e+02 7.725546192203298190e+00
3.793999938964843750e+02 9.606453051915909924e+00
3.795000000000000000e+02 8.029665938082160892e+00
3.796000061035156250e+02 7.822947779051308892e+00
3.797000122070312500e+02 7.525856864953427205e+00
3.797999877929687500e+02 7.948911185010317126e+00
3.798999938964843750e+02 8.568216010145443207e+00
3.800000000000000000e+02 8.625527254999804327e+00
3.801000061035156250e+02 8.599669575861820903e+00
3.802000122070312500e+02 8.926064097375803641e+00
3.802999877929687500e+02 8.974161131609877273e+00
3.803999938964843750e+02 7.642236697467148510e+00
3.805000000000000000e+02 8.714692364087602172e+00
3.806000061035156250e+02 9.360086875308736509e+00
3.807000122070312500e+02 9.121347218699309423e+00
3.807999877929687500e+02 1.002173614523280953e+01
3.808999938964843750e+02 8.991724421192921923e+00
3.810000000000000000e+02 8.009056458759138408e+00
3.811000061035156250e+02 8.397766578072321408e+00
3.812000122070312500e+02 7.631059298678560587e+00
3.812999877929687500e+02 7.081482085725569142e+00
3.813999938964843750e+02 7.859227326815369175e+00
3.815000000000000000e+02 9.724967923776194567e+00
3.816000061035156250e+02 7.243500359571029890e+00
3.817000122070312500e+02 8.384520376490039340e+00
3.817999877929687500e+02 8.931998062653464743e+00
3.818999938964843750e+02 7.884212470871521106e+00
3.820000000000000000e+02 8.204435380229377017e+00
3.821000061035156250e+02 8.671945219005383620e+00
3.822000122070312500e+02 7.798837522747188444e+00
3.822999877929687500e+02 7.228291735420024011e+00
3.823999938964843750e+02 7.620408462251829107e+00
3.825000000000000000e+02 7.633339452860032459e+00
3.826000061035156250e+02 7.810076718656712380e+00
3.827000122070312500e+02 8.872508828834234862e+00
3.827999877929687500e+02 7.991474175603610952e+00
3.828999938964843750e+02 7.703790874571554426e+00
3.830000000000000000e+02 7.805047642048791978e+00
3.831000061035156250e+02 7.938369560121457447e+00
3.832000122070312500e+02 7.747217361556478110e+00
3.832999877929687500e+02 7.455707515122861118e+00
3.833999938964843750e+02 8.032471538067145644e+00
3.835000000000000000e+02 7.594186772771583271e+00
3.836000061035156250e+02 7.709686123383262313e+00
3.837000122070312500e+02 7.667857072603737834e+00
3.837999877929687500e+02 7.695829370987322449e+00
3.838999938964843750e+02 9.453114290736428060e+00
3.840000000000000000e+02 7.849861602961511586e+00
3.841000061035156250e+02 8.034519108610346905e+00
3.842000122070312500e+02 9.007420069921522554e+00
3.842999877929687500e+02 8.163985031029950434e+00
3.843999938964843750e+02 8.752099437639371260e+00
3.845000000000000000e+02 7.906480984154323544e+00
3.846000061035156250e+02 7.614159617972457994e+00
3.847000122070312500e+02 7.612624831555277360e+00
3.847999877929687500e+02 7.755050353557824572e+00
3.848999938964843750e+02 7.557272079075776361e+00
3.850000000000000000e+02 7.254825902192950871e+00
3.851000061035156250e+02 7.418283923887701192e+00
3.852000122070312500e+02 8.055866231256473498e+00
3.852999877929687500e+02 8.106874969896615823e+00
3.853999938964843750e+02 7.762307416273886318e+00
3.855000000000000000e+02 7.761278133899447873e+00
3.856000061035156250e+02 7.349587782806993097e+00
3.857000122070312500e+02 6.942510964027910347e+00
3.857999877929687500e+02 9.221171214020593254e+00
3.858999938964843750e+02 8.848650853438989827e+00
3.860000000000000000e+02 1.005603009710550211e+01
3.861000061035156250e+02 8.854809987468982513e+00
3.862000122070312500e+02 8.447228682736172445e+00
3.862999877929687500e+02 8.392570098954212909e+00
3.863999938964843750e+02 8.843046857786703185e+00
3.865000000000000000e+02 8.804599566808294142e+00
3.866000061035156250e+02 8.888413331235247128e+00
3.867000122070312500e+02 8.223747748952495940e+00
3.867999877929687500e+02 9.048358590571195847e+00
3.868999938964843750e+02 8.135774011084007995e+00
3.870000000000000000e+02 8.756890035721946575e+00
3.871000061035156250e+02 8.920868983720307455e+00
3.872000122070312500e+02 8.228244050954874211e+00
3.872999877929687500e+02 9.213967797863880094e+00
3.873999938964843750e+02 8.669419207087569745e+00
3.875000000000000000e+02 8.415266445189587330e+00
3.876000061035156250e+02 7.920331821509368098e+00
3.877000122070312500e+02 9.683091463045277791e+00
3.877999877929687500e+02 9.440150072752908628e+00
3.878999938964843750e+02 8.691075465874511963e+00
3.880000000000000000e+02 9.343829874530189983e+00
3.881000061035156250e+02 9.713527064775005826e+00
3.882000122070312500e+02 8.824560297951588694e+00
3.882999877929687500e+02 8.074480204427752383e+00
3.883999938964843750e+02 8.953711662411471650e+00
3.885000000000000000e+02 8.011739921137150944e+00
3.886000061035156250e+02 6.812816794352037242e+00
3.887000122070312500e+02 8.314625258644364081e+00
3.887999877929687500e+02 7.919088379253902410e+00
3.888999938964843750e+02 9.821052739201784121e+00
3.890000000000000000e+02 8.407025467416742615e+00
3.891000061035156250e+02 8.375451883446169532e+00
3.892000122070312500e+02 8.105053692460737480e+00
3.892999877929687500e+02 8.085413858169712142e+00
3.893999938964843750e+02 8.626607687042232797e+00
3.895000000000000000e+02 7.433871480788091901e+00
3.896000061035156250e+02 7.733134528036565314e+00
3.897000122070312500e+02 7.727599002109787563e+00
3.897999877929687500e+02 9.055542332185858356e+00
3.898999938964843750e+02 7.302032890380889540e+00
3.900000000000000000e+02 7.704004712516005604e+00
3.901000061035156250e+02 7.342057495175892790e+00
3.902000122070312500e+02 8.417950015505770267e+00
3.902999877929687500e+02 7.723133436759694881e+00
3.903999938964843750e+02 7.678447832474927459e+00
3.905000000000000000e+02 9.843662366974625044e+00
3.906000061035156250e+02 8.030572129016215754e+00
3.907000122070312500e+02 8.237014990581617013e+00
3.907999877929687500e+02 8.549917775640054174e+00
3.908999938964843750e+02 9.350591291927194959e+00
3.910000000000000000e+02 8.307462978485149918e+00
3.911000061035156250e+02 8.200599514226372122e+00
3.912000122070312500e+02 8.053635848095671790e+00
3.912999877929687500e+02 8.313377712724193458e+00
3.913999938964843750e+02 7.936788634049831259e+00
3.915000000000000000e+02 7.548207047668375580e+00
3.916000061035156250e+02 7.806289979690526515e+00
3.917000122070312500e+02 7.866736139847125386e+00
3.917999877929687500e+02 7.330818046614639982e+00
3.918999938964843750e+02 7.500002300975311620e+00
3.920000000000000000e+02 7.823044964230418508e+00
3.921000061035156250e+02 7.853634625881429798e+00
3.922000122070312500e+02 7.502822238539849309e+00
3.922999877929687500e+02 7.806568107929032330e+00
3.923999938964843750e+02 8.218977156392339722e+00
3.925000000000000000e+02 8.798948494330014469e+00
3.926000061035156250e+02 9.149579531902771734e+00
3.927000122070312500e+02 8.483545839175350878e+00
3.927999877929687500e+02 8.307286120851138378e+00
3.928999938964843750e+02 9.274546242521999773e+00
3.930000000000000000e+02 8.681915535773290671e+00
3.931000061035156250e+02 1.024219597356324130e+01
3.932000122070312500e+02 8.177327699199032907e+00
3.932999877929687500e+02 8.916344945062268934e+00
3.933999938964843750e+02 8.544164956007891831e+00
3.935000000000000000e+02 8.714087088139194748e+00
3.936000061035156250e+02 9.421995151695565340e+00
3.937000122070312500e+02 8.126701839372948655e+00
3.937999877929687500e+02 8.410102613675777050e+00
3.938999938964843750e+02 8.081217528557246510e+00
3.940000000000000000e+02 8.697023481066141315e+00
3.941000061035156250e+02 8.366026238340099397e+00
3.942000122070312500e+02 8.441514306490690345e+00
3.942999877929687500e+02 7.880958264152329917e+00
3.943999938964843750e+02 7.009308974015016069e+00
3.945000000000000000e+02 8.461548572939710411e+00
3.946000061035156250e+02 8.560532783900855591e+00
3.947000122070312500e+02 7.768120588789113157e+00
3.947999877929687500e+02 7.318318303222621779e+00
3.948999938964843750e+02 8.164294973117208087e+00
3.950000000000000000e+02 6.130274062904446097e+00
3.951000061035156250e+02 7.720868057336504720e+00
3.952000122070312500e+02 8.153989208788061660e+00
3.952999877929687500e+02 7.831036407744357497e+00
3.953999938964843750e+02 8.728076531524017412e+00
3.955000000000000000e+02 8.816187450674608073e+00
3.956000061035156250e+02 7.394193564321559720e+00
3.957000122070312500e+02 7.880658246505940490e+00
3.957999877929687500e+02 7.711359860093584651e+00
3.958999938964843750e+02 7.823230793086464629e+00
3.960000000000000000e+02 9.566466419731574078e+00
3.961000061035156250e+02 8.042850600824333895e+00
3.962000122070312500e+02 8.616329236552470405e+00
3.962999877929687500e+02 7.486144769398420884e+00
3.963999938964843750e+02 7.967690088521499625e+00
3.965000000000000000e+02 7.298842101267029925e+00
3.966000061035156250e+02 7.663905199109144917e+00
3.967000122070312500e+02 7.515147900565708916e+00
3.967999877929687500e+02 7.346222234988029065e+00
3.968999938964843750e+02 8.304844631986313175e+00
3.970000000000000000e+02 8.242665505241040691e+00
3.971000061035156250e+02 7.298521279893798841e+00
3.972000122070312500e+02 8.656093482219315405e+00
3.972999877929687500e+02 6.469075568391881248e+00
3.973999938964843750e+02 6.187656735368149086e+00
3.975000000000000000e+02 7.382599604941286309e+00
3.976000061035156250e+02 7.915351079933482303e+00
3.977000122070312500e+02 7.516989756277260959e+00
3.977999877929687500e+02 6.808539040502933126e+00
3.978999938964843750e+02 7.030205754203202595e+00
3.980000000000000000e+02 6.396388851710431922e+00
3.981000061035156250e+02 7.308363383886684161e+00
3.982000122070312500e+02 6.549634541131694299e+00
3.982999877929687500e+02 8.352643915827560051e+00
3.983999938964843750e+02 7.436824101162195610e+00
3.985000000000000000e+02 7.744188501685206560e+00
3.986000061035156250e+02 7.648904442259837566e+00
3.987000122070312500e+02 8.723305749389657748e+00
3.987999877929687500e+02 8.554032869837721265e+00
3.988999938964843750e+02 7.622942385451163538e+00
3.990000000000000000e+02 8.614569684964049401e+00
3.991000061035156250e+02 7.705138995934064816e+00
3.992000122070312500e+02 7.889918552285021036e+00
3.992999877929687500e+02 8.050375098490409442e+00
3.993999938964843750e+02 7.882969328488730554e+00
3.995000000000000000e+02 7.948917014627733479e+00
3.996000061035156250e+02 7.402092039495825837e+00
3.997000122070312500e+02 7.492884232313129722e+00
3.997999877929687500e+02 8.419686793870978292e+00
3.998999938964843750e+02 7.301974302015111995e+00
4.000000000000000000e+02 8.031374911714479481e+00
4.001000061035156250e+02 7.237804826368631872e+00
4.002000122070312500e+02 8.976226324073905971e+00
4.002999877929687500e+02 7.292142916931724450e+00
4.003999938964843750e+02 8.122780214865763071e+00
4.005000000000000000e+02 8.381336836874446306e+00
4.006000061035156250e+02 7.056109191593846752e+00
4.007000122070312500e+02 8.135833248964482678e+00
4.007999877929687500e+02 8.166067055302418609e+00
4.008999938964843750e+02 7.739340867313668326e+00
4.010000000000000000e+02 8.379917724577595095e+00
4.011000061035156250e+02 7.110630646773744346e+00
4.012000122070312500e+02 7.038542838976900029e+00
4.012999877929687500e+02 8.037716132193457597e+00
4.013999938964843750e+02 7.417886032319787049e+00
4.015000000000000000e+02 7.501250975417582900e+00
4.016000061035156250e+02 7.323732335338402066e+00
4.017000122070312500e+02 8.508339017238474966e+00
4.017999877929687500e+02 8.283219825893507249e+00
4.018999938964843750e+02 8.639548888453813191e+00
4.020000000000000000e+02 8.050134736662933221e+00
4.021000061035156250e+02 7.834254762787184134e+00
4.022000122070312500e+02 7.534413284085156981e+00
4.022999877929687500e+02 7.899540114176152095e+00
4.023999938964843750e+02 7.729251904504113035e+00
4.025000000000000000e+02 7.361160371280389469e+00
4.026000061035156250e+02 7.398851378290108194e+00
4.027000122070312500e+02 7.637015547951689243e+00
4.027999877929687500e+02 6.568221469217570885e+00
4.028999938964843750e+02 5.978042507143742412e+00
4.030000000000000000e+02 8.412539558543102203e+00
4.031000061035156250e+02 8.803676604558333452e+00
4.032000122070312500e+02 8.718202057795908289e+00
4.032999877929687500e+02 8.607146489835987069e+00
4.033999938964843750e+02 8.770450393236512099e+00
4.035000000000000000e+02 9.631687865667274195e+00
4.036000061035156250e+02 8.421428253464085856e+00
4.037000122070312500e+02 7.459457395302573346e+00
4.037999877929687500e+02 8.567768823009570767e+00
4.038999938964843750e+02 8.283004650895838594e+00
4.040000000000000000e+02 7.704215399534343867e+00
4.041000061035156250e+02 7.123822176716903876e+00
4.042000122070312500e+02 7.919708500582836486e+00
4.042999877929687500e+02 7.099828074260234878e+00
4.043999938964843750e+02 7.144901258942440769e+00
4.045000000000000000e+02 8.090789672801365739e+00
4.046000061035156250e+02 7.838534619350173038e+00
4.047000122070312500e+02 8.542225605161423374e+00
4.047999877929687500e+02 8.226036823742944648e+00
4.048999938964843750e+02 9.053669109096636802e+00
4.050000000000000000e+02 8.584026607603938430e+00
4.051000061035156250e+02 8.162670757428282187e+00
4.052000122070312500e+02 8.696490771871761893e+00
4.052999877929687500e+02 8.381277211198824517e+00
4.053999938964843750e+02 8.763724561292921322e+00
4.055000000000000000e+02 8.354015178231540162e+00
4.056000061035156250e+02 7.875391414379387278e+00
4.057000122070312500e+02 9.646495243282000587e+00
4.057999877929687500e+02 8.500012722856602920e+00
4.058999938964843750e+02 8.794096935965301398e+00
4.060000000000000000e+02 8.376689774681350897e+00
4.061000061035156250e+02 8.220692904465177975e+00
4.062000122070312500e+02 7.707747451472858558e+00
4.062999877929687500e+02 8.579785426686544980e+00
4.063999938964843750e+02 8.617790819409304248e+00
4.065000000000000000e+02 8.210588545645958192e+00
4.066000061035156250e+02 7.630351910911924662e+00
4.067000122070312500e+02 7.940086711609239956e+00
4.067999877929687500e+02 7.282071778258185191e+00
4.068999938964843750e+02 7.349821067119310491e+00
4.070000000000000000e+02 7.590154803694809438e+00
4.071000061035156250e+02 7.097923855666299353e+00
4.072000122070312500e+02 7.859341272922746313e+00
4.072999877929687500e+02 8.392881173700308395e+00
4.073999938964843750e+02 8.032685709553188502e+00
4.075000000000000000e+02 8.341553470703800599e+00
4.076000061035156250e+02 7.241202135063902645e+00
4.077000122070312500e+02 8.354228990764907437e+00
4.077999877929687500e+02 7.868931739040820439e+00
4.078999938964843750e+02 7.480561245149705663e+00
4.080000000000000000e+02 7.364446158325915981e+00
4.081000061035156250e+02 7.251889056269375189e+00
4.082000122070312500e+02 7.740990189118222453e+00
4.082999877929687500e+02 9.353512737471616489e+00
4.083999938964843750e+02 8.041045775591348033e+00
4.085000000000000000e+02 7.429875927978530470e+00
4.086000061035156250e+02 8.045335706293418099e+00
4.087000122070312500e+02 8.704537423871272495e+00
4.087999877929687500e+02 8.370679499143234281e+00
4.088999938964843750e+02 8.556220091390503768e+00
4.090000000000000000e+02 8.450061154774276773e+00
4.091000061035156250e+02 7.862818414602719130e+00
4.092000122070312500e+02 6.966399947738396214e+00
4.092999877929687500e+02 9.164705342320623060e+00
4.093999938964843750e+02 8.392040788536204943e+00
4.095000000000000000e+02 7.674642806626750691e+00
4.096000061035156250e+02 8.294327706201771733e+00
4.097000122070312500e+02 7.991864046287418866e+00
4.097999877929687500e+02 7.712337632009842459e+00
4.098999938964843750e+02 8.371653219260878132e+00
4.100000000000000000e+02 8.226397562299455402e+00
4.101000061035156250e+02 8.474295168945678469e+00
4.102000122070312500e+02 8.201862631534863723e+00
4.102999877929687500e+02 8.064933542090809482e+00
4.103999938964843750e+02 8.463149639798428936e+00
4.105000000000000000e+02 7.194305484787270721e+00
4.106000061035156250e+02 7.458718815842273031e+00
4.107000122070312500e+02 7.441295843697513845e+00
4.107999877929687500e+02 8.606750008460872792e+00
4.108999938964843750e+02 8.548959929047130757e+00
4.110000000000000000e+02 7.954976494337189230e+00
4.111000061035156250e+02 8.212232814675504144e+00
4.112000122070312500e+02 8.805257155897846744e+00
4.112999877929687500e+02 7.769860363283091154e+00
4.113999938964843750e+02 8.512048344451288884e+00
4.115000000000000000e+02 9.386697000816610625e+00
4.116000061035156250e+02 7.207099464215859896e+00
4.117000122070312500e+02 8.012005065011333471e+00
4.117999877929687500e+02 8.214728108501619275e+00
4.118999938964843750e+02 8.079864887798969164e+00
4.120000000000000000e+02 7.464070325168894016e+00
4.121000061035156250e+02 7.679655529503164324e+00
4.122000122070312500e+02 8.331913715732804704e+00
4.122999877929687500e+02 8.133633636359764552e+00
4.123999938964843750e+02 7.907644174990742236e+00
4.125000000000000000e+02 8.621960989481200599e+00
4.126000061035156250e+02 7.779500936210647311e+00
4.127000122070312500e+02 8.555826145906223701e+00
4.127999877929687500e+02 8.285497138697369479e+00
4.128999938964843750e+02 8.121550143037930880e+00
4.130000000000000000e+02 8.974270323269331939e+00
4.131000061035156250e+02 8.978079573508219724e+00
4.132000122070312500e+02 8.345283043994230709e+00
4.132999877929687500e+02 7.627522359416217590e+00
4.133999938964843750e+02 9.344372449856964025e+00
4.135000000000000000e+02 9.372125827271947429e+00
4.136000061035156250e+02 8.254389976311614419e+00
4.137000122070312500e+02 7.301776278180803104e+00
4.137999877929687500e+02 8.303386626706668494e+00
4.138999938964843750e+02 8.501662221001643260e+00
4.140000000000000000e+02 7.542818101199411984e+00
4.141000061035156250e+02 8.209962471465924949e+00
4.142000122070312500e+02 9.020114034229305133e+00
4.142999877929687500e+02 8.186879177581200651e+00
4.143999938964843750e+02 8.754065112816903138e+00
4.145000000000000000e+02 7.648452491572308887e+00
4.146000061035156250e+02 7.815252688431080230e+00
4.147000122070312500e+02 8.956987983193961611e+00
4.147999877929687500e+02 7.303444152029554104e+00
4.148999938964843750e+02 8.415738705879805437e+00
4.150000000000000000e+02 8.138481892964136932e+00
4.151000061035156250e+02 7.921587432161804720e+00
4.152000122070312500e+02 7.579067649190305289e+00
4.152999877929687500e+02 7.606628777938269081e+00
4.153999938964843750e+02 8.111001822454451116e+00
4.155000000000000000e+02 9.341879900232603617e+00
4.156000061035156250e+02 7.305403760424501236e+00
4.157000122070312500e+02 8.114058880533269402e+00
4.157999877929687500e+02 7.343718514024742738e+00
4.158999938964843750e+02 7.930520035794664579e+00
4.160000000000000000e+02 9.340311019112361279e+00
4.161000061035156250e+02 9.015040066214675463e+00
4.162000122070312500e+02 7.359297504962325043e+00
4.162999877929687500e+02 7.003143398080087678e+00
4.163999938964843750e+02 8.329346961132582550e+00
4.165000000000000000e+02 7.232486884308840125e+00
4.166000061035156250e+02 6.383323144866765553e+00
4.167000122070312500e+02 8.138610264721490850e+00
4.167999877929687500e+02 6.429785535927996065e+00
4.168999938964843750e+02 8.005624491291428058e+00
4.170000000000000000e+02 7.337897123869518978e+00
4.171000061035156250e+02 7.495040131543334816e+00
4.172000122070312500e+02 9.093167642917476812e+00
4.172999877929687500e+02 9.674249636341606617e+00
4.173999938964843750e+02 7.100986974422773379e+00
4.175000000000000000e+02 7.999876214123401219e+00
4.176000061035156250e+02 8.934520618769393963e+00
4.177000122070312500e+02 7.353173270260799477e+00
4.177999877929687500e+02 6.646374864148014261e+00
4.178999938964843750e+02 7.898171666104278899e+00
4.180000000000000000e+02 8.714496728246986734e+00
4.181000061035156250e+02 8.563928075781204186e+00
4.182000122070312500e+02 8.585781179282337305e+00
4.182999877929687500e+02 7.562501232467940149e+00
4.183999938964843750e+02 8.419838909824026274e+00
4.185000000000000000e+02 8.693138385299395310e+00
4.186000061035156250e+02 7.632507292625501982e+00
4.187000122070312500e+02 8.384361175650617781e+00
4.187999877929687500e+02 1.057013159789917367e+01
4.188999938964843750e+02 8.545439531618715279e+00
4.190000000000000000e+02 7.383499098379359360e+00
4.191000061035156250e+02 8.640986157257517064e+00
4.192000122070312500e+02 8.108561043462421125e+00
4.192999877929687500e+02 7.765897785610107462e+00
4.193999938964843750e+02 7.894022677001224508e+00
4.195000000000000000e+02 8.289313074764256939e+00
4.196000061035156250e+02 8.860962984218724969e+00
4.197000122070312500e+02 8.292909502992294790e+00
4.197999877929687500e+02 8.599694826833887973e+00
4.198999938964843750e+02 8.545907711167025411e+00
4.200000000000000000e+02 8.051146150870769347e+00
4.201000061035156250e+02 7.754382152619696988e+00
4.202000122070312500e+02 8.582540358362772182e+00
4.202999877929687500e+02 7.949896529463134520e+00
4.203999938964843750e+02 8.259314131917063762e+00
4.205000000000000000e+02 8.254656785173215994e+00
4.206000061035156250e+02 8.256159761909538375e+00
4.207000122070312500e+02 8.405219636541247041e+00
4.207999877929687500e+02 7.957829325404446763e+00
4.208999938964843750e+02 9.651458396244457560e+00
4.210000000000000000e+02 7.555978224877230254e+00
4.211000061035156250e+02 8.501410853377810994e+00
4.212000122070312500e+02 7.913433406578747942e+00
4.212999877929687500e+02 7.643257044460463945e+00
4.213999938964843750e+02 8.242299446968564425e+00
4.215000000000000000e+02 7.216226743390808274e+00
4.216000061035156250e+02 8.489980572351271348e+00
4.217000122070312500e+02 8.714645824903506366e+00
4.217999877929687500e+02 1.012459117404161013e+01
4.218999938964843750e+02 8.635747807312466051e+00
4.220000000000000000e+02 7.421910600552431347e+00
4.221000061035156250e+02 8.746359496735310657e+00
4.222000122070312500e+02 6.126632199273609025e+00
4.222999877929687500e+02 9.255947330106510051e+00
4.223999938964843750e+02 6.945805992629553671e+00
4.225000000000000000e+02 7.243408587495900441e+00
4.226000061035156250e+02 8.535788479749811586e+00
4.227000122070312500e+02 7.412351168858431372e+00
4.227999877929687500e+02 7.722131110384571784e+00
4.228999938964843750e+02 7.306734427683417188e+00
4.230000000000000000e+02 9.247876230929497510e+00
4.231000061035156250e+02 7.962486068436120057e+00
4.232000122070312500e+02 8.395214086345358595e+00
4.232999877929687500e+02 7.074104422892480315e+00
4.233999938964843750e+02 7.974632162269907454e+00
4.235000000000000000e+02 6.878744741186448408e+00
4.236000061035156250e+02 6.973468652206554097e+00
4.237000122070312500e+02 8.197453365494618893e+00
4.237999877929687500e+02 8.798556216321454571e+00
4.238999938964843750e+02 6.723324139123936227e+00
4.240000000000000000e+02 7.202662322044811383e+00
4.241000061035156250e+02 7.130683682320563932e+00
4.242000122070312500e+02 7.014941728185235981e+00
4.242999877929687500e+02 7.265356232757783417e+00
4.243999938964843750e+02 6.492278795717820294e+00
4.245000000000000000e+02 7.489560816806409171e+00
4.246000061035156250e+02 8.093329507164664705e+00
4.247000122070312500e+02 6.955509519382232497e+00
4.247999877929687500e+02 8.908696725226960211e+00
4.248999938964843750e+02 9.179415595590906918e+00
4.250000000000000000e+02 7.098150777634626429e+00
4.251000061035156250e+02 8.326324055810582436e+00
4.252000122070312500e+02 7.286434908604159766e+00
4.252999877929687500e+02 8.828948348738176577e+00
4.253999938964843750e+02 8.711089807493998194e+00
4.255000000000000000e+02 6.991381123535576947e+00
4.256000061035156250e+02 8.235866006596243238e+00
4.257000122070312500e+02 7.297905746609057331e+00
4.257999877929687500e+02 8.555401775160442313e+00
4.258999938964843750e+02 7.503676064101568066e+00
4.260000000000000000e+02 7.169550758809108082e+00
4.261000061035156250e+02 7.338200268404256654e+00
4.262000122070312500e+02 7.764397325975722630e+00
4.262999877929687500e+02 8.366311630530113064e+00
4.263999938964843750e+02 6.457551681326117787e+00
4.265000000000000000e+02 6.365707497518366509e+00
4.266000061035156250e+02 7.081357921490958773e+00
4.267000122070312500e+02 7.558304493798996049e+00
4.267999877929687500e+02 8.835055791224553090e+00
4.268999938964843750e+02 9.401431396655718586e+00
4.270000000000000000e+02 7.440430760030237067e+00
4.271000061035156250e+02 9.150920399321886833e+00
4.272000122070312500e+02 9.021706661936375937e+00
4.272999877929687500e+02 8.775547697381677281e+00
4.273999938964843750e+02 8.862489980089065966e+00
4.275000000000000000e+02 9.345792265198882731e+00
4.276000061035156250e+02 1.014868370629706718e+01
4.277000122070312500e+02 8.731131257116723887e+00
4.277999877929687500e+02 8.074461815666989395e+00
4.278999938964843750e+02 9.217492329647066995e+00
4.280000000000000000e+02 9.192346434911595310e+00
4.281000061035156250e+02 8.279020653549142850e+00
4.282000122070312500e+02 8.557933169070141233e+00
4.282999877929687500e+02 8.117642907910331829e+00
4.283999938964843750e+02 7.974400851393107281e+00
4.285000000000000000e+02 7.606824194541907502e+00
4.286000061035156250e+02 8.469512061715233742e+00
4.287000122070312500e+02 6.608341193678461956e+00
4.287999877929687500e+02 7.115218433906941975e+00
4.288999938964843750e+02 8.658239356608090631e+00
4.290000000000000000e+02 8.199975028473778238e+00
4.291000061035156250e+02 7.889259620258126660e+00
4.292000122070312500e+02 9.558685750999845965e+00
4.292999877929687500e+02 8.847332686852919181e+00
4.293999938964843750e+02 7.665602626264169217e+00
4.295000000000000000e+02 9.703028581627155091e+00
4.296000061035156250e+02 9.344720890249346823e+00
4.297000122070312500e+02 8.322347927571456694e+00
4.297999877929687500e+02 7.595741672000944966e+00
4.298999938964843750e+02 9.164841084387317593e+00
4.300000000000000000e+02 9.604644341764664972e+00
4.301000061035156250e+02 8.437355772575944712e+00
4.302000122070312500e+02 9.936868958311663391e+00
4.302999877929687500e+02 7.964200243954791425e+00
4.303999938964843750e+02 9.433549501554690409e+00
4.305000000000000000e+02 8.437670516447568048e+00
4.306000061035156250e+02 8.973427168009765253e+00
4.307000122070312500e+02 8.705013756977891148e+00
4.307999877929687500e+02 7.922053659995474284e+00
4.308999938964843750e+02 9.208448428088717108e+00
4.310000000000000000e+02 7.833188177339518887e+00
4.311000061035156250e+02 8.303775277528819387e+00
4.312000122070312500e+02 8.805424180690593516e+00
4.312999877929687500e+02 8.843870413644950190e+00
4.313999938964843750e+02 7.844574168153216398e+00
4.315000000000000000e+02 8.462763384851889725e+00
4.316000061035156250e+02 9.579842202691917663e+00
4.317000122070312500e+02 8.364958956312161575e+00
4.317999877929687500e+02 9.642989434740920629e+00
4.318999938964843750e+02 8.067966936849245485e+00
4.320000000000000000e+02 9.652870720526856019e+00
4.321000061035156250e+02 1.053928651484680934e+01
4.322000122070312500e+02 9.744753505735369359e+00
4.322999877929687500e+02 9.322217829265108335e+00
4.323999938964843750e+02 9.410675821874201930e+00
4.325000000000000000e+02 9.601586220610682787e+00
4.326000061035156250e+02 9.083047496851039071e+00
4.327000122070312500e+02 8.309133380870475705e+00
4.327999877929687500e+02 8.800784607880471455e+00
4.328999938964843750e+02 9.230720642696347511e+00
4.330000000000000000e+02 8.477254667796605858e+00
4.331000061035156250e+02 7.610595283576772729e+00
4.332000122070312500e+02 8.532308892600454442e+00
4.332999877929687500e+02 9.143058704730131936e+00
4.333999938964843750e+02 7.555834785965624967e+00
4.335000000000000000e+02 8.705976071228898050e+00
4.336000061035156250e+02 7.965678078961087039e+00
4.337000122070312500e+02 7.974620655791611057e+00
4.337999877929687500e+02 8.162602828221009688e+00
4.338999938964843750e+02 9.719238567128460460e+00
4.340000000000000000e+02 9.303869980672322626e+00
4.341000061035156250e+02 6.569763603376995498e+00
4.342000122070312500e+02 7.742880238503009771e+00
4.342999877929687500e+02 9.570101845162993115e+00
4.343999938964843750e+02 8.335543503881812200e+00
4.345000000000000000e+02 8.711619459812860455e+00
4.346000061035156250e+02 8.504636045757091978e+00
4.347000122070312500e+02 8.522644186113616627e+00
4.347999877929687500e+02 8.770471865373957954e+00
4.348999938964843750e+02 9.135865192031818793e+00
4.350000000000000000e+02 9.490721705167862510e+00
4.351000061035156250e+02 8.996249943728633625e+00
4.352000122070312500e+02 8.556360710407719949e+00
4.352999877929687500e+02 1.026703258808061570e+01
4.353999938964843750e+02 6.712162170961279095e+00
4.355000000000000000e+02 8.082146260377264468e+00
4.356000061035156250e+02 8.476707784488400677e+00
4.357000122070312500e+02 8.415274420427225621e+00
4.357999877929687500e+02 7.708525956968149018e+00
4.358999938964843750e+02 9.031625894291378742e+00
4.360000000000000000e+02 8.849991651205113996e+00
4.361000061035156250e+02 8.573982578905443575e+00
4.362000122070312500e+02 1.047004068410317679e+01
4.362999877929687500e+02 8.687247579920633456e+00
4.363999938964843750e+02 9.168792763079975927e+00
4.365000000000000000e+02 8.938689748420260983e+00
4.366000061035156250e+02 8.253951919203233345e+00
4.367000122070312500e+02 9.642766214330563912e+00
4.367999877929687500e+02 9.371233117016906533e+00
4.368999938964843750e+02 9.659771986123189436e+00
4.370000000000000000e+02 8.308730504050647170e+00
4.371000061035156250e+02 8.365855790444792106e+00
4.372000122070312500e+02 8.799909573923383022e+00
4.372999877929687500e+02 9.397551510607321745e+00
4.373999938964843750e+02 7.920505614904565839e+00
4.375000000000000000e+02 9.644987688618918753e+00
4.376000061035156250e+02 7.494585158649501366e+00
4.377000122070312500e+02 7.555919496995216811e+00
4.377999877929687500e+02 8.234730668425120470e+00
4.378999938964843750e+02 7.903207286434148493e+00
4.380000000000000000e+02 7.200983209314370193e+00
4.381000061035156250e+02 8.256519047682006729e+00
4.382000122070312500e+02 9.455829771642040527e+00
4.382999877929687500e+02 9.440613825548748395e+00
4.383999938964843750e+02 8.360622403165521632e+00
4.385000000000000000e+02 8.415359815955143930e+00
4.386000061035156250e+02 9.363620455509636287e+00
4.387000122070312500e+02 9.220758124224316177e+00
4.387999877929687500e+02 8.528263669435204974e+00
4.388999938964843750e+02 8.543452982779179194e+00
4.390000000000000000e+02 8.788248366863339101e+00
4.391000061035156250e+02 9.967071809343700295e+00
4.392000122070312500e+02 8.978989953825976755e+00
4.392999877929687500e+02 7.775119044600636187e+00
4.393999938964843750e+02 8.179271544739776800e+00
4.395000000000000000e+02 1.161680352180384368e+01
4.396000061035156250e+02 9.114367628559220336e+00
4.397000122070312500e+02 9.079310164528294536e+00
4.397999877929687500e+02 9.414926729558580121e+00
4.398999938964843750e+02 9.115693073937253033e+00
4.400000000000000000e+02 8.523011463807691257e+00
4.401000061035156250e+02 7.885102088555563604e+00
4.402000122070312500e+02 9.724493321112795741e+00
4.402999877929687500e+02 9.256728028549730425e+00
4.403999938964843750e+02 8.329993654880860632e+00
4.405000000000000000e+02 1.006089144513611089e+01
4.406000061035156250e+02 8.839827287492910912e+00
4.407000122070312500e+02 8.965945451172936842e+00
4.407999877929687500e+02 9.764732023336794242e+00
4.408999938964843750e+02 9.174376014943515401e+00
4.410000000000000000e+02 8.900519549958017862e+00
4.411000061035156250e+02 9.244632867492384776e+00
4.412000122070312500e+02 6.860688169373619694e+00
4.412999877929687500e+02 8.159130569342165629e+00
4.413999938964843750e+02 9.212112114203460322e+00
4.415000000000000000e+02 1.012964521647646166e+01
4.416000061035156250e+02 8.400126398662498772e+00
4.417000122070312500e+02 8.081895716487801806e+00
4.417999877929687500e+02 7.482934042258723828e+00
4.418999938964843750e+02 8.743812730069677741e+00
4.420000000000000000e+02 9.784402952806900089e+00
4.421000061035156250e+02 8.754482788056476394e+00
4.422000122070312500e+02 9.584385433250597330e+00
4.422999877929687500e+02 9.039756617615127610e+00
4.423999938964843750e+02 9.287944016279011450e+00
4.425000000000000000e+02 9.344444066387216807e+00
4.426000061035156250e+02 1.085338297360602233e+01
4.427000122070312500e+02 9.075322228623029730e+00
4.427999877929687500e+02 9.508958082319878713e+00
4.428999938964843750e+02 8.802818404895035087e+00
4.430000000000000000e+02 8.672566958979640361e+00
4.431000061035156250e+02 1.002222775307424918e+01
4.432000122070312500e+02 9.901255552637106661e+00
4.432999877929687500e+02 7.925612409665864000e+00
4.433999938964843750e+02 9.493156814673824329e+00
4.435000000000000000e+02 8.553728717308516138e+00
4.436000061035156250e+02 9.809708100405774900e+00
4.437000122070312500e+02 7.659242076922557096e+00
4.437999877929687500e+02 8.329334270246407712e+00
4.438999938964843750e+02 9.268460066460576741e+00
4.440000000000000000e+02 9.046222668404503509e+00
4.441000061035156250e+02 8.848060411883404086e+00
4.442000122070312500e+02 9.684302332017823645e+00
4.442999877929687500e+02 7.852172739294343451e+00
4.443999938964843750e+02 8.510578970949541855e+00
4.445000000000000000e+02 9.768159940405444885e+00
4.446000061035156250e+02 8.635816157756170952e+00
4.447000122070312500e+02 7.819565795042713319e+00
4.447999877929687500e+02 8.380177834837390094e+00
4.448999938964843750e+02 9.088039281390594581e+00
4.450000000000000000e+02 7.088623641588557511e+00
4.451000061035156250e+02 7.586292975871631761e+00
4.452000122070312500e+02 9.215575439412054592e+00
4.452999877929687500e+02 8.266053869118362485e+00
4.453999938964843750e+02 7.353473271792184462e+00
4.455000000000000000e+02 7.295896153069341139e+00
4.456000061035156250e+02 7.355155003189530305e+00
4.457000122070312500e+02 9.021402654279809141e+00
4.457999877929687500e+02 8.875133550304873609e+00
4.458999938964843750e+02 7.574364511588723481e+00
4.460000000000000000e+02 9.172357685096137914e+00
4.461000061035156250e+02 8.589118390548094339e+00
4.462000122070312500e+02 8.435910361244619793e+00
4.462999877929687500e+02 8.974389520264914211e+00
4.463999938964843750e+02 8.305359093522886482e+00
4.465000000000000000e+02 8.384029400410527799e+00
4.466000061035156250e+02 8.396377731032217184e+00
4.467000122070312500e+02 9.038142002038078715e+00
4.467999877929687500e+02 9.689372911384587894e+00
4.468999938964843750e+02 8.167772813933822817e+00
4.470000000000000000e+02 9.947899478311496679e+00
4.471000061035156250e+02 7.122510230958482680e+00
4.472000122070312500e+02 8.988319922898446279e+00
4.472999877929687500e+02 7.640726349671870032e+00
4.473999938964843750e+02 7.617213762409239308e+00
4.475000000000000000e+02 6.856138861148301622e+00
4.476000061035156250e+02 1.016507107925922249e+01
4.477000122070312500e+02 1.066410455686188286e+01
4.477999877929687500e+02 8.736772468520952017e+00
4.478999938964843750e+02 9.561014556645970330e+00
4.480000000000000000e+02 8.687608139987426981e+00
4.481000061035156250e+02 9.680365498262649027e+00
4.482000122070312500e+02 9.641707897337372657e+00
4.482999877929687500e+02 9.183167517004237723e+00
4.483999938964843750e+02 7.678717728224445871e+00
4.485000000000000000e+02 9.693789579022338287e+00
4.486000061035156250e+02 8.456631958191790588e+00
4.487000122070312500e+02 9.767801018868590646e+00
4.487999877929687500e+02 9.019105691021946924e+00
4.488999938964843750e+02 8.821375600958361929e+00
4.490000000000000000e+02 9.583669029925543370e+00
4.491000061035156250e+02 9.864603206546753711e+00
4.492000122070312500e+02 8.928866405993158395e+00
4.492999877929687500e+02 9.448437926023315114e+00
4.493999938964843750e+02 8.918992385007385337e+00
4.495000000000000000e+02 7.841536204052035330e+00
4.496000061035156250e+02 8.528665716803134345e+00
4.497000122070312500e+02 9.767865177536409149e+00
4.497999877929687500e+02 8.051208907884822352e+00
4.498999938964843750e+02 8.686507998603827829e+00
4.500000000000000000e+02 8.524149173598019047e+00
4.501000061035156250e+02 8.343487875445418922e+00
4.502000122070312500e+02 9.612943570087034928e+00
4.502999877929687500e+02 9.583627635662539390e+00
4.503999938964843750e+02 9.859176078725086612e+00
4.505000000000000000e+02 8.167507607691350202e+00
4.506000061035156250e+02 8.757754756728569845e+00
4.507000122070312500e+02 7.861807034455370768e+00
4.507999877929687500e+02 8.466955220198217447e+00
4.508999938964843750e+02 8.757707824880959890e+00
4.510000000000000000e+02 9.087130645977795851e+00
4.511000061035156250e+02 8.786902063988499378e+00
4.512000122070312500e+02 7.021967710240845761e+00
4.512999877929687500e+02 8.507693583545751892e+00
4.513999938964843750e+02 7.760236551835015817e+00
4.515000000000000000e+02 7.856465022749906879e+00
4.516000061035156250e+02 6.297913952848439578e+00
4.517000122070312500e+02 8.175378196464338387e+00
4.517999877929687500e+02 9.337500202786010561e+00
4.518999938964843750e+02 9.879782998316196441e+00
4.520000000000000000e+02 7.569452054964317611e+00
4.521000061035156250e+02 8.792574249923928775e+00
4.522000122070312500e+02 8.703282964101585861e+00
4.522999877929687500e+02 8.595241070133797123e+00
4.523999938964843750e+02 8.164621607141647530e+00
4.525000000000000000e+02 8.303200736303148588e+00
4.526000061035156250e+02 7.401044020802123313e+00
4.527000122070312500e+02 6.378226788852684237e+00
4.527999877929687500e+02 7.941779425175801599e+00
4.528999938964843750e+02 8.933856778806736898e+00
4.530000000000000000e+02 7.930816590491588158e+00
4.531000061035156250e+02 9.280375512522121895e+00
4.532000122070312500e+02 8.201887928190121357e+00
4.532999877929687500e+02 8.750242504188539883e+00
4.533999938964843750e+02 8.574112406744903936e+00
4.535000000000000000e+02 8.490032833829101122e+00
4.536000061035156250e+02 9.667775211993822282e+00
4.537000122070312500e+02 7.746422871082614847e+00
4.537999877929687500e+02 9.651832096921376447e+00
4.538999938964843750e+02 7.301268809544673388e+00
4.540000000000000000e+02 1.015940006013691033e+01
4.541000061035156250e+02 1.218715254943476367e+01
4.542000122070312500e+02 1.084154619206462655e+01
4.542999877929687500e+02 9.279338124209539629e+00
4.543999938964843750e+02 9.149301772505346264e+00
4.545000000000000000e+02 8.481554618393511547e+00
4.546000061035156250e+02 8.677267047161262070e+00
4.547000122070312500e+02 7.728944474361110650e+00
4.547999877929687500e+02 8.382494674230354548e+00
4.548999938964843750e+02 8.457086895756514622e+00
4.550000000000000000e+02 7.788286863371554958e+00
4.551000061035156250e+02 6.997180472528826023e+00
4.552000122070312500e+02 8.661122117720625013e+00
4.552999877929687500e+02 8.141370097817153706e+00
4.553999938964843750e+02 6.936850138933735366e+00
4.555000000000000000e+02 6.758047217609223445e+00
4.556000061035156250e+02 7.938406290609568927e+00
4.557000122070312500e+02 6.002766895860150775e+00
4.557999877929687500e+02 6.993837591532128251e+00
4.558999938964843750e+02 6.023827364030558407e+00
4.560000000000000000e+02 7.706158165237633639e+00
4.561000061035156250e+02 7.575378127657915073e+00
4.562000122070312500e+02 7.063863066317602524e+00
4.562999877929687500e+02 6.478521196545302452e+00
4.563999938964843750e+02 7.600417729415311463e+00
4.565000000000000000e+02 8.244868138997201612e+00
4.566000061035156250e+02 7.585791486320244026e+00
4.567000122070312500e+02 8.328747127864289723e+00
4.567999877929687500e+02 7.897051374469135077e+00
4.568999938964843750e+02 7.537739787481569032e+00
4.570000000000000000e+02 7.582086272266806759e+00
4.571000061035156250e+02 8.022556473527295395e+00
4.572000122070312500e+02 6.875818014421422042e+00
4.572999877929687500e+02 7.166730381353202617e+00
4.573999938964843750e+02 7.441995796956166309e+00
4.575000000000000000e+02 7.190773894460227744e+00
4.576000061035156250e+02 8.957445857486604268e+00
4.577000122070312500e+02 7.729672672004045175e+00
4.577999877929687500e+02 6.101259742639783212e+00
4.578999938964843750e+02 7.015203432542509887e+00
4.580000000000000000e+02 6.563661419337438296e+00
4.581000061035156250e+02 6.192283232033939377e+00
4.582000122070312500e+02 8.156543111918587385e+00
4.582999877929687500e+02 6.239173326951361176e+00
4.583999938964843750e+02 6.895496617469523137e+00
4.585000000000000000e+02 7.382651307545578412e+00
4.586000061035156250e+02 8.418286193457273470e+00
4.587000122070312500e+02 7.680356414345735239e+00
4.587999877929687500e+02 6.003936235688303924e+00
4.588999938964843750e+02 5.752146046701235527e+00
4.590000000000000000e+02 6.505515515092621825e+00
4.591000061035156250e+02 7.226631683419332042e+00
4.592000122070312500e+02 8.266580723037163736e+00
4.592999877929687500e+02 6.805382090013857521e+00
4.593999938964843750e+02 8.724193785693827863e+00
4.595000000000000000e+02 7.700406416678785781e+00
4.596000061035156250e+02 6.427059943147026111e+00
4.597000122070312500e+02 6.950092348111773788e+00
4.597999877929687500e+02 7.944103031112031310e+00
4.598999938964843750e+02 7.414134114728485159e+00
4.600000000000000000e+02 7.521149834591205341e+00
4.601000061035156250e+02 7.739920630434950155e+00
4.602000122070312500e+02 7.551038576813057901e+00
4.602999877929687500e+02 6.893140301173747098e+00
4.603999938964843750e+02 8.708285111412797264e+00
4.605000000000000000e+02 6.985560929651090767e+00
4.606000061035156250e+02 6.543246581382554439e+00
4.607000122070312500e+02 6.877298190170942682e+00
4.607999877929687500e+02 7.537164406915122683e+00
4.608999938964843750e+02 6.738969878149759118e+00
4.610000000000000000e+02 7.478543727191685697e+00
4.611000061035156250e+02 8.117650937966367053e+00
4.612000122070312500e+02 6.758697543543465969e+00
4.612999877929687500e+02 6.245491678212494513e+00
4.613999938964843750e+02 7.390996732151958959e+00
4.615000000000000000e+02 7.445896910676411906e+00
4.616000061035156250e+02 6.699472125492418328e+00
4.617000122070312500e+02 7.975325230158577305e+00
4.617999877929687500e+02 6.794061546840937105e+00
4.618999938964843750e+02 6.547266184327405369e+00
4.620000000000000000e+02 7.927960019235104738e+00
4.621000061035156250e+02 6.681987964637958299e+00
4.622000122070312500e+02 7.168228938819982687e+00
4.622999877929687500e+02 5.034483124129377707e+00
4.623999938964843750e+02 5.322704728284635145e+00
4.625000000000000000e+02 6.295577834478396362e+00
4.626000061035156250e+02 6.344958154934116301e+00
4.627000122070312500e+02 8.354573853253130622e+00
4.627999877929687500e+02 8.417204475759152871e+00
4.628999938964843750e+02 8.057775347216180606e+00
4.630000000000000000e+02 6.070548579331417116e+00
4.631000061035156250e+02 8.881231121005097151e+00
4.632000122070312500e+02 8.052295062793316305e+00
4.632999877929687500e+02 7.807412818834132295e+00
4.633999938964843750e+02 5.763718585853119691e+00
4.635000000000000000e+02 6.987137730929347867e+00
4.636000061035156250e+02 7.317615630506610458e+00
4.637000122070312500e+02 7.391768170829045026e+00
4.637999877929687500e+02 6.981569612555225568e+00
4.638999938964843750e+02 6.911180044009203272e+00
4.640000000000000000e+02 7.847616287306601990e+00
4.641000061035156250e+02 7.221234183510651050e+00
4.642000122070312500e+02 7.881844162822674527e+00
4.642999877929687500e+02 6.418708242028080768e+00
4.643999938964843750e+02 6.871356392874448993e+00
4.645000000000000000e+02 8.143597288010715474e+00
4.646000061035156250e+02 7.149284320050067976e+00
4.647000122070312500e+02 4.877764258751317250e+00
4.647999877929687500e+02 6.965912417922552002e+00
4.648999938964843750e+02 7.232123423660353545e+00
4.650000000000000000e+02 7.245942874261261935e+00
4.651000061035156250e+02 6.434271757105670453e+00
4.652000122070312500e+02 7.217609429337033866e+00
4.652999877929687500e+02 7.199165234562508786e+00
4.653999938964843750e+02 7.177517174801730349e+00
4.655000000000000000e+02 7.721702719269428528e+00
4.656000061035156250e+02 5.888329910666084466e+00
4.657000122070312500e+02 7.669916001314260434e+00
4.657999877929687500e+02 6.274228045168658952e+00
4.658999938964843750e+02 7.094657451036117557e+00
4.660000000000000000e+02 7.401826209174243054e+00
4.661000061035156250e+02 6.706109932371951743e+00
4.662000122070312500e+02 7.407840057513171317e+00
4.662999877929687500e+02 7.928417123645859377e+00
4.663999938964843750e+02 8.710443608517035585e+00
4.665000000000000000e+02 6.957038679574935713e+00
4.666000061035156250e+02 6.043651650852851276e+00
4.667000122070312500e+02 7.243620304013184352e+00
4.667999877929687500e+02 7.398378755962885300e+00
4.668999938964843750e+02 9.023781237088464025e+00
4.670000000000000000e+02 6.944352348032397870e+00
4.671000061035156250e+02 7.113095156372386541e+00
4.672000122070312500e+02 7.859486826586531194e+00
4.672999877929687500e+02 6.910002557240972898e+00
4.673999938964843750e+02 7.844696668705873677e+00
4.675000000000000000e+02 6.345621119488250805e+00
4.676000061035156250e+02 8.899907688851307341e+00
4.677000122070312500e+02 5.858309572358022521e+00
4.677999877929687500e+02 8.364819957457250155e+00
4.678999938964843750e+02 7.188809571661760600e+00
4.680000000000000000e+02 6.398692296798699886e+00
4.681000061035156250e+02 8.080489286132019444e+00
4.682000122070312500e+02 7.346961498131542534e+00
4.682999877929687500e+02 7.296736326252204918e+00
4.683999938964843750e+02 7.990681866684812285e+00
4.685000000000000000e+02 7.811979092555592530e+00
4.686000061035156250e+02 8.013817365432448270e+00
4.687000122070312500e+02 7.000908755970939090e+00
4.687999877929687500e+02 7.047092119401746402e+00
4.688999938964843750e+02 6.572538341275464546e+00
4.690000000000000000e+02 7.566402131677616438e+00
4.691000061035156250e+02 7.991008138698790120e+00
4.692000122070312500e+02 7.112335732554586620e+00
4.692999877929687500e+02 7.126583657094972324e+00
4.693999938964843750e+02 7.766040604079998744e+00
4.695000000000000000e+02 7.794138478303344719e+00
4.696000061035156250e+02 7.859311772804779217e+00
4.697000122070312500e+02 7.381646630497150419e+00
4.697999877929687500e+02 6.466489662930265503e+00
4.698999938964843750e+02 6.969285344231050061e+00
4.700000000000000000e+02 8.581969545957848666e+00
4.701000061035156250e+02 7.319492014478345077e+00
4.702000122070312500e+02 6.685981311303912378e+00
4.702999877929687500e+02 6.747109915432591976e+00
4.703999938964843750e+02 7.304833655731071573e+00
4.705000000000000000e+02 1.088112546165801220e+01
4.706000061035156250e+02 9.939451240619305850e+00
4.707000122070312500e+02 8.668344267976257456e+00
4.707999877929687500e+02 9.165048107567930202e+00
4.708999938964843750e+02 9.414492837089637689e+00
4.710000000000000000e+02 9.215847262273578977e+00
4.711000061035156250e+02 8.403815774929892513e+00
4.712000122070312500e+02 9.978607038990517708e+00
4.712999877929687500e+02 9.254985981941420192e+00
4.713999938964843750e+02 7.588372175887366566e+00
4.715000000000000000e+02 7.559285757347902646e+00
4.716000061035156250e+02 7.874628442877162904e+00
4.717000122070312500e+02 8.474797995905152703e+00
4.717999877929687500e+02 9.879814806080744916e+00
4.718999938964843750e+02 9.200924668950115404e+00
4.720000000000000000e+02 8.886223626040809620e+00
4.721000061035156250e+02 8.200528185487677035e+00
4.722000122070312500e+02 8.981719844044349088e+00
4.722999877929687500e+02 7.684498211848190152e+00
4.723999938964843750e+02 9.031001459830809708e+00
4.725000000000000000e+02 8.515255964264273558e+00
4.726000061035156250e+02 7.324773661949828707e+00
4.727000122070312500e+02 9.135387146520530521e+00
4.727999877929687500e+02 9.786328842084961011e+00
4.728999938964843750e+02 9.114391005814214353e+00
4.730000000000000000e+02 9.322340241099041691e+00
4.731000061035156250e+02 8.344598226851978495e+00
4.732000122070312500e+02 8.149770370797517316e+00
4.732999877929687500e+02 9.558330105654579967e+00
4.733999938964843750e+02 8.537842775331531797e+00
4.735000000000000000e+02 9.447447472311672811e+00
4.736000061035156250e+02 8.712930056229753362e+00
4.737000122070312500e+02 8.879492593893694163e+00
4.737999877929687500e+02 8.853263768757626551e+00
4.738999938964843750e+02 9.347828584283506714e+00
4.740000000000000000e+02 9.322689371143651371e+00
4.741000061035156250e+02 9.057992175874993279e+00
4.742000122070312500e+02 8.288470415857384310e+00
4.742999877929687500e+02 7.527617849922116022e+00
4.743999938964843750e+02 8.743862758484107545e+00
4.745000000000000000e+02 9.169054216032611393e+00
4.746000061035156250e+02 7.641352101782124429e+00
4.747000122070312500e+02 9.378557348444648056e+00
4.747999877929687500e+02 8.214424118587224655e+00
4.748999938964843750e+02 9.314227739487298763e+00
4.750000000000000000e+02 9.325562886729063194e+00
4.751000061035156250e+02 9.959075314097344034e+00
4.752000122070312500e+02 9.701439719637221515e+00
4.752999877929687500e+02 8.247120580715565197e+00
4.753999938964843750e+02 1.159527965848405628e+01
4.755000000000000000e+02 8.289558891090466730e+00
4.756000061035156250e+02 7.853635536224485847e+00
4.757000122070312500e+02 8.759847856179508341e+00
4.757999877929687500e+02 9.116742400344442387e+00
4.758999938964843750e+02 9.697121890524590171e+00
4.760000000000000000e+02 8.450319553219916457e+00
4.761000061035156250e+02 9.462330927001945113e+00
4.762000122070312500e+02 8.776480154812841050e+00
4.762999877929687500e+02 9.807050690673275284e+00
4.763999938964843750e+02 8.407389755680691579e+00
4.765000000000000000e+02 9.721008859515503531e+00
4.766000061035156250e+02 7.934371429236720452e+00
4.767000122070312500e+02 9.158154621858582090e+00
4.767999877929687500e+02 1.036762236117977665e+01
4.768999938964843750e+02 8.757826249317330891e+00
4.770000000000000000e+02 9.560282093360269684e+00
4.771000061035156250e+02 1.023336123749642113e+01
4.772000122070312500e+02 9.706612851112822682e+00
4.772999877929687500e+02 9.050375865464346248e+00
4.773999938964843750e+02 1.011305855542397758e+01
4.775000000000000000e+02 7.944382372376625590e+00
4.776000061035156250e+02 8.582064086278048620e+00
4.777000122070312500e+02 9.080588976422498959e+00
4.777999877929687500e+02 8.345670379846183096e+00
4.778999938964843750e+02 9.495321139479171890e+00
4.780000000000000000e+02 9.250134974109544217e+00
4.781000061035156250e+02 9.174091510446508835e+00
4.782000122070312500e+02 8.665793084040647187e+00
4.782999877929687500e+02 7.794893025424175725e+00
4.783999938964843750e+02 9.690827293520500874e+00
4.785000000000000000e+02 8.716354979088617227e+00
4.786000061035156250e+02 9.269518279698226948e+00
4.787000122070312500e+02 9.364983228353029432e+00
4.787999877929687500e+02 9.415850924442016989e+00
4.788999938964843750e+02 1.069732699017223787e+01
4.790000000000000000e+02 9.614414188605779898e+00
4.791000061035156250e+02 8.300098729836740574e+00
4.792000122070312500e+02 9.631004944617764352e+00
4.792999877929687500e+02 9.046479006619671637e+00
4.793999938964843750e+02 9.387675015907252174e+00
4.795000000000000000e+02 8.486815832234723800e+00
4.796000061035156250e+02 9.142159802877719343e+00
4.797000122070312500e+02 8.761677552215376252e+00
4.797999877929687500e+02 9.300857976521559323e+00
4.798999938964843750e+02 8.800366829976464800e+00
4.800000000000000000e+02 9.387637649093397485e+00
4.801000061035156250e+02 9.361024890422315892e+00
4.802000122070312500e+02 8.381997419649245273e+00
4.802999877929687500e+02 9.206604991825711792e+00
4.803999938964843750e+02 8.993954458371241856e+00
4.805000000000000000e+02 1.068753432876143883e+01
4.806000061035156250e+02 9.038622765214274324e+00
4.807000122070312500e+02 9.232138788493873705e+00
4.807999877929687500e+02 8.596192697973071617e+00
4.808999938964843750e+02 8.867563342966283457e+00
4.810000000000000000e+02 1.028513173593141872e+01
4.811000061035156250e+02 9.441780183209557364e+00
4.812000122070312500e+02 9.475118842912872097e+00
4.812999877929687500e+02 8.971295722480395085e+00
4.813999938964843750e+02 8.273626196263215604e+00
4.815000000000000000e+02 8.564906233472145303e+00
4.816000061035156250e+02 9.952357599446887804e+00
4.817000122070312500e+02 9.950005560283047501e+00
4.817999877929687500e+02 8.888116924490164550e+00
4.818999938964843750e+02 9.632848624283584016e+00
4.820000000000000000e+02 9.302546483860165694e+00
4.821000061035156250e+02 9.673877545937706657e+00
4.822000122070312500e+02 8.864848441523957234e+00
4.822999877929687500e+02 1.099667824299879015e+01
4.823999938964843750e+02 8.463709034779689944e+00
4.825000000000000000e+02 9.739267238581454933e+00
4.826000061035156250e+02 7.955146692877708148e+00
4.827000122070312500e+02 8.772048672571726158e+00
4.827999877929687500e+02 9.739368249606057404e+00
4.828999938964843750e+02 9.635493113640642093e+00
4.830000000000000000e+02 9.567807351172056940e+00
4.831000061035156250e+02 9.166860760361281280e+00
4.832000122070312500e+02 8.189517972482930119e+00
4.832999877929687500e+02 1.043136438847797720e+01
4.833999938964843750e+02 9.270642351927540048e+00
4.835000000000000000e+02 8.955261934871458607e+00
4.836000061035156250e+02 9.164078011137567259e+00
4.837000122070312500e+02 8.585339912511166460e+00
4.837999877929687500e+02 1.024763705840536687e+01
4.838999938964843750e+02 8.156387550098028072e+00
4.840000000000000000e+02 9.342941296930341366e+00
4.841000061035156250e+02 9.468925197535368099e+00
4.842000122070312500e+02 9.735285692135754232e+00
4.842999877929687500e+02 9.821733632602407837e+00
4.843999938964843750e+02 9.010374577168949628e+00
4.845000000000000000e+02 1.032159545953318336e+01
4.846000061035156250e+02 8.848382488007887403e+00
4.847000122070312500e+02 9.393057329428065927e+00
4.847999877929687500e+02 9.278333118486433051e+00
4.848999938964843750e+02 9.718933728748606171e+00
4.850000000000000000e+02 8.887560725157051422e+00
4.851000061035156250e+02 8.540628814379699563e+00
4.852000122070312500e+02 8.794163786488505608e+00
4.852999877929687500e+02 9.180519861116044567e+00
4.853999938964843750e+02 9.707477569394933781e+00
4.855000000000000000e+02 9.187745281872913949e+00
4.856000061035156250e+02 8.920431118882952148e+00
4.857000122070312500e+02 7.609363996272741737e+00
4.857999877929687500e+02 8.147841422883288942e+00
4.858999938964843750e+02 7.877072888215324475e+00
4.860000000000000000e+02 8.102156168022139227e+00
4.861000061035156250e+02 8.394137155828445884e+00
4.862000122070312500e+02 7.196273521059584510e+00
4.862999877929687500e+02 8.717355027916472210e+00
4.863999938964843750e+02 8.688557874031101136e+00
4.865000000000000000e+02 9.804489932049031964e+00
4.866000061035156250e+02 8.314663949015773881e+00
4.867000122070312500e+02 8.346613928360879342e+00
4.867999877929687500e+02 8.145811400879901854e+00
4.868999938964843750e+02 9.905127606756529701e+00
4.870000000000000000e+02 9.447529700116266582e+00
4.871000061035156250e+02 9.428252950597901361e+00
4.872000122070312500e+02 9.307901518998361823e+00
4.872999877929687500e+02 8.644175153193609518e+00
4.873999938964843750e+02 9.788710008275945285e+00
4.875000000000000000e+02 9.070549152206526244e+00
4.876000061035156250e+02 9.910622650819055579e+00
4.877000122070312500e+02 8.765535904430020508e+00
4.877999877929687500e+02 9.064819104500697833e+00
4.878999938964843750e+02 9.394502004939990769e+00
4.880000000000000000e+02 7.899271971173042139e+00
4.881000061035156250e+02 9.228183971670356200e+00
4.882000122070312500e+02 9.547408145165251270e+00
4.882999877929687500e+02 8.920631962060106446e+00
4.883999938964843750e+02 9.299216628823897324e+00
4.885000000000000000e+02 9.683451791936525055e+00
4.886000061035156250e+02 9.858287175752572296e+00
4.887000122070312500e+02 8.466191950583095149e+00
4.887999877929687500e+02 8.842661295407484801e+00
4.888999938964843750e+02 9.198159819982080876e+00
4.890000000000000000e+02 9.510387900802911076e+00
4.891000061035156250e+02 8.478187923615879029e+00
4.892000122070312500e+02 8.905733044893205275e+00
4.892999877929687500e+02 1.008319745846949544e+01
4.893999938964843750e+02 8.569835727608984044e+00
4.895000000000000000e+02 8.988161813073663353e+00
4.896000061035156250e+02 8.511845589270391699e+00
4.897000122070312500e+02 9.442166003565194643e+00
4.897999877929687500e+02 8.724704784466101870e+00
4.898999938964843750e+02 9.920072925444763712e+00
4.900000000000000000e+02 9.344550288432964535e+00
4.901000061035156250e+02 8.912605332649336631e+00
4.902000122070312500e+02 9.704395694213912904e+00
4.902999877929687500e+02 9.807722234968334618e+00
4.903999938964843750e+02 9.842671212803434599e+00
4.905000000000000000e+02 9.613091730116321898e+00
4.906000061035156250e+02 8.495958331945873354e+00
4.907000122070312500e+02 8.449450782717510933e+00
4.907999877929687500e+02 8.786653819604593352e+00
4.908999938964843750e+02 9.609446671243139448e+00
4.910000000000000000e+02 9.507096563853970395e+00
4.911000061035156250e+02 1.034623111432482823e+01
4.912000122070312500e+02 8.917992287018909892e+00
4.912999877929687500e+02 9.986066215099661747e+00
4.913999938964843750e+02 8.624502119814970058e+00
4.915000000000000000e+02 9.520161161676924166e+00
4.916000061035156250e+02 1.055539148632385071e+01
4.917000122070312500e+02 8.058806840754717982e+00
4.917999877929687500e+02 9.916575037446735408e+00
4.918999938964843750e+02 8.661834410662770267e+00
4.920000000000000000e+02 9.052320976365898275e+00
4.921000061035156250e+02 9.277187407677978115e+00
4.922000122070312500e+02 1.020754051319043221e+01
4.922999877929687500e+02 8.877496592947998977e+00
4.923999938964843750e+02 1.013271729313863112e+01
4.925000000000000000e+02 8.941598229603910042e+00
4.926000061035156250e+02 8.708797850622080006e+00
4.927000122070312500e+02 9.193328765348899978e+00
4.927999877929687500e+02 8.650647983209779568e+00
4.928999938964843750e+02 9.087827631587892085e+00
4.930000000000000000e+02 8.738206216471263943e+00
4.931000061035156250e+02 8.712392907880843751e+00
4.932000122070312500e+02 8.987246902799331139e+00
4.932999877929687500e+02 9.277983671467820770e+00
4.933999938964843750e+02 9.617672241302983593e+00
4.935000000000000000e+02 9.840730271934640783e+00
4.936000061035156250e+02 7.883441958785033066e+00
4.937000122070312500e+02 8.222277072886223337e+00
4.937999877929687500e+02 9.521502993411115057e+00
4.938999938964843750e+02 9.647579279923968798e+00
4.940000000000000000e+02 8.302406914089386802e+00
4.941000061035156250e+02 1.014483730149936136e+01
4.942000122070312500e+02 8.833255599900811106e+00
4.942999877929687500e+02 8.873148250581776253e+00
4.943999938964843750e+02 9.338727347131275280e+00
4.945000000000000000e+02 8.952145375508154146e+00
4.946000061035156250e+02 8.591139030476252714e+00
4.947000122070312500e+02 9.875477809281457908e+00
4.947999877929687500e+02 9.461676823043307039e+00
4.948999938964843750e+02 9.499461982336363519e+00
4.950000000000000000e+02 7.804792257795824639e+00
4.951000061035156250e+02 7.511479176955485393e+00
4.952000122070312500e+02 1.041532935100302204e+01
4.952999877929687500e+02 1.046944172022516817e+01
4.953999938964843750e+02 8.499489410380684618e+00
4.955000000000000000e+02 9.541909656597052702e+00
4.956000061035156250e+02 8.010709508851757477e+00
4.957000122070312500e+02 8.375651822751665421e+00
4.957999877929687500e+02 9.641539537644893798e+00
4.958999938964843750e+02 8.305888619166228892e+00
4.960000000000000000e+02 8.029125308774144543e+00
4.961000061035156250e+02 8.891684512472831869e+00
4.962000122070312500e+02 9.175873434133444917e+00
4.962999877929687500e+02 1.019262103921700557e+01
4.963999938964843750e+02 9.294952786589840699e+00
4.965000000000000000e+02 9.280568524004564779e+00
4.966000061035156250e+02 9.631732948462007116e+00
4.967000122070312500e+02 1.009004993983657883e+01
4.967999877929687500e+02 9.660112246416822757e+00
4.968999938964843750e+02 9.158404839039322454e+00
4.970000000000000000e+02 8.960397275397397721e+00
4.971000061035156250e+02 9.887974419134405224e+00
4.972000122070312500e+02 9.655853834360096144e+00
4.972999877929687500e+02 8.088850800625518644e+00
4.973999938964843750e+02 8.329243426620799085e+00
4.975000000000000000e+02 7.578483299330583733e+00
4.976000061035156250e+02 7.508042332753698034e+00
4.977000122070312500e+02 7.403936745372003081e+00
4.977999877929687500e+02 7.003179948042364877e+00
4.978999938964843750e+02 9.513088706985541876e+00
4.980000000000000000e+02 9.080081467488142266e+00
4.981000061035156250e+02 9.197855544930186866e+00
4.982000122070312500e+02 9.657803799924861821e+00
4.982999877929687500e+02 9.875323028740682574e+00
4.983999938964843750e+02 1.060521952478425511e+01
4.985000000000000000e+02 8.782642119710532214e+00
4.986000061035156250e+02 9.256002315361017807e+00
4.987000122070312500e+02 8.304900201453742525e+00
4.987999877929687500e+02 9.441235448806397201e+00
4.988999938964843750e+02 9.773635039315871964e+00
4.990000000000000000e+02 9.867326330722487882e+00
4.991000061035156250e+02 8.639296782382384521e+00
4.992000122070312500e+02 8.089132304978827293e+00
4.992999877929687500e+02 8.804580256914457337e+00
4.993999938964843750e+02 8.091510091681968220e+00
4.995000000000000000e+02 8.057128440392329338e+00
4.996000061035156250e+02 8.929140268521402746e+00
4.997000122070312500e+02 8.827783632098455513e+00
4.997999877929687500e+02 8.737910898590893538e+00
4.998999938964843750e+02 8.556702839608698596e+00
5.000000000000000000e+02 8.904935144576064943e+00
5.001000061035156250e+02 1.037844871778378320e+01
5.002000122070312500e+02 9.607111297244252057e+00
5.002999877929687500e+02 7.326863518802507080e+00
5.003999938964843750e+02 9.312668598673354836e+00
5.005000000000000000e+02 9.757686856728547298e+00
5.006000061035156250e+02 9.731050798767052257e+00
5.007000122070312500e+02 8.100144186154311754e+00
5.007999877929687500e+02 8.906541032278967762e+00
5.008999938964843750e+02 9.816955750054759733e+00
5.010000000000000000e+02 9.863413575858507087e+00
5.011000061035156250e+02 1.136441624449397025e+01
5.012000122070312500e+02 1.025226910126318991e+01
5.012999877929687500e+02 8.160669711413341076e+00
5.013999938964843750e+02 9.702910983770086872e+00
5.015000000000000000e+02 9.273399322189405325e+00
5.016000061035156250e+02 9.405103798087797173e+00
5.017000122070312500e+02 9.220732872642647848e+00
5.017999877929687500e+02 8.685447833070430335e+00
5.018999938964843750e+02 8.394903463516778075e+00
5.020000000000000000e+02 1.043592503538276794e+01
5.021000061035156250e+02 8.672292350482971202e+00
5.022000122070312500e+02 9.703727817707902048e+00
5.022999877929687500e+02 1.040383919452714778e+01
5.023999938964843750e+02 8.442384163455582069e+00
5.025000000000000000e+02 8.172768721927505808e+00
5.026000061035156250e+02 7.531638731762535066e+00
5.027000122070312500e+02 8.818580541491911617e+00
5.027999877929687500e+02 9.458303534166379478e+00
5.028999938964843750e+02 8.149779180332103579e+00
5.030000000000000000e+02 1.078889022300140788e+01
5.031000061035156250e+02 9.756256675465236228e+00
5.032000122070312500e+02 8.109759321454115266e+00
5.032999877929687500e+02 8.737123653452156802e+00
5.033999938964843750e+02 9.649508428009941241e+00
5.035000000000000000e+02 8.957165039328030431e+00
5.036000061035156250e+02 8.872971065582412109e+00
5.037000122070312500e+02 8.515055040225000482e+00
5.037999877929687500e+02 8.798776971092367560e+00
5.038999938964843750e+02 9.380658246798201816e+00
5.040000000000000000e+02 8.850460103212187235e+00
5.041000061035156250e+02 8.325495902330326103e+00
5.042000122070312500e+02 1.035038585403311195e+01
5.042999877929687500e+02 9.738890914673417498e+00
5.043999938964843750e+02 1.000461476123700066e+01
5.045000000000000000e+02 1.108081198903004960e+01
5.046000061035156250e+02 8.615548985487867739e+00
5.047000122070312500e+02 9.086015342807220563e+00
5.047999877929687500e+02 1.060185163640100825e+01
5.048999938964843750e+02 8.044319095246738271e+00
5.050000000000000000e+02 8.603770714232222616e+00
5.051000061035156250e+02 7.992283926560716623e+00
5.052000122070312500e+02 7.833028734121334047e+00
5.052999877929687500e+02 8.440863039528359479e+00
5.053999938964843750e+02 8.734922648862413652e+00
5.055000000000000000e+02 9.598905589868083510e+00
5.056000061035156250e+02 9.147888758342105575e+00
5.057000122070312500e+02 8.646941678472153114e+00
5.057999877929687500e+02 8.233947856607285232e+00
5.058999938964843750e+02 9.645856487618665653e+00
5.060000000000000000e+02 9.324126127820751009e+00
5.061000061035156250e+02 8.732516262138673824e+00
5.062000122070312500e+02 8.077374093868071370e+00
5.062999877929687500e+02 9.308876627469544474e+00
5.063999938964843750e+02 9.254710987052732207e+00
5.065000000000000000e+02 8.250372226022289368e+00
5.066000061035156250e+02 9.250859683953123636e+00
5.067000122070312500e+02 8.857038902785257406e+00
5.067999877929687500e+02 9.045868920391360035e+00
5.068999938964843750e+02 8.345235493927315673e+00
5.070000000000000000e+02 9.329302080258109697e+00
5.071000061035156250e+02 9.071105045748561579e+00
5.072000122070312500e+02 9.342552852597496127e+00
5.072999877929687500e+02 8.281841532440797238e+00
5.073999938964843750e+02 9.694801930588516470e+00
5.075000000000000000e+02 7.876369889241186861e+00
5.076000061035156250e+02 8.854936497446864507e+00
5.077000122070312500e+02 8.493901018785440016e+00
5.077999877929687500e+02 9.476804017761294219e+00
5.078999938964843750e+02 9.420810755189119590e+00
5.080000000000000000e+02 8.787991521999527933e+00
5.081000061035156250e+02 1.002757909111549139e+01
5.082000122070312500e+02 1.002657892925080674e+01
5.082999877929687500e+02 9.320723839801313915e+00
5.083999938964843750e+02 9.082603811703538810e+00
5.085000000000000000e+02 9.395987345064670038e+00
5.086000061035156250e+02 9.372566557043525037e+00
5.087000122070312500e+02 9.052924774748635883e+00
5.087999877929687500e+02 8.806571446665904190e+00
5.088999938964843750e+02 9.326943005926501939e+00
5.090000000000000000e+02 8.607033900319226660e+00
5.091000061035156250e+02 9.860922079171864141e+00
5.092000122070312500e+02 9.309340629581278392e+00
5.092999877929687500e+02 9.516802253943106749e+00
5.093999938964843750e+02 9.190545962936335300e+00
5.095000000000000000e+02 9.276471378048801952e+00
5.096000061035156250e+02 9.213090144378204727e+00
5.097000122070312500e+02 1.068655814617375732e+01
5.097999877929687500e+02 9.872574397458613760e+00
5.098999938964843750e+02 9.077337005455074603e+00
5.100000000000000000e+02 9.252508205130864027e+00
5.101000061035156250e+02 8.847813994381077407e+00
5.102000122070312500e+02 7.320344745822070287e+00
5.102999877929687500e+02 7.438836273446560732e+00
5.103999938964843750e+02 8.119693129407655974e+00
5.105000000000000000e+02 9.803349928100967503e+00
5.106000061035156250e+02 8.182930730787539630e+00
5.107000122070312500e+02 8.833234402299352084e+00
5.107999877929687500e+02 9.041792794359126972e+00
5.108999938964843750e+02 8.671137177562497911e+00
5.110000000000000000e+02 9.046246272772624053e+00
5.111000061035156250e+02 8.921917392958947701e+00
5.112000122070312500e+02 9.531872310183375774e+00
5.112999877929687500e+02 9.532701464312559381e+00
5.113999938964843750e+02 1.048309939563394622e+01
5.115000000000000000e+02 9.198667534705649018e+00
5.116000061035156250e+02 9.257976658264711389e+00
5.117000122070312500e+02 9.577930476293271767e+00
5.117999877929687500e+02 8.536269072737189489e+00
5.118999938964843750e+02 1.006551754570242174e+01
5.120000000000000000e+02 8.832784625504547904e+00
5.120999755859375000e+02 8.567354913704017250e+00
5.122000122070312500e+02 9.956317087447596137e+00
5.122999877929687500e+02 9.877803347626516128e+00
5.124000244140625000e+02 8.136406966091479731e+00
5.125000000000000000e+02 8.426364937633087138e+00
5.125999755859375000e+02 8.852823952217962145e+00
5.127000122070312500e+02 8.820970900616798005e+00
5.127999877929687500e+02 9.084460070326493053e+00
5.129000244140625000e+02 7.492554089611757284e+00
5.130000000000000000e+02 9.468208056653670823e+00
5.130999755859375000e+02 8.753255090190915411e+00
5.132000122070312500e+02 1.109623376274265816e+01
5.132999877929687500e+02 1.006038306726681952e+01
5.134000244140625000e+02 9.224607676276781021e+00
5.135000000000000000e+02 8.819909397689539077e+00
5.135999755859375000e+02 8.452633515710992640e+00
5.137000122070312500e+02 9.409431307976284131e+00
5.137999877929687500e+02 8.326762439429018059e+00
5.139000244140625000e+02 8.872565607811223387e+00
5.140000000000000000e+02 9.053561884679366401e+00
5.140999755859375000e+02 8.218927792597842341e+00
5.142000122070312500e+02 8.529344639812043383e+00
5.142999877929687500e+02 9.461588042788189767e+00
5.144000244140625000e+02 8.122826612210380048e+00
5.145000000000000000e+02 8.370053801414726991e+00
5.145999755859375000e+02 7.430897319353054087e+00
5.147000122070312500e+02 9.960856020104589703e+00
5.147999877929687500e+02 8.870144991547659785e+00
5.149000244140625000e+02 9.607359784401126035e+00
5.150000000000000000e+02 1.020657989089974471e+01
5.150999755859375000e+02 9.793355518590413311e+00
5.152000122070312500e+02 9.138544556936132324e+00
5.152999877929687500e+02 9.999420283399169662e+00
5.154000244140625000e+02 8.995734289144419193e+00
5.155000000000000000e+02 9.609385607647206839e+00
5.155999755859375000e+02 9.801517925117350316e+00
5.157000122070312500e+02 8.384254526833951005e+00
5.157999877929687500e+02 9.756878080805570619e+00
5.159000244140625000e+02 8.729740119403375687e+00
5.160000000000000000e+02 9.582463965576819120e+00
5.160999755859375000e+02 9.968841656037202625e+00
5.162000122070312500e+02 1.069556627758832867e+01
5.162999877929687500e+02 8.111380084738884833e+00
5.164000244140625000e+02 1.018644947958291702e+01
5.165000000000000000e+02 1.178498584067159172e+01
5.165999755859375000e+02 9.554563870741771936e+00
5.167000122070312500e+02 9.711148310786301252e+00
5.167999877929687500e+02 8.850850268622714623e+00
5.169000244140625000e+02 9.800173996200129523e+00
5.170000000000000000e+02 1.035411902393310690e+01
5.170999755859375000e+02 9.129724915617023484e+00
5.172000122070312500e+02 8.924235544509453888e+00
5.172999877929687500e+02 9.746536018098169052e+00
5.174000244140625000e+02 8.562646009935450664e+00
5.175000000000000000e+02 9.839751923962996472e+00
5.175999755859375000e+02 9.636082900895909020e+00
5.177000122070312500e+02 1.102645968479083294e+01
5.177999877929687500e+02 1.037010125105466329e+01
5.179000244140625000e+02 1.138105970305575987e+01
5.180000000000000000e+02 1.052938807890461703e+01
5.180999755859375000e+02 8.977974752289458849e+00
5.182000122070312500e+02 9.894807327384562257e+00
5.182999877929687500e+02 9.918832961640299928e+00
5.184000244140625000e+02 9.163518568627710081e+00
5.185000000000000000e+02 9.164342588377182963e+00
5.185999755859375000e+02 9.069799288421663164e+00
5.187000122070312500e+02 9.483456126201074810e+00
5.187999877929687500e+02 1.070248844115047504e+01
5.189000244140625000e+02 9.673592102710138363e+00
5.190000000000000000e+02 1.054485204081609240e+01
5.190999755859375000e+02 9.172993135157602396e+00
5.192000122070312500e+02 9.547203106748055390e+00
5.192999877929687500e+02 9.913778369947943148e+00
5.194000244140625000e+02 9.105917135165075393e+00
5.195000000000000000e+02 8.375253280013922108e+00
5.195999755859375000e+02 8.666511828560899744e+00
5.197000122070312500e+02 1.048122536570338603e+01
5.197999877929687500e+02 9.612312932115093744e+00
5.199000244140625000e+02 8.711321926401112137e+00
5.200000000000000000e+02 8.088274808117851933e+00
5.200999755859375000e+02 1.057061285739073675e+01
5.202000122070312500e+02 1.065601097900248462e+01
5.202999877929687500e+02 8.862450726214929020e+00
5.204000244140625000e+02 9.418796302127173448e+00
5.205000000000000000e+02 8.452473612577124484e+00
5.205999755859375000e+02 1.053768733418069026e+01
5.207000122070312500e+02 9.429175418372864215e+00
5.207999877929687500e+02 1.003566044493092058e+01
5.209000244140625000e+02 9.181088903928092293e+00
5.210000000000000000e+02 9.574739005288723348e+00
5.210999755859375000e+02 8.355603042721655882e+00
5.212000122070312500e+02 8.226664554735959811e+00
5.212999877929687500e+02 9.880926983152084730e+00
5.214000244140625000e+02 7.970705666669066325e+00
5.215000000000000000e+02 1.025298088259027196e+01
5.215999755859375000e+02 9.419248977875083639e+00
5.217000122070312500e+02 8.848447825206834594e+00
5.217999877929687500e+02 7.753246143345029928e+00
5.219000244140625000e+02 8.261684581174735698e+00
5.220000000000000000e+02 9.874531388035050483e+00
5.220999755859375000e+02 9.104407506506957404e+00
5.222000122070312500e+02 9.261374665454031430e+00
5.222999877929687500e+02 9.611905028391836581e+00
5.224000244140625000e+02 9.708481508061097998e+00
5.225000000000000000e+02 8.089305341934556637e+00
5.225999755859375000e+02 7.989162700170784781e+00
5.227000122070312500e+02 9.797768699276558024e+00
5.227999877929687500e+02 9.025138842664103933e+00
5.229000244140625000e+02 9.609946580692851015e+00
5.230000000000000000e+02 9.018608628833691299e+00
5.230999755859375000e+02 1.028197526988489585e+01
5.232000122070312500e+02 1.086611123301151061e+01
5.232999877929687500e+02 8.690643693053518248e+00
5.234000244140625000e+02 9.149033057495588039e+00
5.235000000000000000e+02 9.498835904508384331e+00
5.235999755859375000e+02 8.739658019530665456e+00
5.237000122070312500e+02 7.804224127102817654e+00
5.237999877929687500e+02 8.157544891813818921e+00
5.239000244140625000e+02 9.996885472372552428e+00
5.240000000000000000e+02 9.038141272688624994e+00
5.240999755859375000e+02 8.093333686752403722e+00
5.242000122070312500e+02 9.743413661254093583e+00
5.242999877929687500e+02 1.029955016157989967e+01
5.244000244140625000e+02 8.854006704172638464e+00
5.245000000000000000e+02 7.946621531087025403e+00
5.245999755859375000e+02 9.342880576065999421e+00
5.247000122070312500e+02 8.344881604133774999e+00
5.247999877929687500e+02 1.077767754121048505e+01
5.249000244140625000e+02 8.922699981901802246e+00
5.250000000000000000e+02 8.486971433558728961e+00
5.250999755859375000e+02 9.874768711761262807e+00
5.252000122070312500e+02 9.015673496419038813e+00
5.252999877929687500e+02 9.678981395057716597e+00
5.254000244140625000e+02 8.776174777842564723e+00
5.255000000000000000e+02 8.367406936915212867e+00
5.255999755859375000e+02 8.863393505080678025e+00
5.257000122070312500e+02 9.001754892475251069e+00
5.257999877929687500e+02 9.756340311130458076e+00
5.259000244140625000e+02 7.967364703623568190e+00
5.260000000000000000e+02 9.435062758656917126e+00
5.260999755859375000e+02 8.650834092482767801e+00
5.262000122070312500e+02 8.308713721653184336e+00
5.262999877929687500e+02 9.640407821420913237e+00
5.264000244140625000e+02 8.189930014041779671e+00
5.265000000000000000e+02 8.747671386866077370e+00
5.265999755859375000e+02 9.614161593349262347e+00
5.267000122070312500e+02 8.671320446332805076e+00
5.267999877929687500e+02 9.742391341529398119e+00
5.269000244140625000e+02 9.061198463474580578e+00
5.270000000000000000e+02 9.665211881128806581e+00
5.270999755859375000e+02 8.333540587041587955e+00
5.272000122070312500e+02 1.036151677926951997e+01
5.272999877929687500e+02 9.102028821184408258e+00
5.274000244140625000e+02 8.572707496259720727e+00
5.275000000000000000e+02 9.285479762953194438e+00
5.275999755859375000e+02 8.784643833961043313e+00
5.277000122070312500e+02 9.273694065626477467e+00
5.277999877929687500e+02 1.067833022056385417e+01
5.279000244140625000e+02 8.776566661089017174e+00
5.280000000000000000e+02 9.304615590504726086e+00
5.280999755859375000e+02 9.883876050690798110e+00
5.282000122070312500e+02 1.091770013511194470e+01
5.282999877929687500e+02 9.728211857851015054e+00
5.284000244140625000e+02 8.812605583189634828e+00
5.285000000000000000e+02 8.186367354337724223e+00
5.285999755859375000e+02 9.151975253411444911e+00
5.287000122070312500e+02 8.457300933562173384e+00
5.287999877929687500e+02 9.152452519613031967e+00
5.289000244140625000e+02 8.715597791176366016e+00
5.290000000000000000e+02 9.551256477035332537e+00
5.290999755859375000e+02 1.004073844750897315e+01
5.292000122070312500e+02 8.542963121736670828e+00
5.292999877929687500e+02 9.454828586007673508e+00
5.294000244140625000e+02 8.743358085441188976e+00
5.295000000000000000e+02 1.009914388304845900e+01
5.295999755859375000e+02 8.400860337677725553e+00
5.297000122070312500e+02 9.267604892014210449e+00
5.297999877929687500e+02 9.263561436452356190e+00
5.299000244140625000e+02 8.932168816660130517e+00
5.300000000000000000e+02 8.462638770121987619e+00
5.300999755859375000e+02 7.824845472253318057e+00
5.302000122070312500e+02 8.284927687421246745e+00
5.302999877929687500e+02 9.265509845152584134e+00
5.304000244140625000e+02 9.357615692204728219e+00
5.305000000000000000e+02 7.562363876267624185e+00
5.305999755859375000e+02 1.000206515029895371e+01
5.307000122070312500e+02 9.029286480165716000e+00
5.307999877929687500e+02 8.140991519313123703e+00
5.309000244140625000e+02 8.671610750596100203e+00
5.310000000000000000e+02 9.262146252407481128e+00
5.310999755859375000e+02 1.008399690465732768e+01
5.312000122070312500e+02 8.248250883855435589e+00
5.312999877929687500e+02 9.028521834200409657e+00
5.314000244140625000e+02 9.316855575740369488e+00
5.315000000000000000e+02 7.375074770509630895e+00
5.315999755859375000e+02 8.923749904077453721e+00
5.317000122070312500e+02 9.112024665721140337e+00
5.317999877929687500e+02 8.784948044824790969e+00
5.319000244140625000e+02 7.451969267120150064e+00
5.320000000000000000e+02 7.550636963758893927e+00
5.320999755859375000e+02 7.475578419674793196e+00
5.322000122070312500e+02 7.225585543953123135e+00
5.322999877929687500e+02 6.861463395209734806e+00
5.324000244140625000e+02 5.921104721805985349e+00
5.325000000000000000e+02 7.319634979436198563e+00
5.325999755859375000e+02 7.222364986028559919e+00
5.327000122070312500e+02 7.516557366819371921e+00
5.327999877929687500e+02 9.616587620903318978e+00
5.329000244140625000e+02 9.812484166302278155e+00
5.330000000000000000e+02 8.896429119984489375e+00
5.330999755859375000e+02 9.475114777698598445e+00
5.332000122070312500e+02 9.552920269043669421e+00
5.332999877929687500e+02 8.974758879181621296e+00
5.334000244140625000e+02 9.778230172015536681e+00
5.335000000000000000e+02 7.892829580802412259e+00
5.335999755859375000e+02 8.317508360453741645e+00
5.337000122070312500e+02 9.051614683945070183e+00
5.337999877929687500e+02 8.821623620180503167e+00
5.339000244140625000e+02 9.124973538809015849e+00
5.340000000000000000e+02 9.367129522868054892e+00
5.340999755859375000e+02 8.539584576173540498e+00
5.342000122070312500e+02 9.795446687686350629e+00
5.342999877929687500e+02 1.066109572672185202e+01
5.344000244140625000e+02 9.526810418896545229e+00
5.345000000000000000e+02 7.752806667801987572e+00
5.345999755859375000e+02 1.053232880197343491e+01
5.347000122070312500e+02 1.120564952642614642e+01
5.347999877929687500e+02 9.074460612324649844e+00
5.349000244140625000e+02 9.860168182914954116e+00
5.350000000000000000e+02 1.015623093302556690e+01
5.350999755859375000e+02 1.065170604285103551e+01
5.352000122070312500e+02 9.884438195692409224e+00
5.352999877929687500e+02 8.927809912848164942e+00
5.354000244140625000e+02 8.022806016965555287e+00
5.355000000000000000e+02 9.652280479087572473e+00
5.355999755859375000e+02 8.975032928136077004e+00
5.357000122070312500e+02 7.870052805677721253e+00
5.357999877929687500e+02 8.701048587119540656e+00
5.359000244140625000e+02 8.156749888774331936e+00
5.360000000000000000e+02 9.551050067198401550e+00
5.360999755859375000e+02 9.646088853898667992e+00
5.362000122070312500e+02 8.749623595542876942e+00
5.362999877929687500e+02 9.350040055715441056e+00
5.364000244140625000e+02 9.994996789847144569e+00
5.365000000000000000e+02 9.350770575777980653e+00
5.365999755859375000e+02 1.006490738231259208e+01
5.367000122070312500e+02 9.520597683053908966e+00
5.367999877929687500e+02 1.070573166212277805e+01
5.369000244140625000e+02 9.498567826274150860e+00
5.370000000000000000e+02 8.879351286390097187e+00
5.370999755859375000e+02 8.082601056580294596e+00
5.372000122070312500e+02 9.806582392174954421e+00
5.372999877929687500e+02 1.013794455150260987e+01
5.374000244140625000e+02 8.974085522188349984e+00
5.375000000000000000e+02 8.955856834103592234e+00
5.375999755859375000e+02 8.047619450356899407e+00
5.377000122070312500e+02 7.932513059795587296e+00
5.377999877929687500e+02 8.404921007602585092e+00
5.379000244140625000e+02 1.002413654956044020e+01
5.380000000000000000e+02 1.044825208055859633e+01
5.380999755859375000e+02 8.889697953438364664e+00
5.382000122070312500e+02 1.045257328818442488e+01
5.382999877929687500e+02 9.140553480731382407e+00
5.384000244140625000e+02 8.581995372661209487e+00
5.385000000000000000e+02 8.374727696682983336e+00
5.385999755859375000e+02 9.284948697822107633e+00
5.387000122070312500e+02 1.053644436231653891e+01
5.387999877929687500e+02 1.060797401228287384e+01
5.389000244140625000e+02 9.932644501467672526e+00
5.390000000000000000e+02 9.034560443757266412e+00
5.390999755859375000e+02 9.249185878681775108e+00
5.392000122070312500e+02 9.641653989407604541e+00
5.392999877929687500e+02 8.765111162568794967e+00
5.394000244140625000e+02 9.203622754765302005e+00
5.395000000000000000e+02 9.077493451113506140e+00
5.395999755859375000e+02 9.197704728021744103e+00
5.397000122070312500e+02 1.059365298098231278e+01
5.397999877929687500e+02 8.741697047790799147e+00
5.399000244140625000e+02 8.437055558429166879e+00
5.400000000000000000e+02 9.012171705859582715e+00
5.400999755859375000e+02 1.199518426574236862e+01
5.402000122070312500e+02 9.235518974494508981e+00
5.402999877929687500e+02 1.031991042006108472e+01
5.404000244140625000e+02 8.972530112286923654e+00
5.405000000000000000e+02 8.652984081664277127e+00
5.405999755859375000e+02 8.086884884094562409e+00
5.407000122070312500e+02 8.128129592121059233e+00
5.407999877929687500e+02 7.255429800407318552e+00
5.409000244140625000e+02 9.556288881456097783e+00
5.410000000000000000e+02 8.819221595432397365e+00
5.410999755859375000e+02 8.907280580692580330e+00
5.412000122070312500e+02 8.322833077264435886e+00
5.412999877929687500e+02 8.982790618357299195e+00
5.414000244140625000e+02 1.003786969832771980e+01
5.415000000000000000e+02 9.585256207084084323e+00
5.415999755859375000e+02 8.321115398358761794e+00
5.417000122070312500e+02 9.745857425005802099e+00
5.417999877929687500e+02 9.133814888216035044e+00
5.419000244140625000e+02 8.187977704533125234e+00
5.420000000000000000e+02 1.021558366887887992e+01
5.420999755859375000e+02 8.722994581410446813e+00
5.422000122070312500e+02 9.538339795971319646e+00
5.422999877929687500e+02 9.621561973632632103e+00
5.424000244140625000e+02 1.041736955735250625e+01
5.425000000000000000e+02 7.280635287779987586e+00
5.425999755859375000e+02 1.047446583057041813e+01
5.427000122070312500e+02 8.082823766730740545e+00
5.427999877929687500e+02 9.757595239076637839e+00
5.429000244140625000e+02 8.811028435256485380e+00
5.430000000000000000e+02 1.070128200366479376e+01
5.430999755859375000e+02 9.908106699380605065e+00
5.432000122070312500e+02 9.647355449261642235e+00
5.432999877929687500e+02 1.079410499946873792e+01
5.434000244140625000e+02 9.173630656648454007e+00
5.435000000000000000e+02 8.798973585897556404e+00
5.435999755859375000e+02 9.025855291601793340e+00
5.437000122070312500e+02 8.018715720126444069e+00
5.437999877929687500e+02 8.180394640311231313e+00
5.439000244140625000e+02 8.880217383832272660e+00
5.440000000000000000e+02 9.375944661173537753e+00
5.440999755859375000e+02 8.520665220646534976e+00
5.442000122070312500e+02 9.124617133334833596e+00
5.442999877929687500e+02 8.663213584171771231e+00
5.444000244140625000e+02 7.017813974952364475e+00
5.445000000000000000e+02 8.828015414409639661e+00
5.445999755859375000e+02 9.239687357824395875e+00
5.447000122070312500e+02 8.813447324755053103e+00
5.447999877929687500e+02 8.579271989706850121e+00
5.449000244140625000e+02 8.232100198740205599e+00
5.450000000000000000e+02 8.813914386845496551e+00
5.450999755859375000e+02 1.079677700817106079e+01
5.452000122070312500e+02 9.241067700604258306e+00
5.452999877929687500e+02 7.849955225312466034e+00
5.454000244140625000e+02 8.973215722510589742e+00
5.455000000000000000e+02 8.209750690976539644e+00
5.455999755859375000e+02 8.025736691314623528e+00
5.457000122070312500e+02 1.014244570965562708e+01
5.457999877929687500e+02 9.531326576468725165e+00
5.459000244140625000e+02 8.472511961923041568e+00
5.460000000000000000e+02 8.890193164636892575e+00
5.460999755859375000e+02 9.820796188107117075e+00
5.462000122070312500e+02 9.401248452905921482e+00
5.462999877929687500e+02 1.176527125980839550e+01
5.464000244140625000e+02 9.392045777960611019e+00
5.465000000000000000e+02 8.613059061614812606e+00
5.465999755859375000e+02 8.798625145184272967e+00
5.467000122070312500e+02 8.826383593538325911e+00
5.467999877929687500e+02 7.714565117144109863e+00
5.469000244140625000e+02 7.827623527254511160e+00
5.470000000000000000e+02 8.565000248626372326e+00
5.470999755859375000e+02 8.966361514862960291e+00
5.472000122070312500e+02 7.775430041941770121e+00
5.472999877929687500e+02 8.191426346320312746e+00
5.474000244140625000e+02 1.016061899592180851e+01
5.475000000000000000e+02 9.120758908688232580e+00
5.475999755859375000e+02 7.792782591571205231e+00
5.477000122070312500e+02 8.205174713823240040e+00
5.477999877929687500e+02 9.450395311469202753e+00
5.479000244140625000e+02 1.021180633464439147e+01
5.480000000000000000e+02 9.477202757716847614e+00
5.480999755859375000e+02 8.096790233322598951e+00
5.482000122070312500e+02 1.017618889779709690e+01
5.482999877929687500e+02 8.950947916190731490e+00
5.484000244140625000e+02 9.021352784433668504e+00
5.485000000000000000e+02 9.086436873204901232e+00
5.485999755859375000e+02 9.299087759616471160e+00
5.487000122070312500e+02 8.846977855011513014e+00
5.487999877929687500e+02 9.765460983370378045e+00
5.489000244140625000e+02 9.325041708656357287e+00
5.490000000000000000e+02 8.857464170675518389e+00
5.490999755859375000e+02 8.392166504776518821e+00
5.492000122070312500e+02 8.681579477441907500e+00
5.492999877929687500e+02 1.222839122347534691e+01
5.494000244140625000e+02 7.696462512454252725e+00
5.495000000000000000e+02 9.781109328871346875e+00
5.495999755859375000e+02 8.538943398618444647e+00
5.497000122070312500e+02 9.798662376756267278e+00
5.497999877929687500e+02 9.286203751340483592e+00
5.499000244140625000e+02 8.853408905668251450e+00
5.500000000000000000e+02 1.002011189872077424e+01
5.500999755859375000e+02 8.598961131959221404e+00
5.502000122070312500e+02 7.331395090762730327e+00
5.502999877929687500e+02 8.465659552972311985e+00
5.504000244140625000e+02 7.762834868834013413e+00
5.505000000000000000e+02 7.761228128515177183e+00
5.505999755859375000e+02 1.023841136243168215e+01
5.507000122070312500e+02 1.050206326439280602e+01
5.507999877929687500e+02 9.881436434564509597e+00
5.509000244140625000e+02 8.798490973715752617e+00
5.510000000000000000e+02 9.662712292114660428e+00
5.510999755859375000e+02 8.560694594117480349e+00
5.512000122070312500e+02 9.303141070829500592e+00
5.512999877929687500e+02 1.032151594410936646e+01
5.514000244140625000e+02 9.042076161574495785e+00
5.515000000000000000e+02 9.798902891408964422e+00
5.515999755859375000e+02 1.038525154592820954e+01
5.517000122070312500e+02 9.642139978165564784e+00
5.517999877929687500e+02 9.515486124468537810e+00
5.519000244140625000e+02 8.667853557869454661e+00
5.520000000000000000e+02 9.125283393910491370e+00
5.520999755859375000e+02 8.546009157076966289e+00
5.522000122070312500e+02 8.041954772841915400e+00
5.522999877929687500e+02 8.053023049965796432e+00
5.524000244140625000e+02 9.129780434766509245e+00
5.525000000000000000e+02 9.174281465309025663e+00
5.525999755859375000e+02 9.285411862865849741e+00
5.527000122070312500e+02 1.047406834172168288e+01
5.527999877929687500e+02 8.972442608139001408e+00
5.529000244140625000e+02 9.965746526541128247e+00
5.530000000000000000e+02 1.001226422514046277e+01
5.530999755859375000e+02 8.164614617041277000e+00
5.532000122070312500e+02 7.884440002563238181e+00
5.532999877929687500e+02 8.974378117985640557e+00
5.534000244140625000e+02 8.997719979346928909e+00
5.535000000000000000e+02 7.954998005011399975e+00
5.535999755859375000e+02 9.023038137503073486e+00
5.537000122070312500e+02 9.806711947528579998e+00
5.537999877929687500e+02 1.004426897821882214e+01
5.539000244140625000e+02 9.120174732686624708e+00
5.540000000000000000e+02 1.064221338109572379e+01
5.540999755859375000e+02 8.137097674080099097e+00
5.542000122070312500e+02 9.289046828404780243e+00
5.542999877929687500e+02 1.056485848725301935e+01
5.544000244140625000e+02 1.043835556253526065e+01
5.545000000000000000e+02 8.149270164063009858e+00
5.545999755859375000e+02 8.472425447210348182e+00
5.547000122070312500e+02 9.523229545552466035e+00
5.547999877929687500e+02 9.870817620314475960e+00
5.549000244140625000e+02 1.100932523732054769e+01
5.550000000000000000e+02 8.284445924332526801e+00
5.550999755859375000e+02 8.967287525520555747e+00
5.552000122070312500e+02 1.117763271500407463e+01
5.552999877929687500e+02 8.919608516237989448e+00
5.554000244140625000e+02 8.972407248690936754e+00
5.555000000000000000e+02 8.219013416232291647e+00
5.555999755859375000e+02 8.690683049017119188e+00
5.557000122070312500e+02 9.324926626319514966e+00
5.557999877929687500e+02 9.987813793493772963e+00
5.559000244140625000e+02 8.547310988205831350e+00
5.560000000000000000e+02 1.032249241650161231e+01
5.560999755859375000e+02 8.560785265885673567e+00
5.562000122070312500e+02 8.936899131433733601e+00
5.562999877929687500e+02 9.061267894109771959e+00
5.564000244140625000e+02 9.692133112698778419e+00
5.565000000000000000e+02 8.464171389656941713e+00
5.565999755859375000e+02 1.132004168370086461e+01
5.567000122070312500e+02 1.092471197224650048e+01
5.567999877929687500e+02 9.518909062570212853e+00
5.569000244140625000e+02 9.460121893565883511e+00
5.570000000000000000e+02 9.570101883136645782e+00
5.570999755859375000e+02 1.004669074591950739e+01
5.572000122070312500e+02 6.763433138370537279e+00
5.572999877929687500e+02 7.976650930070699808e+00
5.574000244140625000e+02 6.416220914691974642e+00
5.575000000000000000e+02 7.123702459084295668e+00
5.575999755859375000e+02 7.983171852814030522e+00
5.577000122070312500e+02 1.047892408884615278e+01
5.577999877929687500e+02 8.850949130834182554e+00
5.579000244140625000e+02 8.428591163079651949e+00
5.580000000000000000e+02 9.961462523208354014e+00
5.580999755859375000e+02 7.194922559426211173e+00
5.582000122070312500e+02 8.053870069549166288e+00
5.582999877929687500e+02 9.331723865913788885e+00
5.584000244140625000e+02 8.897257239260227379e+00
5.585000000000000000e+02 8.540973213300182110e+00
5.585999755859375000e+02 7.945368218089933876e+00
5.587000122070312500e+02 6.400939429721370644e+00
5.587999877929687500e+02 9.554120461700472688e+00
5.589000244140625000e+02 7.491035707919293962e+00
5.590000000000000000e+02 8.309538388105531581e+00
5.590999755859375000e+02 7.654738545716684328e+00
5.592000122070312500e+02 5.877992264664468003e+00
5.592999877929687500e+02 7.387572812668785183e+00
5.594000244140625000e+02 7.808417102549371158e+00
5.595000000000000000e+02 1.083327195020473255e+01
5.595999755859375000e+02 6.833970301627496191e+00
5.597000122070312500e+02 7.446960279713801256e+00
5.597999877929687500e+02 8.265793848400466715e+00
5.599000244140625000e+02 7.338561929964832586e+00
5.600000000000000000e+02 8.899752362439407705e+00
5.600999755859375000e+02 8.065149753989810932e+00
5.602000122070312500e+02 7.990197503982639837e+00
5.602999877929687500e+02 1.165585044789302138e+01
5.604000244140625000e+02 9.227601882055791904e+00
5.605000000000000000e+02 9.777773249081281648e+00
5.605999755859375000e+02 8.208193808797613400e+00
5.607000122070312500e+02 7.968642148695549210e+00
5.607999877929687500e+02 9.093220443808613496e+00
5.609000244140625000e+02 9.715700722091117569e+00
5.610000000000000000e+02 7.828482328592402339e+00
5.610999755859375000e+02 8.153652414581760155e+00
5.612000122070312500e+02 7.497791022421003149e+00
5.612999877929687500e+02 7.048267543381026456e+00
5.614000244140625000e+02 7.518962427907176505e+00
5.615000000000000000e+02 8.449552080289389977e+00
5.615999755859375000e+02 9.110570580461541113e+00
5.617000122070312500e+02 8.001296327116364182e+00
5.617999877929687500e+02 7.823681537786081996e+00
5.619000244140625000e+02 1.009767295899375483e+01
5.620000000000000000e+02 9.232071913653033590e+00
5.620999755859375000e+02 9.592816070429972086e+00
5.622000122070312500e+02 6.153862191449347208e+00
5.622999877929687500e+02 7.422777925073165584e+00
5.624000244140625000e+02 5.302482960480994656e+00
5.625000000000000000e+02 6.524355813501479417e+00
5.625999755859375000e+02 7.069719841288695683e+00
5.627000122070312500e+02 7.262744199013996038e+00
5.627999877929687500e+02 7.597007044477374293e+00
5.629000244140625000e+02 7.242567022386447562e+00
5.630000000000000000e+02 8.310755555396546868e+00
5.630999755859375000e+02 9.699124808518726937e+00
5.632000122070312500e+02 8.756156847010148070e+00
5.632999877929687500e+02 8.551368816888519575e+00
5.634000244140625000e+02 7.790425813125081866e+00
5.635000000000000000e+02 6.180015824465074914e+00
5.635999755859375000e+02 8.431465263221232576e+00
5.637000122070312500e+02 6.909384008249738862e+00
5.637999877929687500e+02 8.287046650082070087e+00
5.639000244140625000e+02 7.340197154351013609e+00
5.640000000000000000e+02 7.859228206384717197e+00
5.640999755859375000e+02 5.886000354394762546e+00
5.642000122070312500e+02 6.692946050443601358e+00
5.642999877929687500e+02 6.943163193237563924e+00
5.644000244140625000e+02 8.101025662831149887e+00
5.645000000000000000e+02 6.888748754940865915e+00
5.645999755859375000e+02 7.876803536366310254e+00
5.647000122070312500e+02 7.434853570133748590e+00
5.647999877929687500e+02 6.336002501210459492e+00
5.649000244140625000e+02 6.751075976861773853e+00
5.650000000000000000e+02 7.723663103854901735e+00
5.650999755859375000e+02 8.051488562912650693e+00
5.652000122070312500e+02 8.122767259027275699e+00
5.652999877929687500e+02 7.990497244121413267e+00
5.654000244140625000e+02 7.211522210494889507e+00
5.655000000000000000e+02 6.996483357903362510e+00
5.655999755859375000e+02 6.754039529419591403e+00
5.657000122070312500e+02 7.516179062414830803e+00
5.657999877929687500e+02 8.076751301059356791e+00
5.659000244140625000e+02 7.543613560428624965e+00
5.660000000000000000e+02 8.642790736658794160e+00
5.660999755859375000e+02 7.923691303320708812e+00
5.662000122070312500e+02 7.841396846570506618e+00
5.662999877929687500e+02 6.782984123640842355e+00
5.664000244140625000e+02 6.987622023221974565e+00
5.665000000000000000e+02 8.970414957477386153e+00
5.665999755859375000e+02 7.385597371495309815e+00
5.667000122070312500e+02 6.488223493034666944e+00
5.667999877929687500e+02 6.353510900138596540e+00
5.669000244140625000e+02 7.744177552078369331e+00
5.670000000000000000e+02 6.475265995780560502e+00
5.670999755859375000e+02 7.716869951277942619e+00
5.672000122070312500e+02 7.629106784074666692e+00
5.672999877929687500e+02 8.059834403167590366e+00
5.674000244140625000e+02 9.312273062303074056e+00
5.675000000000000000e+02 7.086213168262258222e+00
5.675999755859375000e+02 8.547435133724281542e+00
5.677000122070312500e+02 1.093423500647378255e+01
5.677999877929687500e+02 8.974673233465578548e+00
5.679000244140625000e+02 1.064735040193571258e+01
5.680000000000000000e+02 9.050927558460344358e+00
5.680999755859375000e+02 1.038402906481050003e+01
5.682000122070312500e+02 9.313424849447383025e+00
5.682999877929687500e+02 9.366666208201857913e+00
5.684000244140625000e+02 9.873100728708294582e+00
5.685000000000000000e+02 9.925983988690520121e+00
5.685999755859375000e+02 9.843232613035874934e+00
5.687000122070312500e+02 8.243174064396871614e+00
5.687999877929687500e+02 9.095892773327729941e+00
5.689000244140625000e+02 1.108485298508612260e+01
5.690000000000000000e+02 8.447291381013341649e+00
5.690999755859375000e+02 9.361166155928950516e+00
5.692000122070312500e+02 9.919776849011032738e+00
5.692999877929687500e+02 9.412950886134717976e+00
5.694000244140625000e+02 9.350505586486931975e+00
5.695000000000000000e+02 8.254438038437880820e+00
5.695999755859375000e+02 9.960083918081412691e+00
5.697000122070312500e+02 9.456729318744514501e+00
5.697999877929687500e+02 7.940552397837400633e+00
5.699000244140625000e+02 8.285873346117895721e+00
5.700000000000000000e+02 8.201816183353756173e+00
5.700999755859375000e+02 8.617972499181508539e+00
5.702000122070312500e+02 8.151495598036110124e+00
5.702999877929687500e+02 8.772182488441769621e+00
5.704000244140625000e+02 1.021765689135037647e+01
5.705000000000000000e+02 9.273482567916866870e+00
5.705999755859375000e+02 8.115353126321336319e+00
5.707000122070312500e+02 8.559601706129218002e+00
5.707999877929687500e+02 6.965524376066280610e+00
5.709000244140625000e+02 8.116889142924264888e+00
5.710000000000000000e+02 8.955377052112122982e+00
5.710999755859375000e+02 8.494504166591065442e+00
5.712000122070312500e+02 8.599240047977701806e+00
5.712999877929687500e+02 1.010020337557332049e+01
5.714000244140625000e+02 8.349017408139284058e+00
5.715000000000000000e+02 6.529343905397174908e+00
5.715999755859375000e+02 8.338478343019497530e+00
5.717000122070312500e+02 8.767830662021971477e+00
5.717999877929687500e+02 8.400285824816521085e+00
5.719000244140625000e+02 9.410821490362611286e+00
5.720000000000000000e+02 1.076055636088978495e+01
5.720999755859375000e+02 7.900284567518611745e+00
5.722000122070312500e+02 8.300293942742884568e+00
5.722999877929687500e+02 8.773279319120081965e+00
5.724000244140625000e+02 7.224896130939469252e+00
5.725000000000000000e+02 7.018147356737233444e+00
5.725999755859375000e+02 1.048811931108305373e+01
5.727000122070312500e+02 1.010988583376248862e+01
5.727999877929687500e+02 8.363009960756604855e+00
5.729000244140625000e+02 9.863496749107373063e+00
5.730000000000000000e+02 1.007119850314855292e+01
5.730999755859375000e+02 8.143382211996264886e+00
5.732000122070312500e+02 6.486571057473794255e+00
5.732999877929687500e+02 7.396459404606059884e+00
5.734000244140625000e+02 7.246320215950464494e+00
5.735000000000000000e+02 8.090628008732657861e+00
5.735999755859375000e+02 8.989884803720597617e+00
5.737000122070312500e+02 9.832444248082213178e+00
5.737999877929687500e+02 6.924269197591025993e+00
5.739000244140625000e+02 8.999364424031643495e+00
5.740000000000000000e+02 1.165518127919415825e+01
5.740999755859375000e+02 8.691883592146462334e+00
5.742000122070312500e+02 8.887940597960366063e+00
5.742999877929687500e+02 7.046599143133193799e+00
5.744000244140625000e+02 7.259061831763033545e+00
5.745000000000000000e+02 8.564902716978602726e+00
5.745999755859375000e+02 9.241363181693996509e+00
5.747000122070312500e+02 9.908172269113267205e+00
5.747999877929687500e+02 1.081205359066468752e+01
5.749000244140625000e+02 9.884636159147049739e+00
5.750000000000000000e+02 8.628665848479162293e+00
5.750999755859375000e+02 8.372547391075560341e+00
5.752000122070312500e+02 9.513779667310545918e+00
5.752999877929687500e+02 9.717729832721801131e+00
5.754000244140625000e+02 1.016317137783919655e+01
5.755000000000000000e+02 7.542132654604237096e+00
5.755999755859375000e+02 8.442973488534070370e+00
5.757000122070312500e+02 1.010944940529104130e+01
5.757999877929687500e+02 9.985200896855424446e+00
5.759000244140625000e+02 7.379361192309168871e+00
5.760000000000000000e+02 8.462338635097903961e+00
5.760999755859375000e+02 7.237124836661601890e+00
5.762000122070312500e+02 7.168639062150131913e+00
5.762999877929687500e+02 8.548425427280459843e+00
5.764000244140625000e+02 7.279232911232839776e+00
5.765000000000000000e+02 8.244167109198173193e+00
5.765999755859375000e+02 7.277817639610581146e+00
5.767000122070312500e+02 8.948235357944986035e+00
5.767999877929687500e+02 9.177562663726678949e+00
5.769000244140625000e+02 8.809108902974269739e+00
5.770000000000000000e+02 8.798003557415976061e+00
5.770999755859375000e+02 8.185987816470049694e+00
5.772000122070312500e+02 7.909669191252485909e+00
5.772999877929687500e+02 8.005578444281498562e+00
5.774000244140625000e+02 8.190652215180602269e+00
5.775000000000000000e+02 9.570878101183133424e+00
5.775999755859375000e+02 9.154232467094161052e+00
5.777000122070312500e+02 8.704280083445324223e+00
5.777999877929687500e+02 8.531935166008333127e+00
5.779000244140625000e+02 1.037721291055644279e+01
5.780000000000000000e+02 9.813426345649821414e+00
5.780999755859375000e+02 9.887767646492472196e+00
5.782000122070312500e+02 8.970979568573378415e+00
5.782999877929687500e+02 9.645138724411351561e+00
5.784000244140625000e+02 8.228855287109139383e+00
5.785000000000000000e+02 8.719161512319658414e+00
5.785999755859375000e+02 8.690308020596479111e+00
5.787000122070312500e+02 8.033848607764117133e+00
5.787999877929687500e+02 9.242366313509895903e+00
5.789000244140625000e+02 8.695794349546694946e+00
5.790000000000000000e+02 7.847897527510544258e+00
5.790999755859375000e+02 9.041730141519003894e+00
5.792000122070312500e+02 7.622749203292473297e+00
5.792999877929687500e+02 7.857153542054152062e+00
5.794000244140625000e+02 7.978485231714091519e+00
5.795000000000000000e+02 7.803722660441217762e+00
5.795999755859375000e+02 8.886297413803557532e+00
5.797000122070312500e+02 8.507702156797817494e+00
5.797999877929687500e+02 1.010860800224402567e+01
5.799000244140625000e+02 8.941259373401621247e+00
5.800000000000000000e+02 8.652193371158713120e+00
5.800999755859375000e+02 9.362064009101130679e+00
5.802000122070312500e+02 1.025234800439618787e+01
5.802999877929687500e+02 9.661953034557582143e+00
5.804000244140625000e+02 7.760953373213336448e+00
5.805000000000000000e+02 9.048314276375620580e+00
5.805999755859375000e+02 7.537877331771569267e+00
5.807000122070312500e+02 8.082844232562198528e+00
5.807999877929687500e+02 1.092322263994559250e+01
5.809000244140625000e+02 9.283619762912884710e+00
5.810000000000000000e+02 9.034093619465737746e+00
5.810999755859375000e+02 9.239784581912296346e+00
5.812000122070312500e+02 9.960040495913279557e+00
5.812999877929687500e+02 9.973663200180082455e+00
5.814000244140625000e+02 8.825525931014754022e+00
5.815000000000000000e+02 9.176339254169533888e+00
5.815999755859375000e+02 9.804435434911983549e+00
5.817000122070312500e+02 8.189311311573693075e+00
5.817999877929687500e+02 8.850246454375179539e+00
5.819000244140625000e+02 9.922858473170578009e+00
5.820000000000000000e+02 8.279919909973907366e+00
5.820999755859375000e+02 9.282670582740388809e+00
5.822000122070312500e+02 1.038229997037242569e+01
5.822999877929687500e+02 8.688761112891617344e+00
5.824000244140625000e+02 9.421474211587343106e+00
5.825000000000000000e+02 1.022092168672839385e+01
5.825999755859375000e+02 9.661324378052002615e+00
5.827000122070312500e+02 1.082090202250749478e+01
5.827999877929687500e+02 1.027719452402177502e+01
5.829000244140625000e+02 1.177162480304877512e+01
5.830000000000000000e+02 7.842098037533908439e+00
5.830999755859375000e+02 9.266718453264779498e+00
5.832000122070312500e+02 1.003640850460049450e+01
5.832999877929687500e+02 1.008448862812743307e+01
5.834000244140625000e+02 8.484778285791174213e+00
5.835000000000000000e+02 8.452603018438436422e+00
5.835999755859375000e+02 7.562127675317008801e+00
5.837000122070312500e+02 8.679833257630654941e+00
5.837999877929687500e+02 8.613260453978634601e+00
5.839000244140625000e+02 8.372795014815478609e+00
5.840000000000000000e+02 7.419010547049819770e+00
5.840999755859375000e+02 8.350221254311744445e+00
5.842000122070312500e+02 8.200512443954611541e+00
5.842999877929687500e+02 1.041773847490593141e+01
5.844000244140625000e+02 1.055008747976530614e+01
5.845000000000000000e+02 9.800296360210303703e+00
5.845999755859375000e+02 7.649293554630098413e+00
5.847000122070312500e+02 6.983247027549510655e+00
5.847999877929687500e+02 8.370467656870991036e+00
5.849000244140625000e+02 8.502093822528227207e+00
5.850000000000000000e+02 1.034978303860033222e+01
5.850999755859375000e+02 8.609245644715086243e+00
5.852000122070312500e+02 1.152474545608198930e+01
5.852999877929687500e+02 8.477005796285068229e+00
5.854000244140625000e+02 8.651962697161426519e+00
5.855000000000000000e+02 9.075237915270408351e+00
5.855999755859375000e+02 9.719690960147334025e+00
5.857000122070312500e+02 9.589061694763275412e+00
5.857999877929687500e+02 1.059270333388550434e+01
5.859000244140625000e+02 9.464775178579664328e+00
5.860000000000000000e+02 9.463148179792868930e+00
5.860999755859375000e+02 9.694612386324319431e+00
5.862000122070312500e+02 9.160365399691368538e+00
5.862999877929687500e+02 8.324269500454143156e+00
5.864000244140625000e+02 1.069968037572212438e+01
5.865000000000000000e+02 9.588320470136819651e+00
5.865999755859375000e+02 1.025132531057396257e+01
5.867000122070312500e+02 8.029811172742070013e+00
5.867999877929687500e+02 8.929928375620390213e+00
5.869000244140625000e+02 8.340395019425034917e+00
5.870000000000000000e+02 7.908358732751841202e+00
5.870999755859375000e+02 8.952813354012899794e+00
5.872000122070312500e+02 9.401196739099063393e+00
5.872999877929687500e+02 7.393690097239900005e+00
5.874000244140625000e+02 8.253974121531225450e+00
5.875000000000000000e+02 8.113248929661637021e+00
5.875999755859375000e+02 7.354598428732717963e+00
5.877000122070312500e+02 9.585699937424971395e+00
5.877999877929687500e+02 8.708641269558819786e+00
5.879000244140625000e+02 7.266639695396247767e+00
5.880000000000000000e+02 7.871546519444527767e+00
5.880999755859375000e+02 8.593868738968197363e+00
5.882000122070312500e+02 7.455966576508815891e+00
5.882999877929687500e+02 8.487768921847592907e+00
5.884000244140625000e+02 8.494740257345188894e+00
5.885000000000000000e+02 8.006720149281122190e+00
5.885999755859375000e+02 7.871470677970432206e+00
5.887000122070312500e+02 6.983134598088111211e+00
5.887999877929687500e+02 7.899486391376669303e+00
5.889000244140625000e+02 8.707962457723326111e+00
5.890000000000000000e+02 7.223969158823638992e+00
5.890999755859375000e+02 7.166958975729625259e+00
5.892000122070312500e+02 9.329501031443506065e+00
5.892999877929687500e+02 5.635488852740829557e+00
5.894000244140625000e+02 6.983688268623018836e+00
5.895000000000000000e+02 7.920928122960265050e+00
5.895999755859375000e+02 8.484829354455223793e+00
5.897000122070312500e+02 6.533590245845556588e+00
5.897999877929687500e+02 8.432780069430208414e+00
5.899000244140625000e+02 7.567869526532608582e+00
5.900000000000000000e+02 8.567447202680412488e+00
5.900999755859375000e+02 7.665052513523479050e+00
5.902000122070312500e+02 8.704727137830417405e+00
5.902999877929687500e+02 8.007435395950977863e+00
5.904000244140625000e+02 7.739394628288112976e+00
5.905000000000000000e+02 8.432587445066882736e+00
5.905999755859375000e+02 1.033354900478898308e+01
5.907000122070312500e+02 1.012118698439606845e+01
5.907999877929687500e+02 9.421542095356139512e+00
5.909000244140625000e+02 8.509068136504206237e+00
5.910000000000000000e+02 9.212312987299085876e+00
5.910999755859375000e+02 8.643875568670900122e+00
5.912000122070312500e+02 7.354469582993545806e+00
5.912999877929687500e+02 9.299012982328619614e+00
5.914000244140625000e+02 9.376664289766882376e+00
5.915000000000000000e+02 8.873283591712917584e+00
5.915999755859375000e+02 1.053489320903730153e+01
5.917000122070312500e+02 8.922665348139762642e+00
5.917999877929687500e+02 8.684686027961809884e+00
5.919000244140625000e+02 8.590533789509363416e+00
5.920000000000000000e+02 7.783121482625091403e+00
5.920999755859375000e+02 8.475129295358680537e+00
5.922000122070312500e+02 8.579540589592991040e+00
5.922999877929687500e+02 9.117536084185749345e+00
5.924000244140625000e+02 8.575382381078192395e+00
5.925000000000000000e+02 8.889121079399963321e+00
5.925999755859375000e+02 9.316109644037565474e+00
5.927000122070312500e+02 9.916386996800035547e+00
5.927999877929687500e+02 9.018154598070132977e+00
5.929000244140625000e+02 8.237294682099790322e+00
5.930000000000000000e+02 9.708530611542821376e+00
5.930999755859375000e+02 8.803898070301771739e+00
5.932000122070312500e+02 9.714378020927703972e+00
5.932999877929687500e+02 1.026749265961646707e+01
5.934000244140625000e+02 1.043449616070759767e+01
5.935000000000000000e+02 1.037514994650618760e+01
5.935999755859375000e+02 9.543280501483099698e+00
5.937000122070312500e+02 8.745917473820240318e+00
5.937999877929687500e+02 1.031827376714479882e+01
5.939000244140625000e+02 7.702056925493860007e+00
5.940000000000000000e+02 8.998597759188127654e+00
5.940999755859375000e+02 9.474219757587771795e+00
5.942000122070312500e+02 8.110770695824896848e+00
5.942999877929687500e+02 7.976681221047122072e+00
5.944000244140625000e+02 7.973033655907629580e+00
5.945000000000000000e+02 8.409808185743113285e+00
5.945999755859375000e+02 7.379220026584064840e+00
5.947000122070312500e+02 6.752502452794342247e+00
5.947999877929687500e+02 9.096006303446946717e+00
5.949000244140625000e+02 8.070077657771067337e+00
5.950000000000000000e+02 1.023290822969231684e+01
5.950999755859375000e+02 8.288891937551053246e+00
5.952000122070312500e+02 8.835204261639580281e+00
5.952999877929687500e+02 8.676500876945793195e+00
