   0.0000000    0.5051935
   0.0001000    0.5375977
   0.0002000    0.4796989
   0.0003000    0.4391825
   0.0004000    0.4896705
   0.0005000    0.4787295
   0.0006000    0.4535592
   0.0007000    0.4302319
   0.0008000    0.4811125
   0.0009000    0.4294836
   0.0010000    0.4693530
   0.0011000    0.4687571
   0.0012000    0.4935233
   0.0013000    0.5772768
   0.0014000    0.5681186
   0.0015000    0.7403069
   0.0016000    0.5500115
   0.0017000    0.5845037
   0.0018000    0.5349969
   0.0019000    0.5662892
   0.0020000    0.5680277
   0.0021000    0.5429726
   0.0022000    0.5266722
   0.0023000    0.5880018
   0.0024000    0.6278226
   0.0025000    0.5678562
   0.0026000    0.6203121
   0.0027000    0.6772045
   0.0028000    0.5964091
   0.0029000    0.5385100
   0.0030000    0.4440466
   0.0031000    0.4511108
   0.0032000    0.4842506
   0.0033000    0.5727729
   0.0034000    0.4638447
   0.0035000    0.5256606
   0.0036000    0.4753121
   0.0037000    0.5294409
   0.0038000    0.5397853
   0.0039000    0.6198834
   0.0040000    0.5982300
   0.0041000    0.5809360
   0.0042000    0.5022483
   0.0043000    0.5648936
   0.0044000    0.6295162
   0.0045000    0.5967656
   0.0046000    0.6218058
   0.0047000    0.6283253
   0.0048000    0.6129851
   0.0049000    0.5954975
   0.0050000    0.6178117
   0.0051000    0.5298237
   0.0052000    0.6004301
   0.0053000    0.5261101
   0.0054000    0.5172330
   0.0055000    0.4925765
   0.0056000    0.5004793
   0.0057000    0.5477139
   0.0058000    0.5337790
   0.0059000    0.5570878
   0.0060000    0.5252432
   0.0061000    0.5463842
   0.0062000    0.5824916
   0.0063000    0.6222811
   0.0064000    0.6434920
   0.0065000    0.6274482
   0.0066000    0.6136312
   0.0067000    0.6227601
   0.0068000    0.6148704
   0.0069000    0.6405588
   0.0070000    0.6432831
   0.0071000    0.6297845
   0.0072000    0.6280245
   0.0073000    0.6403828
   0.0074000    0.6529713
   0.0075000    0.6252242
   0.0076000    0.6085154
   0.0077000    0.6358994
   0.0078000    0.6123895
   0.0079000    0.6471586
   0.0080000    0.6221226
   0.0081000    0.6304982
   0.0082000    0.6198627
   0.0083000    0.6242491
   0.0084000    0.5680579
   0.0085000    0.5884076
   0.0086000    0.5533841
   0.0087000    0.5825161
   0.0088000    0.5834972
   0.0089000    0.6144254
   0.0090000    0.6095612
   0.0091000    0.5973815
   0.0092000    0.5585120
   0.0093000    0.5681182
   0.0094000    0.5584142
   0.0095000    0.5448650
   0.0096000    0.5320675
   0.0097000    0.5454953
   0.0098000    0.5519053
   0.0099000    0.5379145
   0.0100000    0.5934792
   0.0101000    0.5884942
   0.0102000    0.6296832
   0.0103000    0.6398385
   0.0104000    0.6484908
   0.0105000    0.5777179
   0.0106000    0.6031708
   0.0107000    0.6126636
   0.0108000    0.6161348
   0.0109000    0.5874969
   0.0110000    0.5872531
   0.0111000    0.6092076
   0.0112000    0.5752787
   0.0113000    0.4892809
   0.0114000    0.5055670
   0.0115000    0.5177479
   0.0116000    0.5152084
   0.0117000    0.5168286
   0.0118000    0.5491253
   0.0119000    0.5060011
   0.0120000    0.5480242
   0.0121000    0.5309092
   0.0122000    0.5547335
   0.0123000    0.5472956
   0.0124000    0.5740306
   0.0125000    0.5284724
   0.0126000    0.5527683
   0.0127000    0.5777149
   0.0128000    0.5833264
   0.0129000    0.6011366
   0.0130000    0.5960630
   0.0131000    0.5785662
   0.0132000    0.5758139
   0.0133000    0.5859529
   0.0134000    0.5681213
   0.0135000    0.6073709
   0.0136000    0.5834916
   0.0137000    0.5803816
   0.0138000    0.6259466
   0.0139000    0.6472337
   0.0140000    0.6135204
   0.0141000    0.6007693
   0.0142000    0.5694212
   0.0143000    0.5587125
   0.0144000    0.5576356
   0.0145000    0.5932474
   0.0146000    0.5690939
   0.0147000    0.5482116
   0.0148000    0.5804356
   0.0149000    0.6051458
   0.0150000    0.5840264
   0.0151000    0.6107553
   0.0152000    0.6136896
   0.0153000    0.5951586
   0.0154000    0.6200396
   0.0155000    0.6202888
   0.0156000    0.5986896
   0.0157000    0.5964796
   0.0158000    0.6043862
   0.0159000    0.6335552
   0.0160000    0.6169176
   0.0161000    0.5975931
   0.0162000    0.6486161
   0.0163000    0.6387523
   0.0164000    0.6140324
   0.0165000    0.6263443
   0.0166000    0.5639415
   0.0167000    0.5696238
   0.0168000    0.5947012
   0.0169000    0.5852245
   0.0170000    0.5799222
   0.0171000    0.5942586
   0.0172000    0.5745391
   0.0173000    0.5662985
   0.0174000    0.5471091
   0.0175000    0.5724596
   0.0176000    0.5809832
   0.0177000    0.5719139
   0.0178000    0.5836964
   0.0179000    0.6084088
   0.0180000    0.5848332
   0.0181000    0.5654843
   0.0182000    0.5757879
   0.0183000    0.5672079
   0.0184000    0.5821169
   0.0185000    0.5884424
   0.0186000    0.5826433
   0.0187000    0.6152144
   0.0188000    0.5980739
   0.0189000    0.6282297
   0.0190000    0.6077542
   0.0191000    0.6204227
   0.0192000    0.5772976
   0.0193000    0.5472135
   0.0194000    0.5479541
   0.0195000    0.5469393
   0.0196000    0.6023971
   0.0197000    0.5623484
   0.0198000    0.5761939
   0.0199000    0.5854328
   0.0200000    0.5729799
   0.0201000    0.5538973
   0.0202000    0.5707324
   0.0203000    0.5919917
   0.0204000    0.6219609
   0.0205000    0.6046987
   0.0206000    0.5749161
   0.0207000    0.5865085
   0.0208000    0.5939746
   0.0209000    0.6405765
   0.0210000    0.5983564
   0.0211000    0.6354060
   0.0212000    0.6091537
   0.0213000    0.5942950
   0.0214000    0.6037760
   0.0215000    0.6299526
   0.0216000    0.5894161
   0.0217000    0.5653653
   0.0218000    0.6027044
   0.0219000    0.5867088
   0.0220000    0.5541180
   0.0221000    0.5550630
   0.0222000    0.5504485
   0.0223000    0.5916434
   0.0224000    0.6086456
   0.0225000    0.5952255
   0.0226000    0.5852563
   0.0227000    0.5915819
   0.0228000    0.5764962
   0.0229000    0.6529465
   0.0230000    0.6680435
   0.0231000    0.6403307
   0.0232000    0.6638529
   0.0233000    0.6458023
   0.0234000    0.6353923
   0.0235000    0.6591774
   0.0236000    0.6255769
   0.0237000    0.6239388
   0.0238000    0.6404487
   0.0239000    0.6417313
   0.0240000    0.6661499
   0.0241000    0.6081411
   0.0242000    0.6234472
   0.0243000    0.6104571
   0.0244000    0.6055626
   0.0245000    0.5795404
   0.0246000    0.5717022
   0.0247000    0.5466574
   0.0248000    0.6018342
   0.0249000    0.6073020
   0.0250000    0.5835924
   0.0251000    0.6021916
   0.0252000    0.6087415
   0.0253000    0.5328112
   0.0254000    0.5466277
   0.0255000    0.5273405
   0.0256000    0.5520903
   0.0257000    0.5222835
   0.0258000    0.5350721
   0.0259000    0.5325065
   0.0260000    0.4998388
   0.0261000    0.5391957
   0.0262000    0.5197938
   0.0263000    0.5245076
   0.0264000    0.5269202
   0.0265000    0.5439448
   0.0266000    0.5474285
   0.0267000    0.5545026
   0.0268000    0.6060508
   0.0269000    0.5663413
   0.0270000    0.6019237
   0.0271000    0.6254623
   0.0272000    0.5993103
   0.0273000    0.5884227
   0.0274000    0.5888253
   0.0275000    0.5783016
   0.0276000    0.5698506
   0.0277000    0.5706190
   0.0278000    0.5762970
   0.0279000    0.5792372
   0.0280000    0.5860943
   0.0281000    0.5740376
   0.0282000    0.5795896
   0.0283000    0.6188608
   0.0284000    0.5716096
   0.0285000    0.5959206
   0.0286000    0.5924481
   0.0287000    0.5863778
   0.0288000    0.6063134
   0.0289000    0.5766993
   0.0290000    0.5698822
   0.0291000    0.5810713
   0.0292000    0.5675172
   0.0293000    0.5508796
   0.0294000    0.5694103
   0.0295000    0.5826516
   0.0296000    0.5532763
   0.0297000    0.5807465
   0.0298000    0.5800524
   0.0299000    0.5897068
   0.0300000    0.5914446
   0.0301000    0.5711107
   0.0302000    0.5744519
   0.0303000    0.5879914
   0.0304000    0.5854785
   0.0305000    0.5638026
   0.0306000    0.5615421
   0.0307000    0.5878630
   0.0308000    0.5896634
   0.0309000    0.5745888
   0.0310000    0.5593762
   0.0311000    0.5492151
   0.0312000    0.5493961
   0.0313000    0.5766625
   0.0314000    0.5828965
   0.0315000    0.5721650
   0.0316000    0.5877036
   0.0317000    0.6573870
   0.0318000    0.6080690
   0.0319000    0.6086801
   0.0320000    0.5805259
   0.0321000    0.5916107
   0.0322000    0.5762972
   0.0323000    0.5720009
   0.0324000    0.5808731
   0.0325000    0.5941592
   0.0326000    0.5894317
   0.0327000    0.6053513
   0.0328000    0.6117295
   0.0329000    0.6133158
   0.0330000    0.6214866
   0.0331000    0.5985966
   0.0332000    0.5621056
   0.0333000    0.6218873
   0.0334000    0.6240748
   0.0335000    0.5920453
   0.0336000    0.5400649
   0.0337000    0.5719792
   0.0338000    0.6253363
   0.0339000    0.5887705
   0.0340000    0.5808581
   0.0341000    0.5580579
   0.0342000    0.5387416
   0.0343000    0.5717340
   0.0344000    0.5173705
   0.0345000    0.5239167
   0.0346000    0.5677749
   0.0347000    0.5491769
   0.0348000    0.5285996
   0.0349000    0.5251415
   0.0350000    0.5534426
   0.0351000    0.5487615
   0.0352000    0.5701454
   0.0353000    0.5749502
   0.0354000    0.5691233
   0.0355000    0.5816575
   0.0356000    0.5889459
   0.0357000    0.6071253
   0.0358000    0.5906443
   0.0359000    0.5629139
   0.0360000    0.5920848
   0.0361000    0.5938605
   0.0362000    0.5705466
   0.0363000    0.6101587
   0.0364000    0.5957999
   0.0365000    0.6204032
   0.0366000    0.6283864
   0.0367000    0.6036930
   0.0368000    0.6190057
   0.0369000    0.6122953
   0.0370000    0.6080170
   0.0371000    0.5986869
   0.0372000    0.6268546
   0.0373000    0.6033224
   0.0374000    0.5939252
   0.0375000    0.6141146
   0.0376000    0.5879787
   0.0377000    0.6549706
   0.0378000    0.6764621
   0.0379000    0.6719025
   0.0380000    0.6423367
   0.0381000    0.6749643
   0.0382000    0.6840802
   0.0383000    0.6564726
   0.0384000    0.6862892
   0.0385000    0.6813751
   0.0386000    0.6697620
   0.0387000    0.6487464
   0.0388000    0.6796700
   0.0389000    0.6763316
   0.0390000    0.6933738
   0.0391000    0.6414434
   0.0392000    0.6542451
   0.0393000    0.6350692
   0.0394000    0.6315354
   0.0395000    0.6492206
   0.0396000    0.6648098
   0.0397000    0.6524847
   0.0398000    0.6949250
   0.0399000    0.6678588
   0.0400000    0.6569576
   0.0401000    0.6563960
   0.0402000    0.6421832
   0.0403000    0.6515852
   0.0404000    0.6504145
   0.0405000    0.6326219
   0.0406000    0.6239786
   0.0407000    0.6456324
   0.0408000    0.6249710
   0.0409000    0.6504971
   0.0410000    0.6367792
   0.0411000    0.6244839
   0.0412000    0.6389413
   0.0413000    0.6093859
   0.0414000    0.6466671
   0.0415000    0.6532351
   0.0416000    0.6737249
   0.0417000    0.7137249
   0.0418000    0.6964417
   0.0419000    0.7157364
   0.0420000    0.7032686
   0.0421000    0.7179176
   0.0422000    0.7179412
   0.0423000    0.6922933
   0.0424000    0.6812881
   0.0425000    0.6342030
   0.0426000    0.6723602
   0.0427000    0.6950062
   0.0428000    0.6754783
   0.0429000    0.6595722
   0.0430000    0.6461971
   0.0431000    0.6337565
   0.0432000    0.6240121
   0.0433000    0.6222761
   0.0434000    0.6138595
   0.0435000    0.5994205
   0.0436000    0.6318952
   0.0437000    0.6753403
   0.0438000    0.6420051
   0.0439000    0.6440229
   0.0440000    0.6254567
   0.0441000    0.6341043
   0.0442000    0.6164533
   0.0443000    0.6239136
   0.0444000    0.6439554
   0.0445000    0.6288557
   0.0446000    0.6114393
   0.0447000    0.6618077
   0.0448000    0.6553998
   0.0449000    0.6192936
   0.0450000    0.6419210
   0.0451000    0.6746995
   0.0452000    0.6124294
   0.0453000    0.6202681
   0.0454000    0.6219360
   0.0455000    0.6748282
   0.0456000    0.6104190
   0.0457000    0.6385633
   0.0458000    0.6240559
   0.0459000    0.6293036
   0.0460000    0.6240355
   0.0461000    0.6369790
   0.0462000    0.5985338
   0.0463000    0.5996687
   0.0464000    0.5932220
   0.0465000    0.6053919
   0.0466000    0.5851062
   0.0467000    0.5995317
   0.0468000    0.6091505
   0.0469000    0.6429679
   0.0470000    0.6649475
   0.0471000    0.6686910
   0.0472000    0.6250362
   0.0473000    0.6259509
   0.0474000    0.5949008
   0.0475000    0.6310698
   0.0476000    0.6424164
   0.0477000    0.6299916
   0.0478000    0.6344268
   0.0479000    0.5705384
   0.0480000    0.6003000
   0.0481000    0.5786355
   0.0482000    0.6521089
   0.0483000    0.6338136
   0.0484000    0.6452905
   0.0485000    0.6122794
   0.0486000    0.6288785
   0.0487000    0.6495036
   0.0488000    0.6446273
   0.0489000    0.6385728
   0.0490000    0.6661438
   0.0491000    0.7136691
   0.0492000    0.6899313
   0.0493000    0.7097698
   0.0494000    0.6732942
   0.0495000    0.6875268
   0.0496000    0.6750216
   0.0497000    0.6774687
   0.0498000    0.6859252
   0.0499000    0.6419877
   0.0500000    0.6602979
   0.0501000    0.6754485
   0.0502000    0.6846525
   0.0503000    0.7013817
   0.0504000    0.7181816
   0.0505000    0.6907412
   0.0506000    0.6798699
   0.0507000    0.6386003
   0.0508000    0.6539058
   0.0509000    0.6650377
   0.0510000    0.6809040
   0.0511000    0.6271291
   0.0512000    0.6474929
   0.0513000    0.6722848
   0.0514000    0.6842688
   0.0515000    0.6597731
   0.0516000    0.6870598
   0.0517000    0.6948864
   0.0518000    0.6554660
   0.0519000    0.6963801
   0.0520000    0.6740615
   0.0521000    0.6629998
   0.0522000    0.6707676
   0.0523000    0.6446826
   0.0524000    0.6550169
   0.0525000    0.6577055
   0.0526000    0.6484882
   0.0527000    0.6353239
   0.0528000    0.6853663
   0.0529000    0.6847002
   0.0530000    0.6586524
   0.0531000    0.7080117
   0.0532000    0.6723219
   0.0533000    0.6840761
   0.0534000    0.6814361
   0.0535000    0.7078193
   0.0536000    0.6583821
   0.0537000    0.6385280
   0.0538000    0.6267677
   0.0539000    0.6589528
   0.0540000    0.6448349
   0.0541000    0.5989723
   0.0542000    0.6139959
   0.0543000    0.6203739
   0.0544000    0.6309378
   0.0545000    0.6342057
   0.0546000    0.6369634
   0.0547000    0.6100588
   0.0548000    0.6160943
   0.0549000    0.5940108
   0.0550000    0.6704335
   0.0551000    0.6659921
   0.0552000    0.6342315
   0.0553000    0.6953202
   0.0554000    0.6983437
   0.0555000    0.6255669
   0.0556000    0.6722482
   0.0557000    0.6423217
   0.0558000    0.7178277
   0.0559000    0.6590614
   0.0560000    0.6670056
   0.0561000    0.6396168
   0.0562000    0.6570731
   0.0563000    0.6292427
   0.0564000    0.6140602
   0.0565000    0.6062505
   0.0566000    0.5984799
   0.0567000    0.5922663
   0.0568000    0.6473632
   0.0569000    0.6228715
   0.0570000    0.6167997
   0.0571000    0.6274632
   0.0572000    0.6806546
   0.0573000    0.6352562
   0.0574000    0.6296250
   0.0575000    0.6405793
   0.0576000    0.6984007
   0.0577000    0.7120650
   0.0578000    0.7030524
   0.0579000    0.6398147
   0.0580000    0.6810446
   0.0581000    0.6373903
   0.0582000    0.5920733
   0.0583000    0.5928072
   0.0584000    0.6049145
   0.0585000    0.6242127
   0.0586000    0.6390892
   0.0587000    0.6650776
   0.0588000    0.6356407
   0.0589000    0.6370468
   0.0590000    0.6541462
   0.0591000    0.5716701
   0.0592000    0.5912955
   0.0593000    0.5866150
   0.0594000    0.6064631
   0.0595000    0.5804467
   0.0596000    0.5511928
   0.0597000    0.5982453
   0.0598000    0.6104635
   0.0599000    0.6335081
   0.0600000    0.5805584
   0.0601000    0.6080396
   0.0602000    0.5956293
   0.0603000    0.6235964
   0.0604000    0.5703790
   0.0605000    0.6204423
   0.0606000    0.6438549
   0.0607000    0.6805373
   0.0608000    0.6215568
   0.0609000    0.6491184
   0.0610000    0.6434801
   0.0611000    0.6632357
   0.0612000    0.6524339
   0.0613000    0.6599166
   0.0614000    0.6652002
   0.0615000    0.6048272
   0.0616000    0.6136771
   0.0617000    0.6286521
   0.0618000    0.6190966
   0.0619000    0.6147135
   0.0620000    0.6296539
   0.0621000    0.6022646
   0.0622000    0.5976869
   0.0623000    0.6414367
   0.0624000    0.5885355
   0.0625000    0.5605366
   0.0626000    0.5915995
   0.0627000    0.6087345
   0.0628000    0.7066386
   0.0629000    0.6509386
   0.0630000    0.6232810
   0.0631000    0.6381297
   0.0632000    0.6479814
   0.0633000    0.6204803
   0.0634000    0.6071905
   0.0635000    0.5704505
   0.0636000    0.6119658
   0.0637000    0.6151977
   0.0638000    0.6169180
   0.0639000    0.6036870
   0.0640000    0.6147262
   0.0641000    0.5778400
   0.0642000    0.6576942
   0.0643000    0.6460119
   0.0644000    0.6920283
   0.0645000    0.6377994
   0.0646000    0.6092899
   0.0647000    0.6120691
   0.0648000    0.6142513
   0.0649000    0.6017945
   0.0650000    0.6237073
   0.0651000    0.5977378
   0.0652000    0.5872496
   0.0653000    0.6444880
   0.0654000    0.6368107
   0.0655000    0.6332338
   0.0656000    0.6189077
   0.0657000    0.6283880
   0.0658000    0.6644436
   0.0659000    0.6482168
   0.0660000    0.6343956
   0.0661000    0.6111760
   0.0662000    0.6078088
   0.0663000    0.6226970
   0.0664000    0.6204650
   0.0665000    0.6281291
   0.0666000    0.6147596
   0.0667000    0.6083747
   0.0668000    0.6209221
   0.0669000    0.6283889
   0.0670000    0.6119299
   0.0671000    0.6407668
   0.0672000    0.6269673
   0.0673000    0.7004815
   0.0674000    0.6724893
   0.0675000    0.6395559
   0.0676000    0.7035234
   0.0677000    0.6986998
   0.0678000    0.7563652
   0.0679000    0.7143052
   0.0680000    0.7148722
   0.0681000    0.7182929
   0.0682000    0.6967571
   0.0683000    0.7009739
   0.0684000    0.6943723
   0.0685000    0.6699663
   0.0686000    0.6617783
   0.0687000    0.6457733
   0.0688000    0.6469113
   0.0689000    0.6699615
   0.0690000    0.7161000
   0.0691000    0.6996673
   0.0692000    0.7246420
   0.0693000    0.7068946
   0.0694000    0.7279742
   0.0695000    0.7493264
   0.0696000    0.7527316
   0.0697000    0.7417060
   0.0698000    0.6780885
   0.0699000    0.6608244
   0.0700000    0.6708148
   0.0701000    0.6838070
   0.0702000    0.6786548
   0.0703000    0.6859379
   0.0704000    0.7344416
   0.0705000    0.7268071
   0.0706000    0.7470530
   0.0707000    0.7487217
   0.0708000    0.7545564
   0.0709000    0.7636926
   0.0710000    0.7265145
   0.0711000    0.7440326
   0.0712000    0.7328473
   0.0713000    0.7638545
   0.0714000    0.7702320
   0.0715000    0.7458327
   0.0716000    0.7480771
   0.0717000    0.7956453
   0.0718000    0.7938391
   0.0719000    0.7687720
   0.0720000    0.7831277
   0.0721000    0.7767200
   0.0722000    0.7511626
   0.0723000    0.7398840
   0.0724000    0.7269484
   0.0725000    0.7353229
   0.0726000    0.7483865
   0.0727000    0.7422274
   0.0728000    0.7439359
   0.0729000    0.7056800
   0.0730000    0.7122886
   0.0731000    0.6915895
   0.0732000    0.7374533
   0.0733000    0.7170173
   0.0734000    0.6853003
   0.0735000    0.6861067
   0.0736000    0.6656578
   0.0737000    0.6252918
   0.0738000    0.6731514
   0.0739000    0.6844942
   0.0740000    0.7401244
   0.0741000    0.8050658
   0.0742000    0.7418268
   0.0743000    0.7166250
   0.0744000    0.7293252
   0.0745000    0.6774108
   0.0746000    0.6890371
   0.0747000    0.6569979
   0.0748000    0.6823858
   0.0749000    0.6902725
   0.0750000    0.6915544
   0.0751000    0.6367191
   0.0752000    0.6910442
   0.0753000    0.6571109
   0.0754000    0.6306163
   0.0755000    0.6283561
   0.0756000    0.6758583
   0.0757000    0.6607344
   0.0758000    0.7013565
   0.0759000    0.6246994
   0.0760000    0.6151885
   0.0761000    0.6186659
   0.0762000    0.6150426
   0.0763000    0.6520083
   0.0764000    0.6240131
   0.0765000    0.6321597
   0.0766000    0.6324123
   0.0767000    0.6135487
   0.0768000    0.6374477
   0.0769000    0.6000431
   0.0770000    0.6003019
   0.0771000    0.5933453
   0.0772000    0.6016048
   0.0773000    0.6263584
   0.0774000    0.6599545
   0.0775000    0.6498264
   0.0776000    0.6219199
   0.0777000    0.6346865
   0.0778000    0.6593411
   0.0779000    0.6389115
   0.0780000    0.6228219
   0.0781000    0.6354663
   0.0782000    0.6233526
   0.0783000    0.6535708
   0.0784000    0.6090682
   0.0785000    0.6245726
   0.0786000    0.6173658
   0.0787000    0.6065571
   0.0788000    0.6014215
   0.0789000    0.6072643
   0.0790000    0.6074233
   0.0791000    0.6468715
   0.0792000    0.6052851
   0.0793000    0.6353064
   0.0794000    0.6544425
   0.0795000    0.6542646
   0.0796000    0.7209997
   0.0797000    0.6779010
   0.0798000    0.7187524
   0.0799000    0.7402836
   0.0800000    0.7310928
   0.0801000    0.7251076
   0.0802000    0.7476510
   0.0803000    0.7277327
   0.0804000    0.7632049
   0.0805000    0.7502795
   0.0806000    0.7635244
   0.0807000    0.7781470
   0.0808000    0.7529808
   0.0809000    0.7775784
   0.0810000    0.7635325
   0.0811000    0.7226184
   0.0812000    0.7570803
   0.0813000    0.7962804
   0.0814000    0.7869214
   0.0815000    0.7273127
   0.0816000    0.7343991
   0.0817000    0.7602955
   0.0818000    0.7148868
   0.0819000    0.7186645
   0.0820000    0.7559487
   0.0821000    0.7051082
   0.0822000    0.6898940
   0.0823000    0.6800429
   0.0824000    0.7183765
   0.0825000    0.8270149
   0.0826000    0.8075929
   0.0827000    0.7702547
   0.0828000    0.7643650
   0.0829000    0.7409232
   0.0830000    0.7901984
   0.0831000    0.7321541
   0.0832000    0.7526604
   0.0833000    0.7902059
   0.0834000    0.7253400
   0.0835000    0.7825875
   0.0836000    0.8070747
   0.0837000    0.8010473
   0.0838000    0.7734571
   0.0839000    0.7783517
   0.0840000    0.7801221
   0.0841000    0.8127159
   0.0842000    0.7428010
   0.0843000    0.7901756
   0.0844000    0.7145652
   0.0845000    0.7403770
   0.0846000    0.7646859
   0.0847000    0.7861277
   0.0848000    0.7738069
   0.0849000    0.7697273
   0.0850000    0.7432171
   0.0851000    0.7588812
   0.0852000    0.7718676
   0.0853000    0.7495476
   0.0854000    0.7757118
   0.0855000    0.7781752
   0.0856000    0.8205813
   0.0857000    0.8018038
   0.0858000    0.7978271
   0.0859000    0.7598183
   0.0860000    0.7063324
   0.0861000    0.7243158
   0.0862000    0.7533697
   0.0863000    0.7479862
   0.0864000    0.7680331
   0.0865000    0.7958448
   0.0866000    0.7512054
   0.0867000    0.7367274
   0.0868000    0.7091722
   0.0869000    0.7457636
   0.0870000    0.7269095
   0.0871000    0.7394689
   0.0872000    0.7858655
   0.0873000    0.7623065
   0.0874000    0.8030189
   0.0875000    0.7909470
   0.0876000    0.7870355
   0.0877000    0.8021531
   0.0878000    0.7989038
   0.0879000    0.7814248
   0.0880000    0.7830502
   0.0881000    0.7977633
   0.0882000    0.7373747
   0.0883000    0.7623671
   0.0884000    0.7867807
   0.0885000    0.7825345
   0.0886000    0.7794985
   0.0887000    0.7640504
   0.0888000    0.8223218
   0.0889000    0.8012604
   0.0890000    0.8522790
   0.0891000    0.8112786
   0.0892000    0.8519605
   0.0893000    0.8128756
   0.0894000    0.8391668
   0.0895000    0.8144747
   0.0896000    0.7308446
   0.0897000    0.7875772
   0.0898000    0.8354062
   0.0899000    0.8133689
   0.0900000    0.8490097
   0.0901000    0.8070159
   0.0902000    0.7377881
   0.0903000    0.7558706
   0.0904000    0.7234313
   0.0905000    0.7787139
   0.0906000    0.7598293
   0.0907000    0.7562277
   0.0908000    0.7257570
   0.0909000    0.7731827
   0.0910000    0.7960609
   0.0911000    0.7336866
   0.0912000    0.7408689
   0.0913000    0.7337437
   0.0914000    0.7422723
   0.0915000    0.7591121
   0.0916000    0.8198999
   0.0917000    0.8274369
   0.0918000    0.7871271
   0.0919000    0.7728942
   0.0920000    0.7227281
   0.0921000    0.6877254
   0.0922000    0.6701117
   0.0923000    0.6921221
   0.0924000    0.7349464
   0.0925000    0.7414569
   0.0926000    0.7281327
   0.0927000    0.7336551
   0.0928000    0.7854515
   0.0929000    0.7740698
   0.0930000    0.7666223
   0.0931000    0.7890372
   0.0932000    0.7905466
   0.0933000    0.8181262
   0.0934000    0.8264181
   0.0935000    0.8548875
   0.0936000    0.8178421
   0.0937000    0.8895171
   0.0938000    0.8514572
   0.0939000    0.8587012
   0.0940000    0.9206980
   0.0941000    0.8424696
   0.0942000    0.8433204
   0.0943000    0.8829244
   0.0944000    0.8500275
   0.0945000    0.8793877
   0.0946000    0.8088215
   0.0947000    0.8783476
   0.0948000    0.8472188
   0.0949000    0.8766554
   0.0950000    0.8488910
   0.0951000    0.8149049
   0.0952000    0.8328459
   0.0953000    0.8362363
   0.0954000    0.8643352
   0.0955000    0.8620874
   0.0956000    0.8746120
   0.0957000    0.8389426
   0.0958000    0.8121241
   0.0959000    0.7539186
   0.0960000    0.8306397
   0.0961000    0.9021234
   0.0962000    0.8192043
   0.0963000    0.8616146
   0.0964000    0.8621637
   0.0965000    0.7855787
   0.0966000    0.8229221
   0.0967000    0.7768996
   0.0968000    0.7716711
   0.0969000    0.7622570
   0.0970000    0.7631953
   0.0971000    0.8420398
   0.0972000    0.7996762
   0.0973000    0.8262711
   0.0974000    0.8140660
   0.0975000    0.8366404
   0.0976000    0.8640178
   0.0977000    0.8117321
   0.0978000    0.7970832
   0.0979000    0.8189677
   0.0980000    0.8809118
   0.0981000    0.8436456
   0.0982000    0.8384582
   0.0983000    0.8042669
   0.0984000    0.7891595
   0.0985000    0.8278375
   0.0986000    0.8061771
   0.0987000    0.7420174
   0.0988000    0.7797114
   0.0989000    0.7710680
   0.0990000    0.8195425
   0.0991000    0.7476547
   0.0992000    0.8375098
   0.0993000    0.8153124
   0.0994000    0.8241333
   0.0995000    0.8210764
   0.0996000    0.8236328
   0.0997000    0.8521899
   0.0998000    0.8993897
   0.0999000    0.8308304
   0.1000000    0.9172868
   0.1001000    0.8556504
   0.1002000    0.8640435
   0.1003000    0.9177237
   0.1004000    0.8790609
   0.1005000    0.8607961
   0.1006000    0.8777121
   0.1007000    0.8780644
   0.1008000    0.8473493
   0.1009000    0.9073150
   0.1010000    0.8973519
   0.1011000    0.8512231
   0.1012000    0.8254581
   0.1013000    0.8566896
   0.1014000    0.8089649
   0.1015000    0.8649642
   0.1016000    0.8360182
   0.1017000    0.8294033
   0.1018000    0.9039099
   0.1019000    0.8272601
   0.1020000    0.8575653
   0.1021000    0.8406751
   0.1022000    0.8485482
   0.1023000    0.8650137
   0.1024000    0.9020543
   0.1025000    0.9402282
   0.1026000    0.8798624
   0.1027000    0.9494133
   0.1028000    0.9395704
   0.1029000    0.9670434
   0.1030000    0.9032567
   0.1031000    0.9117310
   0.1032000    0.8787817
   0.1033000    0.9723746
   0.1034000    0.9048278
   0.1035000    0.9042964
   0.1036000    0.8743278
   0.1037000    0.9313628
   0.1038000    0.9229574
   0.1039000    0.9260518
   0.1040000    0.9814798
   0.1041000    0.8833784
   0.1042000    0.9215664
   0.1043000    0.9486001
   0.1044000    0.8962880
   0.1045000    1.0035522
   0.1046000    1.0377733
   0.1047000    1.0379977
   0.1048000    1.0347612
   0.1049000    0.9924363
   0.1050000    1.0208188
   0.1051000    1.0426564
   0.1052000    1.0168436
   0.1053000    1.0785191
   0.1054000    1.0687902
   0.1055000    1.0773880
   0.1056000    0.9635731
   0.1057000    0.9841071
   0.1058000    1.0698341
   0.1059000    1.0432743
   0.1060000    0.9883677
   0.1061000    0.9510154
   0.1062000    1.0175883
   0.1063000    0.9189898
   0.1064000    1.0029708
   0.1065000    0.9635041
   0.1066000    0.9600576
   0.1067000    0.9953365
   0.1068000    0.9810811
   0.1069000    1.0162183
   0.1070000    1.0087036
   0.1071000    0.9817814
   0.1072000    1.0183445
   0.1073000    1.0002269
   0.1074000    0.9890774
   0.1075000    0.8172848
   0.1076000    0.7825537
   0.1077000    0.8986645
   0.1078000    0.9323792
   0.1079000    0.8824947
   0.1080000    0.9381727
   0.1081000    0.9575654
   0.1082000    0.9255990
   0.1083000    0.9052919
   0.1084000    0.9284562
   0.1085000    0.9165251
   0.1086000    0.9439287
   0.1087000    0.9027287
   0.1088000    0.9177716
   0.1089000    0.9351270
   0.1090000    0.9324963
   0.1091000    1.0128981
   0.1092000    0.9949444
   0.1093000    0.8795252
   0.1094000    0.9649365
   0.1095000    0.9701944
   0.1096000    0.9224525
   0.1097000    0.9013837
   0.1098000    0.8875837
   0.1099000    0.9971474
   0.1100000    0.8890786
   0.1101000    0.8726794
   0.1102000    0.9000542
   0.1103000    0.9020706
   0.1104000    0.8932409
   0.1105000    0.9786208
   0.1106000    0.9071873
   0.1107000    0.9189269
   0.1108000    0.8437040
   0.1109000    0.8714740
   0.1110000    0.9138411
   0.1111000    0.9296165
   0.1112000    0.9078075
   0.1113000    0.8611899
   0.1114000    0.7995436
   0.1115000    0.8596786
   0.1116000    0.8400739
   0.1117000    0.8697281
   0.1118000    0.8214457
   0.1119000    0.9076172
   0.1120000    0.8865427
   0.1121000    0.8645187
   0.1122000    0.8282478
   0.1123000    0.9181051
   0.1124000    0.8840683
   0.1125000    0.9258416
   0.1126000    0.8773705
   0.1127000    0.9269011
   0.1128000    0.9429181
   0.1129000    0.9937961
   0.1130000    0.9551595
   0.1131000    0.9228637
   0.1132000    0.9506432
   0.1133000    0.9607019
   0.1134000    1.0072916
   0.1135000    0.9206625
   0.1136000    0.9725875
   0.1137000    1.0443947
   0.1138000    1.0019764
   0.1139000    0.9829934
   0.1140000    1.0300058
   0.1141000    1.0571002
   0.1142000    1.0090280
   0.1143000    0.9951725
   0.1144000    0.9475062
   0.1145000    0.9970806
   0.1146000    1.0351241
   0.1147000    0.9379790
   0.1148000    0.9226626
   0.1149000    0.8873443
   0.1150000    0.9153666
   0.1151000    0.9222751
   0.1152000    0.9240257
   0.1153000    0.9565479
   0.1154000    0.9186035
   0.1155000    0.9086106
   0.1156000    0.9474932
   0.1157000    0.9192525
   0.1158000    0.9367833
   0.1159000    0.9001639
   0.1160000    0.9082165
   0.1161000    0.8929684
   0.1162000    0.9229456
   0.1163000    0.9761718
   0.1164000    0.9364262
   0.1165000    0.9391401
   0.1166000    0.9826627
   0.1167000    1.0021077
   0.1168000    1.0086464
   0.1169000    0.9634410
   0.1170000    0.9476167
   0.1171000    0.9551147
   0.1172000    0.9012401
   0.1173000    1.0290769
   0.1174000    1.0699478
   0.1175000    1.1405005
   0.1176000    1.1215048
   0.1177000    1.1576407
   0.1178000    1.1226013
   0.1179000    1.0858735
   0.1180000    1.0970095
   0.1181000    1.0478812
   0.1182000    1.0894010
   0.1183000    0.9864316
   0.1184000    1.0389291
   0.1185000    1.0329369
   0.1186000    1.0957577
   0.1187000    1.1367632
   0.1188000    1.1044192
   0.1189000    1.0719467
   0.1190000    1.0612470
   0.1191000    1.1255908
   0.1192000    1.0308405
   0.1193000    1.0627961
   0.1194000    1.0235379
   0.1195000    1.0383288
   0.1196000    1.0448195
   0.1197000    1.1204162
   0.1198000    1.1254406
   0.1199000    1.0310568
   0.1200000    1.0570711
   0.1201000    1.0690492
   0.1202000    1.0446147
   0.1203000    1.0137179
   0.1204000    1.0656356
   0.1205000    1.0718808
   0.1206000    1.0724357
   0.1207000    1.0617220
   0.1208000    1.0502579
   0.1209000    1.0318261
   0.1210000    1.0236658
   0.1211000    1.0574106
   0.1212000    1.0197333
   0.1213000    1.0551927
   0.1214000    1.1542292
   0.1215000    1.0595016
   0.1216000    1.0019654
   0.1217000    0.9929088
   0.1218000    1.0038702
   0.1219000    0.9855250
   0.1220000    0.9768808
   0.1221000    0.9443387
   0.1222000    0.9384767
   0.1223000    0.9664710
   0.1224000    0.9720147
   0.1225000    1.0490483
   0.1226000    0.9317540
   0.1227000    1.0437287
   0.1228000    1.0054489
   0.1229000    1.0837666
   0.1230000    1.0805814
   0.1231000    1.0989808
   0.1232000    1.1014100
   0.1233000    1.2115130
   0.1234000    1.2523321
   0.1235000    1.2267066
   0.1236000    1.2604736
   0.1237000    1.2560475
   0.1238000    1.2917538
   0.1239000    1.3370913
   0.1240000    1.2852894
   0.1241000    1.3456609
   0.1242000    1.4214519
   0.1243000    1.3384244
   0.1244000    1.2821510
   0.1245000    1.2893955
   0.1246000    1.2830254
   0.1247000    1.2230970
   0.1248000    1.2355560
   0.1249000    1.2763240
   0.1250000    1.1831923
   0.1251000    1.2525209
   0.1252000    1.2676965
   0.1253000    1.2732443
   0.1254000    1.2003480
   0.1255000    1.1916870
   0.1256000    1.2580075
   0.1257000    1.2891653
   0.1258000    1.3008558
   0.1259000    1.2706596
   0.1260000    1.2521791
   0.1261000    1.1369958
   0.1262000    1.3049254
   0.1263000    1.1953622
   0.1264000    1.2187080
   0.1265000    1.2520490
   0.1266000    1.1643749
   0.1267000    1.1481082
   0.1268000    1.0791800
   0.1269000    1.1321440
   0.1270000    1.1367304
   0.1271000    1.1150601
   0.1272000    1.1127243
   0.1273000    1.1355004
   0.1274000    1.0866351
   0.1275000    1.1538528
   0.1276000    1.0090222
   0.1277000    0.9878708
   0.1278000    1.1183869
   0.1279000    1.1559713
   0.1280000    1.1453311
   0.1281000    1.1381767
   0.1282000    1.0824406
   0.1283000    1.0730116
   0.1284000    1.0663252
   0.1285000    1.0603552
   0.1286000    1.0393062
   0.1287000    0.9443747
   0.1288000    0.9524880
   0.1289000    0.9505557
   0.1290000    0.9552559
   0.1291000    0.9571632
   0.1292000    0.9592831
   0.1293000    0.8306454
   0.1294000    0.9331011
   0.1295000    0.8465436
   0.1296000    0.8613533
   0.1297000    0.9686797
   0.1298000    0.9837944
   0.1299000    0.9204367
   0.1300000    1.0212320
   0.1301000    0.8602627
   0.1302000    0.8554313
   0.1303000    1.0155816
   0.1304000    0.9293711
   0.1305000    1.0229616
   0.1306000    0.9737766
   0.1307000    1.0583749
   0.1308000    0.9667286
   0.1309000    0.9399739
   0.1310000    0.9833531
   0.1311000    1.0187314
   0.1312000    1.0389558
   0.1313000    1.1196043
   0.1314000    1.0453362
   0.1315000    1.0382426
   0.1316000    0.9894133
   0.1317000    1.0111408
   0.1318000    1.0512115
   0.1319000    1.1173211
   0.1320000    1.0858425
   0.1321000    1.0364302
   0.1322000    1.0939685
   0.1323000    1.0671432
   0.1324000    1.1368227
   0.1325000    1.0825293
   0.1326000    1.1008747
   0.1327000    1.0412586
   0.1328000    1.1048536
   0.1329000    1.0894545
   0.1330000    1.0025474
   0.1331000    1.0789719
   0.1332000    1.1199849
   0.1333000    1.1067160
   0.1334000    1.1138570
   0.1335000    1.0976647
   0.1336000    1.1220679
   0.1337000    1.1335618
   0.1338000    1.1849835
   0.1339000    1.1346858
   0.1340000    1.0523506
   0.1341000    1.0484703
   0.1342000    1.1236349
   0.1343000    1.1173874
   0.1344000    1.0756494
   0.1345000    1.0398810
   0.1346000    1.0769684
   0.1347000    1.0608267
   0.1348000    1.0391299
   0.1349000    1.0411208
   0.1350000    1.0707328
   0.1351000    1.0534073
   0.1352000    1.0717328
   0.1353000    1.0794413
   0.1354000    1.0679487
   0.1355000    1.0888971
   0.1356000    1.0654105
   0.1357000    1.0695357
   0.1358000    1.0430641
   0.1359000    1.0673717
   0.1360000    1.0259069
   0.1361000    1.0743732
   0.1362000    1.0564219
   0.1363000    1.0629946
   0.1364000    1.0340160
   0.1365000    1.0197761
   0.1366000    0.9932303
   0.1367000    1.0247993
   0.1368000    1.0750791
   0.1369000    1.0953286
   0.1370000    1.0530236
   0.1371000    1.0471115
   0.1372000    1.0477984
   0.1373000    1.0766687
   0.1374000    1.0806298
   0.1375000    1.0249188
   0.1376000    1.0975951
   0.1377000    1.0857122
   0.1378000    1.0862027
   0.1379000    1.0937797
   0.1380000    1.1268826
   0.1381000    1.1518872
   0.1382000    1.1711266
   0.1383000    1.1058490
   0.1384000    1.1187494
   0.1385000    1.1629804
   0.1386000    1.1451091
   0.1387000    1.1187744
   0.1388000    1.1177953
   0.1389000    1.0857465
   0.1390000    1.1292783
   0.1391000    1.1655028
   0.1392000    1.1493373
   0.1393000    1.1431464
   0.1394000    1.0919052
   0.1395000    1.0511920
   0.1396000    1.0392073
   0.1397000    1.0512956
   0.1398000    1.0821134
   0.1399000    1.0985134
   0.1400000    1.0722598
   0.1401000    1.1623193
   0.1402000    1.2211628
   0.1403000    1.1592999
   0.1404000    1.1480377
   0.1405000    1.1436253
   0.1406000    1.2173573
   0.1407000    1.1532248
   0.1408000    1.1618403
   0.1409000    1.2165267
   0.1410000    1.2048146
   0.1411000    1.1937687
   0.1412000    1.1477349
   0.1413000    1.1199483
   0.1414000    1.1684746
   0.1415000    1.1445705
   0.1416000    1.1704187
   0.1417000    1.0959946
   0.1418000    1.0461334
   0.1419000    1.0193779
   0.1420000    1.0401145
   0.1421000    1.0638343
   0.1422000    0.9710073
   0.1423000    1.0846215
   0.1424000    1.0849364
   0.1425000    1.0805143
   0.1426000    1.1209080
   0.1427000    1.0993177
   0.1428000    1.0889913
   0.1429000    1.0804926
   0.1430000    1.0610965
   0.1431000    1.0523164
   0.1432000    1.0780662
   0.1433000    1.1144918
   0.1434000    1.1270375
   0.1435000    1.0910938
   0.1436000    1.1259794
   0.1437000    1.1262915
   0.1438000    1.0911102
   0.1439000    1.0742083
   0.1440000    1.1091453
   0.1441000    1.1321939
   0.1442000    1.0967280
   0.1443000    1.0264826
   0.1444000    1.0106864
   0.1445000    1.0511813
   0.1446000    1.0909011
   0.1447000    1.0866932
   0.1448000    1.0267106
   0.1449000    1.0458493
   0.1450000    0.9554574
   0.1451000    0.9560211
   0.1452000    0.9227363
   0.1453000    0.9639010
   0.1454000    0.9640973
   0.1455000    0.9921367
   0.1456000    1.0143094
   0.1457000    1.0086317
   0.1458000    0.8844081
   0.1459000    0.9457519
   0.1460000    1.0247623
   0.1461000    0.9757712
   0.1462000    0.9291468
   0.1463000    0.9482377
   0.1464000    0.9512910
   0.1465000    1.0133508
   0.1466000    1.0566952
   0.1467000    1.0465063
   0.1468000    1.0809660
   0.1469000    1.0370318
   0.1470000    1.0109727
   0.1471000    0.9919943
   0.1472000    1.0242945
   0.1473000    1.0405903
   0.1474000    1.0110152
   0.1475000    1.0648606
   0.1476000    1.0266684
   0.1477000    1.0572040
   0.1478000    1.0466897
   0.1479000    1.0252376
   0.1480000    1.0281241
   0.1481000    1.0285256
   0.1482000    1.0597209
   0.1483000    0.9821250
   0.1484000    0.9946845
   0.1485000    1.0514541
   0.1486000    0.9643788
   0.1487000    0.9723700
   0.1488000    0.9742328
   0.1489000    0.9758816
   0.1490000    1.0312606
   0.1491000    1.0171894
   0.1492000    0.9988086
   0.1493000    1.0422339
   0.1494000    0.9835492
   0.1495000    1.0043811
   0.1496000    1.0148431
   0.1497000    1.0074438
   0.1498000    0.9176223
   0.1499000    0.9278353
   0.1500000    0.9314613
   0.1501000    0.9103047
   0.1502000    0.9004318
   0.1503000    0.9109660
   0.1504000    0.9301324
   0.1505000    1.0203651
   0.1506000    1.0059019
   0.1507000    1.0540190
   0.1508000    1.0529975
   0.1509000    1.0481619
   0.1510000    1.0940955
   0.1511000    1.0477958
   0.1512000    0.9744649
   0.1513000    0.9896690
   0.1514000    1.0863329
   0.1515000    0.9937868
   0.1516000    1.0246590
   0.1517000    1.0125699
   0.1518000    1.0688082
   0.1519000    1.0920447
   0.1520000    1.0984783
   0.1521000    1.1723397
   0.1522000    1.1558338
   0.1523000    1.2091814
   0.1524000    1.0971957
   0.1525000    1.1200773
   0.1526000    1.0973426
   0.1527000    1.2012726
   0.1528000    1.0892757
   0.1529000    1.1423856
   0.1530000    1.0639797
   0.1531000    1.0304720
   0.1532000    1.1144911
   0.1533000    1.1054673
   0.1534000    1.1045288
   0.1535000    1.0750339
   0.1536000    1.0472778
   0.1537000    1.0111830
   0.1538000    1.0310020
   0.1539000    1.0004432
   0.1540000    1.0948192
   0.1541000    1.0620407
   0.1542000    1.1497186
   0.1543000    1.1400039
   0.1544000    1.0455810
   0.1545000    1.0287840
   0.1546000    1.0572436
   0.1547000    1.0265107
   0.1548000    0.9829675
   0.1549000    1.0455794
   0.1550000    1.0250401
   0.1551000    1.0395211
   0.1552000    1.0296855
   0.1553000    0.9937581
   0.1554000    1.0084755
   0.1555000    0.9858574
   0.1556000    0.9946926
   0.1557000    0.9736638
   0.1558000    0.9616163
   0.1559000    0.9762162
   0.1560000    0.9552057
   0.1561000    0.9796066
   0.1562000    0.9728974
   0.1563000    0.9722480
   0.1564000    1.0407982
   0.1565000    0.9922441
   0.1566000    0.9865361
   0.1567000    0.9901660
   0.1568000    0.9388086
   0.1569000    0.9135281
   0.1570000    0.9389799
   0.1571000    0.9475247
   0.1572000    0.9669360
   0.1573000    0.9826456
   0.1574000    0.9534247
   0.1575000    0.9024721
   0.1576000    0.9340495
   0.1577000    0.9702250
   0.1578000    0.9969323
   0.1579000    0.9330562
   0.1580000    0.9269829
   0.1581000    0.9697694
   0.1582000    0.9343256
   0.1583000    0.9272657
   0.1584000    0.9221159
   0.1585000    0.9542090
   0.1586000    0.9255717
   0.1587000    0.9604844
   0.1588000    0.9763522
   0.1589000    0.9850234
   0.1590000    0.9804699
   0.1591000    0.9936928
   0.1592000    1.0792607
   0.1593000    1.0885115
   0.1594000    1.1148878
   0.1595000    1.0455034
   0.1596000    1.0540261
   0.1597000    1.0784341
   0.1598000    1.0672649
   0.1599000    1.0839679
   0.1600000    1.0433031
   0.1601000    1.0099396
   0.1602000    0.9878598
   0.1603000    1.0345919
   0.1604000    1.0227003
   0.1605000    1.0182209
   0.1606000    1.0209875
   0.1607000    1.0303679
   0.1608000    1.0294009
   0.1609000    1.0268563
   0.1610000    1.0593307
   0.1611000    1.0726339
   0.1612000    1.0536644
   0.1613000    1.0625881
   0.1614000    1.0551671
   0.1615000    1.0738533
   0.1616000    1.0401607
   0.1617000    1.0423272
   0.1618000    1.0443786
   0.1619000    1.0885319
   0.1620000    1.0822043
   0.1621000    1.0603292
   0.1622000    1.0584323
   0.1623000    1.0678160
   0.1624000    1.0193503
   0.1625000    1.0207764
   0.1626000    1.0299966
   0.1627000    1.1144191
   0.1628000    1.0964265
   0.1629000    1.1239772
   0.1630000    1.0875828
   0.1631000    1.0612593
   0.1632000    1.0296112
   0.1633000    1.1092348
   0.1634000    1.1069182
   0.1635000    1.1069469
   0.1636000    1.0848631
   0.1637000    1.1080453
   0.1638000    1.0984207
   0.1639000    1.1163166
   0.1640000    1.0748692
   0.1641000    1.0515060
   0.1642000    1.0395515
   0.1643000    1.0034393
   0.1644000    0.9852673
   0.1645000    0.9777047
   0.1646000    1.0574462
   0.1647000    0.9895048
   0.1648000    1.0732008
   0.1649000    1.1217158
   0.1650000    1.0423379
   0.1651000    1.1138241
   0.1652000    1.1489258
   0.1653000    1.1955611
   0.1654000    1.1860640
   0.1655000    1.2008609
   0.1656000    1.2513167
   0.1657000    1.1845599
   0.1658000    1.1974472
   0.1659000    1.2864237
   0.1660000    1.2851398
   0.1661000    1.2138226
   0.1662000    1.1369300
   0.1663000    1.1534443
   0.1664000    1.1747655
   0.1665000    1.1289352
   0.1666000    1.0926821
   0.1667000    1.1127919
   0.1668000    1.0971843
   0.1669000    1.1085565
   0.1670000    1.0790551
   0.1671000    1.1538544
   0.1672000    1.0459775
   0.1673000    1.0833896
   0.1674000    1.1069930
   0.1675000    1.0645558
   0.1676000    1.0729474
   0.1677000    1.0753644
   0.1678000    1.0127298
   0.1679000    1.0317194
   0.1680000    1.0838038
   0.1681000    1.0937406
   0.1682000    1.1015185
   0.1683000    1.0742403
   0.1684000    1.1531318
   0.1685000    1.1337388
   0.1686000    1.0858850
   0.1687000    1.1060035
   0.1688000    1.1353261
   0.1689000    1.1190987
   0.1690000    1.1461815
   0.1691000    1.1103367
   0.1692000    1.1321110
   0.1693000    1.1251767
   0.1694000    1.1388328
   0.1695000    1.1551238
   0.1696000    1.1007358
   0.1697000    1.0519023
   0.1698000    1.0705785
   0.1699000    1.0805796
   0.1700000    1.1002316
   0.1701000    1.1309854
   0.1702000    1.1275179
   0.1703000    1.1063635
   0.1704000    1.0878934
   0.1705000    1.1105069
   0.1706000    1.1030673
   0.1707000    1.1284760
   0.1708000    1.1175002
   0.1709000    1.1579233
   0.1710000    1.1155286
   0.1711000    1.0875636
   0.1712000    1.0840423
   0.1713000    1.0652076
   0.1714000    1.0862366
   0.1715000    1.1014212
   0.1716000    1.1228794
   0.1717000    1.1195186
   0.1718000    1.1184577
   0.1719000    1.1287413
   0.1720000    1.1086055
   0.1721000    1.1267948
   0.1722000    1.0912256
   0.1723000    1.1080807
   0.1724000    1.1271104
   0.1725000    1.1152667
   0.1726000    1.1262846
   0.1727000    1.0898365
   0.1728000    1.0784900
   0.1729000    1.0855247
   0.1730000    1.0554577
   0.1731000    1.0645428
   0.1732000    1.0658647
   0.1733000    1.0612059
   0.1734000    1.0578166
   0.1735000    1.1155381
   0.1736000    1.1168832
   0.1737000    1.1065425
   0.1738000    1.0751990
   0.1739000    1.0903960
   0.1740000    1.0808440
   0.1741000    1.0921260
   0.1742000    1.0437505
   0.1743000    1.1089780
   0.1744000    1.0487634
   0.1745000    1.0563420
   0.1746000    1.0063471
   0.1747000    1.0462149
   0.1748000    1.0889186
   0.1749000    1.0796497
   0.1750000    1.1057472
   0.1751000    1.1099557
   0.1752000    1.1095008
   0.1753000    1.1049677
   0.1754000    1.1863673
   0.1755000    1.1829101
   0.1756000    1.1418755
   0.1757000    1.1614048
   0.1758000    1.1268126
   0.1759000    1.1872518
   0.1760000    1.1838986
   0.1761000    1.1580306
   0.1762000    1.1526664
   0.1763000    1.1586298
   0.1764000    1.1784990
   0.1765000    1.1791979
   0.1766000    1.1799763
   0.1767000    1.1656531
   0.1768000    1.1740059
   0.1769000    1.2191931
   0.1770000    1.2443898
   0.1771000    1.1986828
   0.1772000    1.2275994
   0.1773000    1.1737139
   0.1774000    1.1894059
   0.1775000    1.2080463
   0.1776000    1.2580189
   0.1777000    1.2837894
   0.1778000    1.2450182
   0.1779000    1.1769255
   0.1780000    1.1823175
   0.1781000    1.2199823
   0.1782000    1.1947541
   0.1783000    1.1942503
   0.1784000    1.2475237
   0.1785000    1.2133733
   0.1786000    1.1822612
   0.1787000    1.2108408
   0.1788000    1.2277362
   0.1789000    1.2174547
   0.1790000    1.2339402
   0.1791000    1.2662680
   0.1792000    1.2589484
   0.1793000    1.2325462
   0.1794000    1.2145274
   0.1795000    1.2030277
   0.1796000    1.2249541
   0.1797000    1.2184995
   0.1798000    1.2233233
   0.1799000    1.2290720
   0.1800000    1.2346603
   0.1801000    1.2093923
   0.1802000    1.2237031
   0.1803000    1.2381877
   0.1804000    1.2586285
   0.1805000    1.2314847
   0.1806000    1.2140710
   0.1807000    1.2035733
   0.1808000    1.1981250
   0.1809000    1.1963536
   0.1810000    1.1945649
   0.1811000    1.2238600
   0.1812000    1.1805342
   0.1813000    1.1966925
   0.1814000    1.2024832
   0.1815000    1.1854132
   0.1816000    1.1873586
   0.1817000    1.2006081
   0.1818000    1.2140719
   0.1819000    1.2460750
   0.1820000    1.3020585
   0.1821000    1.2243199
   0.1822000    1.2210011
   0.1823000    1.2112474
   0.1824000    1.2453786
   0.1825000    1.2382607
   0.1826000    1.2454733
   0.1827000    1.2326491
   0.1828000    1.2517042
   0.1829000    1.2322693
   0.1830000    1.2707274
   0.1831000    1.2324733
   0.1832000    1.2122909
   0.1833000    1.2000005
   0.1834000    1.2496965
   0.1835000    1.2005266
   0.1836000    1.2371987
   0.1837000    1.2309046
   0.1838000    1.2101076
   0.1839000    1.1892989
   0.1840000    1.2000512
   0.1841000    1.1924764
   0.1842000    1.2208146
   0.1843000    1.2574458
   0.1844000    1.2560371
   0.1845000    1.2056519
   0.1846000    1.2388724
   0.1847000    1.2302933
   0.1848000    1.2411848
   0.1849000    1.3006070
   0.1850000    1.3153976
   0.1851000    1.2551630
   0.1852000    1.2864867
   0.1853000    1.2622955
   0.1854000    1.2621481
   0.1855000    1.2850485
   0.1856000    1.2965320
   0.1857000    1.2733766
   0.1858000    1.2779236
   0.1859000    1.2749982
   0.1860000    1.2842211
   0.1861000    1.3169965
   0.1862000    1.2783141
   0.1863000    1.3163638
   0.1864000    1.2839801
   0.1865000    1.2880441
   0.1866000    1.2894236
   0.1867000    1.2406206
   0.1868000    1.2942625
   0.1869000    1.3297416
   0.1870000    1.3204023
   0.1871000    1.3007655
   0.1872000    1.3084626
   0.1873000    1.2989600
   0.1874000    1.2982243
   0.1875000    1.3193092
   0.1876000    1.2792487
   0.1877000    1.2694495
   0.1878000    1.2447653
   0.1879000    1.2755635
   0.1880000    1.2850962
   0.1881000    1.2909768
   0.1882000    1.2914907
   0.1883000    1.2743227
   0.1884000    1.3215126
   0.1885000    1.2977341
   0.1886000    1.2963030
   0.1887000    1.2615874
   0.1888000    1.2287258
   0.1889000    1.2775236
   0.1890000    1.2751945
   0.1891000    1.3036432
   0.1892000    1.2503062
   0.1893000    1.2817394
   0.1894000    1.3249599
   0.1895000    1.3123262
   0.1896000    1.2845068
   0.1897000    1.3444874
   0.1898000    1.3979108
   0.1899000    1.3959141
   0.1900000    1.4199510
   0.1901000    1.3566116
   0.1902000    1.3594952
   0.1903000    1.3575764
   0.1904000    1.3329879
   0.1905000    1.3242813
   0.1906000    1.2943069
   0.1907000    1.2518954
   0.1908000    1.2815809
   0.1909000    1.3371339
   0.1910000    1.3151286
   0.1911000    1.2688165
   0.1912000    1.2613176
   0.1913000    1.2844995
   0.1914000    1.3219919
   0.1915000    1.2684337
   0.1916000    1.2606202
   0.1917000    1.2375972
   0.1918000    1.2422864
   0.1919000    1.2282143
   0.1920000    1.2529035
   0.1921000    1.2414433
   0.1922000    1.2639686
   0.1923000    1.2263000
   0.1924000    1.2582581
   0.1925000    1.2429075
   0.1926000    1.2195189
   0.1927000    1.1940230
   0.1928000    1.2525127
   0.1929000    1.2042570
   0.1930000    1.2071420
   0.1931000    1.2208805
   0.1932000    1.2465668
   0.1933000    1.2349272
   0.1934000    1.2621835
   0.1935000    1.2898400
   0.1936000    1.2046258
   0.1937000    1.2388647
   0.1938000    1.2314223
   0.1939000    1.2785882
   0.1940000    1.2272326
   0.1941000    1.2248008
   0.1942000    1.2690603
   0.1943000    1.2201114
   0.1944000    1.2081326
   0.1945000    1.3219298
   0.1946000    1.3075409
   0.1947000    1.2789234
   0.1948000    1.2777767
   0.1949000    1.2638323
   0.1950000    1.2732599
   0.1951000    1.2265823
   0.1952000    1.1820281
   0.1953000    1.2110859
   0.1954000    1.2129209
   0.1955000    1.2306752
   0.1956000    1.2445104
   0.1957000    1.2571789
   0.1958000    1.2977613
   0.1959000    1.2358626
   0.1960000    1.2249377
   0.1961000    1.2155218
   0.1962000    1.2552676
   0.1963000    1.2500627
   0.1964000    1.1919404
   0.1965000    1.2088348
   0.1966000    1.2458564
   0.1967000    1.2547028
   0.1968000    1.2282543
   0.1969000    1.2039617
   0.1970000    1.2346548
   0.1971000    1.2131536
   0.1972000    1.1980402
   0.1973000    1.2203106
   0.1974000    1.2486101
   0.1975000    1.2670745
   0.1976000    1.3121986
   0.1977000    1.2637887
   0.1978000    1.2808684
   0.1979000    1.2386277
   0.1980000    1.2236400
   0.1981000    1.2718846
   0.1982000    1.2247318
   0.1983000    1.2695698
   0.1984000    1.2609904
   0.1985000    1.2608172
   0.1986000    1.2479277
   0.1987000    1.2864239
   0.1988000    1.2930650
   0.1989000    1.2700188
   0.1990000    1.2955157
   0.1991000    1.3075958
   0.1992000    1.3930284
   0.1993000    1.3733969
   0.1994000    1.2404518
   0.1995000    1.3150393
   0.1996000    1.3057897
   0.1997000    1.2381216
   0.1998000    1.2718076
   0.1999000    1.3210636
   0.2000000    1.2867259
   0.2001000    1.3176013
   0.2002000    1.3082486
   0.2003000    1.3125908
   0.2004000    1.2958175
   0.2005000    1.3596519
   0.2006000    1.3782269
   0.2007000    1.3595053
   0.2008000    1.3272619
   0.2009000    1.3374733
   0.2010000    1.2511973
   0.2011000    1.2481366
   0.2012000    1.3525238
   0.2013000    1.3361440
   0.2014000    1.3527251
   0.2015000    1.2799888
   0.2016000    1.2892158
   0.2017000    1.3348850
   0.2018000    1.3407630
   0.2019000    1.2460250
   0.2020000    1.2014545
   0.2021000    1.2513682
   0.2022000    1.2877631
   0.2023000    1.2909098
   0.2024000    1.2902249
   0.2025000    1.2615684
   0.2026000    1.2261715
   0.2027000    1.1731045
   0.2028000    1.2254854
   0.2029000    1.2245165
   0.2030000    1.2393878
   0.2031000    1.2548727
   0.2032000    1.3114557
   0.2033000    1.3475494
   0.2034000    1.2990855
   0.2035000    1.3051710
   0.2036000    1.2692845
   0.2037000    1.3115506
   0.2038000    1.2814255
   0.2039000    1.3281744
   0.2040000    1.3319874
   0.2041000    1.3420005
   0.2042000    1.3553128
   0.2043000    1.3651943
   0.2044000    1.4108896
   0.2045000    1.3714665
   0.2046000    1.3799610
   0.2047000    1.4069109
   0.2048000    1.4054123
   0.2049000    1.3722787
   0.2050000    1.3090292
   0.2051000    1.3083334
   0.2052000    1.2664522
   0.2053000    1.3183675
   0.2054000    1.3676339
   0.2055000    1.2950506
   0.2056000    1.2866496
   0.2057000    1.2884101
   0.2058000    1.2477317
   0.2059000    1.3004413
   0.2060000    1.2335924
   0.2061000    1.2266924
   0.2062000    1.2319806
   0.2063000    1.1595759
   0.2064000    1.0880687
   0.2065000    1.1252259
   0.2066000    1.1691012
   0.2067000    1.1631205
   0.2068000    1.1459831
   0.2069000    1.1756139
   0.2070000    1.1578670
   0.2071000    1.2020533
   0.2072000    1.1958408
   0.2073000    1.2036570
   0.2074000    1.1756320
   0.2075000    1.1569526
   0.2076000    1.1896912
   0.2077000    1.2288407
   0.2078000    1.1867260
   0.2079000    1.2190013
   0.2080000    1.1705312
   0.2081000    1.1466312
   0.2082000    1.1734446
   0.2083000    1.1896534
   0.2084000    1.1822876
   0.2085000    1.2294135
   0.2086000    1.2230926
   0.2087000    1.2023867
   0.2088000    1.2088125
   0.2089000    1.2058922
   0.2090000    1.2089944
   0.2091000    1.2217704
   0.2092000    1.2058764
   0.2093000    1.2256522
   0.2094000    1.2162310
   0.2095000    1.2396560
   0.2096000    1.2344564
   0.2097000    1.2796062
   0.2098000    1.2572672
   0.2099000    1.2321644
   0.2100000    1.2377292
   0.2101000    1.2453351
   0.2102000    1.2347851
   0.2103000    1.2239891
   0.2104000    1.1838148
   0.2105000    1.2125623
   0.2106000    1.2316506
   0.2107000    1.2291158
   0.2108000    1.2219336
   0.2109000    1.2183774
   0.2110000    1.2745270
   0.2111000    1.2726656
   0.2112000    1.2335128
   0.2113000    1.2373606
   0.2114000    1.2882376
   0.2115000    1.2070082
   0.2116000    1.2079978
   0.2117000    1.2050660
   0.2118000    1.2152948
   0.2119000    1.2078676
   0.2120000    1.1784476
   0.2121000    1.2434008
   0.2122000    1.2564774
   0.2123000    1.2122509
   0.2124000    1.2009974
   0.2125000    1.2150456
   0.2126000    1.1871819
   0.2127000    1.1815989
   0.2128000    1.1521875
   0.2129000    1.2073747
   0.2130000    1.2063731
   0.2131000    1.1914518
   0.2132000    1.1684184
   0.2133000    1.1941220
   0.2134000    1.1961272
   0.2135000    1.1802703
   0.2136000    1.1806921
   0.2137000    1.1644542
   0.2138000    1.1545186
   0.2139000    1.1837488
   0.2140000    1.2030557
   0.2141000    1.2127470
   0.2142000    1.1848495
   0.2143000    1.2014806
   0.2144000    1.2168849
   0.2145000    1.2495341
   0.2146000    1.2062871
   0.2147000    1.2399911
   0.2148000    1.2059128
   0.2149000    1.2252324
   0.2150000    1.1979786
   0.2151000    1.1606746
   0.2152000    1.1855329
   0.2153000    1.1960688
   0.2154000    1.1852945
   0.2155000    1.2086145
   0.2156000    1.1845393
   0.2157000    1.1991825
   0.2158000    1.2369429
   0.2159000    1.2204378
   0.2160000    1.2113783
   0.2161000    1.2131259
   0.2162000    1.1932188
   0.2163000    1.2374251
   0.2164000    1.1724049
   0.2165000    1.1715748
   0.2166000    1.1967795
   0.2167000    1.1773752
   0.2168000    1.1805422
   0.2169000    1.2330071
   0.2170000    1.2004362
   0.2171000    1.2060177
   0.2172000    1.2074342
   0.2173000    1.1963369
   0.2174000    1.2530781
   0.2175000    1.2641758
   0.2176000    1.2276419
   0.2177000    1.2062938
   0.2178000    1.2635056
   0.2179000    1.2011900
   0.2180000    1.1949153
   0.2181000    1.1924009
   0.2182000    1.2274867
   0.2183000    1.2786087
   0.2184000    1.3005965
   0.2185000    1.2698033
   0.2186000    1.2446293
   0.2187000    1.2410555
   0.2188000    1.2210304
   0.2189000    1.2013229
   0.2190000    1.1333228
   0.2191000    1.1175455
   0.2192000    1.1427364
   0.2193000    1.1214526
   0.2194000    1.1733377
   0.2195000    1.1773041
   0.2196000    1.1746725
   0.2197000    1.1572694
   0.2198000    1.1378055
   0.2199000    1.1535017
   0.2200000    1.1567737
   0.2201000    1.1378093
   0.2202000    1.1347488
   0.2203000    1.1791414
   0.2204000    1.1346177
   0.2205000    1.1308981
   0.2206000    1.1063582
   0.2207000    1.1217440
   0.2208000    1.1415579
   0.2209000    1.1222860
   0.2210000    1.1283332
   0.2211000    1.1195568
   0.2212000    1.1048771
   0.2213000    1.0609747
   0.2214000    1.0441356
   0.2215000    1.0283840
   0.2216000    1.0663197
   0.2217000    1.0467061
   0.2218000    1.0875556
   0.2219000    1.0651827
   0.2220000    1.0711076
   0.2221000    1.0878376
   0.2222000    1.0704148
   0.2223000    1.0828422
   0.2224000    1.0511889
   0.2225000    1.1067222
   0.2226000    1.0986359
   0.2227000    1.1231303
   0.2228000    1.0599463
   0.2229000    1.1072404
   0.2230000    1.1174506
   0.2231000    1.0760243
   0.2232000    1.0701138
   0.2233000    1.0754900
   0.2234000    1.0312110
   0.2235000    1.0640736
   0.2236000    0.9902480
   0.2237000    1.0348494
   0.2238000    1.0747319
   0.2239000    1.1426128
   0.2240000    1.1083372
   0.2241000    1.1286603
   0.2242000    1.1145648
   0.2243000    1.1176376
   0.2244000    1.1348505
   0.2245000    1.1610174
   0.2246000    1.1899706
   0.2247000    1.1718414
   0.2248000    1.1621112
   0.2249000    1.1482602
   0.2250000    1.1478618
   0.2251000    1.2034653
   0.2252000    1.1685090
   0.2253000    1.1622767
   0.2254000    1.1726893
   0.2255000    1.2005372
   0.2256000    1.1394925
   0.2257000    1.1683621
   0.2258000    1.1623950
   0.2259000    1.1441085
   0.2260000    1.1587907
   0.2261000    1.1740432
   0.2262000    1.1426427
   0.2263000    1.1641961
   0.2264000    1.1272833
   0.2265000    1.1375909
   0.2266000    1.1401671
   0.2267000    1.1697569
   0.2268000    1.1682091
   0.2269000    1.1713407
   0.2270000    1.1536847
   0.2271000    1.1504395
   0.2272000    1.1945790
   0.2273000    1.1826525
   0.2274000    1.1422669
   0.2275000    1.1653171
   0.2276000    1.1273524
   0.2277000    1.1004782
   0.2278000    1.0501698
   0.2279000    1.0870010
   0.2280000    1.1192356
   0.2281000    1.0996358
   0.2282000    1.0979598
   0.2283000    1.0854237
   0.2284000    1.1443592
   0.2285000    1.1709926
   0.2286000    1.1630058
   0.2287000    1.1377641
   0.2288000    1.2203883
   0.2289000    1.2041106
   0.2290000    1.1610055
   0.2291000    1.1643264
   0.2292000    1.1534504
   0.2293000    1.2492630
   0.2294000    1.2412521
   0.2295000    1.2384499
   0.2296000    1.2462920
   0.2297000    1.1603307
   0.2298000    1.1220449
   0.2299000    1.1181282
   0.2300000    1.1460986
   0.2301000    1.1762344
   0.2302000    1.1013775
   0.2303000    1.1301229
   0.2304000    1.1077473
   0.2305000    1.1159865
   0.2306000    1.0510546
   0.2307000    1.1588521
   0.2308000    1.1606838
   0.2309000    1.1415371
   0.2310000    1.1521292
   0.2311000    1.1642832
   0.2312000    1.1419346
   0.2313000    1.1343681
   0.2314000    1.0644391
   0.2315000    1.0694637
   0.2316000    1.0745779
   0.2317000    1.1303920
   0.2318000    1.0846361
   0.2319000    1.0311277
   0.2320000    1.0984052
   0.2321000    1.0245128
   0.2322000    1.0646744
   0.2323000    1.0767561
   0.2324000    1.0826255
   0.2325000    1.0680985
   0.2326000    1.0357250
   0.2327000    1.0418937
   0.2328000    1.0236939
   0.2329000    1.0388385
   0.2330000    1.1011736
   0.2331000    1.1171281
   0.2332000    1.1113540
   0.2333000    1.0889302
   0.2334000    1.0719296
   0.2335000    1.0803865
   0.2336000    1.0999578
   0.2337000    1.0919325
   0.2338000    1.0871017
   0.2339000    1.0615128
   0.2340000    1.1011857
   0.2341000    1.1134322
   0.2342000    1.1024405
   0.2343000    1.0452509
   0.2344000    1.0199015
   0.2345000    1.0237967
   0.2346000    1.0454199
   0.2347000    1.0680708
   0.2348000    1.0782284
   0.2349000    1.0414883
   0.2350000    1.0311770
   0.2351000    1.0439087
   0.2352000    1.0467381
   0.2353000    1.0524955
   0.2354000    1.0330372
   0.2355000    1.0806947
   0.2356000    1.0590454
   0.2357000    1.0667300
   0.2358000    1.0815120
   0.2359000    1.0680336
   0.2360000    1.0459584
   0.2361000    1.0566713
   0.2362000    1.0284114
   0.2363000    1.0492138
   0.2364000    1.0645218
   0.2365000    1.1140078
   0.2366000    1.0797577
   0.2367000    1.1077236
   0.2368000    1.1449274
   0.2369000    1.1305748
   0.2370000    1.1117929
   0.2371000    1.0900750
   0.2372000    1.1513383
   0.2373000    1.1416332
   0.2374000    1.0766214
   0.2375000    1.0929247
   0.2376000    1.0936837
   0.2377000    1.0949023
   0.2378000    1.1009841
   0.2379000    1.1008481
   0.2380000    1.0555269
   0.2381000    1.0637826
   0.2382000    1.1114743
   0.2383000    1.1358998
   0.2384000    1.0767806
   0.2385000    1.0762327
   0.2386000    1.0650606
   0.2387000    1.0633621
   0.2388000    1.0594776
   0.2389000    1.0758902
   0.2390000    1.0816249
   0.2391000    1.0543442
   0.2392000    1.0621424
   0.2393000    1.0619093
   0.2394000    1.0536660
   0.2395000    1.0422708
   0.2396000    1.0880967
   0.2397000    1.0859487
   0.2398000    1.1096396
   0.2399000    1.1352835
   0.2400000    1.1119078
   0.2401000    1.1140985
   0.2402000    1.1041447
   0.2403000    1.0717049
   0.2404000    1.0727236
   0.2405000    1.1276878
   0.2406000    1.1018463
   0.2407000    1.1041622
   0.2408000    1.0714456
   0.2409000    1.1389066
   0.2410000    1.0765729
   0.2411000    1.1296154
   0.2412000    1.1226450
   0.2413000    1.1228697
   0.2414000    1.1014730
   0.2415000    1.0596488
   0.2416000    1.1085514
   0.2417000    1.1205773
   0.2418000    1.0968000
   0.2419000    1.0705745
   0.2420000    1.1264697
   0.2421000    1.0799506
   0.2422000    1.0885836
   0.2423000    1.1245285
   0.2424000    1.0856203
   0.2425000    1.1576848
   0.2426000    1.1269562
   0.2427000    1.1448209
   0.2428000    1.0960675
   0.2429000    1.0778667
   0.2430000    1.1077285
   0.2431000    1.1391500
   0.2432000    1.1616312
   0.2433000    1.1605680
   0.2434000    1.1930952
   0.2435000    1.1589365
   0.2436000    1.1817927
   0.2437000    1.1298555
   0.2438000    1.1247897
   0.2439000    1.1281829
   0.2440000    1.1268541
   0.2441000    1.1884468
   0.2442000    1.1961960
   0.2443000    1.1961133
   0.2444000    1.1518332
   0.2445000    1.1239685
   0.2446000    1.1235524
   0.2447000    1.1285646
   0.2448000    1.1452302
   0.2449000    1.1354489
   0.2450000    1.1120747
   0.2451000    1.0992883
   0.2452000    1.0852878
   0.2453000    1.0501803
   0.2454000    1.0555533
   0.2455000    1.1232035
   0.2456000    1.1100272
   0.2457000    1.0829000
   0.2458000    1.1083219
   0.2459000    1.1480556
   0.2460000    1.0919901
   0.2461000    1.1280850
   0.2462000    1.0768044
   0.2463000    1.0886492
   0.2464000    1.0321152
   0.2465000    1.1311408
   0.2466000    1.1243556
   0.2467000    1.1376977
   0.2468000    1.1141801
   0.2469000    1.0985924
   0.2470000    1.1590739
   0.2471000    1.1295971
   0.2472000    1.1159661
   0.2473000    1.1444403
   0.2474000    1.1719707
   0.2475000    1.1103098
   0.2476000    1.1393039
   0.2477000    1.1647907
   0.2478000    1.1284754
   0.2479000    1.1398166
   0.2480000    1.1330038
   0.2481000    1.1611952
   0.2482000    1.1768101
   0.2483000    1.1580344
   0.2484000    1.1538699
   0.2485000    1.1394347
   0.2486000    1.1491297
   0.2487000    1.1348325
   0.2488000    1.0869551
   0.2489000    1.1471169
   0.2490000    1.1298295
   0.2491000    1.1439216
   0.2492000    1.1532584
   0.2493000    1.1404091
   0.2494000    1.1560905
   0.2495000    1.1654117
   0.2496000    1.1200403
   0.2497000    1.1684462
   0.2498000    1.1611542
   0.2499000    1.1242311
   0.2500000    1.1638567
   0.2501000    1.0706816
   0.2502000    1.0182872
   0.2503000    0.9547221
   0.2504000    0.9938651
   0.2505000    0.9795358
   0.2506000    1.0443077
   0.2507000    1.0411891
   0.2508000    1.0419383
   0.2509000    1.0399468
   0.2510000    1.0385418
   0.2511000    1.0618876
   0.2512000    1.0985463
   0.2513000    1.0926014
   0.2514000    1.0463574
   0.2515000    1.0557368
   0.2516000    1.0290701
   0.2517000    1.0929158
   0.2518000    1.0679266
   0.2519000    1.0665753
   0.2520000    1.0547493
   0.2521000    1.0504518
   0.2522000    1.0828220
   0.2523000    1.0797969
   0.2524000    1.0948672
   0.2525000    1.0797536
   0.2526000    1.0705100
   0.2527000    1.1152713
   0.2528000    1.0654818
   0.2529000    1.1046127
   0.2530000    1.1288220
   0.2531000    1.0782077
   0.2532000    1.0797714
   0.2533000    1.0576400
   0.2534000    1.0166253
   0.2535000    1.0350403
   0.2536000    1.0579580
   0.2537000    1.0677552
   0.2538000    1.0501268
   0.2539000    1.0068918
   0.2540000    1.0402786
   0.2541000    1.0702875
   0.2542000    1.0159600
   0.2543000    1.0307645
   0.2544000    1.0594828
   0.2545000    0.9682002
   0.2546000    1.0141129
   0.2547000    1.0627151
   0.2548000    1.1229676
   0.2549000    1.1098983
   0.2550000    1.0561249
   0.2551000    1.0935099
   0.2552000    1.0864147
   0.2553000    1.1308727
   0.2554000    1.0618576
   0.2555000    1.0300397
   0.2556000    1.0807849
   0.2557000    1.0840834
   0.2558000    1.0772090
   0.2559000    1.0319929
   0.2560000    1.1023422
   0.2561000    1.1025057
   0.2562000    1.0667448
   0.2563000    1.0967135
   0.2564000    1.1193985
   0.2565000    1.0968149
   0.2566000    1.0236554
   0.2567000    1.0492798
   0.2568000    1.0578485
   0.2569000    1.1098578
   0.2570000    1.1552639
   0.2571000    1.1253195
   0.2572000    1.0624695
   0.2573000    1.0987248
   0.2574000    1.0693684
   0.2575000    1.0819664
   0.2576000    1.1196723
   0.2577000    1.0850224
   0.2578000    1.1493582
   0.2579000    1.1402026
   0.2580000    1.1532049
   0.2581000    1.1499664
   0.2582000    1.1436375
   0.2583000    1.1135929
   0.2584000    1.0983524
   0.2585000    1.0855230
   0.2586000    1.1163193
   0.2587000    1.1511569
   0.2588000    1.0739485
   0.2589000    1.0759504
   0.2590000    1.1189206
   0.2591000    1.0972975
   0.2592000    1.1113967
   0.2593000    1.1118904
   0.2594000    1.1117630
   0.2595000    1.1503441
   0.2596000    1.2747478
   0.2597000    1.1357609
   0.2598000    1.1179363
   0.2599000    1.2083524
   0.2600000    1.1745901
   0.2601000    1.2147624
   0.2602000    1.1862081
   0.2603000    1.1646130
   0.2604000    1.1209008
   0.2605000    1.1356361
   0.2606000    1.1377803
   0.2607000    1.1814666
   0.2608000    1.1935048
   0.2609000    1.1876769
   0.2610000    1.1190253
   0.2611000    1.1286377
   0.2612000    1.1228060
   0.2613000    1.1516730
   0.2614000    1.1850892
   0.2615000    1.2179565
   0.2616000    1.1604437
   0.2617000    1.1614528
   0.2618000    1.1195856
   0.2619000    1.1257348
   0.2620000    1.1082052
   0.2621000    1.1060694
   0.2622000    1.1511645
   0.2623000    1.1736646
   0.2624000    1.1571685
   0.2625000    1.1196588
   0.2626000    1.0831124
   0.2627000    1.0674267
   0.2628000    1.0688158
   0.2629000    1.0641528
   0.2630000    1.0512369
   0.2631000    1.0372584
   0.2632000    1.0621942
   0.2633000    1.0844070
   0.2634000    1.0805748
   0.2635000    1.0785716
   0.2636000    1.0498383
   0.2637000    1.0617170
   0.2638000    1.0606301
   0.2639000    1.0531725
   0.2640000    1.0353123
   0.2641000    1.0474267
   0.2642000    1.0269296
   0.2643000    1.0509728
   0.2644000    1.0387902
   0.2645000    1.0549307
   0.2646000    1.0917594
   0.2647000    1.0746192
   0.2648000    1.1096327
   0.2649000    1.0973290
   0.2650000    1.0851145
   0.2651000    1.1106571
   0.2652000    1.0485456
   0.2653000    1.0249696
   0.2654000    1.0289968
   0.2655000    1.0301300
   0.2656000    0.9978602
   0.2657000    1.0245111
   0.2658000    1.0779592
   0.2659000    1.0578417
   0.2660000    1.0303590
   0.2661000    1.0099199
   0.2662000    1.1003902
   0.2663000    1.0672834
   0.2664000    1.0655850
   0.2665000    1.0569330
   0.2666000    1.1209015
   0.2667000    1.1061244
   0.2668000    1.1185143
   0.2669000    1.1103084
   0.2670000    1.1202278
   0.2671000    1.0844536
   0.2672000    1.0865571
   0.2673000    1.0846382
   0.2674000    1.0543996
   0.2675000    1.0204499
   0.2676000    1.0340796
   0.2677000    1.0483986
   0.2678000    1.0365003
   0.2679000    1.0783076
   0.2680000    1.0716156
   0.2681000    1.0571206
   0.2682000    1.0634885
   0.2683000    1.0836449
   0.2684000    1.0923722
   0.2685000    1.1796671
   0.2686000    1.1592311
   0.2687000    1.1833346
   0.2688000    1.1659864
   0.2689000    1.1913292
   0.2690000    1.2282335
   0.2691000    1.1749154
   0.2692000    1.1645861
   0.2693000    1.1983562
   0.2694000    1.1629652
   0.2695000    1.2187055
   0.2696000    1.1704761
   0.2697000    1.1879395
   0.2698000    1.1805521
   0.2699000    1.1604345
   0.2700000    1.1909850
   0.2701000    1.1513834
   0.2702000    1.1578283
   0.2703000    1.1251891
   0.2704000    1.1869278
   0.2705000    1.1379861
   0.2706000    1.1781697
   0.2707000    1.2021499
   0.2708000    1.1552461
   0.2709000    1.1582205
   0.2710000    1.1726052
   0.2711000    1.1865689
   0.2712000    1.1583434
   0.2713000    1.1782283
   0.2714000    1.1596434
   0.2715000    1.1474409
   0.2716000    1.1629310
   0.2717000    1.1531570
   0.2718000    1.1666476
   0.2719000    1.1941270
   0.2720000    1.1700511
   0.2721000    1.1598783
   0.2722000    1.1575949
   0.2723000    1.1512439
   0.2724000    1.1978173
   0.2725000    1.1685721
   0.2726000    1.1738303
   0.2727000    1.1914202
   0.2728000    1.1954305
   0.2729000    1.1991898
   0.2730000    1.2098402
   0.2731000    1.2130413
   0.2732000    1.2113826
   0.2733000    1.1933954
   0.2734000    1.1823890
   0.2735000    1.1983194
   0.2736000    1.2060293
   0.2737000    1.1777593
   0.2738000    1.1959529
   0.2739000    1.2047848
   0.2740000    1.2170022
   0.2741000    1.2424273
   0.2742000    1.2095972
   0.2743000    1.2061493
   0.2744000    1.2016593
   0.2745000    1.1769067
   0.2746000    1.1720912
   0.2747000    1.1993061
   0.2748000    1.1406347
   0.2749000    1.1410887
   0.2750000    1.1425397
   0.2751000    1.1796376
   0.2752000    1.1697617
   0.2753000    1.1524262
   0.2754000    1.1764916
   0.2755000    1.1725615
   0.2756000    1.1670754
   0.2757000    1.1493059
   0.2758000    1.1546862
   0.2759000    1.1676054
   0.2760000    1.1502178
   0.2761000    1.1619352
   0.2762000    1.1491715
   0.2763000    1.1457803
   0.2764000    1.1448228
   0.2765000    1.1610703
   0.2766000    1.1923457
   0.2767000    1.1632053
   0.2768000    1.1459974
   0.2769000    1.1763753
   0.2770000    1.1765453
   0.2771000    1.1929736
   0.2772000    1.1990757
   0.2773000    1.1713382
   0.2774000    1.1813928
   0.2775000    1.1833500
   0.2776000    1.1783756
   0.2777000    1.1736346
   0.2778000    1.1684231
   0.2779000    1.1261717
   0.2780000    1.1367027
   0.2781000    1.1616180
   0.2782000    1.1729541
   0.2783000    1.1071713
   0.2784000    1.1037813
   0.2785000    1.1162881
   0.2786000    1.1058122
   0.2787000    1.1203647
   0.2788000    1.1534773
   0.2789000    1.1154459
   0.2790000    1.1346473
   0.2791000    1.1464536
   0.2792000    1.1397488
   0.2793000    1.1528044
   0.2794000    1.1540009
   0.2795000    1.1449661
   0.2796000    1.1586320
   0.2797000    1.1772703
   0.2798000    1.1726826
   0.2799000    1.1527851
   0.2800000    1.1495817
   0.2801000    1.1427037
   0.2802000    1.1287078
   0.2803000    1.1175253
   0.2804000    1.1042086
   0.2805000    1.0997772
   0.2806000    1.1427479
   0.2807000    1.1023680
   0.2808000    1.1263969
   0.2809000    1.1149907
   0.2810000    1.1301183
   0.2811000    1.0940210
   0.2812000    1.0848414
   0.2813000    1.1030871
   0.2814000    1.1162817
   0.2815000    1.1533523
   0.2816000    1.1481189
   0.2817000    1.1412479
   0.2818000    1.1445850
   0.2819000    1.1296853
   0.2820000    1.1475612
   0.2821000    1.1062012
   0.2822000    1.1656927
   0.2823000    1.1870266
   0.2824000    1.2429323
   0.2825000    1.2608014
   0.2826000    1.1976435
   0.2827000    1.1583651
   0.2828000    1.2057413
   0.2829000    1.1787356
   0.2830000    1.2082804
   0.2831000    1.1844436
   0.2832000    1.1507766
   0.2833000    1.1728083
   0.2834000    1.1460843
   0.2835000    1.1153296
   0.2836000    1.1541818
   0.2837000    1.1285298
   0.2838000    1.1282216
   0.2839000    1.1436607
   0.2840000    1.1393735
   0.2841000    1.1465100
   0.2842000    1.1483597
   0.2843000    1.1183710
   0.2844000    1.1617795
   0.2845000    1.1548538
   0.2846000    1.1865604
   0.2847000    1.1974744
   0.2848000    1.1744012
   0.2849000    1.1612496
   0.2850000    1.1880381
   0.2851000    1.1738709
   0.2852000    1.2202528
   0.2853000    1.2639496
   0.2854000    1.2572498
   0.2855000    1.2314297
   0.2856000    1.2174126
   0.2857000    1.2208582
   0.2858000    1.1819559
   0.2859000    1.1989567
   0.2860000    1.1855425
   0.2861000    1.1533022
   0.2862000    1.1715262
   0.2863000    1.1670970
   0.2864000    1.1944724
   0.2865000    1.1844181
   0.2866000    1.1575404
   0.2867000    1.1517094
   0.2868000    1.2122289
   0.2869000    1.1719126
   0.2870000    1.1433886
   0.2871000    1.1754527
   0.2872000    1.1618958
   0.2873000    1.1408132
   0.2874000    1.1337306
   0.2875000    1.1565682
   0.2876000    1.1280888
   0.2877000    1.1287403
   0.2878000    1.1362143
   0.2879000    1.1452473
   0.2880000    1.1461709
   0.2881000    1.0985806
   0.2882000    1.1211860
   0.2883000    1.1342944
   0.2884000    1.1095629
   0.2885000    1.1759386
   0.2886000    1.1627226
   0.2887000    1.1067307
   0.2888000    1.1189642
   0.2889000    1.1427236
   0.2890000    1.1113160
   0.2891000    1.1176549
   0.2892000    1.1415498
   0.2893000    1.1526760
   0.2894000    1.1217079
   0.2895000    1.1452641
   0.2896000    1.0925587
   0.2897000    1.0823278
   0.2898000    1.0763294
   0.2899000    1.0987730
   0.2900000    1.0761815
   0.2901000    1.0745955
   0.2902000    1.1022358
   0.2903000    1.0916320
   0.2904000    1.1242671
   0.2905000    1.0956383
   0.2906000    1.0985246
   0.2907000    1.0945454
   0.2908000    1.0762868
   0.2909000    1.0953225
   0.2910000    1.1038020
   0.2911000    1.1094110
   0.2912000    1.1005077
   0.2913000    1.1225734
   0.2914000    1.1247216
   0.2915000    1.0989217
   0.2916000    1.1059458
   0.2917000    1.0999604
   0.2918000    1.1421373
   0.2919000    1.1145521
   0.2920000    1.1260738
   0.2921000    1.1220068
   0.2922000    1.1163778
   0.2923000    1.1124456
   0.2924000    1.1033537
   0.2925000    1.0988436
   0.2926000    1.1206360
   0.2927000    1.1227418
   0.2928000    1.1085703
   0.2929000    1.1206015
   0.2930000    1.1735086
   0.2931000    1.1259136
   0.2932000    1.1464815
   0.2933000    1.1523950
   0.2934000    1.1644267
   0.2935000    1.2129838
   0.2936000    1.1781561
   0.2937000    1.1400928
   0.2938000    1.1176054
   0.2939000    1.1242728
   0.2940000    1.1427891
   0.2941000    1.1374078
   0.2942000    1.1536086
   0.2943000    1.1345432
   0.2944000    1.1069300
   0.2945000    1.1322742
   0.2946000    1.0817279
   0.2947000    1.0855293
   0.2948000    1.1216111
   0.2949000    1.0967981
   0.2950000    1.1444721
   0.2951000    1.1379304
   0.2952000    1.1108048
   0.2953000    1.1327025
   0.2954000    1.1248260
   0.2955000    1.1132872
   0.2956000    1.0877591
   0.2957000    1.1180930
   0.2958000    1.1299275
   0.2959000    1.0982345
   0.2960000    1.0523332
   0.2961000    1.1043612
   0.2962000    1.1264414
   0.2963000    1.0833843
   0.2964000    1.0570710
   0.2965000    1.0870322
   0.2966000    1.1106859
   0.2967000    1.1157444
   0.2968000    1.0918059
   0.2969000    1.1007956
   0.2970000    1.0991738
   0.2971000    1.1135514
   0.2972000    1.1056864
   0.2973000    1.1192640
   0.2974000    1.1389107
   0.2975000    1.1068002
   0.2976000    1.1112783
   0.2977000    1.0994228
   0.2978000    1.1099700
   0.2979000    1.1072290
   0.2980000    1.1341871
   0.2981000    1.1192231
   0.2982000    1.0783092
   0.2983000    1.0923390
   0.2984000    1.0874518
   0.2985000    1.1326005
   0.2986000    1.1265790
   0.2987000    1.1264720
   0.2988000    1.1162438
   0.2989000    1.1293907
   0.2990000    1.1373805
   0.2991000    1.0814397
   0.2992000    1.1257468
   0.2993000    1.1085434
   0.2994000    1.0921339
   0.2995000    1.1064535
   0.2996000    1.1069357
   0.2997000    1.1144515
   0.2998000    1.1230586
   0.2999000    1.1340786
   0.3000000    1.1246786
   0.3001000    1.1173811
   0.3002000    1.1217128
   0.3003000    1.1080863
   0.3004000    1.1209551
   0.3005000    1.1267084
   0.3006000    1.0914871
   0.3007000    1.1060418
   0.3008000    1.0866867
   0.3009000    1.0731450
   0.3010000    1.1115730
   0.3011000    1.1128175
   0.3012000    1.0780658
   0.3013000    1.0687398
   0.3014000    1.0611140
   0.3015000    1.0949843
   0.3016000    1.0706769
   0.3017000    1.1237493
   0.3018000    1.1381178
   0.3019000    1.1471919
   0.3020000    1.1436471
   0.3021000    1.1198844
   0.3022000    1.1686802
   0.3023000    1.1748176
   0.3024000    1.1798413
   0.3025000    1.1781363
   0.3026000    1.2130651
   0.3027000    1.1935544
   0.3028000    1.1873930
   0.3029000    1.1563754
   0.3030000    1.1261302
   0.3031000    1.1450245
   0.3032000    1.1612443
   0.3033000    1.1522529
   0.3034000    1.1087759
   0.3035000    1.1167675
   0.3036000    1.0952473
   0.3037000    1.1462328
   0.3038000    1.1324778
   0.3039000    1.1505855
   0.3040000    1.1375887
   0.3041000    1.1227393
   0.3042000    1.1283700
   0.3043000    1.1595690
   0.3044000    1.1694741
   0.3045000    1.1459857
   0.3046000    1.1495973
   0.3047000    1.1287287
   0.3048000    1.1191711
   0.3049000    1.1202756
   0.3050000    1.2055254
   0.3051000    1.1597948
   0.3052000    1.1700730
   0.3053000    1.1854166
   0.3054000    1.1669703
   0.3055000    1.1394485
   0.3056000    1.1062340
   0.3057000    1.1588556
   0.3058000    1.1418397
   0.3059000    1.1279678
   0.3060000    1.0922352
   0.3061000    1.1331910
   0.3062000    1.1117388
   0.3063000    1.0943493
   0.3064000    1.1199337
   0.3065000    1.1052687
   0.3066000    1.1254352
   0.3067000    1.0968175
   0.3068000    1.1390239
   0.3069000    1.1542963
   0.3070000    1.1684387
   0.3071000    1.1128432
   0.3072000    1.1662483
   0.3073000    1.1281810
   0.3074000    1.1184981
   0.3075000    1.1654336
   0.3076000    1.1509252
   0.3077000    1.1677785
   0.3078000    1.2156025
   0.3079000    1.2026992
   0.3080000    1.1388048
   0.3081000    1.1573030
   0.3082000    1.1484597
   0.3083000    1.1611010
   0.3084000    1.1078558
   0.3085000    1.1470693
   0.3086000    1.1366317
   0.3087000    1.1011937
   0.3088000    1.1087415
   0.3089000    1.1173999
   0.3090000    1.1351030
   0.3091000    1.1296610
   0.3092000    1.1192862
   0.3093000    1.1332198
   0.3094000    1.1206534
   0.3095000    1.1070619
   0.3096000    1.1436228
   0.3097000    1.0767332
   0.3098000    1.0969737
   0.3099000    1.1121471
   0.3100000    1.0722102
   0.3101000    1.1272913
   0.3102000    1.1135505
   0.3103000    1.1137002
   0.3104000    1.0814279
   0.3105000    1.0921112
   0.3106000    1.1027510
   0.3107000    1.1139297
   0.3108000    1.1057894
   0.3109000    1.1111665
   0.3110000    1.0963291
   0.3111000    1.1219844
   0.3112000    1.1412289
   0.3113000    1.1433668
   0.3114000    1.1594241
   0.3115000    1.1829885
   0.3116000    1.1524472
   0.3117000    1.1586626
   0.3118000    1.1523092
   0.3119000    1.1398315
   0.3120000    1.1583902
   0.3121000    1.1642075
   0.3122000    1.1796912
   0.3123000    1.1650453
   0.3124000    1.1814590
   0.3125000    1.1867148
   0.3126000    1.1988137
   0.3127000    1.1895689
   0.3128000    1.2078295
   0.3129000    1.1369313
   0.3130000    1.2060360
   0.3131000    1.1751219
   0.3132000    1.1412300
   0.3133000    1.1367061
   0.3134000    1.1097957
   0.3135000    1.1503710
   0.3136000    1.1680920
   0.3137000    1.1496634
   0.3138000    1.1694833
   0.3139000    1.1900876
   0.3140000    1.1792985
   0.3141000    1.2322099
   0.3142000    1.1812570
   0.3143000    1.1454686
   0.3144000    1.1639217
   0.3145000    1.1389925
   0.3146000    1.1530855
   0.3147000    1.2187665
   0.3148000    1.1869714
   0.3149000    1.1585381
   0.3150000    1.1573429
   0.3151000    1.1361994
   0.3152000    1.1216574
   0.3153000    1.1913282
   0.3154000    1.1525310
   0.3155000    1.1461768
   0.3156000    1.1903348
   0.3157000    1.1574323
   0.3158000    1.2066171
   0.3159000    1.2117710
   0.3160000    1.2768997
   0.3161000    1.2148330
   0.3162000    1.2113260
   0.3163000    1.2356427
   0.3164000    1.2448475
   0.3165000    1.2571479
   0.3166000    1.2724441
   0.3167000    1.1951518
   0.3168000    1.2567115
   0.3169000    1.3043014
   0.3170000    1.2537745
   0.3171000    1.2899908
   0.3172000    1.2808188
   0.3173000    1.2323831
   0.3174000    1.1972671
   0.3175000    1.1910005
   0.3176000    1.2529289
   0.3177000    1.2470742
   0.3178000    1.1902307
   0.3179000    1.1906943
   0.3180000    1.1944803
   0.3181000    1.2395519
   0.3182000    1.2081089
   0.3183000    1.2228903
   0.3184000    1.2241547
   0.3185000    1.2005191
   0.3186000    1.1375037
   0.3187000    1.1944382
   0.3188000    1.1953932
   0.3189000    1.2586902
   0.3190000    1.1572469
   0.3191000    1.1188757
   0.3192000    1.1047872
   0.3193000    1.1235491
   0.3194000    1.1059084
   0.3195000    1.1685048
   0.3196000    1.2052472
   0.3197000    1.1516193
   0.3198000    1.1662518
   0.3199000    1.1465883
   0.3200000    1.1254613
   0.3201000    1.1735643
   0.3202000    1.1800908
   0.3203000    1.1697305
   0.3204000    1.1735033
   0.3205000    1.1559572
   0.3206000    1.1396865
   0.3207000    1.1551948
   0.3208000    1.1650267
   0.3209000    1.1496308
   0.3210000    1.1404213
   0.3211000    1.1640542
   0.3212000    1.1582448
   0.3213000    1.1487484
   0.3214000    1.1341772
   0.3215000    1.1131662
   0.3216000    1.1416415
   0.3217000    1.1000917
   0.3218000    1.1053783
   0.3219000    1.0845056
   0.3220000    1.0740916
   0.3221000    1.0725656
   0.3222000    1.0997308
   0.3223000    1.1094382
   0.3224000    1.1032324
   0.3225000    1.1095687
   0.3226000    1.1104848
   0.3227000    1.0837909
   0.3228000    1.0762719
   0.3229000    1.0722420
   0.3230000    1.1119803
   0.3231000    1.0681317
   0.3232000    1.0921680
   0.3233000    1.0851543
   0.3234000    1.0493540
   0.3235000    1.1032127
   0.3236000    1.0749824
   0.3237000    1.0884689
   0.3238000    1.0874197
   0.3239000    1.0837914
   0.3240000    1.1123852
   0.3241000    1.1042758
   0.3242000    1.0646019
   0.3243000    1.1146085
   0.3244000    1.1131481
   0.3245000    1.1337520
   0.3246000    1.1117442
   0.3247000    1.1280601
   0.3248000    1.0957720
   0.3249000    1.0766664
   0.3250000    1.0729251
   0.3251000    1.0927088
   0.3252000    1.0963770
   0.3253000    1.0757488
   0.3254000    1.1152170
   0.3255000    1.1352453
   0.3256000    1.0984514
   0.3257000    1.1299804
   0.3258000    1.1354275
   0.3259000    1.1477678
   0.3260000    1.1316946
   0.3261000    1.1139480
   0.3262000    1.0699497
   0.3263000    1.1218485
   0.3264000    1.1054257
   0.3265000    1.1007252
   0.3266000    1.1026909
   0.3267000    1.1217861
   0.3268000    1.1165588
   0.3269000    1.1194037
   0.3270000    1.1174376
   0.3271000    1.1196641
   0.3272000    1.1018529
   0.3273000    1.1173098
   0.3274000    1.0869687
   0.3275000    1.1333233
   0.3276000    1.1049764
   0.3277000    1.1176181
   0.3278000    1.1043693
   0.3279000    1.0915937
   0.3280000    1.1239792
   0.3281000    1.0870926
   0.3282000    1.0984583
   0.3283000    1.0940362
   0.3284000    1.1507275
   0.3285000    1.1141461
   0.3286000    1.1363541
   0.3287000    1.1514601
   0.3288000    1.0974287
   0.3289000    1.1140320
   0.3290000    1.0990658
   0.3291000    1.0769061
   0.3292000    1.1300672
   0.3293000    1.1341349
   0.3294000    1.1490598
   0.3295000    1.2019248
   0.3296000    1.1483797
   0.3297000    1.1609799
   0.3298000    1.2326554
   0.3299000    1.1908957
   0.3300000    1.1771563
   0.3301000    1.1126271
   0.3302000    1.1037539
   0.3303000    1.0861175
   0.3304000    1.0944978
   0.3305000    1.1094565
   0.3306000    1.1034955
   0.3307000    1.1070600
   0.3308000    1.1117897
   0.3309000    1.0814112
   0.3310000    1.0760627
   0.3311000    1.1324850
   0.3312000    1.0357970
   0.3313000    1.1140603
   0.3314000    1.0480092
   0.3315000    1.0791278
   0.3316000    1.1093760
   0.3317000    1.1338730
   0.3318000    1.1627228
   0.3319000    1.1818950
   0.3320000    1.1921800
   0.3321000    1.1953329
   0.3322000    1.1621267
   0.3323000    1.1025152
   0.3324000    1.1125126
   0.3325000    1.1457134
   0.3326000    1.1146263
   0.3327000    1.1175101
   0.3328000    1.1175110
   0.3329000    1.0805103
   0.3330000    1.1189780
   0.3331000    1.1417656
   0.3332000    1.1113793
   0.3333000    1.0998516
   0.3334000    1.0830085
   0.3335000    1.1145632
   0.3336000    1.1664271
   0.3337000    1.1510446
   0.3338000    1.1312112
   0.3339000    1.1297345
   0.3340000    1.1006327
   0.3341000    1.1279672
   0.3342000    1.1177173
   0.3343000    1.1368726
   0.3344000    1.1248775
   0.3345000    1.0976368
   0.3346000    1.0721182
   0.3347000    1.1057688
   0.3348000    1.1141739
   0.3349000    1.1310033
   0.3350000    1.1569583
   0.3351000    1.1608570
   0.3352000    1.1516386
   0.3353000    1.1483802
   0.3354000    1.1556815
   0.3355000    1.1763827
   0.3356000    1.1627829
   0.3357000    1.1894827
   0.3358000    1.1470426
   0.3359000    1.1585895
   0.3360000    1.2008364
   0.3361000    1.1720616
   0.3362000    1.1823782
   0.3363000    1.1867450
   0.3364000    1.1838961
   0.3365000    1.2510020
   0.3366000    1.1931388
   0.3367000    1.1709106
   0.3368000    1.1718194
   0.3369000    1.1779854
   0.3370000    1.1522242
   0.3371000    1.1516547
   0.3372000    1.2145085
   0.3373000    1.3054789
   0.3374000    1.2781188
   0.3375000    1.2775940
   0.3376000    1.2886525
   0.3377000    1.2005739
   0.3378000    1.2099662
   0.3379000    1.2577106
   0.3380000    1.2675282
   0.3381000    1.2282798
   0.3382000    1.2423623
   0.3383000    1.2322149
   0.3384000    1.2322848
   0.3385000    1.2574768
   0.3386000    1.2856863
   0.3387000    1.2239420
   0.3388000    1.2424120
   0.3389000    1.2291851
   0.3390000    1.1430644
   0.3391000    1.2040435
   0.3392000    1.1706923
   0.3393000    1.2037252
   0.3394000    1.2024891
   0.3395000    1.1862113
   0.3396000    1.1551855
   0.3397000    1.1817509
   0.3398000    1.2294736
   0.3399000    1.1875215
   0.3400000    1.1986327
   0.3401000    1.2076781
   0.3402000    1.1651392
   0.3403000    1.1854500
   0.3404000    1.1956317
   0.3405000    1.2145107
   0.3406000    1.1407250
   0.3407000    1.1979828
   0.3408000    1.2064753
   0.3409000    1.1594075
   0.3410000    1.1386375
   0.3411000    1.1558748
   0.3412000    1.1721343
   0.3413000    1.2060984
   0.3414000    1.1690974
   0.3415000    1.1722798
   0.3416000    1.2181141
   0.3417000    1.2005985
   0.3418000    1.1841992
   0.3419000    1.2197036
   0.3420000    1.1865008
   0.3421000    1.2172008
   0.3422000    1.2189223
   0.3423000    1.2106895
   0.3424000    1.1917220
   0.3425000    1.1835269
   0.3426000    1.1831353
   0.3427000    1.1749340
   0.3428000    1.1902734
   0.3429000    1.1701590
   0.3430000    1.1783853
   0.3431000    1.1638633
   0.3432000    1.1825472
   0.3433000    1.1541353
   0.3434000    1.1474432
   0.3435000    1.1370479
   0.3436000    1.1328399
   0.3437000    1.1641964
   0.3438000    1.1640596
   0.3439000    1.1268667
   0.3440000    1.1523265
   0.3441000    1.1198906
   0.3442000    1.1534277
   0.3443000    1.1741515
   0.3444000    1.1638227
   0.3445000    1.1900393
   0.3446000    1.1625489
   0.3447000    1.1803933
   0.3448000    1.1305833
   0.3449000    1.1783137
   0.3450000    1.1421390
   0.3451000    1.1616006
   0.3452000    1.1612464
   0.3453000    1.1572944
   0.3454000    1.1612228
   0.3455000    1.1440730
   0.3456000    1.1673515
   0.3457000    1.1494424
   0.3458000    1.1584817
   0.3459000    1.1391526
   0.3460000    1.1131881
   0.3461000    1.1499583
   0.3462000    1.1255192
   0.3463000    1.1869773
   0.3464000    1.2139624
   0.3465000    1.2078798
   0.3466000    1.2008599
   0.3467000    1.2207465
   0.3468000    1.1969388
   0.3469000    1.1464413
   0.3470000    1.1355778
   0.3471000    1.1571711
   0.3472000    1.2305450
   0.3473000    1.2091379
   0.3474000    1.1910719
   0.3475000    1.1774194
   0.3476000    1.0965958
   0.3477000    1.1172426
   0.3478000    1.1462665
   0.3479000    1.1969151
   0.3480000    1.1528685
   0.3481000    1.1951830
   0.3482000    1.2023039
   0.3483000    1.1882687
   0.3484000    1.2178684
   0.3485000    1.1834705
   0.3486000    1.1445500
   0.3487000    1.1539493
   0.3488000    1.1352060
   0.3489000    1.1684521
   0.3490000    1.1696368
   0.3491000    1.1049381
   0.3492000    1.1976258
   0.3493000    1.1938137
   0.3494000    1.1599150
   0.3495000    1.1871771
   0.3496000    1.1484507
   0.3497000    1.1277965
   0.3498000    1.1316339
   0.3499000    1.1831207
   0.3500000    1.2038316
   0.3501000    1.2169667
   0.3502000    1.2411157
   0.3503000    1.2013711
   0.3504000    1.1774762
   0.3505000    1.2014546
   0.3506000    1.2226970
   0.3507000    1.1977366
   0.3508000    1.1306429
   0.3509000    1.1779927
   0.3510000    1.2329980
   0.3511000    1.2423600
   0.3512000    1.1848775
   0.3513000    1.1965661
   0.3514000    1.1773053
   0.3515000    1.2427889
   0.3516000    1.2054073
   0.3517000    1.2225255
   0.3518000    1.1915590
   0.3519000    1.1771151
   0.3520000    1.2383767
   0.3521000    1.1813908
   0.3522000    1.1934922
   0.3523000    1.1369147
   0.3524000    1.0721067
   0.3525000    1.1811620
   0.3526000    1.1351463
   0.3527000    1.1147174
   0.3528000    1.1528717
   0.3529000    1.1190187
   0.3530000    1.1324075
   0.3531000    1.1492074
   0.3532000    1.1890223
   0.3533000    1.1692586
   0.3534000    1.2230492
   0.3535000    1.2152535
   0.3536000    1.1973219
   0.3537000    1.2108711
   0.3538000    1.2012477
   0.3539000    1.2170503
   0.3540000    1.2601053
   0.3541000    1.2141309
   0.3542000    1.2516575
   0.3543000    1.1753840
   0.3544000    1.1902727
   0.3545000    1.2009276
   0.3546000    1.1482389
   0.3547000    1.1898462
   0.3548000    1.2048970
   0.3549000    1.1898335
   0.3550000    1.1874933
   0.3551000    1.1344800
   0.3552000    1.1628143
   0.3553000    1.1628448
   0.3554000    1.1398932
   0.3555000    1.1668643
   0.3556000    1.1801171
   0.3557000    1.1696656
   0.3558000    1.1117725
   0.3559000    1.1361721
   0.3560000    1.1828758
   0.3561000    1.1859906
   0.3562000    1.1690933
   0.3563000    1.1538613
   0.3564000    1.1604581
   0.3565000    1.1340423
   0.3566000    1.1548464
   0.3567000    1.1775898
   0.3568000    1.1409087
   0.3569000    1.1333612
   0.3570000    1.1520143
   0.3571000    1.1609185
   0.3572000    1.1665840
   0.3573000    1.1558707
   0.3574000    1.1960126
   0.3575000    1.1908848
   0.3576000    1.1774485
   0.3577000    1.1704606
   0.3578000    1.1239754
   0.3579000    1.1561267
   0.3580000    1.1496001
   0.3581000    1.1451025
   0.3582000    1.1447506
   0.3583000    1.1267080
   0.3584000    1.1840143
   0.3585000    1.1581805
   0.3586000    1.1762090
   0.3587000    1.1299851
   0.3588000    1.1157657
   0.3589000    1.1213924
   0.3590000    1.0734822
   0.3591000    1.1081364
   0.3592000    1.1052752
   0.3593000    1.1269004
   0.3594000    1.1666135
   0.3595000    1.1748390
   0.3596000    1.2000593
   0.3597000    1.2193754
   0.3598000    1.2600077
   0.3599000    1.1942937
   0.3600000    1.1648468
   0.3601000    1.1841164
   0.3602000    1.1554964
   0.3603000    1.1191914
   0.3604000    1.1005116
   0.3605000    1.1047614
   0.3606000    1.1390848
   0.3607000    1.1145207
   0.3608000    1.1754785
   0.3609000    1.1396061
   0.3610000    1.1780853
   0.3611000    1.1863263
   0.3612000    1.1682581
   0.3613000    1.1672490
   0.3614000    1.1588898
   0.3615000    1.1555958
   0.3616000    1.1544931
   0.3617000    1.1575787
   0.3618000    1.1626526
   0.3619000    1.2002511
   0.3620000    1.2076094
   0.3621000    1.1690561
   0.3622000    1.3018169
   0.3623000    1.1905597
   0.3624000    1.1849632
   0.3625000    1.2035309
   0.3626000    1.1437048
   0.3627000    1.2072928
   0.3628000    1.1823035
   0.3629000    1.2094806
   0.3630000    1.2444822
   0.3631000    1.2089068
   0.3632000    1.2300465
   0.3633000    1.1888143
   0.3634000    1.1683222
   0.3635000    1.1685656
   0.3636000    1.1821356
   0.3637000    1.2019502
   0.3638000    1.1901062
   0.3639000    1.1846727
   0.3640000    1.2105652
   0.3641000    1.1986343
   0.3642000    1.1463789
   0.3643000    1.1091549
   0.3644000    1.1181632
   0.3645000    1.1586077
   0.3646000    1.1459848
   0.3647000    1.1696105
   0.3648000    1.1750783
   0.3649000    1.1396235
   0.3650000    1.1432148
   0.3651000    1.1730382
   0.3652000    1.1908433
   0.3653000    1.1238589
   0.3654000    1.1447431
   0.3655000    1.1015350
   0.3656000    1.1574275
   0.3657000    1.0936854
   0.3658000    1.1052754
   0.3659000    1.0875608
   0.3660000    1.1457881
   0.3661000    1.1499993
   0.3662000    1.1404964
   0.3663000    1.1493738
   0.3664000    1.1755639
   0.3665000    1.1547209
   0.3666000    1.0928692
   0.3667000    1.0714504
   0.3668000    1.0842496
   0.3669000    1.1149153
   0.3670000    1.0962046
   0.3671000    1.0631487
   0.3672000    1.0279053
   0.3673000    1.0612382
   0.3674000    1.0894612
   0.3675000    1.0799575
   0.3676000    1.1067790
   0.3677000    1.1044296
   0.3678000    1.1856700
   0.3679000    1.1725028
   0.3680000    1.1269002
   0.3681000    1.1381176
   0.3682000    1.1560730
   0.3683000    1.1345621
   0.3684000    1.1801801
   0.3685000    1.1108665
   0.3686000    1.0805808
   0.3687000    1.0962192
   0.3688000    1.1128607
   0.3689000    1.1037089
   0.3690000    1.1223576
   0.3691000    1.1116314
   0.3692000    1.0713199
   0.3693000    1.0948759
   0.3694000    1.1158857
   0.3695000    1.1132582
   0.3696000    1.1223522
   0.3697000    1.1031308
   0.3698000    1.1327754
   0.3699000    1.1653062
   0.3700000    1.1226584
   0.3701000    1.0967026
   0.3702000    1.1361157
   0.3703000    1.1727797
   0.3704000    1.1692562
   0.3705000    1.1886575
   0.3706000    1.1928983
   0.3707000    1.1658882
   0.3708000    1.1890376
   0.3709000    1.1275667
   0.3710000    1.1612049
   0.3711000    1.1914252
   0.3712000    1.1549379
   0.3713000    1.2123089
   0.3714000    1.1747051
   0.3715000    1.1698861
   0.3716000    1.1438189
   0.3717000    1.2206140
   0.3718000    1.0969057
   0.3719000    1.1493436
   0.3720000    1.2188232
   0.3721000    1.1345235
   0.3722000    1.1947740
   0.3723000    1.1853669
   0.3724000    1.1887758
   0.3725000    1.1807995
   0.3726000    1.1434704
   0.3727000    1.1325541
   0.3728000    1.1606401
   0.3729000    1.1734235
   0.3730000    1.1933590
   0.3731000    1.1840423
   0.3732000    1.2131068
   0.3733000    1.2372375
   0.3734000    1.2152230
   0.3735000    1.2165463
   0.3736000    1.2514787
   0.3737000    1.2281084
   0.3738000    1.2487761
   0.3739000    1.2640308
   0.3740000    1.2368726
   0.3741000    1.1740190
   0.3742000    1.1821241
   0.3743000    1.1823320
   0.3744000    1.1815424
   0.3745000    1.1535947
   0.3746000    1.2018058
   0.3747000    1.1808379
   0.3748000    1.1768693
   0.3749000    1.0984485
   0.3750000    1.1559559
   0.3751000    1.1663654
   0.3752000    1.1767082
   0.3753000    1.1829842
   0.3754000    1.1735585
   0.3755000    1.1742693
   0.3756000    1.1996441
   0.3757000    1.1706278
   0.3758000    1.2520382
   0.3759000    1.2171842
   0.3760000    1.2509302
   0.3761000    1.2562500
   0.3762000    1.2430682
   0.3763000    1.2234772
   0.3764000    1.2231414
   0.3765000    1.1878971
   0.3766000    1.2189916
   0.3767000    1.2391801
   0.3768000    1.2216399
   0.3769000    1.2039517
   0.3770000    1.2566283
   0.3771000    1.2656652
   0.3772000    1.2630061
   0.3773000    1.2629173
   0.3774000    1.2687368
   0.3775000    1.2583268
   0.3776000    1.2677156
   0.3777000    1.2381372
   0.3778000    1.2219297
   0.3779000    1.1607292
   0.3780000    1.1830993
   0.3781000    1.1710439
   0.3782000    1.0922661
   0.3783000    1.1158750
   0.3784000    1.1012495
   0.3785000    1.1130077
   0.3786000    1.1306335
   0.3787000    1.1409205
   0.3788000    1.1621914
   0.3789000    1.0841949
   0.3790000    1.1577696
   0.3791000    1.1489719
   0.3792000    1.1873550
   0.3793000    1.1689110
   0.3794000    1.1628267
   0.3795000    1.0781046
   0.3796000    1.1370860
   0.3797000    1.1117302
   0.3798000    1.1570241
   0.3799000    1.0950582
   0.3800000    1.1218807
   0.3801000    1.1037146
   0.3802000    1.0742841
   0.3803000    1.0993419
   0.3804000    1.1010925
   0.3805000    1.1718736
   0.3806000    1.0769750
   0.3807000    1.1237019
   0.3808000    1.1176692
   0.3809000    1.0914174
   0.3810000    1.0858049
   0.3811000    1.1331782
   0.3812000    1.1469649
   0.3813000    1.1455202
   0.3814000    1.1724702
   0.3815000    1.1161805
   0.3816000    1.0659646
   0.3817000    1.0994104
   0.3818000    1.1062086
   0.3819000    1.1728261
   0.3820000    1.1674560
   0.3821000    1.1401361
   0.3822000    1.1451060
   0.3823000    1.1615977
   0.3824000    1.1512952
   0.3825000    1.0995519
   0.3826000    1.0769072
   0.3827000    1.0663797
   0.3828000    1.1171702
   0.3829000    1.1176859
   0.3830000    1.1272880
   0.3831000    1.1250240
   0.3832000    1.1265849
   0.3833000    1.1069961
   0.3834000    1.1487341
   0.3835000    1.1355271
   0.3836000    1.1228153
   0.3837000    1.1042982
   0.3838000    1.0936891
   0.3839000    1.0782743
   0.3840000    1.0683107
   0.3841000    1.0408576
   0.3842000    1.0942117
   0.3843000    1.1540393
   0.3844000    1.0503120
   0.3845000    1.0386515
   0.3846000    1.1101580
   0.3847000    1.1230971
   0.3848000    1.1651829
   0.3849000    1.1780107
   0.3850000    1.1493316
   0.3851000    1.1299107
   0.3852000    1.1072634
   0.3853000    1.1385652
   0.3854000    1.1651405
   0.3855000    1.1841040
   0.3856000    1.1822343
   0.3857000    1.1950927
   0.3858000    1.1534736
   0.3859000    1.2117623
   0.3860000    1.1647304
   0.3861000    1.1643816
   0.3862000    1.1459752
   0.3863000    1.1957095
   0.3864000    1.2272732
   0.3865000    1.1500045
   0.3866000    1.1789756
   0.3867000    1.1579939
   0.3868000    1.1220232
   0.3869000    1.1775124
   0.3870000    1.1110026
   0.3871000    1.1726552
   0.3872000    1.1221806
   0.3873000    1.1009606
   0.3874000    1.1113861
   0.3875000    1.1322511
   0.3876000    1.1332653
   0.3877000    1.1402339
   0.3878000    1.1467642
   0.3879000    1.1423571
   0.3880000    1.1337776
   0.3881000    1.1896402
   0.3882000    1.2032962
   0.3883000    1.1727462
   0.3884000    1.1241293
   0.3885000    1.1196725
   0.3886000    1.1284890
   0.3887000    1.1380768
   0.3888000    1.1896350
   0.3889000    1.1293683
   0.3890000    1.1493719
   0.3891000    1.1399277
   0.3892000    1.2041079
   0.3893000    1.1980388
   0.3894000    1.1349504
   0.3895000    1.1556891
   0.3896000    1.1544368
   0.3897000    1.1888595
   0.3898000    1.1440572
   0.3899000    1.1881341
   0.3900000    1.1919218
   0.3901000    1.1434156
   0.3902000    1.2072651
   0.3903000    1.1538725
   0.3904000    1.2209671
   0.3905000    1.2203380
   0.3906000    1.2021097
   0.3907000    1.2646858
   0.3908000    1.2889842
   0.3909000    1.2145720
   0.3910000    1.2161636
   0.3911000    1.2300856
   0.3912000    1.2815796
   0.3913000    1.2300442
   0.3914000    1.1741682
   0.3915000    1.2097020
   0.3916000    1.2309116
   0.3917000    1.2090147
   0.3918000    1.1791061
   0.3919000    1.1637475
   0.3920000    1.1832325
   0.3921000    1.1466362
   0.3922000    1.1183628
   0.3923000    1.1456854
   0.3924000    1.1179965
   0.3925000    1.1923541
   0.3926000    1.0727957
   0.3927000    1.1052641
   0.3928000    1.0829328
   0.3929000    1.0979110
   0.3930000    1.1457162
   0.3931000    1.0994447
   0.3932000    1.1273893
   0.3933000    1.1813343
   0.3934000    1.1477515
   0.3935000    1.1995695
   0.3936000    1.2002145
   0.3937000    1.1777251
   0.3938000    1.2171170
   0.3939000    1.1919647
   0.3940000    1.2534560
   0.3941000    1.2432123
   0.3942000    1.2229143
   0.3943000    1.2753229
   0.3944000    1.2394168
   0.3945000    1.2822520
   0.3946000    1.2947273
   0.3947000    1.2645115
   0.3948000    1.2267019
   0.3949000    1.2005183
   0.3950000    1.2073600
   0.3951000    1.1337466
   0.3952000    1.1322656
   0.3953000    1.1324427
   0.3954000    1.1608032
   0.3955000    1.1092995
   0.3956000    1.0924203
   0.3957000    1.1163244
   0.3958000    1.1304379
   0.3959000    1.1337155
   0.3960000    1.0775950
   0.3961000    1.1214396
   0.3962000    1.0965103
   0.3963000    1.1071447
   0.3964000    1.0920727
   0.3965000    1.0610533
   0.3966000    1.0542513
   0.3967000    1.0307657
   0.3968000    1.0398109
   0.3969000    1.0611261
   0.3970000    1.1244009
   0.3971000    1.1682320
   0.3972000    1.0594177
   0.3973000    1.1217442
   0.3974000    1.0992465
   0.3975000    1.1294963
   0.3976000    1.0519320
   0.3977000    1.0826912
   0.3978000    1.0817448
   0.3979000    1.0888907
   0.3980000    1.1055235
   0.3981000    1.1333091
   0.3982000    1.1031868
   0.3983000    1.0531403
   0.3984000    1.1048501
   0.3985000    1.1183662
   0.3986000    1.0512331
   0.3987000    1.0800502
   0.3988000    1.0689200
